ISO-10303-21;
HEADER;
/* Generated by software containing ST-Developer
 * from STEP Tools, Inc. (www.steptools.com) 
 */

FILE_DESCRIPTION(
/* description */ (''),
/* implementation_level */ '2;1');

FILE_NAME(
/* name */ 'deck-slot-standard.step',
/* time_stamp */ '2026-06-14T18:06:39-04:00',
/* author */ (''),
/* organization */ (''),
/* preprocessor_version */ 'ST-DEVELOPER v20.1',
/* originating_system */ 'Autodesk Translation Framework v15.8.0.0',
/* authorisation */ '');

FILE_SCHEMA (('AUTOMOTIVE_DESIGN { 1 0 10303 214 3 1 1 }'));
ENDSEC;

DATA;
#10=MECHANICAL_DESIGN_GEOMETRIC_PRESENTATION_REPRESENTATION('',(#13),#10547);
#11=SHAPE_REPRESENTATION_RELATIONSHIP('SRR','None',#10554,#12);
#12=ADVANCED_BREP_SHAPE_REPRESENTATION('',(#14),#10546);
#13=STYLED_ITEM('',(#10563),#14);
#14=MANIFOLD_SOLID_BREP('Body1',#2393);
#15=CONICAL_SURFACE('',#2548,4.89142135623731,0.785398163397448);
#16=CONICAL_SURFACE('',#2553,4.89142135623731,0.785398163397448);
#17=CONICAL_SURFACE('',#2558,4.89142135623731,0.785398163397448);
#18=CONICAL_SURFACE('',#2563,4.89142135623731,0.785398163397448);
#19=CONICAL_SURFACE('',#2568,4.89142135623731,0.785398163397448);
#20=CONICAL_SURFACE('',#2573,4.89142135623731,0.785398163397448);
#21=CONICAL_SURFACE('',#2578,4.89142135623731,0.785398163397448);
#22=CONICAL_SURFACE('',#2583,4.89142135623731,0.785398163397448);
#23=B_SPLINE_SURFACE_WITH_KNOTS('',3,3,((#6532,#6533,#6534,#6535,#6536,
#6537,#6538,#6539,#6540,#6541,#6542,#6543,#6544,#6545,#6546,#6547,#6548,
#6549,#6550,#6551,#6552,#6553,#6554,#6555,#6556,#6557,#6558,#6559,#6560),
(#6561,#6562,#6563,#6564,#6565,#6566,#6567,#6568,#6569,#6570,#6571,#6572,
#6573,#6574,#6575,#6576,#6577,#6578,#6579,#6580,#6581,#6582,#6583,#6584,
#6585,#6586,#6587,#6588,#6589),(#6590,#6591,#6592,#6593,#6594,#6595,#6596,
#6597,#6598,#6599,#6600,#6601,#6602,#6603,#6604,#6605,#6606,#6607,#6608,
#6609,#6610,#6611,#6612,#6613,#6614,#6615,#6616,#6617,#6618),(#6619,#6620,
#6621,#6622,#6623,#6624,#6625,#6626,#6627,#6628,#6629,#6630,#6631,#6632,
#6633,#6634,#6635,#6636,#6637,#6638,#6639,#6640,#6641,#6642,#6643,#6644,
#6645,#6646,#6647)),.UNSPECIFIED.,.F.,.F.,.F.,(4,4),(4,1,1,1,1,1,1,1,1,
1,1,1,1,1,1,1,1,1,1,1,1,1,1,1,1,1,4),(0.,0.0642013499338866),(841.239449410016,
842.223252863668,843.20705631732,844.190859770972,845.174663224624,846.158466678276,
847.142270131928,848.12607358558,849.109877039232,850.093680492884,851.077483946536,
852.061287400188,853.04509085384,854.028894307492,855.012697761144,855.996501214796,
856.980304668448,857.9641081221,858.947911575752,859.931715029404,860.915518483056,
861.899321936708,862.88312539036,863.866928844012,864.850732297664,865.834535751316,
866.818339204968),.UNSPECIFIED.);
#24=B_SPLINE_SURFACE_WITH_KNOTS('',3,3,((#6758,#6759,#6760,#6761,#6762,
#6763,#6764,#6765,#6766,#6767,#6768,#6769,#6770,#6771,#6772,#6773,#6774,
#6775,#6776,#6777,#6778,#6779,#6780,#6781,#6782,#6783,#6784,#6785,#6786),
(#6787,#6788,#6789,#6790,#6791,#6792,#6793,#6794,#6795,#6796,#6797,#6798,
#6799,#6800,#6801,#6802,#6803,#6804,#6805,#6806,#6807,#6808,#6809,#6810,
#6811,#6812,#6813,#6814,#6815),(#6816,#6817,#6818,#6819,#6820,#6821,#6822,
#6823,#6824,#6825,#6826,#6827,#6828,#6829,#6830,#6831,#6832,#6833,#6834,
#6835,#6836,#6837,#6838,#6839,#6840,#6841,#6842,#6843,#6844),(#6845,#6846,
#6847,#6848,#6849,#6850,#6851,#6852,#6853,#6854,#6855,#6856,#6857,#6858,
#6859,#6860,#6861,#6862,#6863,#6864,#6865,#6866,#6867,#6868,#6869,#6870,
#6871,#6872,#6873)),.UNSPECIFIED.,.F.,.F.,.F.,(4,4),(4,1,1,1,1,1,1,1,1,
1,1,1,1,1,1,1,1,1,1,1,1,1,1,1,1,1,4),(0.,0.0642013499338866),(843.77886067468,
844.762664128332,845.746467581984,846.730271035636,847.714074489288,848.69787794294,
849.681681396592,850.665484850244,851.649288303896,852.633091757548,853.6168952112,
854.600698664852,855.584502118504,856.568305572156,857.552109025808,858.53591247946,
859.519715933112,860.503519386764,861.487322840416,862.471126294068,863.45492974772,
864.438733201372,865.422536655024,866.406340108676,867.390143562328,868.37394701598,
869.357750469632),.UNSPECIFIED.);
#25=B_SPLINE_SURFACE_WITH_KNOTS('',3,3,((#7178,#7179,#7180,#7181,#7182,
#7183,#7184,#7185,#7186,#7187,#7188,#7189,#7190,#7191,#7192,#7193,#7194,
#7195,#7196,#7197,#7198,#7199,#7200,#7201,#7202,#7203,#7204,#7205,#7206),
(#7207,#7208,#7209,#7210,#7211,#7212,#7213,#7214,#7215,#7216,#7217,#7218,
#7219,#7220,#7221,#7222,#7223,#7224,#7225,#7226,#7227,#7228,#7229,#7230,
#7231,#7232,#7233,#7234,#7235),(#7236,#7237,#7238,#7239,#7240,#7241,#7242,
#7243,#7244,#7245,#7246,#7247,#7248,#7249,#7250,#7251,#7252,#7253,#7254,
#7255,#7256,#7257,#7258,#7259,#7260,#7261,#7262,#7263,#7264),(#7265,#7266,
#7267,#7268,#7269,#7270,#7271,#7272,#7273,#7274,#7275,#7276,#7277,#7278,
#7279,#7280,#7281,#7282,#7283,#7284,#7285,#7286,#7287,#7288,#7289,#7290,
#7291,#7292,#7293)),.UNSPECIFIED.,.F.,.F.,.F.,(4,4),(4,1,1,1,1,1,1,1,1,
1,1,1,1,1,1,1,1,1,1,1,1,1,1,1,1,1,4),(0.,0.0642013499338866),(11.8589888623104,
12.8427923159624,13.8265957696144,14.8103992232664,15.7942026769184,16.7780061305704,
17.7618095842224,18.7456130378744,19.7294164915264,20.7132199451783,21.6970233988303,
22.6808268524823,23.6646303061343,24.6484337597863,25.6322372134383,26.6160406670903,
27.5998441207423,28.5836475743943,29.5674510280463,30.5512544816983,31.5350579353503,
32.5188613890023,33.5026648426543,34.4864682963063,35.4702717499583,36.4540752036103,
37.4378786572623),.UNSPECIFIED.);
#26=B_SPLINE_SURFACE_WITH_KNOTS('',3,3,((#7469,#7470,#7471,#7472,#7473,
#7474,#7475,#7476,#7477,#7478,#7479,#7480,#7481,#7482,#7483,#7484,#7485,
#7486,#7487,#7488,#7489,#7490,#7491,#7492,#7493,#7494,#7495,#7496,#7497),
(#7498,#7499,#7500,#7501,#7502,#7503,#7504,#7505,#7506,#7507,#7508,#7509,
#7510,#7511,#7512,#7513,#7514,#7515,#7516,#7517,#7518,#7519,#7520,#7521,
#7522,#7523,#7524,#7525,#7526),(#7527,#7528,#7529,#7530,#7531,#7532,#7533,
#7534,#7535,#7536,#7537,#7538,#7539,#7540,#7541,#7542,#7543,#7544,#7545,
#7546,#7547,#7548,#7549,#7550,#7551,#7552,#7553,#7554,#7555),(#7556,#7557,
#7558,#7559,#7560,#7561,#7562,#7563,#7564,#7565,#7566,#7567,#7568,#7569,
#7570,#7571,#7572,#7573,#7574,#7575,#7576,#7577,#7578,#7579,#7580,#7581,
#7582,#7583,#7584)),.UNSPECIFIED.,.F.,.F.,.F.,(4,4),(4,1,1,1,1,1,1,1,1,
1,1,1,1,1,1,1,1,1,1,1,1,1,1,1,1,1,4),(0.,0.0642013499338866),(14.3984001269744,
15.3822035806264,16.3660070342784,17.3498104879304,18.3336139415824,19.3174173952344,
20.3012208488864,21.2850243025384,22.2688277561903,23.2526312098423,24.2364346634943,
25.2202381171463,26.2040415707983,27.1878450244503,28.1716484781023,29.1554519317543,
30.1392553854063,31.1230588390583,32.1068622927103,33.0906657463623,34.0744692000143,
35.0582726536663,36.0420761073183,37.0258795609703,38.0096830146223,38.9934864682743,
39.9772899219263),.UNSPECIFIED.);
#27=B_SPLINE_SURFACE_WITH_KNOTS('',3,3,((#7695,#7696,#7697,#7698,#7699,
#7700,#7701,#7702,#7703,#7704,#7705,#7706,#7707,#7708,#7709,#7710,#7711,
#7712,#7713,#7714,#7715,#7716,#7717,#7718,#7719,#7720,#7721,#7722,#7723),
(#7724,#7725,#7726,#7727,#7728,#7729,#7730,#7731,#7732,#7733,#7734,#7735,
#7736,#7737,#7738,#7739,#7740,#7741,#7742,#7743,#7744,#7745,#7746,#7747,
#7748,#7749,#7750,#7751,#7752),(#7753,#7754,#7755,#7756,#7757,#7758,#7759,
#7760,#7761,#7762,#7763,#7764,#7765,#7766,#7767,#7768,#7769,#7770,#7771,
#7772,#7773,#7774,#7775,#7776,#7777,#7778,#7779,#7780,#7781),(#7782,#7783,
#7784,#7785,#7786,#7787,#7788,#7789,#7790,#7791,#7792,#7793,#7794,#7795,
#7796,#7797,#7798,#7799,#7800,#7801,#7802,#7803,#7804,#7805,#7806,#7807,
#7808,#7809,#7810)),.UNSPECIFIED.,.F.,.F.,.F.,(4,4),(4,1,1,1,1,1,1,1,1,
1,1,1,1,1,1,1,1,1,1,1,1,1,1,1,1,1,4),(0.,0.0642013499338866),(843.77886067468,
844.762664128332,845.746467581984,846.730271035636,847.714074489288,848.69787794294,
849.681681396592,850.665484850244,851.649288303896,852.633091757548,853.6168952112,
854.600698664852,855.584502118504,856.568305572156,857.552109025808,858.53591247946,
859.519715933112,860.503519386764,861.487322840416,862.471126294068,863.45492974772,
864.438733201372,865.422536655024,866.406340108676,867.390143562328,868.37394701598,
869.357750469632),.UNSPECIFIED.);
#28=B_SPLINE_SURFACE_WITH_KNOTS('',3,3,((#7836,#7837,#7838,#7839,#7840,
#7841,#7842,#7843,#7844,#7845,#7846,#7847,#7848,#7849,#7850,#7851,#7852,
#7853,#7854,#7855,#7856,#7857,#7858,#7859,#7860,#7861,#7862,#7863,#7864),
(#7865,#7866,#7867,#7868,#7869,#7870,#7871,#7872,#7873,#7874,#7875,#7876,
#7877,#7878,#7879,#7880,#7881,#7882,#7883,#7884,#7885,#7886,#7887,#7888,
#7889,#7890,#7891,#7892,#7893),(#7894,#7895,#7896,#7897,#7898,#7899,#7900,
#7901,#7902,#7903,#7904,#7905,#7906,#7907,#7908,#7909,#7910,#7911,#7912,
#7913,#7914,#7915,#7916,#7917,#7918,#7919,#7920,#7921,#7922),(#7923,#7924,
#7925,#7926,#7927,#7928,#7929,#7930,#7931,#7932,#7933,#7934,#7935,#7936,
#7937,#7938,#7939,#7940,#7941,#7942,#7943,#7944,#7945,#7946,#7947,#7948,
#7949,#7950,#7951)),.UNSPECIFIED.,.F.,.F.,.F.,(4,4),(4,1,1,1,1,1,1,1,1,
1,1,1,1,1,1,1,1,1,1,1,1,1,1,1,1,1,4),(0.,0.0642013499338866),(841.239449410016,
842.223252863668,843.20705631732,844.190859770972,845.174663224624,846.158466678276,
847.142270131928,848.12607358558,849.109877039232,850.093680492884,851.077483946536,
852.061287400188,853.04509085384,854.028894307492,855.012697761144,855.996501214796,
856.980304668448,857.9641081221,858.947911575752,859.931715029404,860.915518483056,
861.899321936708,862.88312539036,863.866928844012,864.850732297664,865.834535751316,
866.818339204968),.UNSPECIFIED.);
#29=B_SPLINE_SURFACE_WITH_KNOTS('',3,3,((#7999,#8000,#8001,#8002,#8003,
#8004,#8005,#8006,#8007,#8008,#8009,#8010,#8011,#8012,#8013,#8014,#8015,
#8016,#8017,#8018,#8019,#8020,#8021,#8022,#8023,#8024,#8025,#8026,#8027),
(#8028,#8029,#8030,#8031,#8032,#8033,#8034,#8035,#8036,#8037,#8038,#8039,
#8040,#8041,#8042,#8043,#8044,#8045,#8046,#8047,#8048,#8049,#8050,#8051,
#8052,#8053,#8054,#8055,#8056),(#8057,#8058,#8059,#8060,#8061,#8062,#8063,
#8064,#8065,#8066,#8067,#8068,#8069,#8070,#8071,#8072,#8073,#8074,#8075,
#8076,#8077,#8078,#8079,#8080,#8081,#8082,#8083,#8084,#8085),(#8086,#8087,
#8088,#8089,#8090,#8091,#8092,#8093,#8094,#8095,#8096,#8097,#8098,#8099,
#8100,#8101,#8102,#8103,#8104,#8105,#8106,#8107,#8108,#8109,#8110,#8111,
#8112,#8113,#8114)),.UNSPECIFIED.,.F.,.F.,.F.,(4,4),(4,1,1,1,1,1,1,1,1,
1,1,1,1,1,1,1,1,1,1,1,1,1,1,1,1,1,4),(0.,0.0642013499338866),(11.858988862308,
12.84279231596,13.8265957696119,14.8103992232639,15.7942026769159,16.7780061305679,
17.7618095842199,18.7456130378719,19.7294164915239,20.7132199451759,21.6970233988279,
22.6808268524799,23.6646303061319,24.6484337597839,25.6322372134359,26.6160406670879,
27.5998441207399,28.5836475743919,29.5674510280439,30.5512544816959,31.5350579353479,
32.5188613889998,33.5026648426518,34.4864682963038,35.4702717499558,36.4540752036078,
37.4378786572598),.UNSPECIFIED.);
#30=B_SPLINE_SURFACE_WITH_KNOTS('',3,3,((#8234,#8235,#8236,#8237,#8238,
#8239,#8240,#8241,#8242,#8243,#8244,#8245,#8246,#8247,#8248,#8249,#8250,
#8251,#8252,#8253,#8254,#8255,#8256,#8257,#8258,#8259,#8260,#8261,#8262),
(#8263,#8264,#8265,#8266,#8267,#8268,#8269,#8270,#8271,#8272,#8273,#8274,
#8275,#8276,#8277,#8278,#8279,#8280,#8281,#8282,#8283,#8284,#8285,#8286,
#8287,#8288,#8289,#8290,#8291),(#8292,#8293,#8294,#8295,#8296,#8297,#8298,
#8299,#8300,#8301,#8302,#8303,#8304,#8305,#8306,#8307,#8308,#8309,#8310,
#8311,#8312,#8313,#8314,#8315,#8316,#8317,#8318,#8319,#8320),(#8321,#8322,
#8323,#8324,#8325,#8326,#8327,#8328,#8329,#8330,#8331,#8332,#8333,#8334,
#8335,#8336,#8337,#8338,#8339,#8340,#8341,#8342,#8343,#8344,#8345,#8346,
#8347,#8348,#8349)),.UNSPECIFIED.,.F.,.F.,.F.,(4,4),(4,1,1,1,1,1,1,1,1,
1,1,1,1,1,1,1,1,1,1,1,1,1,1,1,1,1,4),(0.,0.0642013499338866),(14.3984001269719,
15.3822035806239,16.3660070342759,17.3498104879279,18.3336139415799,19.3174173952319,
20.3012208488839,21.2850243025359,22.2688277561879,23.2526312098399,24.2364346634919,
25.2202381171439,26.2040415707959,27.1878450244479,28.1716484780999,29.1554519317519,
30.1392553854039,31.1230588390559,32.1068622927079,33.0906657463599,34.0744692000118,
35.0582726536638,36.0420761073158,37.0258795609678,38.0096830146198,38.9934864682718,
39.9772899219238),.UNSPECIFIED.);
#31=B_SPLINE_SURFACE_WITH_KNOTS('',3,3,((#8518,#8519,#8520,#8521,#8522,
#8523,#8524,#8525,#8526,#8527,#8528,#8529,#8530,#8531,#8532,#8533,#8534,
#8535,#8536,#8537,#8538,#8539,#8540,#8541,#8542,#8543,#8544,#8545,#8546),
(#8547,#8548,#8549,#8550,#8551,#8552,#8553,#8554,#8555,#8556,#8557,#8558,
#8559,#8560,#8561,#8562,#8563,#8564,#8565,#8566,#8567,#8568,#8569,#8570,
#8571,#8572,#8573,#8574,#8575),(#8576,#8577,#8578,#8579,#8580,#8581,#8582,
#8583,#8584,#8585,#8586,#8587,#8588,#8589,#8590,#8591,#8592,#8593,#8594,
#8595,#8596,#8597,#8598,#8599,#8600,#8601,#8602,#8603,#8604),(#8605,#8606,
#8607,#8608,#8609,#8610,#8611,#8612,#8613,#8614,#8615,#8616,#8617,#8618,
#8619,#8620,#8621,#8622,#8623,#8624,#8625,#8626,#8627,#8628,#8629,#8630,
#8631,#8632,#8633)),.UNSPECIFIED.,.F.,.F.,.F.,(4,4),(4,1,1,1,1,1,1,1,1,
1,1,1,1,1,1,1,1,1,1,1,1,1,1,1,1,1,4),(0.,0.0642013499338866),(577.345666508472,
578.329469962124,579.313273415776,580.297076869428,581.28088032308,582.264683776732,
583.248487230384,584.232290684036,585.216094137688,586.19989759134,587.183701044992,
588.167504498644,589.151307952296,590.135111405948,591.1189148596,592.102718313252,
593.086521766904,594.070325220556,595.054128674208,596.03793212786,597.021735581512,
598.005539035164,598.989342488816,599.973145942468,600.95694939612,601.940752849772,
602.924556303424),.UNSPECIFIED.);
#32=B_SPLINE_SURFACE_WITH_KNOTS('',3,3,((#8744,#8745,#8746,#8747,#8748,
#8749,#8750,#8751,#8752,#8753,#8754,#8755,#8756,#8757,#8758,#8759,#8760,
#8761,#8762,#8763,#8764,#8765,#8766,#8767,#8768,#8769,#8770,#8771,#8772),
(#8773,#8774,#8775,#8776,#8777,#8778,#8779,#8780,#8781,#8782,#8783,#8784,
#8785,#8786,#8787,#8788,#8789,#8790,#8791,#8792,#8793,#8794,#8795,#8796,
#8797,#8798,#8799,#8800,#8801),(#8802,#8803,#8804,#8805,#8806,#8807,#8808,
#8809,#8810,#8811,#8812,#8813,#8814,#8815,#8816,#8817,#8818,#8819,#8820,
#8821,#8822,#8823,#8824,#8825,#8826,#8827,#8828,#8829,#8830),(#8831,#8832,
#8833,#8834,#8835,#8836,#8837,#8838,#8839,#8840,#8841,#8842,#8843,#8844,
#8845,#8846,#8847,#8848,#8849,#8850,#8851,#8852,#8853,#8854,#8855,#8856,
#8857,#8858,#8859)),.UNSPECIFIED.,.F.,.F.,.F.,(4,4),(4,1,1,1,1,1,1,1,1,
1,1,1,1,1,1,1,1,1,1,1,1,1,1,1,1,1,4),(0.,0.0642013499338866),(579.885077773136,
580.868881226788,581.85268468044,582.836488134092,583.820291587744,584.804095041396,
585.787898495048,586.7717019487,587.755505402352,588.739308856004,589.723112309656,
590.706915763308,591.69071921696,592.674522670612,593.658326124264,594.642129577916,
595.625933031568,596.60973648522,597.593539938872,598.577343392524,599.561146846176,
600.544950299828,601.52875375348,602.512557207132,603.496360660784,604.480164114436,
605.463967568088),.UNSPECIFIED.);
#33=B_SPLINE_SURFACE_WITH_KNOTS('',3,3,((#9182,#9183,#9184,#9185,#9186,
#9187,#9188,#9189,#9190,#9191,#9192,#9193,#9194,#9195,#9196,#9197,#9198,
#9199,#9200,#9201,#9202,#9203,#9204,#9205,#9206,#9207,#9208,#9209,#9210),
(#9211,#9212,#9213,#9214,#9215,#9216,#9217,#9218,#9219,#9220,#9221,#9222,
#9223,#9224,#9225,#9226,#9227,#9228,#9229,#9230,#9231,#9232,#9233,#9234,
#9235,#9236,#9237,#9238,#9239),(#9240,#9241,#9242,#9243,#9244,#9245,#9246,
#9247,#9248,#9249,#9250,#9251,#9252,#9253,#9254,#9255,#9256,#9257,#9258,
#9259,#9260,#9261,#9262,#9263,#9264,#9265,#9266,#9267,#9268),(#9269,#9270,
#9271,#9272,#9273,#9274,#9275,#9276,#9277,#9278,#9279,#9280,#9281,#9282,
#9283,#9284,#9285,#9286,#9287,#9288,#9289,#9290,#9291,#9292,#9293,#9294,
#9295,#9296,#9297)),.UNSPECIFIED.,.F.,.F.,.F.,(4,4),(4,1,1,1,1,1,1,1,1,
1,1,1,1,1,1,1,1,1,1,1,1,1,1,1,1,1,4),(0.,0.0642013499338866),(11.8589888623078,
12.8427923159598,13.8265957696118,14.8103992232638,15.7942026769158,16.7780061305678,
17.7618095842198,18.7456130378718,19.7294164915238,20.7132199451758,21.6970233988278,
22.6808268524798,23.6646303061318,24.6484337597838,25.6322372134358,26.6160406670878,
27.5998441207398,28.5836475743918,29.5674510280438,30.5512544816958,31.5350579353478,
32.5188613889998,33.5026648426518,34.4864682963038,35.4702717499558,36.4540752036078,
37.4378786572598),.UNSPECIFIED.);
#34=B_SPLINE_SURFACE_WITH_KNOTS('',3,3,((#9417,#9418,#9419,#9420,#9421,
#9422,#9423,#9424,#9425,#9426,#9427,#9428,#9429,#9430,#9431,#9432,#9433,
#9434,#9435,#9436,#9437,#9438,#9439,#9440,#9441,#9442,#9443,#9444,#9445),
(#9446,#9447,#9448,#9449,#9450,#9451,#9452,#9453,#9454,#9455,#9456,#9457,
#9458,#9459,#9460,#9461,#9462,#9463,#9464,#9465,#9466,#9467,#9468,#9469,
#9470,#9471,#9472,#9473,#9474),(#9475,#9476,#9477,#9478,#9479,#9480,#9481,
#9482,#9483,#9484,#9485,#9486,#9487,#9488,#9489,#9490,#9491,#9492,#9493,
#9494,#9495,#9496,#9497,#9498,#9499,#9500,#9501,#9502,#9503),(#9504,#9505,
#9506,#9507,#9508,#9509,#9510,#9511,#9512,#9513,#9514,#9515,#9516,#9517,
#9518,#9519,#9520,#9521,#9522,#9523,#9524,#9525,#9526,#9527,#9528,#9529,
#9530,#9531,#9532)),.UNSPECIFIED.,.F.,.F.,.F.,(4,4),(4,1,1,1,1,1,1,1,1,
1,1,1,1,1,1,1,1,1,1,1,1,1,1,1,1,1,4),(0.,0.0642013499338866),(14.3984001269718,
15.3822035806238,16.3660070342758,17.3498104879278,18.3336139415798,19.3174173952318,
20.3012208488838,21.2850243025358,22.2688277561878,23.2526312098398,24.2364346634917,
25.2202381171438,26.2040415707958,27.1878450244477,28.1716484780997,29.1554519317517,
30.1392553854038,31.1230588390557,32.1068622927077,33.0906657463597,34.0744692000117,
35.0582726536637,36.0420761073157,37.0258795609677,38.0096830146197,38.9934864682717,
39.9772899219237),.UNSPECIFIED.);
#35=B_SPLINE_SURFACE_WITH_KNOTS('',3,3,((#9872,#9873,#9874,#9875,#9876,
#9877,#9878,#9879,#9880,#9881,#9882,#9883,#9884,#9885,#9886,#9887,#9888,
#9889,#9890,#9891,#9892,#9893,#9894,#9895,#9896,#9897,#9898,#9899,#9900),
(#9901,#9902,#9903,#9904,#9905,#9906,#9907,#9908,#9909,#9910,#9911,#9912,
#9913,#9914,#9915,#9916,#9917,#9918,#9919,#9920,#9921,#9922,#9923,#9924,
#9925,#9926,#9927,#9928,#9929),(#9930,#9931,#9932,#9933,#9934,#9935,#9936,
#9937,#9938,#9939,#9940,#9941,#9942,#9943,#9944,#9945,#9946,#9947,#9948,
#9949,#9950,#9951,#9952,#9953,#9954,#9955,#9956,#9957,#9958),(#9959,#9960,
#9961,#9962,#9963,#9964,#9965,#9966,#9967,#9968,#9969,#9970,#9971,#9972,
#9973,#9974,#9975,#9976,#9977,#9978,#9979,#9980,#9981,#9982,#9983,#9984,
#9985,#9986,#9987)),.UNSPECIFIED.,.F.,.F.,.F.,(4,4),(4,1,1,1,1,1,1,1,1,
1,1,1,1,1,1,1,1,1,1,1,1,1,1,1,1,1,4),(0.,0.0642013499338866),(577.345666508472,
578.329469962124,579.313273415776,580.297076869428,581.28088032308,582.264683776732,
583.248487230384,584.232290684036,585.216094137688,586.19989759134,587.183701044992,
588.167504498644,589.151307952296,590.135111405948,591.1189148596,592.102718313252,
593.086521766904,594.070325220556,595.054128674208,596.03793212786,597.021735581512,
598.005539035164,598.989342488816,599.973145942468,600.95694939612,601.940752849772,
602.924556303424),.UNSPECIFIED.);
#36=B_SPLINE_SURFACE_WITH_KNOTS('',3,3,((#10013,#10014,#10015,#10016,#10017,
#10018,#10019,#10020,#10021,#10022,#10023,#10024,#10025,#10026,#10027,#10028,
#10029,#10030,#10031,#10032,#10033,#10034,#10035,#10036,#10037,#10038,#10039,
#10040,#10041),(#10042,#10043,#10044,#10045,#10046,#10047,#10048,#10049,
#10050,#10051,#10052,#10053,#10054,#10055,#10056,#10057,#10058,#10059,#10060,
#10061,#10062,#10063,#10064,#10065,#10066,#10067,#10068,#10069,#10070),
(#10071,#10072,#10073,#10074,#10075,#10076,#10077,#10078,#10079,#10080,
#10081,#10082,#10083,#10084,#10085,#10086,#10087,#10088,#10089,#10090,#10091,
#10092,#10093,#10094,#10095,#10096,#10097,#10098,#10099),(#10100,#10101,
#10102,#10103,#10104,#10105,#10106,#10107,#10108,#10109,#10110,#10111,#10112,
#10113,#10114,#10115,#10116,#10117,#10118,#10119,#10120,#10121,#10122,#10123,
#10124,#10125,#10126,#10127,#10128)),.UNSPECIFIED.,.F.,.F.,.F.,(4,4),(4,
1,1,1,1,1,1,1,1,1,1,1,1,1,1,1,1,1,1,1,1,1,1,1,1,1,4),(0.,0.0642013499338866),
(579.885077773136,580.868881226788,581.85268468044,582.836488134092,583.820291587744,
584.804095041396,585.787898495048,586.7717019487,587.755505402352,588.739308856004,
589.723112309656,590.706915763308,591.69071921696,592.674522670612,593.658326124264,
594.642129577916,595.625933031568,596.60973648522,597.593539938872,598.577343392524,
599.561146846176,600.544950299828,601.52875375348,602.512557207132,603.496360660784,
604.480164114436,605.463967568088),.UNSPECIFIED.);
#37=B_SPLINE_SURFACE_WITH_KNOTS('',3,3,((#10176,#10177,#10178,#10179,#10180,
#10181,#10182,#10183,#10184,#10185,#10186,#10187,#10188,#10189,#10190,#10191,
#10192,#10193,#10194,#10195,#10196,#10197,#10198,#10199,#10200,#10201,#10202,
#10203,#10204),(#10205,#10206,#10207,#10208,#10209,#10210,#10211,#10212,
#10213,#10214,#10215,#10216,#10217,#10218,#10219,#10220,#10221,#10222,#10223,
#10224,#10225,#10226,#10227,#10228,#10229,#10230,#10231,#10232,#10233),
(#10234,#10235,#10236,#10237,#10238,#10239,#10240,#10241,#10242,#10243,
#10244,#10245,#10246,#10247,#10248,#10249,#10250,#10251,#10252,#10253,#10254,
#10255,#10256,#10257,#10258,#10259,#10260,#10261,#10262),(#10263,#10264,
#10265,#10266,#10267,#10268,#10269,#10270,#10271,#10272,#10273,#10274,#10275,
#10276,#10277,#10278,#10279,#10280,#10281,#10282,#10283,#10284,#10285,#10286,
#10287,#10288,#10289,#10290,#10291)),.UNSPECIFIED.,.F.,.F.,.F.,(4,4),(4,
1,1,1,1,1,1,1,1,1,1,1,1,1,1,1,1,1,1,1,1,1,1,1,1,1,4),(0.,0.0642013499338866),
(11.8589888623077,12.8427923159597,13.8265957696117,14.8103992232637,15.7942026769157,
16.7780061305677,17.7618095842197,18.7456130378717,19.7294164915237,20.7132199451757,
21.6970233988277,22.6808268524797,23.6646303061317,24.6484337597837,25.6322372134357,
26.6160406670877,27.5998441207397,28.5836475743917,29.5674510280436,30.5512544816956,
31.5350579353476,32.5188613889996,33.5026648426516,34.4864682963036,35.4702717499556,
36.4540752036076,37.4378786572596),.UNSPECIFIED.);
#38=B_SPLINE_SURFACE_WITH_KNOTS('',3,3,((#10317,#10318,#10319,#10320,#10321,
#10322,#10323,#10324,#10325,#10326,#10327,#10328,#10329,#10330,#10331,#10332,
#10333,#10334,#10335,#10336,#10337,#10338,#10339,#10340,#10341,#10342,#10343,
#10344,#10345),(#10346,#10347,#10348,#10349,#10350,#10351,#10352,#10353,
#10354,#10355,#10356,#10357,#10358,#10359,#10360,#10361,#10362,#10363,#10364,
#10365,#10366,#10367,#10368,#10369,#10370,#10371,#10372,#10373,#10374),
(#10375,#10376,#10377,#10378,#10379,#10380,#10381,#10382,#10383,#10384,
#10385,#10386,#10387,#10388,#10389,#10390,#10391,#10392,#10393,#10394,#10395,
#10396,#10397,#10398,#10399,#10400,#10401,#10402,#10403),(#10404,#10405,
#10406,#10407,#10408,#10409,#10410,#10411,#10412,#10413,#10414,#10415,#10416,
#10417,#10418,#10419,#10420,#10421,#10422,#10423,#10424,#10425,#10426,#10427,
#10428,#10429,#10430,#10431,#10432)),.UNSPECIFIED.,.F.,.F.,.F.,(4,4),(4,
1,1,1,1,1,1,1,1,1,1,1,1,1,1,1,1,1,1,1,1,1,1,1,1,1,4),(0.,0.0642013499338866),
(14.3984001269717,15.3822035806237,16.3660070342757,17.3498104879277,18.3336139415797,
19.3174173952317,20.3012208488837,21.2850243025357,22.2688277561877,23.2526312098397,
24.2364346634916,25.2202381171436,26.2040415707956,27.1878450244476,28.1716484780996,
29.1554519317516,30.1392553854036,31.1230588390556,32.1068622927076,33.0906657463596,
34.0744692000116,35.0582726536636,36.0420761073156,37.0258795609676,38.0096830146196,
38.9934864682716,39.9772899219236),.UNSPECIFIED.);
#39=FACE_BOUND('',#276,.T.);
#40=FACE_BOUND('',#277,.T.);
#41=FACE_BOUND('',#279,.T.);
#42=FACE_BOUND('',#282,.T.);
#43=FACE_BOUND('',#283,.T.);
#44=FACE_BOUND('',#286,.T.);
#45=FACE_BOUND('',#287,.T.);
#46=FACE_BOUND('',#290,.T.);
#47=FACE_BOUND('',#291,.T.);
#48=FACE_BOUND('',#296,.T.);
#49=FACE_BOUND('',#297,.T.);
#50=FACE_BOUND('',#308,.T.);
#51=FACE_BOUND('',#309,.T.);
#52=FACE_BOUND('',#318,.T.);
#53=FACE_BOUND('',#319,.T.);
#54=FACE_BOUND('',#324,.T.);
#55=FACE_BOUND('',#325,.T.);
#56=FACE_BOUND('',#353,.T.);
#57=FACE_BOUND('',#354,.T.);
#58=FACE_BOUND('',#355,.T.);
#59=FACE_BOUND('',#356,.T.);
#60=FACE_BOUND('',#357,.T.);
#61=FACE_BOUND('',#358,.T.);
#62=FACE_BOUND('',#359,.T.);
#63=FACE_BOUND('',#360,.T.);
#64=FACE_BOUND('',#362,.T.);
#65=FACE_BOUND('',#363,.T.);
#66=FACE_BOUND('',#364,.T.);
#67=FACE_BOUND('',#365,.T.);
#68=FACE_BOUND('',#366,.T.);
#69=FACE_BOUND('',#367,.T.);
#70=FACE_BOUND('',#368,.T.);
#71=FACE_BOUND('',#369,.T.);
#72=PLANE('',#2514);
#73=PLANE('',#2515);
#74=PLANE('',#2521);
#75=PLANE('',#2524);
#76=PLANE('',#2527);
#77=PLANE('',#2529);
#78=PLANE('',#2533);
#79=PLANE('',#2539);
#80=PLANE('',#2541);
#81=PLANE('',#2588);
#82=PLANE('',#2589);
#83=FACE_OUTER_BOUND('',#210,.T.);
#84=FACE_OUTER_BOUND('',#211,.T.);
#85=FACE_OUTER_BOUND('',#212,.T.);
#86=FACE_OUTER_BOUND('',#213,.T.);
#87=FACE_OUTER_BOUND('',#214,.T.);
#88=FACE_OUTER_BOUND('',#215,.T.);
#89=FACE_OUTER_BOUND('',#216,.T.);
#90=FACE_OUTER_BOUND('',#217,.T.);
#91=FACE_OUTER_BOUND('',#218,.T.);
#92=FACE_OUTER_BOUND('',#219,.T.);
#93=FACE_OUTER_BOUND('',#220,.T.);
#94=FACE_OUTER_BOUND('',#221,.T.);
#95=FACE_OUTER_BOUND('',#222,.T.);
#96=FACE_OUTER_BOUND('',#223,.T.);
#97=FACE_OUTER_BOUND('',#224,.T.);
#98=FACE_OUTER_BOUND('',#225,.T.);
#99=FACE_OUTER_BOUND('',#226,.T.);
#100=FACE_OUTER_BOUND('',#227,.T.);
#101=FACE_OUTER_BOUND('',#228,.T.);
#102=FACE_OUTER_BOUND('',#229,.T.);
#103=FACE_OUTER_BOUND('',#230,.T.);
#104=FACE_OUTER_BOUND('',#231,.T.);
#105=FACE_OUTER_BOUND('',#232,.T.);
#106=FACE_OUTER_BOUND('',#233,.T.);
#107=FACE_OUTER_BOUND('',#234,.T.);
#108=FACE_OUTER_BOUND('',#235,.T.);
#109=FACE_OUTER_BOUND('',#236,.T.);
#110=FACE_OUTER_BOUND('',#237,.T.);
#111=FACE_OUTER_BOUND('',#238,.T.);
#112=FACE_OUTER_BOUND('',#239,.T.);
#113=FACE_OUTER_BOUND('',#240,.T.);
#114=FACE_OUTER_BOUND('',#241,.T.);
#115=FACE_OUTER_BOUND('',#242,.T.);
#116=FACE_OUTER_BOUND('',#243,.T.);
#117=FACE_OUTER_BOUND('',#244,.T.);
#118=FACE_OUTER_BOUND('',#245,.T.);
#119=FACE_OUTER_BOUND('',#246,.T.);
#120=FACE_OUTER_BOUND('',#247,.T.);
#121=FACE_OUTER_BOUND('',#248,.T.);
#122=FACE_OUTER_BOUND('',#249,.T.);
#123=FACE_OUTER_BOUND('',#250,.T.);
#124=FACE_OUTER_BOUND('',#251,.T.);
#125=FACE_OUTER_BOUND('',#252,.T.);
#126=FACE_OUTER_BOUND('',#253,.T.);
#127=FACE_OUTER_BOUND('',#254,.T.);
#128=FACE_OUTER_BOUND('',#255,.T.);
#129=FACE_OUTER_BOUND('',#256,.T.);
#130=FACE_OUTER_BOUND('',#257,.T.);
#131=FACE_OUTER_BOUND('',#258,.T.);
#132=FACE_OUTER_BOUND('',#259,.T.);
#133=FACE_OUTER_BOUND('',#260,.T.);
#134=FACE_OUTER_BOUND('',#261,.T.);
#135=FACE_OUTER_BOUND('',#262,.T.);
#136=FACE_OUTER_BOUND('',#263,.T.);
#137=FACE_OUTER_BOUND('',#264,.T.);
#138=FACE_OUTER_BOUND('',#265,.T.);
#139=FACE_OUTER_BOUND('',#266,.T.);
#140=FACE_OUTER_BOUND('',#267,.T.);
#141=FACE_OUTER_BOUND('',#268,.T.);
#142=FACE_OUTER_BOUND('',#269,.T.);
#143=FACE_OUTER_BOUND('',#270,.T.);
#144=FACE_OUTER_BOUND('',#271,.T.);
#145=FACE_OUTER_BOUND('',#272,.T.);
#146=FACE_OUTER_BOUND('',#273,.T.);
#147=FACE_OUTER_BOUND('',#274,.T.);
#148=FACE_OUTER_BOUND('',#275,.T.);
#149=FACE_OUTER_BOUND('',#278,.T.);
#150=FACE_OUTER_BOUND('',#280,.T.);
#151=FACE_OUTER_BOUND('',#281,.T.);
#152=FACE_OUTER_BOUND('',#284,.T.);
#153=FACE_OUTER_BOUND('',#285,.T.);
#154=FACE_OUTER_BOUND('',#288,.T.);
#155=FACE_OUTER_BOUND('',#289,.T.);
#156=FACE_OUTER_BOUND('',#292,.T.);
#157=FACE_OUTER_BOUND('',#293,.T.);
#158=FACE_OUTER_BOUND('',#294,.T.);
#159=FACE_OUTER_BOUND('',#295,.T.);
#160=FACE_OUTER_BOUND('',#298,.T.);
#161=FACE_OUTER_BOUND('',#299,.T.);
#162=FACE_OUTER_BOUND('',#300,.T.);
#163=FACE_OUTER_BOUND('',#301,.T.);
#164=FACE_OUTER_BOUND('',#302,.T.);
#165=FACE_OUTER_BOUND('',#303,.T.);
#166=FACE_OUTER_BOUND('',#304,.T.);
#167=FACE_OUTER_BOUND('',#305,.T.);
#168=FACE_OUTER_BOUND('',#306,.T.);
#169=FACE_OUTER_BOUND('',#307,.T.);
#170=FACE_OUTER_BOUND('',#310,.T.);
#171=FACE_OUTER_BOUND('',#311,.T.);
#172=FACE_OUTER_BOUND('',#312,.T.);
#173=FACE_OUTER_BOUND('',#313,.T.);
#174=FACE_OUTER_BOUND('',#314,.T.);
#175=FACE_OUTER_BOUND('',#315,.T.);
#176=FACE_OUTER_BOUND('',#316,.T.);
#177=FACE_OUTER_BOUND('',#317,.T.);
#178=FACE_OUTER_BOUND('',#320,.T.);
#179=FACE_OUTER_BOUND('',#321,.T.);
#180=FACE_OUTER_BOUND('',#322,.T.);
#181=FACE_OUTER_BOUND('',#323,.T.);
#182=FACE_OUTER_BOUND('',#326,.T.);
#183=FACE_OUTER_BOUND('',#327,.T.);
#184=FACE_OUTER_BOUND('',#328,.T.);
#185=FACE_OUTER_BOUND('',#329,.T.);
#186=FACE_OUTER_BOUND('',#330,.T.);
#187=FACE_OUTER_BOUND('',#331,.T.);
#188=FACE_OUTER_BOUND('',#332,.T.);
#189=FACE_OUTER_BOUND('',#333,.T.);
#190=FACE_OUTER_BOUND('',#334,.T.);
#191=FACE_OUTER_BOUND('',#335,.T.);
#192=FACE_OUTER_BOUND('',#336,.T.);
#193=FACE_OUTER_BOUND('',#337,.T.);
#194=FACE_OUTER_BOUND('',#338,.T.);
#195=FACE_OUTER_BOUND('',#339,.T.);
#196=FACE_OUTER_BOUND('',#340,.T.);
#197=FACE_OUTER_BOUND('',#341,.T.);
#198=FACE_OUTER_BOUND('',#342,.T.);
#199=FACE_OUTER_BOUND('',#343,.T.);
#200=FACE_OUTER_BOUND('',#344,.T.);
#201=FACE_OUTER_BOUND('',#345,.T.);
#202=FACE_OUTER_BOUND('',#346,.T.);
#203=FACE_OUTER_BOUND('',#347,.T.);
#204=FACE_OUTER_BOUND('',#348,.T.);
#205=FACE_OUTER_BOUND('',#349,.T.);
#206=FACE_OUTER_BOUND('',#350,.T.);
#207=FACE_OUTER_BOUND('',#351,.T.);
#208=FACE_OUTER_BOUND('',#352,.T.);
#209=FACE_OUTER_BOUND('',#361,.T.);
#210=EDGE_LOOP('',(#1446,#1447,#1448));
#211=EDGE_LOOP('',(#1449,#1450,#1451,#1452,#1453));
#212=EDGE_LOOP('',(#1454,#1455,#1456,#1457));
#213=EDGE_LOOP('',(#1458,#1459,#1460,#1461));
#214=EDGE_LOOP('',(#1462,#1463,#1464));
#215=EDGE_LOOP('',(#1465,#1466,#1467,#1468,#1469));
#216=EDGE_LOOP('',(#1470,#1471,#1472,#1473));
#217=EDGE_LOOP('',(#1474,#1475,#1476,#1477));
#218=EDGE_LOOP('',(#1478,#1479,#1480));
#219=EDGE_LOOP('',(#1481,#1482,#1483,#1484,#1485));
#220=EDGE_LOOP('',(#1486,#1487,#1488,#1489));
#221=EDGE_LOOP('',(#1490,#1491,#1492,#1493));
#222=EDGE_LOOP('',(#1494,#1495,#1496));
#223=EDGE_LOOP('',(#1497,#1498,#1499,#1500,#1501));
#224=EDGE_LOOP('',(#1502,#1503,#1504,#1505));
#225=EDGE_LOOP('',(#1506,#1507,#1508,#1509));
#226=EDGE_LOOP('',(#1510,#1511,#1512,#1513));
#227=EDGE_LOOP('',(#1514,#1515,#1516,#1517));
#228=EDGE_LOOP('',(#1518,#1519,#1520,#1521));
#229=EDGE_LOOP('',(#1522,#1523,#1524,#1525));
#230=EDGE_LOOP('',(#1526,#1527,#1528,#1529));
#231=EDGE_LOOP('',(#1530,#1531,#1532,#1533));
#232=EDGE_LOOP('',(#1534,#1535,#1536,#1537));
#233=EDGE_LOOP('',(#1538,#1539,#1540,#1541));
#234=EDGE_LOOP('',(#1542,#1543,#1544,#1545));
#235=EDGE_LOOP('',(#1546,#1547,#1548,#1549));
#236=EDGE_LOOP('',(#1550,#1551,#1552,#1553));
#237=EDGE_LOOP('',(#1554,#1555,#1556,#1557));
#238=EDGE_LOOP('',(#1558,#1559,#1560,#1561));
#239=EDGE_LOOP('',(#1562,#1563,#1564,#1565));
#240=EDGE_LOOP('',(#1566,#1567,#1568,#1569));
#241=EDGE_LOOP('',(#1570,#1571,#1572,#1573));
#242=EDGE_LOOP('',(#1574,#1575,#1576));
#243=EDGE_LOOP('',(#1577,#1578,#1579,#1580,#1581));
#244=EDGE_LOOP('',(#1582,#1583,#1584,#1585));
#245=EDGE_LOOP('',(#1586,#1587,#1588,#1589));
#246=EDGE_LOOP('',(#1590,#1591,#1592));
#247=EDGE_LOOP('',(#1593,#1594,#1595,#1596,#1597));
#248=EDGE_LOOP('',(#1598,#1599,#1600,#1601));
#249=EDGE_LOOP('',(#1602,#1603,#1604,#1605));
#250=EDGE_LOOP('',(#1606,#1607,#1608));
#251=EDGE_LOOP('',(#1609,#1610,#1611,#1612,#1613));
#252=EDGE_LOOP('',(#1614,#1615,#1616,#1617));
#253=EDGE_LOOP('',(#1618,#1619,#1620,#1621));
#254=EDGE_LOOP('',(#1622,#1623,#1624));
#255=EDGE_LOOP('',(#1625,#1626,#1627,#1628,#1629));
#256=EDGE_LOOP('',(#1630,#1631,#1632,#1633));
#257=EDGE_LOOP('',(#1634,#1635,#1636,#1637));
#258=EDGE_LOOP('',(#1638,#1639,#1640,#1641));
#259=EDGE_LOOP('',(#1642,#1643,#1644,#1645));
#260=EDGE_LOOP('',(#1646,#1647,#1648,#1649));
#261=EDGE_LOOP('',(#1650,#1651,#1652,#1653));
#262=EDGE_LOOP('',(#1654,#1655,#1656,#1657));
#263=EDGE_LOOP('',(#1658,#1659,#1660,#1661));
#264=EDGE_LOOP('',(#1662,#1663,#1664,#1665));
#265=EDGE_LOOP('',(#1666,#1667,#1668,#1669));
#266=EDGE_LOOP('',(#1670,#1671,#1672,#1673));
#267=EDGE_LOOP('',(#1674,#1675,#1676,#1677));
#268=EDGE_LOOP('',(#1678,#1679,#1680,#1681));
#269=EDGE_LOOP('',(#1682,#1683,#1684,#1685));
#270=EDGE_LOOP('',(#1686,#1687,#1688,#1689));
#271=EDGE_LOOP('',(#1690,#1691,#1692,#1693));
#272=EDGE_LOOP('',(#1694,#1695,#1696,#1697));
#273=EDGE_LOOP('',(#1698,#1699,#1700,#1701));
#274=EDGE_LOOP('',(#1702,#1703,#1704,#1705));
#275=EDGE_LOOP('',(#1706,#1707,#1708,#1709));
#276=EDGE_LOOP('',(#1710,#1711,#1712,#1713));
#277=EDGE_LOOP('',(#1714,#1715,#1716,#1717));
#278=EDGE_LOOP('',(#1718,#1719,#1720,#1721,#1722,#1723,#1724,#1725));
#279=EDGE_LOOP('',(#1726,#1727,#1728,#1729));
#280=EDGE_LOOP('',(#1730,#1731,#1732,#1733));
#281=EDGE_LOOP('',(#1734,#1735,#1736,#1737));
#282=EDGE_LOOP('',(#1738,#1739,#1740,#1741,#1742));
#283=EDGE_LOOP('',(#1743,#1744,#1745,#1746,#1747));
#284=EDGE_LOOP('',(#1748,#1749,#1750,#1751));
#285=EDGE_LOOP('',(#1752,#1753,#1754,#1755));
#286=EDGE_LOOP('',(#1756,#1757,#1758,#1759,#1760));
#287=EDGE_LOOP('',(#1761,#1762,#1763,#1764,#1765));
#288=EDGE_LOOP('',(#1766,#1767,#1768,#1769));
#289=EDGE_LOOP('',(#1770,#1771,#1772,#1773));
#290=EDGE_LOOP('',(#1774,#1775,#1776,#1777));
#291=EDGE_LOOP('',(#1778,#1779,#1780,#1781));
#292=EDGE_LOOP('',(#1782,#1783,#1784,#1785));
#293=EDGE_LOOP('',(#1786,#1787,#1788,#1789,#1790,#1791,#1792,#1793,#1794,
#1795,#1796,#1797));
#294=EDGE_LOOP('',(#1798,#1799,#1800,#1801,#1802,#1803,#1804,#1805,#1806,
#1807,#1808));
#295=EDGE_LOOP('',(#1809,#1810,#1811,#1812));
#296=EDGE_LOOP('',(#1813,#1814,#1815,#1816));
#297=EDGE_LOOP('',(#1817,#1818,#1819,#1820));
#298=EDGE_LOOP('',(#1821,#1822,#1823,#1824,#1825,#1826,#1827,#1828,#1829,
#1830,#1831,#1832));
#299=EDGE_LOOP('',(#1833,#1834,#1835,#1836));
#300=EDGE_LOOP('',(#1837,#1838,#1839,#1840));
#301=EDGE_LOOP('',(#1841,#1842,#1843,#1844,#1845,#1846,#1847,#1848,#1849,
#1850,#1851));
#302=EDGE_LOOP('',(#1852,#1853,#1854,#1855,#1856,#1857,#1858,#1859,#1860,
#1861,#1862));
#303=EDGE_LOOP('',(#1863,#1864,#1865,#1866,#1867,#1868,#1869,#1870,#1871,
#1872,#1873,#1874));
#304=EDGE_LOOP('',(#1875,#1876,#1877,#1878));
#305=EDGE_LOOP('',(#1879,#1880,#1881,#1882,#1883,#1884,#1885,#1886,#1887,
#1888,#1889,#1890));
#306=EDGE_LOOP('',(#1891,#1892,#1893,#1894,#1895,#1896,#1897,#1898,#1899,
#1900,#1901));
#307=EDGE_LOOP('',(#1902,#1903,#1904,#1905));
#308=EDGE_LOOP('',(#1906,#1907,#1908,#1909,#1910));
#309=EDGE_LOOP('',(#1911,#1912,#1913,#1914,#1915));
#310=EDGE_LOOP('',(#1916,#1917,#1918,#1919));
#311=EDGE_LOOP('',(#1920,#1921,#1922,#1923));
#312=EDGE_LOOP('',(#1924,#1925,#1926,#1927));
#313=EDGE_LOOP('',(#1928,#1929,#1930,#1931));
#314=EDGE_LOOP('',(#1932,#1933,#1934,#1935));
#315=EDGE_LOOP('',(#1936,#1937,#1938,#1939,#1940,#1941,#1942,#1943,#1944,
#1945,#1946,#1947));
#316=EDGE_LOOP('',(#1948,#1949,#1950,#1951,#1952,#1953,#1954,#1955,#1956,
#1957,#1958));
#317=EDGE_LOOP('',(#1959,#1960,#1961,#1962));
#318=EDGE_LOOP('',(#1963,#1964,#1965,#1966));
#319=EDGE_LOOP('',(#1967,#1968,#1969,#1970));
#320=EDGE_LOOP('',(#1971,#1972,#1973,#1974));
#321=EDGE_LOOP('',(#1975,#1976,#1977,#1978,#1979,#1980,#1981,#1982,#1983,
#1984,#1985,#1986));
#322=EDGE_LOOP('',(#1987,#1988,#1989,#1990,#1991,#1992,#1993,#1994,#1995,
#1996,#1997));
#323=EDGE_LOOP('',(#1998,#1999,#2000,#2001));
#324=EDGE_LOOP('',(#2002,#2003,#2004,#2005,#2006));
#325=EDGE_LOOP('',(#2007,#2008,#2009,#2010,#2011));
#326=EDGE_LOOP('',(#2012,#2013,#2014,#2015));
#327=EDGE_LOOP('',(#2016,#2017,#2018,#2019,#2020,#2021,#2022,#2023,#2024,
#2025,#2026,#2027));
#328=EDGE_LOOP('',(#2028,#2029,#2030,#2031,#2032,#2033,#2034,#2035,#2036,
#2037,#2038));
#329=EDGE_LOOP('',(#2039,#2040,#2041,#2042));
#330=EDGE_LOOP('',(#2043,#2044,#2045,#2046,#2047,#2048,#2049,#2050,#2051,
#2052,#2053,#2054));
#331=EDGE_LOOP('',(#2055,#2056,#2057,#2058,#2059,#2060,#2061,#2062,#2063,
#2064,#2065));
#332=EDGE_LOOP('',(#2066,#2067,#2068,#2069));
#333=EDGE_LOOP('',(#2070,#2071,#2072,#2073));
#334=EDGE_LOOP('',(#2074,#2075,#2076,#2077));
#335=EDGE_LOOP('',(#2078,#2079,#2080,#2081));
#336=EDGE_LOOP('',(#2082,#2083,#2084,#2085));
#337=EDGE_LOOP('',(#2086,#2087,#2088,#2089));
#338=EDGE_LOOP('',(#2090,#2091,#2092,#2093));
#339=EDGE_LOOP('',(#2094,#2095,#2096,#2097));
#340=EDGE_LOOP('',(#2098,#2099,#2100,#2101));
#341=EDGE_LOOP('',(#2102,#2103,#2104,#2105));
#342=EDGE_LOOP('',(#2106,#2107,#2108,#2109));
#343=EDGE_LOOP('',(#2110,#2111,#2112,#2113));
#344=EDGE_LOOP('',(#2114,#2115,#2116,#2117));
#345=EDGE_LOOP('',(#2118,#2119,#2120,#2121));
#346=EDGE_LOOP('',(#2122,#2123,#2124,#2125));
#347=EDGE_LOOP('',(#2126,#2127,#2128,#2129));
#348=EDGE_LOOP('',(#2130,#2131,#2132,#2133));
#349=EDGE_LOOP('',(#2134,#2135,#2136,#2137));
#350=EDGE_LOOP('',(#2138,#2139,#2140,#2141));
#351=EDGE_LOOP('',(#2142,#2143,#2144,#2145));
#352=EDGE_LOOP('',(#2146,#2147,#2148,#2149));
#353=EDGE_LOOP('',(#2150));
#354=EDGE_LOOP('',(#2151));
#355=EDGE_LOOP('',(#2152));
#356=EDGE_LOOP('',(#2153));
#357=EDGE_LOOP('',(#2154));
#358=EDGE_LOOP('',(#2155));
#359=EDGE_LOOP('',(#2156));
#360=EDGE_LOOP('',(#2157));
#361=EDGE_LOOP('',(#2158,#2159,#2160,#2161,#2162,#2163,#2164,#2165));
#362=EDGE_LOOP('',(#2166));
#363=EDGE_LOOP('',(#2167));
#364=EDGE_LOOP('',(#2168));
#365=EDGE_LOOP('',(#2169));
#366=EDGE_LOOP('',(#2170));
#367=EDGE_LOOP('',(#2171));
#368=EDGE_LOOP('',(#2172));
#369=EDGE_LOOP('',(#2173));
#370=B_SPLINE_CURVE_WITH_KNOTS('',3,(#3073,#3074,#3075,#3076),
 .UNSPECIFIED.,.F.,.F.,(4,4),(-589.048622548086,-588.185207973343),
 .UNSPECIFIED.);
#371=B_SPLINE_CURVE_WITH_KNOTS('',3,(#3082,#3083,#3084,#3085,#3086,#3087,
#3088,#3089,#3090,#3091,#3092,#3093,#3094,#3095,#3096,#3097,#3098,#3099,
#3100),.UNSPECIFIED.,.F.,.F.,(4,3,3,3,3,3,4),(585.645796708679,586.146550172855,
587.130353626507,588.114157080159,589.097960533811,590.081763987463,591.065567441115),
 .UNSPECIFIED.);
#372=B_SPLINE_CURVE_WITH_KNOTS('',3,(#3102,#3103,#3104,#3105,#3106,#3107,
#3108,#3109,#3110,#3111,#3112,#3113,#3114,#3115,#3116,#3117,#3118,#3119,
#3120,#3121,#3122,#3123,#3124,#3125,#3126),.UNSPECIFIED.,.F.,.F.,(4,3,3,
3,3,3,3,3,4),(-588.185207973343,-588.114157080159,-587.130353626507,-586.146550172855,
-585.162746719203,-584.178943265551,-583.195139811899,-582.211336358247,
-581.902022666163),.UNSPECIFIED.);
#373=B_SPLINE_CURVE_WITH_KNOTS('',3,(#3131,#3132,#3133,#3134,#3135,#3136,
#3137,#3138,#3139,#3140,#3141,#3142,#3143,#3144,#3145,#3146,#3147,#3148,
#3149,#3150,#3151,#3152),.UNSPECIFIED.,.F.,.F.,(4,3,3,3,3,3,3,4),(579.362611401499,
580.243729450943,581.227532904595,582.211336358247,583.195139811899,584.178943265551,
585.162746719203,585.645796708679),.UNSPECIFIED.);
#374=B_SPLINE_CURVE_WITH_KNOTS('',3,(#3153,#3154,#3155,#3156,#3157,#3158,
#3159,#3160,#3161,#3162,#3163,#3164,#3165,#3166,#3167,#3168,#3169,#3170,
#3171,#3172,#3173,#3174),.UNSPECIFIED.,.F.,.F.,(4,3,3,3,3,3,3,4),(-581.902022666163,
-581.227532904595,-580.243729450943,-579.259925997291,-578.276122543639,
-577.292319089987,-576.308515636335,-575.618837358983),.UNSPECIFIED.);
#375=B_SPLINE_CURVE_WITH_KNOTS('',3,(#3180,#3181,#3182,#3183,#3184,#3185,
#3186,#3187,#3188,#3189,#3190,#3191,#3192),.UNSPECIFIED.,.F.,.F.,(4,3,3,
3,4),(-569.335652051804,-568.438088007119,-567.454284553467,-566.470481099815,
-565.486677646163),.UNSPECIFIED.);
#376=B_SPLINE_CURVE_WITH_KNOTS('',3,(#3195,#3196,#3197,#3198,#3199,#3200,
#3201,#3202,#3203,#3204,#3205,#3206,#3207,#3208,#3209,#3210,#3211,#3212,
#3213),.UNSPECIFIED.,.F.,.F.,(4,3,3,3,3,3,4),(567.503622539191,568.438088007119,
569.421891460771,570.405694914423,571.389498368075,572.373301821727,573.07942609432),
 .UNSPECIFIED.);
#377=B_SPLINE_CURVE_WITH_KNOTS('',3,(#3220,#3221,#3222,#3223),
 .UNSPECIFIED.,.F.,.F.,(4,4),(-23.5619449019235,-22.6985303271799),
 .UNSPECIFIED.);
#378=B_SPLINE_CURVE_WITH_KNOTS('',3,(#3229,#3230,#3231,#3232,#3233,#3234,
#3235,#3236,#3237,#3238,#3239,#3240,#3241,#3242,#3243,#3244,#3245,#3246,
#3247),.UNSPECIFIED.,.F.,.F.,(4,3,3,3,3,3,4),(20.1591190625159,20.659872526692,
21.643675980344,22.627479433996,23.611282887648,24.5950863413,25.578889794952),
 .UNSPECIFIED.);
#379=B_SPLINE_CURVE_WITH_KNOTS('',3,(#3249,#3250,#3251,#3252,#3253,#3254,
#3255,#3256,#3257,#3258,#3259,#3260,#3261,#3262,#3263,#3264,#3265,#3266,
#3267,#3268,#3269,#3270,#3271,#3272,#3273),.UNSPECIFIED.,.F.,.F.,(4,3,3,
3,3,3,3,3,4),(-22.6985303271799,-22.627479433996,-21.643675980344,-20.659872526692,
-19.67606907304,-18.692265619388,-17.708462165736,-16.724658712084,-16.4153450200004),
 .UNSPECIFIED.);
#380=B_SPLINE_CURVE_WITH_KNOTS('',3,(#3278,#3279,#3280,#3281,#3282,#3283,
#3284,#3285,#3286,#3287,#3288,#3289,#3290,#3291,#3292,#3293,#3294,#3295,
#3296,#3297,#3298,#3299),.UNSPECIFIED.,.F.,.F.,(4,3,3,3,3,3,3,4),(13.8759337553364,
14.75705180478,15.740855258432,16.724658712084,17.708462165736,18.692265619388,
19.67606907304,20.1591190625159),.UNSPECIFIED.);
#381=B_SPLINE_CURVE_WITH_KNOTS('',3,(#3300,#3301,#3302,#3303,#3304,#3305,
#3306,#3307,#3308,#3309,#3310,#3311,#3312,#3313,#3314,#3315,#3316,#3317,
#3318,#3319,#3320,#3321),.UNSPECIFIED.,.F.,.F.,(4,3,3,3,3,3,3,4),(-16.4153450200004,
-15.740855258432,-14.75705180478,-13.773248351128,-12.789444897476,-11.805641443824,
-10.821837990172,-10.1321597128207),.UNSPECIFIED.);
#382=B_SPLINE_CURVE_WITH_KNOTS('',3,(#3327,#3328,#3329,#3330,#3331,#3332,
#3333,#3334,#3335,#3336,#3337,#3338,#3339),.UNSPECIFIED.,.F.,.F.,(4,3,3,
3,4),(-3.84897440564117,-2.951410360956,-1.96760690730399,-0.983803453651996,
0.),.UNSPECIFIED.);
#383=B_SPLINE_CURVE_WITH_KNOTS('',3,(#3342,#3343,#3344,#3345,#3346,#3347,
#3348,#3349,#3350,#3351,#3352,#3353,#3354,#3355,#3356,#3357,#3358,#3359,
#3360),.UNSPECIFIED.,.F.,.F.,(4,3,3,3,3,3,4),(2.01694489302847,2.951410360956,
3.935213814608,4.91901726826,5.902820721912,6.886624175564,7.59274844815681),
 .UNSPECIFIED.);
#384=B_SPLINE_CURVE_WITH_KNOTS('',3,(#3367,#3368,#3369,#3370),
 .UNSPECIFIED.,.F.,.F.,(4,4),(-589.048622548086,-588.185207973343),
 .UNSPECIFIED.);
#385=B_SPLINE_CURVE_WITH_KNOTS('',3,(#3376,#3377,#3378,#3379,#3380,#3381,
#3382,#3383,#3384,#3385,#3386,#3387,#3388,#3389,#3390,#3391,#3392,#3393,
#3394),.UNSPECIFIED.,.F.,.F.,(4,3,3,3,3,3,4),(585.645796708679,586.146550172855,
587.130353626507,588.114157080159,589.097960533811,590.081763987463,591.065567441115),
 .UNSPECIFIED.);
#386=B_SPLINE_CURVE_WITH_KNOTS('',3,(#3396,#3397,#3398,#3399,#3400,#3401,
#3402,#3403,#3404,#3405,#3406,#3407,#3408,#3409,#3410,#3411,#3412,#3413,
#3414,#3415,#3416,#3417,#3418,#3419,#3420),.UNSPECIFIED.,.F.,.F.,(4,3,3,
3,3,3,3,3,4),(-588.185207973343,-588.114157080159,-587.130353626507,-586.146550172855,
-585.162746719203,-584.178943265551,-583.195139811899,-582.211336358247,
-581.902022666163),.UNSPECIFIED.);
#387=B_SPLINE_CURVE_WITH_KNOTS('',3,(#3425,#3426,#3427,#3428,#3429,#3430,
#3431,#3432,#3433,#3434,#3435,#3436,#3437,#3438,#3439,#3440,#3441,#3442,
#3443,#3444,#3445,#3446),.UNSPECIFIED.,.F.,.F.,(4,3,3,3,3,3,3,4),(579.362611401499,
580.243729450943,581.227532904595,582.211336358247,583.195139811899,584.178943265551,
585.162746719203,585.645796708679),.UNSPECIFIED.);
#388=B_SPLINE_CURVE_WITH_KNOTS('',3,(#3447,#3448,#3449,#3450,#3451,#3452,
#3453,#3454,#3455,#3456,#3457,#3458,#3459,#3460,#3461,#3462,#3463,#3464,
#3465,#3466,#3467,#3468),.UNSPECIFIED.,.F.,.F.,(4,3,3,3,3,3,3,4),(-581.902022666163,
-581.227532904595,-580.243729450943,-579.259925997291,-578.276122543639,
-577.292319089987,-576.308515636335,-575.618837358983),.UNSPECIFIED.);
#389=B_SPLINE_CURVE_WITH_KNOTS('',3,(#3474,#3475,#3476,#3477,#3478,#3479,
#3480,#3481,#3482,#3483,#3484,#3485,#3486),.UNSPECIFIED.,.F.,.F.,(4,3,3,
3,4),(-569.335652051804,-568.438088007119,-567.454284553467,-566.470481099815,
-565.486677646163),.UNSPECIFIED.);
#390=B_SPLINE_CURVE_WITH_KNOTS('',3,(#3489,#3490,#3491,#3492,#3493,#3494,
#3495,#3496,#3497,#3498,#3499,#3500,#3501,#3502,#3503,#3504,#3505,#3506,
#3507),.UNSPECIFIED.,.F.,.F.,(4,3,3,3,3,3,4),(567.503622539191,568.438088007119,
569.421891460771,570.405694914423,571.389498368075,572.373301821727,573.07942609432),
 .UNSPECIFIED.);
#391=B_SPLINE_CURVE_WITH_KNOTS('',3,(#3514,#3515,#3516,#3517),
 .UNSPECIFIED.,.F.,.F.,(4,4),(-23.5619449019233,-22.69853032718),
 .UNSPECIFIED.);
#392=B_SPLINE_CURVE_WITH_KNOTS('',3,(#3523,#3524,#3525,#3526,#3527,#3528,
#3529,#3530,#3531,#3532,#3533,#3534,#3535,#3536,#3537,#3538,#3539,#3540,
#3541),.UNSPECIFIED.,.F.,.F.,(4,3,3,3,3,3,4),(20.159119062516,20.6598725266919,
21.6436759803439,22.6274794339959,23.6112828876479,24.5950863412999,25.5788897949518),
 .UNSPECIFIED.);
#393=B_SPLINE_CURVE_WITH_KNOTS('',3,(#3543,#3544,#3545,#3546,#3547,#3548,
#3549,#3550,#3551,#3552,#3553,#3554,#3555,#3556,#3557,#3558,#3559,#3560,
#3561,#3562,#3563,#3564,#3565,#3566,#3567),.UNSPECIFIED.,.F.,.F.,(4,3,3,
3,3,3,3,3,4),(-22.69853032718,-22.6274794339959,-21.6436759803439,-20.6598725266919,
-19.6760690730399,-18.6922656193879,-17.7084621657359,-16.7246587120839,
-16.4153450200004),.UNSPECIFIED.);
#394=B_SPLINE_CURVE_WITH_KNOTS('',3,(#3572,#3573,#3574,#3575,#3576,#3577,
#3578,#3579,#3580,#3581,#3582,#3583,#3584,#3585,#3586,#3587,#3588,#3589,
#3590,#3591,#3592,#3593),.UNSPECIFIED.,.F.,.F.,(4,3,3,3,3,3,3,4),(13.8759337553364,
14.7570518047799,15.7408552584319,16.7246587120839,17.7084621657359,18.6922656193879,
19.6760690730399,20.159119062516),.UNSPECIFIED.);
#395=B_SPLINE_CURVE_WITH_KNOTS('',3,(#3594,#3595,#3596,#3597,#3598,#3599,
#3600,#3601,#3602,#3603,#3604,#3605,#3606,#3607,#3608,#3609,#3610,#3611,
#3612,#3613,#3614,#3615),.UNSPECIFIED.,.F.,.F.,(4,3,3,3,3,3,3,4),(-16.4153450200004,
-15.7408552584319,-14.7570518047799,-13.7732483511279,-12.7894448974759,
-11.8056414438239,-10.8218379901719,-10.1321597128208),.UNSPECIFIED.);
#396=B_SPLINE_CURVE_WITH_KNOTS('',3,(#3621,#3622,#3623,#3624,#3625,#3626,
#3627,#3628,#3629,#3630,#3631,#3632,#3633),.UNSPECIFIED.,.F.,.F.,(4,3,3,
3,4),(-3.84897440564123,-2.95141036095599,-1.96760690730399,-0.983803453651996,
0.),.UNSPECIFIED.);
#397=B_SPLINE_CURVE_WITH_KNOTS('',3,(#3636,#3637,#3638,#3639,#3640,#3641,
#3642,#3643,#3644,#3645,#3646,#3647,#3648,#3649,#3650,#3651,#3652,#3653,
#3654),.UNSPECIFIED.,.F.,.F.,(4,3,3,3,3,3,4),(2.01694489302841,2.95141036095599,
3.93521381460798,4.91901726825998,5.90282072191197,6.88662417556396,7.59274844815686),
 .UNSPECIFIED.);
#398=B_SPLINE_CURVE_WITH_KNOTS('',3,(#3660,#3661,#3662,#3663,#3664,#3665),
 .UNSPECIFIED.,.F.,.F.,(4,1,1,4),(34.5575191894877,35.4702717499556,36.4540752036076,
37.4378786572596),.UNSPECIFIED.);
#399=B_SPLINE_CURVE_WITH_KNOTS('',3,(#3668,#3669,#3670,#3671,#3672,#3673,
#3674),.UNSPECIFIED.,.F.,.F.,(4,1,1,1,4),(34.5575191894877,35.0582726536636,
36.0420761073156,37.0258795609676,37.9603450288951),.UNSPECIFIED.);
#400=B_SPLINE_CURVE_WITH_KNOTS('',3,(#3679,#3680,#3681,#3682,#3683,#3684,
#3685,#3686,#3687,#3688,#3689),.UNSPECIFIED.,.F.,.F.,(4,1,1,1,1,1,1,1,4),
(28.2743338823081,28.5836475743917,29.5674510280436,30.5512544816956,31.5350579353476,
32.5188613889996,33.5026648426516,34.4864682963036,34.5575191894877),
 .UNSPECIFIED.);
#401=B_SPLINE_CURVE_WITH_KNOTS('',3,(#3690,#3691,#3692,#3693,#3694,#3695,
#3696,#3697,#3698,#3699),.UNSPECIFIED.,.F.,.F.,(4,1,1,1,1,1,1,4),(28.2743338823081,
29.1554519317516,30.1392553854036,31.1230588390556,32.1068622927076,33.0906657463596,
34.0744692000116,34.5575191894877),.UNSPECIFIED.);
#402=B_SPLINE_CURVE_WITH_KNOTS('',3,(#3704,#3705,#3706,#3707,#3708,#3709,
#3710,#3711,#3712,#3713),.UNSPECIFIED.,.F.,.F.,(4,1,1,1,1,1,1,4),(21.9911485751285,
22.6808268524797,23.6646303061317,24.6484337597837,25.6322372134357,26.6160406670877,
27.5998441207397,28.2743338823081),.UNSPECIFIED.);
#403=B_SPLINE_CURVE_WITH_KNOTS('',3,(#3714,#3715,#3716,#3717,#3718,#3719,
#3720,#3721,#3722,#3723,#3724),.UNSPECIFIED.,.F.,.F.,(4,1,1,1,1,1,1,1,4),
(21.9911485751286,22.2688277561877,23.2526312098397,24.2364346634916,25.2202381171436,
26.2040415707956,27.1878450244476,28.1716484780996,28.2743338823081),
 .UNSPECIFIED.);
#404=B_SPLINE_CURVE_WITH_KNOTS('',3,(#3730,#3731,#3732,#3733,#3734),
 .UNSPECIFIED.,.F.,.F.,(4,1,4),(14.3984001269717,15.3822035806237,15.707963267949),
 .UNSPECIFIED.);
#405=B_SPLINE_CURVE_WITH_KNOTS('',3,(#3737,#3738,#3739,#3740,#3741),
 .UNSPECIFIED.,.F.,.F.,(4,1,4),(13.8759337553362,14.8103992232637,15.707963267949),
 .UNSPECIFIED.);
#406=B_SPLINE_CURVE_WITH_KNOTS('',3,(#3747,#3748,#3749,#3750,#3751,#3752),
 .UNSPECIFIED.,.F.,.F.,(4,1,1,4),(600.044196835651,600.95694939612,601.940752849772,
602.924556303424),.UNSPECIFIED.);
#407=B_SPLINE_CURVE_WITH_KNOTS('',3,(#3755,#3756,#3757,#3758,#3759,#3760,
#3761),.UNSPECIFIED.,.F.,.F.,(4,1,1,1,4),(600.044196835651,600.544950299828,
601.52875375348,602.512557207132,603.44702267506),.UNSPECIFIED.);
#408=B_SPLINE_CURVE_WITH_KNOTS('',3,(#3766,#3767,#3768,#3769,#3770,#3771,
#3772,#3773,#3774,#3775,#3776),.UNSPECIFIED.,.F.,.F.,(4,1,1,1,1,1,1,1,4),
(593.761011528471,594.070325220556,595.054128674208,596.03793212786,597.021735581512,
598.005539035164,598.989342488816,599.973145942468,600.044196835651),
 .UNSPECIFIED.);
#409=B_SPLINE_CURVE_WITH_KNOTS('',3,(#3777,#3778,#3779,#3780,#3781,#3782,
#3783,#3784,#3785,#3786),.UNSPECIFIED.,.F.,.F.,(4,1,1,1,1,1,1,4),(593.761011528471,
594.642129577916,595.625933031568,596.60973648522,597.593539938872,598.577343392524,
599.561146846176,600.044196835651),.UNSPECIFIED.);
#410=B_SPLINE_CURVE_WITH_KNOTS('',3,(#3791,#3792,#3793,#3794,#3795,#3796,
#3797,#3798,#3799,#3800),.UNSPECIFIED.,.F.,.F.,(4,1,1,1,1,1,1,4),(587.477826221291,
588.167504498644,589.151307952296,590.135111405948,591.1189148596,592.102718313252,
593.086521766904,593.761011528471),.UNSPECIFIED.);
#411=B_SPLINE_CURVE_WITH_KNOTS('',3,(#3801,#3802,#3803,#3804,#3805,#3806,
#3807,#3808,#3809,#3810,#3811),.UNSPECIFIED.,.F.,.F.,(4,1,1,1,1,1,1,1,4),
(587.477826221291,587.755505402352,588.739308856004,589.723112309656,590.706915763308,
591.69071921696,592.674522670612,593.658326124264,593.761011528471),
 .UNSPECIFIED.);
#412=B_SPLINE_CURVE_WITH_KNOTS('',3,(#3817,#3818,#3819,#3820,#3821,#3822,
#3823),.UNSPECIFIED.,.F.,.F.,(4,3,4),(579.885077773136,580.868881226788,
581.194640914112),.UNSPECIFIED.);
#413=B_SPLINE_CURVE_WITH_KNOTS('',3,(#3826,#3827,#3828,#3829,#3830,#3831,
#3832),.UNSPECIFIED.,.F.,.F.,(4,3,4),(579.362611401501,580.297076869428,
581.194640914112),.UNSPECIFIED.);
#414=B_SPLINE_CURVE_WITH_KNOTS('',3,(#3838,#3839,#3840,#3841,#3842,#3843),
 .UNSPECIFIED.,.F.,.F.,(4,1,1,4),(34.5575191894877,35.4702717499558,36.4540752036078,
37.4378786572598),.UNSPECIFIED.);
#415=B_SPLINE_CURVE_WITH_KNOTS('',3,(#3846,#3847,#3848,#3849,#3850,#3851,
#3852),.UNSPECIFIED.,.F.,.F.,(4,1,1,1,4),(34.5575191894877,35.0582726536637,
36.0420761073157,37.0258795609677,37.9603450288953),.UNSPECIFIED.);
#416=B_SPLINE_CURVE_WITH_KNOTS('',3,(#3857,#3858,#3859,#3860,#3861,#3862,
#3863,#3864,#3865,#3866,#3867),.UNSPECIFIED.,.F.,.F.,(4,1,1,1,1,1,1,1,4),
(28.2743338823081,28.5836475743918,29.5674510280438,30.5512544816958,31.5350579353478,
32.5188613889998,33.5026648426518,34.4864682963038,34.5575191894877),
 .UNSPECIFIED.);
#417=B_SPLINE_CURVE_WITH_KNOTS('',3,(#3868,#3869,#3870,#3871,#3872,#3873,
#3874,#3875,#3876,#3877),.UNSPECIFIED.,.F.,.F.,(4,1,1,1,1,1,1,4),(28.2743338823081,
29.1554519317517,30.1392553854038,31.1230588390557,32.1068622927077,33.0906657463597,
34.0744692000117,34.5575191894877),.UNSPECIFIED.);
#418=B_SPLINE_CURVE_WITH_KNOTS('',3,(#3882,#3883,#3884,#3885,#3886,#3887,
#3888,#3889,#3890,#3891),.UNSPECIFIED.,.F.,.F.,(4,1,1,1,1,1,1,4),(21.9911485751285,
22.6808268524798,23.6646303061318,24.6484337597838,25.6322372134358,26.6160406670878,
27.5998441207398,28.2743338823081),.UNSPECIFIED.);
#419=B_SPLINE_CURVE_WITH_KNOTS('',3,(#3892,#3893,#3894,#3895,#3896,#3897,
#3898,#3899,#3900,#3901,#3902),.UNSPECIFIED.,.F.,.F.,(4,1,1,1,1,1,1,1,4),
(21.9911485751286,22.2688277561878,23.2526312098398,24.2364346634917,25.2202381171438,
26.2040415707958,27.1878450244477,28.1716484780997,28.2743338823081),
 .UNSPECIFIED.);
#420=B_SPLINE_CURVE_WITH_KNOTS('',3,(#3908,#3909,#3910,#3911,#3912),
 .UNSPECIFIED.,.F.,.F.,(4,1,4),(14.3984001269718,15.3822035806238,15.707963267949),
 .UNSPECIFIED.);
#421=B_SPLINE_CURVE_WITH_KNOTS('',3,(#3915,#3916,#3917,#3918,#3919),
 .UNSPECIFIED.,.F.,.F.,(4,1,4),(13.8759337553363,14.8103992232638,15.707963267949),
 .UNSPECIFIED.);
#422=B_SPLINE_CURVE_WITH_KNOTS('',3,(#3925,#3926,#3927,#3928,#3929,#3930),
 .UNSPECIFIED.,.F.,.F.,(4,1,1,4),(600.044196835651,600.95694939612,601.940752849772,
602.924556303424),.UNSPECIFIED.);
#423=B_SPLINE_CURVE_WITH_KNOTS('',3,(#3933,#3934,#3935,#3936,#3937,#3938,
#3939),.UNSPECIFIED.,.F.,.F.,(4,1,1,1,4),(600.044196835651,600.544950299828,
601.52875375348,602.512557207132,603.44702267506),.UNSPECIFIED.);
#424=B_SPLINE_CURVE_WITH_KNOTS('',3,(#3944,#3945,#3946,#3947,#3948,#3949,
#3950,#3951,#3952,#3953,#3954),.UNSPECIFIED.,.F.,.F.,(4,1,1,1,1,1,1,1,4),
(593.761011528471,594.070325220556,595.054128674208,596.03793212786,597.021735581512,
598.005539035164,598.989342488816,599.973145942468,600.044196835651),
 .UNSPECIFIED.);
#425=B_SPLINE_CURVE_WITH_KNOTS('',3,(#3955,#3956,#3957,#3958,#3959,#3960,
#3961,#3962,#3963,#3964),.UNSPECIFIED.,.F.,.F.,(4,1,1,1,1,1,1,4),(593.761011528471,
594.642129577916,595.625933031568,596.60973648522,597.593539938872,598.577343392524,
599.561146846176,600.044196835651),.UNSPECIFIED.);
#426=B_SPLINE_CURVE_WITH_KNOTS('',3,(#3969,#3970,#3971,#3972,#3973,#3974,
#3975,#3976,#3977,#3978),.UNSPECIFIED.,.F.,.F.,(4,1,1,1,1,1,1,4),(587.477826221291,
588.167504498644,589.151307952296,590.135111405948,591.1189148596,592.102718313252,
593.086521766904,593.761011528471),.UNSPECIFIED.);
#427=B_SPLINE_CURVE_WITH_KNOTS('',3,(#3979,#3980,#3981,#3982,#3983,#3984,
#3985,#3986,#3987,#3988,#3989),.UNSPECIFIED.,.F.,.F.,(4,1,1,1,1,1,1,1,4),
(587.477826221291,587.755505402352,588.739308856004,589.723112309656,590.706915763308,
591.69071921696,592.674522670612,593.658326124264,593.761011528471),
 .UNSPECIFIED.);
#428=B_SPLINE_CURVE_WITH_KNOTS('',3,(#3995,#3996,#3997,#3998,#3999,#4000,
#4001),.UNSPECIFIED.,.F.,.F.,(4,3,4),(579.885077773136,580.868881226788,
581.194640914112),.UNSPECIFIED.);
#429=B_SPLINE_CURVE_WITH_KNOTS('',3,(#4004,#4005,#4006,#4007,#4008,#4009,
#4010),.UNSPECIFIED.,.F.,.F.,(4,3,4),(579.362611401501,580.297076869428,
581.194640914112),.UNSPECIFIED.);
#430=B_SPLINE_CURVE_WITH_KNOTS('',3,(#4017,#4018,#4019,#4020),
 .UNSPECIFIED.,.F.,.F.,(4,4),(-23.5619449019233,-22.6985303271798),
 .UNSPECIFIED.);
#431=B_SPLINE_CURVE_WITH_KNOTS('',3,(#4026,#4027,#4028,#4029,#4030,#4031,
#4032,#4033,#4034,#4035,#4036,#4037,#4038,#4039,#4040,#4041,#4042,#4043,
#4044),.UNSPECIFIED.,.F.,.F.,(4,3,3,3,3,3,4),(20.1591190625158,20.6598725266919,
21.6436759803439,22.6274794339959,23.6112828876479,24.5950863412999,25.5788897949518),
 .UNSPECIFIED.);
#432=B_SPLINE_CURVE_WITH_KNOTS('',3,(#4046,#4047,#4048,#4049,#4050,#4051,
#4052,#4053,#4054,#4055,#4056,#4057,#4058,#4059,#4060,#4061,#4062,#4063,
#4064,#4065,#4066,#4067,#4068,#4069,#4070),.UNSPECIFIED.,.F.,.F.,(4,3,3,
3,3,3,3,3,4),(-22.6985303271798,-22.6274794339959,-21.6436759803439,-20.6598725266919,
-19.6760690730399,-18.6922656193879,-17.7084621657359,-16.7246587120839,
-16.4153450200002),.UNSPECIFIED.);
#433=B_SPLINE_CURVE_WITH_KNOTS('',3,(#4075,#4076,#4077,#4078,#4079,#4080,
#4081,#4082,#4083,#4084,#4085,#4086,#4087,#4088,#4089,#4090,#4091,#4092,
#4093,#4094,#4095,#4096),.UNSPECIFIED.,.F.,.F.,(4,3,3,3,3,3,3,4),(13.8759337553362,
14.7570518047799,15.7408552584319,16.7246587120839,17.7084621657359,18.6922656193879,
19.6760690730399,20.1591190625158),.UNSPECIFIED.);
#434=B_SPLINE_CURVE_WITH_KNOTS('',3,(#4097,#4098,#4099,#4100,#4101,#4102,
#4103,#4104,#4105,#4106,#4107,#4108,#4109,#4110,#4111,#4112,#4113,#4114,
#4115,#4116,#4117,#4118),.UNSPECIFIED.,.F.,.F.,(4,3,3,3,3,3,3,4),(-16.4153450200002,
-15.7408552584319,-14.7570518047799,-13.7732483511279,-12.7894448974759,
-11.8056414438239,-10.8218379901719,-10.1321597128206),.UNSPECIFIED.);
#435=B_SPLINE_CURVE_WITH_KNOTS('',3,(#4124,#4125,#4126,#4127,#4128,#4129,
#4130,#4131,#4132,#4133,#4134,#4135,#4136),.UNSPECIFIED.,.F.,.F.,(4,3,3,
3,4),(-3.848974405641,-2.95141036095598,-1.96760690730399,-0.983803453651994,
0.),.UNSPECIFIED.);
#436=B_SPLINE_CURVE_WITH_KNOTS('',3,(#4139,#4140,#4141,#4142,#4143,#4144,
#4145,#4146,#4147,#4148,#4149,#4150,#4151,#4152,#4153,#4154,#4155,#4156,
#4157),.UNSPECIFIED.,.F.,.F.,(4,3,3,3,3,3,4),(2.01694489302841,2.95141036095599,
3.93521381460798,4.91901726825998,5.90282072191197,6.88662417556397,7.59274844815664),
 .UNSPECIFIED.);
#437=B_SPLINE_CURVE_WITH_KNOTS('',3,(#4164,#4165,#4166,#4167),
 .UNSPECIFIED.,.F.,.F.,(4,4),(-852.942405449629,-852.078990874885),
 .UNSPECIFIED.);
#438=B_SPLINE_CURVE_WITH_KNOTS('',3,(#4173,#4174,#4175,#4176,#4177,#4178,
#4179,#4180,#4181,#4182,#4183,#4184,#4185,#4186,#4187,#4188,#4189,#4190,
#4191),.UNSPECIFIED.,.F.,.F.,(4,3,3,3,3,3,4),(849.539579610221,850.040333074397,
851.024136528049,852.007939981701,852.991743435353,853.975546889005,854.959350342657),
 .UNSPECIFIED.);
#439=B_SPLINE_CURVE_WITH_KNOTS('',3,(#4193,#4194,#4195,#4196,#4197,#4198,
#4199,#4200,#4201,#4202,#4203,#4204,#4205,#4206,#4207,#4208,#4209,#4210,
#4211,#4212,#4213,#4214,#4215,#4216,#4217),.UNSPECIFIED.,.F.,.F.,(4,3,3,
3,3,3,3,3,4),(-852.078990874885,-852.007939981701,-851.024136528049,-850.040333074397,
-849.056529620745,-848.072726167093,-847.088922713441,-846.105119259789,
-845.795805567705),.UNSPECIFIED.);
#440=B_SPLINE_CURVE_WITH_KNOTS('',3,(#4222,#4223,#4224,#4225,#4226,#4227,
#4228,#4229,#4230,#4231,#4232,#4233,#4234,#4235,#4236,#4237,#4238,#4239,
#4240,#4241,#4242,#4243),.UNSPECIFIED.,.F.,.F.,(4,3,3,3,3,3,3,4),(843.256394303042,
844.137512352485,845.121315806137,846.105119259789,847.088922713441,848.072726167093,
849.056529620745,849.539579610221),.UNSPECIFIED.);
#441=B_SPLINE_CURVE_WITH_KNOTS('',3,(#4244,#4245,#4246,#4247,#4248,#4249,
#4250,#4251,#4252,#4253,#4254,#4255,#4256,#4257,#4258,#4259,#4260,#4261,
#4262,#4263,#4264,#4265),.UNSPECIFIED.,.F.,.F.,(4,3,3,3,3,3,3,4),(-845.795805567705,
-845.121315806137,-844.137512352485,-843.153708898833,-842.169905445181,
-841.186101991529,-840.202298537877,-839.512620260526),.UNSPECIFIED.);
#442=B_SPLINE_CURVE_WITH_KNOTS('',3,(#4271,#4272,#4273,#4274,#4275,#4276,
#4277,#4278,#4279,#4280,#4281,#4282,#4283),.UNSPECIFIED.,.F.,.F.,(4,3,3,
3,4),(-833.229434953346,-832.331870908661,-831.348067455009,-830.364264001357,
-829.380460547705),.UNSPECIFIED.);
#443=B_SPLINE_CURVE_WITH_KNOTS('',3,(#4286,#4287,#4288,#4289,#4290,#4291,
#4292,#4293,#4294,#4295,#4296,#4297,#4298,#4299,#4300,#4301,#4302,#4303,
#4304),.UNSPECIFIED.,.F.,.F.,(4,3,3,3,3,3,4),(831.397405440734,832.331870908661,
833.315674362313,834.299477815965,835.283281269617,836.267084723269,836.973208995862),
 .UNSPECIFIED.);
#444=B_SPLINE_CURVE_WITH_KNOTS('',3,(#4311,#4312,#4313,#4314),
 .UNSPECIFIED.,.F.,.F.,(4,4),(-23.5619449019234,-22.6985303271798),
 .UNSPECIFIED.);
#445=B_SPLINE_CURVE_WITH_KNOTS('',3,(#4320,#4321,#4322,#4323,#4324,#4325,
#4326,#4327,#4328,#4329,#4330,#4331,#4332,#4333,#4334,#4335,#4336,#4337,
#4338),.UNSPECIFIED.,.F.,.F.,(4,3,3,3,3,3,4),(20.1591190625158,20.6598725266919,
21.6436759803439,22.6274794339959,23.6112828876479,24.5950863412999,25.5788897949518),
 .UNSPECIFIED.);
#446=B_SPLINE_CURVE_WITH_KNOTS('',3,(#4340,#4341,#4342,#4343,#4344,#4345,
#4346,#4347,#4348,#4349,#4350,#4351,#4352,#4353,#4354,#4355,#4356,#4357,
#4358,#4359,#4360,#4361,#4362,#4363,#4364),.UNSPECIFIED.,.F.,.F.,(4,3,3,
3,3,3,3,3,4),(-22.6985303271798,-22.6274794339959,-21.6436759803439,-20.6598725266919,
-19.6760690730399,-18.6922656193879,-17.7084621657359,-16.7246587120839,
-16.4153450200002),.UNSPECIFIED.);
#447=B_SPLINE_CURVE_WITH_KNOTS('',3,(#4369,#4370,#4371,#4372,#4373,#4374,
#4375,#4376,#4377,#4378,#4379,#4380,#4381,#4382,#4383,#4384,#4385,#4386,
#4387,#4388,#4389,#4390),.UNSPECIFIED.,.F.,.F.,(4,3,3,3,3,3,3,4),(13.8759337553361,
14.7570518047799,15.7408552584319,16.7246587120839,17.7084621657359,18.6922656193879,
19.6760690730399,20.1591190625158),.UNSPECIFIED.);
#448=B_SPLINE_CURVE_WITH_KNOTS('',3,(#4391,#4392,#4393,#4394,#4395,#4396,
#4397,#4398,#4399,#4400,#4401,#4402,#4403,#4404,#4405,#4406,#4407,#4408,
#4409,#4410,#4411,#4412),.UNSPECIFIED.,.F.,.F.,(4,3,3,3,3,3,3,4),(-16.4153450200002,
-15.7408552584319,-14.7570518047799,-13.7732483511279,-12.7894448974759,
-11.805641443824,-10.821837990172,-10.1321597128206),.UNSPECIFIED.);
#449=B_SPLINE_CURVE_WITH_KNOTS('',3,(#4418,#4419,#4420,#4421,#4422,#4423,
#4424,#4425,#4426,#4427,#4428,#4429,#4430),.UNSPECIFIED.,.F.,.F.,(4,3,3,
3,4),(-3.848974405641,-2.95141036095599,-1.96760690730399,-0.983803453651996,
0.),.UNSPECIFIED.);
#450=B_SPLINE_CURVE_WITH_KNOTS('',3,(#4433,#4434,#4435,#4436,#4437,#4438,
#4439,#4440,#4441,#4442,#4443,#4444,#4445,#4446,#4447,#4448,#4449,#4450,
#4451),.UNSPECIFIED.,.F.,.F.,(4,3,3,3,3,3,4),(2.01694489302841,2.95141036095599,
3.93521381460798,4.91901726825998,5.90282072191197,6.88662417556397,7.59274844815659),
 .UNSPECIFIED.);
#451=B_SPLINE_CURVE_WITH_KNOTS('',3,(#4458,#4459,#4460,#4461),
 .UNSPECIFIED.,.F.,.F.,(4,4),(-852.942405449629,-852.078990874885),
 .UNSPECIFIED.);
#452=B_SPLINE_CURVE_WITH_KNOTS('',3,(#4467,#4468,#4469,#4470,#4471,#4472,
#4473,#4474,#4475,#4476,#4477,#4478,#4479,#4480,#4481,#4482,#4483,#4484,
#4485),.UNSPECIFIED.,.F.,.F.,(4,3,3,3,3,3,4),(849.539579610221,850.040333074397,
851.024136528049,852.007939981701,852.991743435353,853.975546889005,854.959350342657),
 .UNSPECIFIED.);
#453=B_SPLINE_CURVE_WITH_KNOTS('',3,(#4487,#4488,#4489,#4490,#4491,#4492,
#4493,#4494,#4495,#4496,#4497,#4498,#4499,#4500,#4501,#4502,#4503,#4504,
#4505,#4506,#4507,#4508,#4509,#4510,#4511),.UNSPECIFIED.,.F.,.F.,(4,3,3,
3,3,3,3,3,4),(-852.078990874885,-852.007939981701,-851.024136528049,-850.040333074397,
-849.056529620745,-848.072726167093,-847.088922713441,-846.105119259789,
-845.795805567705),.UNSPECIFIED.);
#454=B_SPLINE_CURVE_WITH_KNOTS('',3,(#4516,#4517,#4518,#4519,#4520,#4521,
#4522,#4523,#4524,#4525,#4526,#4527,#4528,#4529,#4530,#4531,#4532,#4533,
#4534,#4535,#4536,#4537),.UNSPECIFIED.,.F.,.F.,(4,3,3,3,3,3,3,4),(843.256394303042,
844.137512352485,845.121315806137,846.105119259789,847.088922713441,848.072726167093,
849.056529620745,849.539579610221),.UNSPECIFIED.);
#455=B_SPLINE_CURVE_WITH_KNOTS('',3,(#4538,#4539,#4540,#4541,#4542,#4543,
#4544,#4545,#4546,#4547,#4548,#4549,#4550,#4551,#4552,#4553,#4554,#4555,
#4556,#4557,#4558,#4559),.UNSPECIFIED.,.F.,.F.,(4,3,3,3,3,3,3,4),(-845.795805567705,
-845.121315806137,-844.137512352485,-843.153708898833,-842.169905445181,
-841.186101991529,-840.202298537877,-839.512620260526),.UNSPECIFIED.);
#456=B_SPLINE_CURVE_WITH_KNOTS('',3,(#4565,#4566,#4567,#4568,#4569,#4570,
#4571,#4572,#4573,#4574,#4575,#4576,#4577),.UNSPECIFIED.,.F.,.F.,(4,3,3,
3,4),(-833.229434953346,-832.331870908661,-831.348067455009,-830.364264001357,
-829.380460547705),.UNSPECIFIED.);
#457=B_SPLINE_CURVE_WITH_KNOTS('',3,(#4580,#4581,#4582,#4583,#4584,#4585,
#4586,#4587,#4588,#4589,#4590,#4591,#4592,#4593,#4594,#4595,#4596,#4597,
#4598),.UNSPECIFIED.,.F.,.F.,(4,3,3,3,3,3,4),(831.397405440734,832.331870908661,
833.315674362314,834.299477815965,835.283281269617,836.267084723269,836.973208995862),
 .UNSPECIFIED.);
#458=B_SPLINE_CURVE_WITH_KNOTS('',3,(#4604,#4605,#4606,#4607,#4608,#4609),
 .UNSPECIFIED.,.F.,.F.,(4,1,1,4),(34.5575191894877,35.4702717499558,36.4540752036078,
37.4378786572598),.UNSPECIFIED.);
#459=B_SPLINE_CURVE_WITH_KNOTS('',3,(#4612,#4613,#4614,#4615,#4616,#4617,
#4618),.UNSPECIFIED.,.F.,.F.,(4,1,1,1,4),(34.5575191894877,35.0582726536638,
36.0420761073158,37.0258795609678,37.9603450288953),.UNSPECIFIED.);
#460=B_SPLINE_CURVE_WITH_KNOTS('',3,(#4623,#4624,#4625,#4626,#4627,#4628,
#4629,#4630,#4631,#4632,#4633),.UNSPECIFIED.,.F.,.F.,(4,1,1,1,1,1,1,1,4),
(28.2743338823081,28.5836475743919,29.5674510280439,30.5512544816959,31.5350579353479,
32.5188613889998,33.5026648426518,34.4864682963038,34.5575191894877),
 .UNSPECIFIED.);
#461=B_SPLINE_CURVE_WITH_KNOTS('',3,(#4634,#4635,#4636,#4637,#4638,#4639,
#4640,#4641,#4642,#4643),.UNSPECIFIED.,.F.,.F.,(4,1,1,1,1,1,1,4),(28.2743338823081,
29.1554519317519,30.1392553854039,31.1230588390559,32.1068622927079,33.0906657463599,
34.0744692000118,34.5575191894877),.UNSPECIFIED.);
#462=B_SPLINE_CURVE_WITH_KNOTS('',3,(#4648,#4649,#4650,#4651,#4652,#4653,
#4654,#4655,#4656,#4657),.UNSPECIFIED.,.F.,.F.,(4,1,1,1,1,1,1,4),(21.9911485751285,
22.6808268524799,23.6646303061319,24.6484337597839,25.6322372134359,26.6160406670879,
27.5998441207399,28.2743338823081),.UNSPECIFIED.);
#463=B_SPLINE_CURVE_WITH_KNOTS('',3,(#4658,#4659,#4660,#4661,#4662,#4663,
#4664,#4665,#4666,#4667,#4668),.UNSPECIFIED.,.F.,.F.,(4,1,1,1,1,1,1,1,4),
(21.9911485751286,22.2688277561879,23.2526312098399,24.2364346634919,25.2202381171439,
26.2040415707959,27.1878450244479,28.1716484780999,28.2743338823081),
 .UNSPECIFIED.);
#464=B_SPLINE_CURVE_WITH_KNOTS('',3,(#4674,#4675,#4676,#4677,#4678),
 .UNSPECIFIED.,.F.,.F.,(4,1,4),(14.3984001269719,15.3822035806239,15.707963267949),
 .UNSPECIFIED.);
#465=B_SPLINE_CURVE_WITH_KNOTS('',3,(#4681,#4682,#4683,#4684,#4685),
 .UNSPECIFIED.,.F.,.F.,(4,1,4),(13.8759337553364,14.8103992232639,15.707963267949),
 .UNSPECIFIED.);
#466=B_SPLINE_CURVE_WITH_KNOTS('',3,(#4691,#4692,#4693,#4694,#4695,#4696),
 .UNSPECIFIED.,.F.,.F.,(4,1,1,4),(863.937979737193,864.850732297664,865.834535751316,
866.818339204968),.UNSPECIFIED.);
#467=B_SPLINE_CURVE_WITH_KNOTS('',3,(#4699,#4700,#4701,#4702,#4703,#4704,
#4705,#4706,#4707,#4708,#4709,#4710,#4711),.UNSPECIFIED.,.F.,.F.,(4,3,3,
3,4),(863.937979737193,864.438733201372,865.422536655024,866.406340108676,
867.340805576603),.UNSPECIFIED.);
#468=B_SPLINE_CURVE_WITH_KNOTS('',3,(#4716,#4717,#4718,#4719,#4720,#4721,
#4722,#4723,#4724,#4725,#4726),.UNSPECIFIED.,.F.,.F.,(4,1,1,1,1,1,1,1,4),
(857.654794430013,857.9641081221,858.947911575752,859.931715029404,860.915518483056,
861.899321936708,862.88312539036,863.866928844012,863.937979737193),
 .UNSPECIFIED.);
#469=B_SPLINE_CURVE_WITH_KNOTS('',3,(#4727,#4728,#4729,#4730,#4731,#4732,
#4733,#4734,#4735,#4736,#4737,#4738,#4739,#4740,#4741,#4742,#4743,#4744,
#4745,#4746,#4747,#4748),.UNSPECIFIED.,.F.,.F.,(4,3,3,3,3,3,3,4),(857.654794430013,
858.53591247946,859.519715933112,860.503519386764,861.487322840416,862.471126294068,
863.45492974772,863.937979737193),.UNSPECIFIED.);
#470=B_SPLINE_CURVE_WITH_KNOTS('',3,(#4753,#4754,#4755,#4756,#4757,#4758,
#4759,#4760,#4761,#4762),.UNSPECIFIED.,.F.,.F.,(4,1,1,1,1,1,1,4),(851.371609122834,
852.061287400188,853.04509085384,854.028894307492,855.012697761144,855.996501214796,
856.980304668448,857.654794430013),.UNSPECIFIED.);
#471=B_SPLINE_CURVE_WITH_KNOTS('',3,(#4763,#4764,#4765,#4766,#4767,#4768,
#4769,#4770,#4771,#4772,#4773),.UNSPECIFIED.,.F.,.F.,(4,1,1,1,1,1,1,1,4),
(851.371609122834,851.649288303896,852.633091757548,853.6168952112,854.600698664852,
855.584502118504,856.568305572156,857.552109025808,857.654794430013),
 .UNSPECIFIED.);
#472=B_SPLINE_CURVE_WITH_KNOTS('',3,(#4779,#4780,#4781,#4782,#4783,#4784,
#4785),.UNSPECIFIED.,.F.,.F.,(4,3,4),(843.77886067468,844.762664128332,
845.088423815654),.UNSPECIFIED.);
#473=B_SPLINE_CURVE_WITH_KNOTS('',3,(#4788,#4789,#4790,#4791,#4792),
 .UNSPECIFIED.,.F.,.F.,(4,1,4),(843.256394303044,844.190859770972,845.088423815654),
 .UNSPECIFIED.);
#474=B_SPLINE_CURVE_WITH_KNOTS('',3,(#4798,#4799,#4800,#4801,#4802,#4803),
 .UNSPECIFIED.,.F.,.F.,(4,1,1,4),(34.5575191894877,35.4702717499583,36.4540752036103,
37.4378786572623),.UNSPECIFIED.);
#475=B_SPLINE_CURVE_WITH_KNOTS('',3,(#4806,#4807,#4808,#4809,#4810,#4811,
#4812),.UNSPECIFIED.,.F.,.F.,(4,1,1,1,4),(34.5575191894877,35.0582726536663,
36.0420761073183,37.0258795609703,37.9603450288978),.UNSPECIFIED.);
#476=B_SPLINE_CURVE_WITH_KNOTS('',3,(#4817,#4818,#4819,#4820,#4821,#4822,
#4823,#4824,#4825,#4826,#4827),.UNSPECIFIED.,.F.,.F.,(4,1,1,1,1,1,1,1,4),
(28.2743338823081,28.5836475743943,29.5674510280463,30.5512544816983,31.5350579353503,
32.5188613890023,33.5026648426543,34.4864682963063,34.5575191894877),
 .UNSPECIFIED.);
#477=B_SPLINE_CURVE_WITH_KNOTS('',3,(#4828,#4829,#4830,#4831,#4832,#4833,
#4834,#4835,#4836,#4837),.UNSPECIFIED.,.F.,.F.,(4,1,1,1,1,1,1,4),(28.2743338823081,
29.1554519317543,30.1392553854063,31.1230588390583,32.1068622927103,33.0906657463623,
34.0744692000143,34.5575191894877),.UNSPECIFIED.);
#478=B_SPLINE_CURVE_WITH_KNOTS('',3,(#4842,#4843,#4844,#4845,#4846,#4847,
#4848,#4849,#4850,#4851),.UNSPECIFIED.,.F.,.F.,(4,1,1,1,1,1,1,4),(21.9911485751285,
22.6808268524823,23.6646303061343,24.6484337597863,25.6322372134383,26.6160406670903,
27.5998441207423,28.2743338823081),.UNSPECIFIED.);
#479=B_SPLINE_CURVE_WITH_KNOTS('',3,(#4852,#4853,#4854,#4855,#4856,#4857,
#4858,#4859,#4860,#4861,#4862),.UNSPECIFIED.,.F.,.F.,(4,1,1,1,1,1,1,1,4),
(21.9911485751285,22.2688277561903,23.2526312098423,24.2364346634943,25.2202381171463,
26.2040415707983,27.1878450244503,28.1716484781023,28.2743338823081),
 .UNSPECIFIED.);
#480=B_SPLINE_CURVE_WITH_KNOTS('',3,(#4868,#4869,#4870,#4871,#4872),
 .UNSPECIFIED.,.F.,.F.,(4,1,4),(14.3984001269744,15.3822035806264,15.707963267949),
 .UNSPECIFIED.);
#481=B_SPLINE_CURVE_WITH_KNOTS('',3,(#4875,#4876,#4877,#4878,#4879),
 .UNSPECIFIED.,.F.,.F.,(4,1,4),(13.8759337553389,14.8103992232664,15.707963267949),
 .UNSPECIFIED.);
#482=B_SPLINE_CURVE_WITH_KNOTS('',3,(#4885,#4886,#4887,#4888,#4889,#4890),
 .UNSPECIFIED.,.F.,.F.,(4,1,1,4),(863.937979737193,864.850732297664,865.834535751316,
866.818339204968),.UNSPECIFIED.);
#483=B_SPLINE_CURVE_WITH_KNOTS('',3,(#4893,#4894,#4895,#4896,#4897,#4898,
#4899),.UNSPECIFIED.,.F.,.F.,(4,1,1,1,4),(863.937979737193,864.438733201372,
865.422536655024,866.406340108676,867.340805576603),.UNSPECIFIED.);
#484=B_SPLINE_CURVE_WITH_KNOTS('',3,(#4904,#4905,#4906,#4907,#4908,#4909,
#4910,#4911,#4912,#4913,#4914),.UNSPECIFIED.,.F.,.F.,(4,1,1,1,1,1,1,1,4),
(857.654794430013,857.9641081221,858.947911575752,859.931715029404,860.915518483056,
861.899321936708,862.88312539036,863.866928844012,863.937979737193),
 .UNSPECIFIED.);
#485=B_SPLINE_CURVE_WITH_KNOTS('',3,(#4915,#4916,#4917,#4918,#4919,#4920,
#4921,#4922,#4923,#4924),.UNSPECIFIED.,.F.,.F.,(4,1,1,1,1,1,1,4),(857.654794430013,
858.53591247946,859.519715933112,860.503519386764,861.487322840416,862.471126294068,
863.45492974772,863.937979737193),.UNSPECIFIED.);
#486=B_SPLINE_CURVE_WITH_KNOTS('',3,(#4929,#4930,#4931,#4932,#4933,#4934,
#4935,#4936,#4937,#4938),.UNSPECIFIED.,.F.,.F.,(4,1,1,1,1,1,1,4),(851.371609122834,
852.061287400188,853.04509085384,854.028894307492,855.012697761144,855.996501214796,
856.980304668448,857.654794430013),.UNSPECIFIED.);
#487=B_SPLINE_CURVE_WITH_KNOTS('',3,(#4939,#4940,#4941,#4942,#4943,#4944,
#4945,#4946,#4947,#4948,#4949),.UNSPECIFIED.,.F.,.F.,(4,1,1,1,1,1,1,1,4),
(851.371609122834,851.649288303896,852.633091757548,853.6168952112,854.600698664852,
855.584502118504,856.568305572156,857.552109025808,857.654794430013),
 .UNSPECIFIED.);
#488=B_SPLINE_CURVE_WITH_KNOTS('',3,(#4955,#4956,#4957,#4958,#4959,#4960,
#4961),.UNSPECIFIED.,.F.,.F.,(4,3,4),(843.77886067468,844.762664128332,
845.088423815654),.UNSPECIFIED.);
#489=B_SPLINE_CURVE_WITH_KNOTS('',3,(#4964,#4965,#4966,#4967,#4968,#4969,
#4970),.UNSPECIFIED.,.F.,.F.,(4,3,4),(843.256394303044,844.190859770972,
845.088423815654),.UNSPECIFIED.);
#490=B_SPLINE_CURVE_WITH_KNOTS('',3,(#4986,#4987,#4988,#4989,#4990,#4991,
#4992,#4993,#4994,#4995,#4996,#4997,#4998,#4999,#5000,#5001,#5002,#5003,
#5004,#5005,#5006,#5007,#5008,#5009,#5010,#5011,#5012,#5013,#5014,#5015,
#5016,#5017,#5018,#5019,#5020,#5021,#5022,#5023,#5024,#5025,#5026,#5027,
#5028,#5029,#5030,#5031,#5032,#5033,#5034,#5035,#5036,#5037,#5038,#5039,
#5040,#5041,#5042,#5043,#5044,#5045,#5046,#5047,#5048,#5049,#5050,#5051,
#5052,#5053,#5054,#5055,#5056,#5057,#5058,#5059,#5060,#5061,#5062,#5063,
#5064,#5065,#5066,#5067,#5068,#5069,#5070,#5071,#5072,#5073),
 .UNSPECIFIED.,.F.,.F.,(4,3,3,3,3,3,3,3,3,3,3,3,3,3,3,3,3,3,3,3,3,3,3,3,
3,3,3,3,3,4),(0.,0.029725006748841,0.0601059259960794,0.0890331738896112,
0.114344515796451,0.120646888982886,0.150399953981376,0.179989099485589,
0.207872801900275,0.229551845377784,0.233961133859864,0.262742521502099,
0.291523909144334,0.320459302598537,0.335222287438846,0.339878618195376,
0.3440318495038,0.372130975710684,0.40025364197052,0.427959936441157,0.437976496764028,
0.444913693190404,0.449163325801051,0.476146064000713,0.496276313011407,
0.508071550636298,0.513311121879001,0.539254552883229,0.556667060043487,
0.569248610399465),.UNSPECIFIED.);
#491=B_SPLINE_CURVE_WITH_KNOTS('',3,(#5074,#5075,#5076,#5077,#5078,#5079,
#5080,#5081,#5082,#5083,#5084,#5085,#5086,#5087,#5088,#5089,#5090,#5091,
#5092,#5093,#5094,#5095,#5096,#5097,#5098,#5099,#5100,#5101,#5102,#5103,
#5104,#5105,#5106,#5107,#5108,#5109,#5110,#5111,#5112,#5113,#5114,#5115,
#5116,#5117,#5118,#5119,#5120,#5121,#5122,#5123,#5124,#5125,#5126,#5127,
#5128,#5129,#5130,#5131,#5132,#5133,#5134,#5135,#5136,#5137,#5138,#5139,
#5140,#5141,#5142,#5143,#5144,#5145,#5146,#5147,#5148,#5149,#5150,#5151,
#5152,#5153,#5154,#5155,#5156,#5157,#5158,#5159,#5160,#5161,#5162,#5163,
#5164,#5165,#5166,#5167),.UNSPECIFIED.,.F.,.F.,(4,3,3,3,3,3,3,3,3,3,3,3,
3,3,3,3,3,3,3,3,3,3,3,3,3,3,3,3,3,3,3,4),(0.,0.0253635721151584,0.0513984813187259,
0.077844268894756,0.0899841985852728,0.096887249511368,0.102642368337688,
0.129937247506883,0.157683246755238,0.18400363054817,0.195703927885163,
0.202609783296798,0.206346441351674,0.234976394917548,0.262964781926967,
0.290831600832924,0.307136005044412,0.311293459178406,0.315698924338166,
0.345199317322986,0.374374787246275,0.403832065735218,0.415114346248789,
0.423026379289282,0.428122126594051,0.459017111999719,0.48218835105397,
0.490144754877444,0.49838670150873,0.528904281639954,0.551702068216724,
0.566847306048049),.UNSPECIFIED.);
#492=B_SPLINE_CURVE_WITH_KNOTS('',3,(#5168,#5169,#5170,#5171,#5172,#5173,
#5174,#5175,#5176,#5177,#5178,#5179,#5180,#5181,#5182,#5183,#5184,#5185,
#5186,#5187,#5188,#5189,#5190,#5191,#5192,#5193,#5194,#5195,#5196,#5197,
#5198,#5199,#5200,#5201,#5202,#5203,#5204,#5205,#5206,#5207,#5208,#5209,
#5210,#5211,#5212,#5213,#5214,#5215,#5216,#5217,#5218,#5219,#5220,#5221,
#5222,#5223,#5224,#5225,#5226,#5227,#5228,#5229,#5230,#5231,#5232,#5233,
#5234,#5235,#5236,#5237,#5238,#5239,#5240,#5241,#5242,#5243,#5244,#5245,
#5246,#5247,#5248,#5249,#5250,#5251,#5252,#5253,#5254,#5255,#5256,#5257,
#5258,#5259,#5260,#5261),.UNSPECIFIED.,.F.,.F.,(4,3,3,3,3,3,3,3,3,3,3,3,
3,3,3,3,3,3,3,3,3,3,3,3,3,3,3,3,3,3,3,4),(0.,0.0253636399447537,0.0513986108418204,
0.0778443822274633,0.0899842369357061,0.0968872446360978,0.102642369715035,
0.129937297405916,0.15768332191582,0.184003686918606,0.195703974228281,
0.20260969952685,0.206346359682188,0.234976311334403,0.262964781926964,
0.290831569988408,0.307135976127678,0.311293424440147,0.315698917279761,
0.345199311146882,0.374374763213593,0.403832037543606,0.415114284761707,
0.423026363815771,0.428122120969633,0.459017107781407,0.482188347890237,
0.490144738125814,0.498386702023111,0.52890428376444,0.551702068216728,
0.566847306048054),.UNSPECIFIED.);
#493=B_SPLINE_CURVE_WITH_KNOTS('',3,(#5262,#5263,#5264,#5265,#5266,#5267,
#5268,#5269,#5270,#5271,#5272,#5273,#5274,#5275,#5276,#5277,#5278,#5279,
#5280,#5281,#5282,#5283,#5284,#5285,#5286,#5287,#5288,#5289,#5290,#5291,
#5292,#5293,#5294,#5295,#5296,#5297,#5298,#5299,#5300,#5301,#5302,#5303,
#5304,#5305,#5306,#5307,#5308,#5309,#5310,#5311,#5312,#5313,#5314,#5315,
#5316,#5317,#5318,#5319,#5320,#5321,#5322,#5323,#5324,#5325,#5326,#5327,
#5328,#5329,#5330,#5331,#5332,#5333,#5334,#5335,#5336,#5337,#5338,#5339,
#5340,#5341,#5342,#5343,#5344,#5345,#5346,#5347,#5348,#5349),
 .UNSPECIFIED.,.F.,.F.,(4,3,3,3,3,3,3,3,3,3,3,3,3,3,3,3,3,3,3,3,3,3,3,3,
3,3,3,3,3,4),(0.,0.0297249843795312,0.0601058922510977,0.0890331443627518,
0.114344489960449,0.120646893261109,0.150399957422988,0.179989108220693,
0.207872808451602,0.229551860126304,0.233961137261566,0.262742523202948,
0.291523909144331,0.320459301376159,0.335222286292866,0.339878616709635,
0.344031848002866,0.372130973229693,0.400253638694915,0.427959936437105,
0.437976498954173,0.444913717236602,0.449163368253044,0.476146110059783,
0.496276347555704,0.508071582481308,0.513311128418031,0.539254568069453,
0.55666706004347,0.569248610399446),.UNSPECIFIED.);
#494=B_SPLINE_CURVE_WITH_KNOTS('',3,(#5378,#5379,#5380,#5381,#5382,#5383,
#5384,#5385,#5386,#5387,#5388,#5389,#5390,#5391,#5392,#5393,#5394,#5395,
#5396,#5397,#5398,#5399,#5400,#5401,#5402,#5403,#5404,#5405,#5406,#5407,
#5408,#5409,#5410,#5411,#5412,#5413,#5414,#5415,#5416,#5417,#5418,#5419,
#5420,#5421,#5422,#5423,#5424,#5425,#5426,#5427,#5428,#5429,#5430,#5431,
#5432,#5433,#5434,#5435,#5436,#5437,#5438,#5439,#5440,#5441,#5442,#5443,
#5444,#5445,#5446,#5447,#5448,#5449,#5450,#5451,#5452,#5453,#5454,#5455,
#5456,#5457,#5458,#5459,#5460,#5461,#5462,#5463,#5464,#5465),
 .UNSPECIFIED.,.F.,.F.,(4,3,3,3,3,3,3,3,3,3,3,3,3,3,3,3,3,3,3,3,3,3,3,3,
3,3,3,3,3,4),(0.,0.0297250067605964,0.0601059259751896,0.0890331738713261,
0.114344515780446,0.120646888702715,0.150399953709497,0.179989099229863,
0.207872801708468,0.229551844965831,0.233961133833251,0.262742521488767,
0.291523909144282,0.320459302648678,0.335222287485848,0.339878618812765,
0.344031850369223,0.37213097657979,0.400253642838285,0.427959937306285,
0.437976498470551,0.44491370820392,0.449163350849187,0.476146088608853,
0.496276331467487,0.508071565051151,0.513311124125387,0.5392545550996,0.556667060043389,
0.569248610399399),.UNSPECIFIED.);
#495=B_SPLINE_CURVE_WITH_KNOTS('',3,(#5466,#5467,#5468,#5469,#5470,#5471,
#5472,#5473,#5474,#5475,#5476,#5477,#5478,#5479,#5480,#5481,#5482,#5483,
#5484,#5485,#5486,#5487,#5488,#5489,#5490,#5491,#5492,#5493,#5494,#5495,
#5496,#5497,#5498,#5499,#5500,#5501,#5502,#5503,#5504,#5505,#5506,#5507,
#5508,#5509,#5510,#5511,#5512,#5513,#5514,#5515,#5516,#5517,#5518,#5519,
#5520,#5521,#5522,#5523,#5524,#5525,#5526,#5527,#5528,#5529,#5530,#5531,
#5532,#5533,#5534,#5535,#5536,#5537,#5538,#5539,#5540,#5541,#5542,#5543,
#5544,#5545,#5546,#5547,#5548,#5549,#5550,#5551,#5552,#5553,#5554,#5555,
#5556,#5557,#5558,#5559),.UNSPECIFIED.,.F.,.F.,(4,3,3,3,3,3,3,3,3,3,3,3,
3,3,3,3,3,3,3,3,3,3,3,3,3,3,3,3,3,3,3,4),(0.,0.0253635721150892,0.0513984812839372,
0.0778442688643269,0.0899841985737244,0.09688724950519,0.10264236821356,
0.129937247372319,0.157683246609896,0.184003630439186,0.195703927772758,
0.202609783404329,0.206346441926669,0.234976395493597,0.262964781927055,
0.290831600863547,0.307136005073131,0.311293459510711,0.315698924400849,
0.345199317377854,0.374374787301109,0.403832065782174,0.415114346346746,
0.423026379232614,0.428122126591921,0.459017111998164,0.482188351052846,
0.490144754885938,0.49838670134088,0.528904281470646,0.551702068216892,
0.566847306048209),.UNSPECIFIED.);
#496=B_SPLINE_CURVE_WITH_KNOTS('',3,(#5560,#5561,#5562,#5563,#5564,#5565,
#5566,#5567,#5568,#5569,#5570,#5571,#5572,#5573,#5574,#5575,#5576,#5577,
#5578,#5579,#5580,#5581,#5582,#5583,#5584,#5585,#5586,#5587,#5588,#5589,
#5590,#5591,#5592,#5593,#5594,#5595,#5596,#5597,#5598,#5599,#5600,#5601,
#5602,#5603,#5604,#5605,#5606,#5607,#5608,#5609,#5610,#5611,#5612,#5613,
#5614,#5615,#5616,#5617,#5618,#5619,#5620,#5621,#5622,#5623,#5624,#5625,
#5626,#5627,#5628,#5629,#5630,#5631,#5632,#5633,#5634,#5635,#5636,#5637,
#5638,#5639,#5640,#5641,#5642,#5643,#5644,#5645,#5646,#5647),
 .UNSPECIFIED.,.F.,.F.,(4,3,3,3,3,3,3,3,3,3,3,3,3,3,3,3,3,3,3,3,3,3,3,3,
3,3,3,3,3,4),(0.,0.0297249843911517,0.0601058922766635,0.0890331443851158,
0.114344489980012,0.120646893328438,0.150399957469743,0.17998910825808,
0.20787280847963,0.229551860180335,0.233961137417514,0.262742523280898,
0.291523909144282,0.320459301425592,0.335222286339205,0.339878617173502,
0.344031848527828,0.372130973753013,0.400253639225565,0.427959936974675,
0.437976500024962,0.44491372635722,0.449163383714084,0.476146125240296,
0.496276358941069,0.50807159135818,0.51331112981183,0.539254569448473,0.556667060043389,
0.569248610399399),.UNSPECIFIED.);
#497=B_SPLINE_CURVE_WITH_KNOTS('',3,(#5648,#5649,#5650,#5651,#5652,#5653,
#5654,#5655,#5656,#5657,#5658,#5659,#5660,#5661,#5662,#5663,#5664,#5665,
#5666,#5667,#5668,#5669,#5670,#5671,#5672,#5673,#5674,#5675,#5676,#5677,
#5678,#5679,#5680,#5681,#5682,#5683,#5684,#5685,#5686,#5687,#5688,#5689,
#5690,#5691,#5692,#5693,#5694,#5695,#5696,#5697,#5698,#5699,#5700,#5701,
#5702,#5703,#5704,#5705,#5706,#5707,#5708,#5709,#5710,#5711,#5712,#5713,
#5714,#5715,#5716,#5717,#5718,#5719,#5720,#5721,#5722,#5723,#5724,#5725,
#5726,#5727,#5728,#5729,#5730,#5731,#5732,#5733,#5734,#5735,#5736,#5737,
#5738,#5739,#5740,#5741),.UNSPECIFIED.,.F.,.F.,(4,3,3,3,3,3,3,3,3,3,3,3,
3,3,3,3,3,3,3,3,3,3,3,3,3,3,3,3,3,3,3,4),(0.,0.0253636399448691,0.0513986108299528,
0.0778443822170906,0.0899842369330515,0.0968872446391639,0.102642370104056,
0.129937297812662,0.157683322338937,0.184003687235967,0.195703974556348,
0.202609698917746,0.206346358690056,0.234976310345489,0.262964781927055,
0.290831570018377,0.307135976155784,0.311293423939499,0.315698917184891,
0.345199311063891,0.374374763134215,0.403832037470627,0.415114284612128,
0.423026363704337,0.428122120954706,0.459017107770253,0.482188347881912,
0.490144738112322,0.498386702175088,0.528904283915511,0.551702068216892,
0.566847306048209),.UNSPECIFIED.);
#498=B_SPLINE_CURVE_WITH_KNOTS('',3,(#5750,#5751,#5752,#5753,#5754,#5755,
#5756,#5757,#5758,#5759,#5760,#5761,#5762,#5763,#5764,#5765,#5766,#5767,
#5768,#5769,#5770,#5771,#5772,#5773,#5774,#5775,#5776,#5777,#5778,#5779,
#5780,#5781,#5782,#5783,#5784,#5785,#5786,#5787,#5788,#5789,#5790,#5791,
#5792,#5793,#5794,#5795,#5796,#5797,#5798,#5799,#5800,#5801,#5802,#5803,
#5804,#5805,#5806,#5807,#5808,#5809,#5810,#5811,#5812,#5813,#5814,#5815,
#5816,#5817,#5818,#5819,#5820,#5821,#5822,#5823,#5824,#5825,#5826,#5827,
#5828,#5829,#5830,#5831,#5832,#5833,#5834,#5835,#5836,#5837),
 .UNSPECIFIED.,.F.,.F.,(4,3,3,3,3,3,3,3,3,3,3,3,3,3,3,3,3,3,3,3,3,3,3,3,
3,3,3,3,3,4),(0.,0.0297249843684584,0.0601058922492862,0.0890331443611653,
0.11434448995906,0.120646893566847,0.150399957727189,0.179989108533405,
0.207872808686134,0.22955186061941,0.233961138015864,0.262742523580091,
0.291523909144319,0.32045930134399,0.335222286262703,0.339878616502959,
0.344031847092216,0.372130972317205,0.400253637783266,0.427959935557507,
0.437976497221223,0.444913702064185,0.449163343539294,0.476146085787702,
0.496276329351628,0.508071568244628,0.513311126188225,0.539254565857793,
0.556667060043405,0.569248610399357),.UNSPECIFIED.);
#499=B_SPLINE_CURVE_WITH_KNOTS('',3,(#5838,#5839,#5840,#5841,#5842,#5843,
#5844,#5845,#5846,#5847,#5848,#5849,#5850,#5851,#5852,#5853,#5854,#5855,
#5856,#5857,#5858,#5859,#5860,#5861,#5862,#5863,#5864,#5865,#5866,#5867,
#5868,#5869,#5870,#5871,#5872,#5873,#5874,#5875,#5876,#5877,#5878,#5879,
#5880,#5881,#5882,#5883,#5884,#5885,#5886,#5887,#5888,#5889,#5890,#5891,
#5892,#5893,#5894,#5895,#5896,#5897,#5898,#5899,#5900,#5901,#5902,#5903,
#5904,#5905,#5906,#5907,#5908,#5909,#5910,#5911,#5912,#5913,#5914,#5915,
#5916,#5917,#5918,#5919,#5920,#5921,#5922,#5923,#5924,#5925,#5926,#5927,
#5928,#5929,#5930,#5931),.UNSPECIFIED.,.F.,.F.,(4,3,3,3,3,3,3,3,3,3,3,3,
3,3,3,3,3,3,3,3,3,3,3,3,3,3,3,3,3,3,3,4),(0.,0.0253636399446337,0.0513986108141608,
0.0778443822032702,0.0899842369260744,0.0968872446352814,0.10264236953787,
0.129937297208782,0.157683321715209,0.184003686768166,0.195703974071152,
0.202609699593925,0.206346359421468,0.234976311066674,0.262964781927036,
0.290831569976099,0.307135976116153,0.311293424509088,0.315698917292494,
0.345199311158053,0.374374763215633,0.403832037557432,0.415114284772423,
0.423026363998547,0.428122120989704,0.45901710779652,0.482188347901631,
0.490144738146151,0.498386702256394,0.528904283977325,0.551702068216965,
0.566847306048335),.UNSPECIFIED.);
#500=B_SPLINE_CURVE_WITH_KNOTS('',3,(#5932,#5933,#5934,#5935,#5936,#5937,
#5938,#5939,#5940,#5941,#5942,#5943,#5944,#5945,#5946,#5947,#5948,#5949,
#5950,#5951,#5952,#5953,#5954,#5955,#5956,#5957,#5958,#5959,#5960,#5961,
#5962,#5963,#5964,#5965,#5966,#5967,#5968,#5969,#5970,#5971,#5972,#5973,
#5974,#5975,#5976,#5977,#5978,#5979,#5980,#5981,#5982,#5983,#5984,#5985,
#5986,#5987,#5988,#5989,#5990,#5991,#5992,#5993,#5994,#5995,#5996,#5997,
#5998,#5999,#6000,#6001,#6002,#6003,#6004,#6005,#6006,#6007,#6008,#6009,
#6010,#6011,#6012,#6013,#6014,#6015,#6016,#6017,#6018,#6019),
 .UNSPECIFIED.,.F.,.F.,(4,3,3,3,3,3,3,3,3,3,3,3,3,3,3,3,3,3,3,3,3,3,3,3,
3,3,3,3,3,4),(0.,0.029724964920251,0.0601058628432378,0.0890331186308707,
0.11434446744505,0.120646896652326,0.150399960084456,0.17998911548358,0.20787281389876,
0.229551872412889,0.233961139792557,0.262742524468429,0.291523909144301,
0.320459300327895,0.335222285310112,0.339878614717139,0.344031846501342,
0.372130970873718,0.400253635643637,0.427959936193487,0.437976500401926,
0.444913734487733,0.449163398855999,0.476146143910508,0.496276372943725,
0.508071606513216,0.513311133539228,0.539254580725061,0.556667060043378,
0.569248610399329),.UNSPECIFIED.);
#501=B_SPLINE_CURVE_WITH_KNOTS('',3,(#6020,#6021,#6022,#6023,#6024,#6025,
#6026,#6027,#6028,#6029,#6030,#6031,#6032,#6033,#6034,#6035,#6036,#6037,
#6038,#6039,#6040,#6041,#6042,#6043,#6044,#6045,#6046,#6047,#6048,#6049,
#6050,#6051,#6052,#6053,#6054,#6055,#6056,#6057,#6058,#6059,#6060,#6061,
#6062,#6063,#6064,#6065,#6066,#6067,#6068,#6069,#6070,#6071,#6072,#6073,
#6074,#6075,#6076,#6077,#6078,#6079,#6080,#6081,#6082,#6083,#6084,#6085,
#6086,#6087,#6088,#6089,#6090,#6091,#6092,#6093,#6094,#6095,#6096,#6097,
#6098,#6099,#6100,#6101,#6102,#6103,#6104,#6105,#6106,#6107,#6108,#6109,
#6110,#6111,#6112,#6113),.UNSPECIFIED.,.F.,.F.,(4,3,3,3,3,3,3,3,3,3,3,3,
3,3,3,3,3,3,3,3,3,3,3,3,3,3,3,3,3,3,3,4),(0.,0.025363613954121,0.0513985611751287,
0.0778443387691165,0.0899842222348559,0.0968872464986776,0.102642369003984,
0.129937278102943,0.157683292915288,0.184003665168224,0.195703956323408,
0.202609731796547,0.20634639083894,0.234976343215317,0.262964781927031,
0.290831581837892,0.307135987236585,0.311293438235519,0.315698920074815,
0.345199313592587,0.374374772518867,0.403832048427392,0.415114308510149,
0.42302637021027,0.428122123179676,0.459017109439006,0.482188349133502,
0.490144744592016,0.498386701562769,0.528904282692521,0.551702068216993,
0.566847306048384),.UNSPECIFIED.);
#502=B_SPLINE_CURVE_WITH_KNOTS('',3,(#6120,#6121,#6122,#6123,#6124,#6125,
#6126,#6127,#6128,#6129,#6130,#6131,#6132,#6133,#6134,#6135,#6136,#6137,
#6138,#6139,#6140,#6141,#6142,#6143,#6144,#6145,#6146,#6147,#6148,#6149,
#6150,#6151,#6152,#6153,#6154,#6155,#6156,#6157,#6158,#6159,#6160,#6161,
#6162,#6163,#6164,#6165,#6166,#6167,#6168,#6169,#6170,#6171,#6172,#6173,
#6174,#6175,#6176,#6177,#6178,#6179,#6180,#6181,#6182,#6183,#6184,#6185,
#6186,#6187,#6188,#6189,#6190,#6191,#6192,#6193,#6194,#6195,#6196,#6197,
#6198,#6199,#6200,#6201,#6202,#6203,#6204,#6205,#6206,#6207),
 .UNSPECIFIED.,.F.,.F.,(4,3,3,3,3,3,3,3,3,3,3,3,3,3,3,3,3,3,3,3,3,3,3,3,
3,3,3,3,3,4),(0.,0.0297249648893698,0.0601058628472741,0.0890331186344083,
0.114344467448151,0.120646896983575,0.15039996041555,0.179989115822041,
0.207872814152618,0.229551872958623,0.233961140256917,0.262742524700632,
0.291523909144347,0.320459300306078,0.335222285289668,0.339878615366397,
0.344031846627359,0.372130970998612,0.400253635769463,0.427959936357349,
0.437976500711787,0.444913736935175,0.449163403124535,0.476146148105864,
0.496276376090275,0.508071609005408,0.513311133922956,0.53925458110353,
0.55666706004351,0.569248610399489),.UNSPECIFIED.);
#503=B_SPLINE_CURVE_WITH_KNOTS('',3,(#6208,#6209,#6210,#6211,#6212,#6213,
#6214,#6215,#6216,#6217,#6218,#6219,#6220,#6221,#6222,#6223,#6224,#6225,
#6226,#6227,#6228,#6229,#6230,#6231,#6232,#6233,#6234,#6235,#6236,#6237,
#6238,#6239,#6240,#6241,#6242,#6243,#6244,#6245,#6246,#6247,#6248,#6249,
#6250,#6251,#6252,#6253,#6254,#6255,#6256,#6257,#6258,#6259,#6260,#6261,
#6262,#6263,#6264,#6265,#6266,#6267,#6268,#6269,#6270,#6271,#6272,#6273,
#6274,#6275,#6276,#6277,#6278,#6279,#6280,#6281,#6282,#6283,#6284,#6285,
#6286,#6287,#6288,#6289,#6290,#6291,#6292,#6293,#6294,#6295,#6296,#6297,
#6298,#6299,#6300,#6301),.UNSPECIFIED.,.F.,.F.,(4,3,3,3,3,3,3,3,3,3,3,3,
3,3,3,3,3,3,3,3,3,3,3,3,3,3,3,3,3,3,3,4),(0.,0.0253636139093906,0.0513985611279591,
0.0778443387278372,0.0899842222172847,0.0968872465074166,0.102642369185984,
0.129937278253535,0.157683293069894,0.184003665284166,0.195703956444672,
0.202609731665154,0.206346391027643,0.234976343417472,0.262964781926984,
0.290831581831023,0.307135987230132,0.311293437768416,0.315698919989027,
0.345199313517495,0.374374772440266,0.403832048366996,0.415114308367162,
0.423026369761013,0.4281221231304,0.459017109401993,0.482188349105687,0.490144744559898,
0.498386701829736,0.528904282954182,0.551702068216771,0.566847306048105),
 .UNSPECIFIED.);
#504=B_SPLINE_CURVE_WITH_KNOTS('',3,(#6302,#6303,#6304,#6305,#6306,#6307,
#6308,#6309,#6310,#6311,#6312,#6313,#6314,#6315,#6316,#6317,#6318,#6319,
#6320,#6321,#6322,#6323,#6324,#6325,#6326,#6327,#6328,#6329,#6330,#6331,
#6332,#6333,#6334,#6335,#6336,#6337,#6338,#6339,#6340,#6341,#6342,#6343,
#6344,#6345,#6346,#6347,#6348,#6349,#6350,#6351,#6352,#6353,#6354,#6355,
#6356,#6357,#6358,#6359,#6360,#6361,#6362,#6363,#6364,#6365,#6366,#6367,
#6368,#6369,#6370,#6371,#6372,#6373,#6374,#6375,#6376,#6377,#6378,#6379,
#6380,#6381,#6382,#6383,#6384,#6385,#6386,#6387,#6388,#6389),
 .UNSPECIFIED.,.F.,.F.,(4,3,3,3,3,3,3,3,3,3,3,3,3,3,3,3,3,3,3,3,3,3,3,3,
3,3,3,3,3,4),(0.,0.0297249843796894,0.0601058922507834,0.0890331443624768,
0.114344489960208,0.120646893261831,0.150399957423904,0.179989108221593,
0.207872808452278,0.229551860127779,0.23396113727125,0.26274252320779,0.291523909144331,
0.32045930137544,0.335222286292188,0.339878616705596,0.344031847988881,
0.372130973215518,0.400253638680797,0.427959936423197,0.43797649892663,
0.444913717002385,0.449163367840171,0.476146109654159,0.496276347251472,
0.508071582246484,0.513311128381675,0.539254568035098,0.556667060043411,
0.569248610399388),.UNSPECIFIED.);
#505=B_SPLINE_CURVE_WITH_KNOTS('',3,(#6390,#6391,#6392,#6393,#6394,#6395,
#6396,#6397,#6398,#6399,#6400,#6401,#6402,#6403,#6404,#6405,#6406,#6407,
#6408,#6409,#6410,#6411,#6412,#6413,#6414,#6415,#6416,#6417,#6418,#6419,
#6420,#6421,#6422,#6423,#6424,#6425,#6426,#6427,#6428,#6429,#6430,#6431,
#6432,#6433,#6434,#6435,#6436,#6437,#6438,#6439,#6440,#6441,#6442,#6443,
#6444,#6445,#6446,#6447,#6448,#6449,#6450,#6451,#6452,#6453,#6454,#6455,
#6456,#6457,#6458,#6459,#6460,#6461,#6462,#6463,#6464,#6465,#6466,#6467,
#6468,#6469,#6470,#6471,#6472,#6473,#6474,#6475,#6476,#6477,#6478,#6479,
#6480,#6481,#6482,#6483),.UNSPECIFIED.,.F.,.F.,(4,3,3,3,3,3,3,3,3,3,3,3,
3,3,3,3,3,3,3,3,3,3,3,3,3,3,3,3,3,3,3,4),(0.,0.025363639944975,0.0513986108423845,
0.0778443822279571,0.0899842369360338,0.0968872446360566,0.102642369714781,
0.129937297405831,0.157683321916217,0.184003686918904,0.195703974228513,
0.202609699526935,0.206346359701655,0.234976311353653,0.262964781926965,
0.290831569988144,0.30713597612743,0.311293424444858,0.315698917280699,
0.345199311147703,0.37437476321446,0.403832037544943,0.415114284764165,
0.423026363823141,0.428122120970474,0.459017107782037,0.482188347890709,
0.490144738126526,0.498386702022862,0.52890428376612,0.551702068216725,
0.566847306048103),.UNSPECIFIED.);
#506=B_SPLINE_CURVE_WITH_KNOTS('',3,(#6485,#6486,#6487,#6488,#6489,#6490,
#6491,#6492,#6493,#6494,#6495,#6496,#6497,#6498,#6499,#6500,#6501,#6502,
#6503,#6504,#6505,#6506,#6507,#6508,#6509),.UNSPECIFIED.,.F.,.F.,(4,3,3,
3,3,3,3,3,4),(845.088423815654,845.174663224624,846.158466678276,847.142270131928,
848.12607358558,849.109877039232,850.093680492884,851.077483946536,851.371609122834),
 .UNSPECIFIED.);
#507=B_SPLINE_CURVE_WITH_KNOTS('',3,(#6510,#6511,#6512,#6513,#6514,#6515,
#6516,#6517,#6518,#6519,#6520,#6521,#6522,#6523,#6524,#6525,#6526,#6527,
#6528,#6529,#6530,#6531),.UNSPECIFIED.,.F.,.F.,(4,3,3,3,3,3,3,4),(845.088423815654,
845.746467581984,846.730271035636,847.714074489288,848.69787794294,849.681681396592,
850.665484850244,851.371609122834),.UNSPECIFIED.);
#508=B_SPLINE_CURVE_WITH_KNOTS('',3,(#6648,#6649,#6650,#6651,#6652,#6653,
#6654,#6655,#6656,#6657,#6658,#6659,#6660,#6661,#6662,#6663,#6664,#6665,
#6666,#6667,#6668,#6669,#6670,#6671,#6672,#6673,#6674,#6675,#6676,#6677,
#6678,#6679,#6680,#6681,#6682,#6683,#6684,#6685,#6686,#6687,#6688,#6689,
#6690,#6691,#6692,#6693,#6694,#6695,#6696,#6697,#6698,#6699,#6700,#6701,
#6702,#6703,#6704,#6705,#6706,#6707,#6708,#6709,#6710,#6711,#6712,#6713,
#6714,#6715,#6716,#6717,#6718,#6719,#6720,#6721,#6722,#6723,#6724,#6725,
#6726,#6727,#6728,#6729,#6730,#6731,#6732),.UNSPECIFIED.,.F.,.F.,(4,3,3,
3,3,3,3,3,3,3,3,3,3,3,3,3,3,3,3,3,3,3,3,3,3,3,3,3,4),(-0.566847306048114,
-0.551702068216742,-0.521324527401241,-0.505177043309103,-0.496324993270286,
-0.490598280396936,-0.460427195795858,-0.435744394062254,-0.4259045205796,
-0.420179210148992,-0.390715785662834,-0.361475365807827,-0.3331428285434,
-0.315598316889306,-0.311083878038695,-0.283082382626352,-0.262964781927024,
-0.234418958728328,-0.205116588887287,-0.200826598595237,-0.17304075122472,
-0.145244391290412,-0.11784498440454,-0.102628812363363,-0.0969128435577867,
-0.0701622516251462,-0.0438122330553856,-0.0182895424293561,0.),
 .UNSPECIFIED.);
#509=B_SPLINE_CURVE_WITH_KNOTS('',3,(#6733,#6734,#6735,#6736,#6737,#6738,
#6739,#6740,#6741,#6742,#6743,#6744,#6745,#6746,#6747,#6748,#6749,#6750,
#6751,#6752,#6753,#6754,#6755,#6756,#6757),.UNSPECIFIED.,.F.,.F.,(4,3,3,
3,3,3,3,3,4),(-839.512620260526,-839.218495084225,-838.234691630573,-837.250888176921,
-836.267084723269,-835.283281269617,-834.299477815965,-833.315674362314,
-833.229434953346),.UNSPECIFIED.);
#510=B_SPLINE_CURVE_WITH_KNOTS('',3,(#6874,#6875,#6876,#6877,#6878,#6879,
#6880,#6881,#6882,#6883,#6884,#6885,#6886,#6887,#6888,#6889,#6890,#6891,
#6892,#6893,#6894,#6895,#6896,#6897,#6898,#6899,#6900,#6901,#6902,#6903,
#6904,#6905,#6906,#6907,#6908,#6909,#6910,#6911,#6912,#6913,#6914,#6915,
#6916,#6917,#6918,#6919,#6920,#6921,#6922,#6923,#6924,#6925,#6926,#6927,
#6928,#6929,#6930,#6931,#6932,#6933,#6934,#6935,#6936,#6937,#6938,#6939,
#6940,#6941,#6942,#6943,#6944,#6945,#6946,#6947,#6948,#6949,#6950,#6951,
#6952,#6953,#6954,#6955,#6956,#6957,#6958,#6959,#6960,#6961,#6962,#6963,
#6964,#6965,#6966,#6967),.UNSPECIFIED.,.F.,.F.,(4,3,3,3,3,3,3,3,3,3,3,3,
3,3,3,3,3,3,3,3,3,3,3,3,3,3,3,3,3,3,3,4),(-0.569248610399691,-0.556667060043705,
-0.530864005695425,-0.515905249660988,-0.508604147396405,-0.503263327722042,
-0.476298569280176,-0.453201736763208,-0.447194530015468,-0.442500287531551,
-0.414888287751587,-0.386809828436299,-0.362988348613333,-0.345122238746109,
-0.340742374084878,-0.336431079859011,-0.307476988916069,-0.291523909144438,
-0.263491306178945,-0.247023099542761,-0.236427249297677,-0.231652526796853,
-0.226948384309255,-0.197988185251497,-0.16847864869436,-0.138724558360583,
-0.12138398856551,-0.11687344724904,-0.0863973268479182,-0.0558301528787053,
-0.0258368720008127,0.),.UNSPECIFIED.);
#511=B_SPLINE_CURVE_WITH_KNOTS('',3,(#6968,#6969,#6970,#6971,#6972,#6973,
#6974,#6975,#6976,#6977,#6978,#6979,#6980,#6981,#6982,#6983,#6984,#6985,
#6986,#6987,#6988,#6989,#6990,#6991,#6992),.UNSPECIFIED.,.F.,.F.,(4,3,3,
3,3,3,3,3,4),(836.973208995862,837.250888176921,838.234691630573,839.218495084225,
840.202298537877,841.186101991529,842.169905445181,843.153708898833,843.256394303042),
 .UNSPECIFIED.);
#512=B_SPLINE_CURVE_WITH_KNOTS('',3,(#6999,#7000,#7001,#7002,#7003,#7004,
#7005,#7006,#7007,#7008,#7009,#7010,#7011,#7012,#7013,#7014,#7015,#7016,
#7017,#7018,#7019,#7020,#7021,#7022,#7023,#7024,#7025,#7026,#7027,#7028,
#7029,#7030,#7031,#7032,#7033,#7034,#7035,#7036,#7037,#7038,#7039,#7040,
#7041,#7042,#7043,#7044,#7045,#7046,#7047,#7048,#7049,#7050,#7051,#7052,
#7053,#7054,#7055,#7056,#7057,#7058,#7059,#7060,#7061,#7062,#7063,#7064,
#7065,#7066,#7067,#7068,#7069,#7070,#7071,#7072,#7073,#7074,#7075,#7076,
#7077,#7078,#7079,#7080,#7081,#7082,#7083),.UNSPECIFIED.,.F.,.F.,(4,3,3,
3,3,3,3,3,3,3,3,3,3,3,3,3,3,3,3,3,3,3,3,3,3,3,3,3,4),(-0.566847306048192,
-0.55170206821686,-0.521324527180172,-0.505177043101849,-0.496324997485326,
-0.490598284446953,-0.460427200175255,-0.435744397894222,-0.425904536874684,
-0.420179214767343,-0.390715791164617,-0.361475376597915,-0.333142852053482,
-0.315598334521861,-0.311083888390258,-0.283082402223107,-0.262964781926996,
-0.234418963516002,-0.205116593076502,-0.200826599884662,-0.173040755246925,
-0.145244388743027,-0.117844966584952,-0.102628778386571,-0.0969128452315042,
-0.0701622409796809,-0.0438122045462664,-0.0182894915898285,0.),
 .UNSPECIFIED.);
#513=B_SPLINE_CURVE_WITH_KNOTS('',3,(#7084,#7085,#7086,#7087,#7088,#7089,
#7090,#7091,#7092,#7093,#7094,#7095,#7096,#7097,#7098,#7099,#7100,#7101,
#7102,#7103,#7104,#7105,#7106,#7107,#7108,#7109,#7110,#7111,#7112,#7113,
#7114,#7115,#7116,#7117,#7118,#7119,#7120,#7121,#7122,#7123,#7124,#7125,
#7126,#7127,#7128,#7129,#7130,#7131,#7132,#7133,#7134,#7135,#7136,#7137,
#7138,#7139,#7140,#7141,#7142,#7143,#7144,#7145,#7146,#7147,#7148,#7149,
#7150,#7151,#7152,#7153,#7154,#7155,#7156,#7157,#7158,#7159,#7160,#7161,
#7162,#7163,#7164,#7165,#7166,#7167,#7168,#7169,#7170,#7171,#7172,#7173,
#7174,#7175,#7176,#7177),.UNSPECIFIED.,.F.,.F.,(4,3,3,3,3,3,3,3,3,3,3,3,
3,3,3,3,3,3,3,3,3,3,3,3,3,3,3,3,3,3,3,4),(-0.569248610399641,-0.556667060043649,
-0.530864015220118,-0.515905258590388,-0.508604204209303,-0.503263337309195,
-0.476298583492404,-0.45320174919891,-0.447194590856741,-0.44250033573298,
-0.414888340996648,-0.386809881910386,-0.362988388718901,-0.345122268825287,
-0.340742447579751,-0.336431092073407,-0.307476999666808,-0.291523909144445,
-0.263491311650754,-0.247023104672582,-0.236427262640659,-0.231652577697251,
-0.226948387280248,-0.197988194420069,-0.168478663813876,-0.138724574317914,
-0.121384002528175,-0.116873464591155,-0.0863973479336834,-0.0558301706593134,
-0.0258368712457129,0.),.UNSPECIFIED.);
#514=B_SPLINE_CURVE_WITH_KNOTS('',3,(#7294,#7295,#7296,#7297,#7298,#7299,
#7300,#7301,#7302,#7303,#7304,#7305,#7306,#7307,#7308,#7309,#7310,#7311,
#7312,#7313,#7314,#7315,#7316,#7317,#7318,#7319,#7320,#7321,#7322,#7323,
#7324,#7325,#7326,#7327,#7328,#7329,#7330,#7331,#7332,#7333,#7334,#7335,
#7336,#7337,#7338,#7339,#7340,#7341,#7342,#7343,#7344,#7345,#7346,#7347,
#7348,#7349,#7350,#7351,#7352,#7353,#7354,#7355,#7356,#7357,#7358,#7359,
#7360,#7361,#7362,#7363,#7364,#7365,#7366,#7367,#7368,#7369,#7370,#7371,
#7372,#7373,#7374,#7375,#7376,#7377,#7378,#7379,#7380,#7381,#7382,#7383,
#7384,#7385,#7386,#7387),.UNSPECIFIED.,.F.,.F.,(4,3,3,3,3,3,3,3,3,3,3,3,
3,3,3,3,3,3,3,3,3,3,3,3,3,3,3,3,3,3,3,4),(-0.569248610399449,-0.556667060043468,
-0.530864015231194,-0.515905258600764,-0.508604204698665,-0.50326333738157,
-0.476298583566505,-0.453201749263731,-0.447194591081093,-0.442500336478973,
-0.414888341746499,-0.38680988266726,-0.362988389286523,-0.345122269250971,
-0.340742448909283,-0.336431092289169,-0.307476999906613,-0.291523909144313,
-0.263491311659536,-0.247023104680815,-0.23642726268555,-0.231652577661978,
-0.22694838728096,-0.197988194420793,-0.16847866380129,-0.13872457429641,
-0.121384002509359,-0.116873464481539,-0.0863973478292757,-0.0558301705542639,
-0.0258368711471164,0.),.UNSPECIFIED.);
#515=B_SPLINE_CURVE_WITH_KNOTS('',3,(#7388,#7389,#7390,#7391,#7392,#7393,
#7394,#7395,#7396,#7397,#7398),.UNSPECIFIED.,.F.,.F.,(4,1,1,1,1,1,1,1,4),
(15.707963267949,15.7942026769184,16.7780061305704,17.7618095842224,18.7456130378744,
19.7294164915264,20.7132199451783,21.6970233988303,21.9911485751285),
 .UNSPECIFIED.);
#516=B_SPLINE_CURVE_WITH_KNOTS('',3,(#7399,#7400,#7401,#7402,#7403,#7404,
#7405,#7406,#7407,#7408,#7409,#7410,#7411,#7412,#7413,#7414,#7415,#7416,
#7417,#7418,#7419,#7420,#7421,#7422,#7423),.UNSPECIFIED.,.F.,.F.,(4,3,3,
3,3,3,3,3,4),(-10.1321597128206,-9.83803453651995,-8.85423108286796,-7.87042762921597,
-6.88662417556397,-5.90282072191197,-4.91901726825998,-3.93521381460798,
-3.848974405641),.UNSPECIFIED.);
#517=B_SPLINE_CURVE_WITH_KNOTS('',3,(#7425,#7426,#7427,#7428,#7429,#7430,
#7431,#7432,#7433,#7434),.UNSPECIFIED.,.F.,.F.,(4,1,1,1,1,1,1,4),(15.707963267949,
16.3660070342784,17.3498104879304,18.3336139415824,19.3174173952344,20.3012208488864,
21.2850243025384,21.9911485751285),.UNSPECIFIED.);
#518=B_SPLINE_CURVE_WITH_KNOTS('',3,(#7436,#7437,#7438,#7439,#7440,#7441,
#7442,#7443,#7444,#7445,#7446),.UNSPECIFIED.,.F.,.F.,(4,1,1,1,1,1,1,1,4),
(845.088423815654,845.174663224624,846.158466678276,847.142270131928,848.12607358558,
849.109877039232,850.093680492884,851.077483946536,851.371609122834),
 .UNSPECIFIED.);
#519=B_SPLINE_CURVE_WITH_KNOTS('',3,(#7447,#7448,#7449,#7450,#7451,#7452,
#7453,#7454,#7455,#7456,#7457,#7458,#7459,#7460,#7461,#7462,#7463,#7464,
#7465,#7466,#7467,#7468),.UNSPECIFIED.,.F.,.F.,(4,3,3,3,3,3,3,4),(845.088423815654,
845.746467581984,846.730271035636,847.714074489288,848.69787794294,849.681681396592,
850.665484850244,851.371609122834),.UNSPECIFIED.);
#520=B_SPLINE_CURVE_WITH_KNOTS('',3,(#7585,#7586,#7587,#7588,#7589,#7590,
#7591,#7592,#7593,#7594,#7595,#7596,#7597,#7598,#7599,#7600,#7601,#7602,
#7603,#7604,#7605,#7606,#7607,#7608,#7609,#7610,#7611,#7612,#7613,#7614,
#7615,#7616,#7617,#7618,#7619,#7620,#7621,#7622,#7623,#7624,#7625,#7626,
#7627,#7628,#7629,#7630,#7631,#7632,#7633,#7634,#7635,#7636,#7637,#7638,
#7639,#7640,#7641,#7642,#7643,#7644,#7645,#7646,#7647,#7648,#7649,#7650,
#7651,#7652,#7653,#7654,#7655,#7656,#7657,#7658,#7659,#7660,#7661,#7662,
#7663,#7664,#7665,#7666,#7667,#7668,#7669),.UNSPECIFIED.,.F.,.F.,(4,3,3,
3,3,3,3,3,3,3,3,3,3,3,3,3,3,3,3,3,3,3,3,3,3,3,3,3,4),(-0.566847306048108,
-0.551702068216749,-0.521324527190821,-0.50517704311183,-0.496324997480673,
-0.490598283471694,-0.460427199194229,-0.435744397035821,-0.425904533830354,
-0.420179214400881,-0.390715790784859,-0.361475376179848,-0.333142851647904,
-0.31559833421767,-0.311083887940404,-0.283082401775817,-0.262964781926968,
-0.234418963526632,-0.205116593085803,-0.200826599365465,-0.173040754724197,
-0.145244388214325,-0.117844966075334,-0.102628777432422,-0.0969128453630423,
-0.0701622411123569,-0.0438122046959065,-0.018289491734895,0.),
 .UNSPECIFIED.);
#521=B_SPLINE_CURVE_WITH_KNOTS('',3,(#7670,#7671,#7672,#7673,#7674,#7675,
#7676,#7677,#7678,#7679,#7680,#7681,#7682,#7683,#7684,#7685,#7686,#7687,
#7688,#7689,#7690,#7691,#7692,#7693,#7694),.UNSPECIFIED.,.F.,.F.,(4,3,3,
3,3,3,3,3,4),(7.59274844815659,7.87042762921596,8.85423108286796,9.83803453651996,
10.821837990172,11.805641443824,12.7894448974759,13.7732483511279,13.8759337553361),
 .UNSPECIFIED.);
#522=B_SPLINE_CURVE_WITH_KNOTS('',3,(#7811,#7812,#7813,#7814,#7815,#7816,
#7817,#7818,#7819,#7820,#7821,#7822,#7823,#7824,#7825,#7826,#7827,#7828,
#7829,#7830,#7831,#7832,#7833,#7834,#7835),.UNSPECIFIED.,.F.,.F.,(4,3,3,
3,3,3,3,3,4),(836.973208995862,837.250888176921,838.234691630573,839.218495084225,
840.202298537877,841.186101991529,842.169905445181,843.153708898833,843.256394303042),
 .UNSPECIFIED.);
#523=B_SPLINE_CURVE_WITH_KNOTS('',3,(#7952,#7953,#7954,#7955,#7956,#7957,
#7958,#7959,#7960,#7961,#7962,#7963,#7964,#7965,#7966,#7967,#7968,#7969,
#7970,#7971,#7972,#7973,#7974,#7975,#7976),.UNSPECIFIED.,.F.,.F.,(4,3,3,
3,3,3,3,3,4),(-839.512620260526,-839.218495084225,-838.234691630573,-837.250888176921,
-836.267084723269,-835.283281269618,-834.299477815965,-833.315674362314,
-833.229434953346),.UNSPECIFIED.);
#524=B_SPLINE_CURVE_WITH_KNOTS('',3,(#7978,#7979,#7980,#7981,#7982,#7983,
#7984,#7985,#7986,#7987,#7988),.UNSPECIFIED.,.F.,.F.,(4,1,1,1,1,1,1,1,4),
(15.707963267949,15.7942026769159,16.7780061305679,17.7618095842199,18.7456130378719,
19.7294164915239,20.7132199451759,21.6970233988279,21.9911485751285),
 .UNSPECIFIED.);
#525=B_SPLINE_CURVE_WITH_KNOTS('',3,(#7989,#7990,#7991,#7992,#7993,#7994,
#7995,#7996,#7997,#7998),.UNSPECIFIED.,.F.,.F.,(4,1,1,1,1,1,1,4),(15.707963267949,
16.3660070342759,17.3498104879279,18.3336139415799,19.3174173952319,20.3012208488839,
21.2850243025359,21.9911485751286),.UNSPECIFIED.);
#526=B_SPLINE_CURVE_WITH_KNOTS('',3,(#8115,#8116,#8117,#8118,#8119,#8120,
#8121,#8122,#8123,#8124,#8125,#8126,#8127,#8128,#8129,#8130,#8131,#8132,
#8133,#8134,#8135,#8136,#8137,#8138,#8139,#8140,#8141,#8142,#8143,#8144,
#8145,#8146,#8147,#8148,#8149,#8150,#8151,#8152,#8153,#8154,#8155,#8156,
#8157,#8158,#8159,#8160,#8161,#8162,#8163,#8164,#8165,#8166,#8167,#8168,
#8169,#8170,#8171,#8172,#8173,#8174,#8175,#8176,#8177,#8178,#8179,#8180,
#8181,#8182,#8183,#8184,#8185,#8186,#8187,#8188,#8189,#8190,#8191,#8192,
#8193,#8194,#8195,#8196,#8197,#8198,#8199,#8200,#8201,#8202,#8203,#8204,
#8205,#8206,#8207,#8208),.UNSPECIFIED.,.F.,.F.,(4,3,3,3,3,3,3,3,3,3,3,3,
3,3,3,3,3,3,3,3,3,3,3,3,3,3,3,3,3,3,3,4),(-0.569248610399469,-0.556667060043486,
-0.530863990384661,-0.515905235307141,-0.508604055241468,-0.503263312211873,
-0.476298546367836,-0.453201716714898,-0.447194432139252,-0.442500208861867,
-0.414888201081924,-0.386809741386617,-0.362988283326046,-0.345122189780618,
-0.340742254297762,-0.336431059953799,-0.307476971369828,-0.291523909144333,
-0.263491297387606,-0.247023091300881,-0.23642722779526,-0.231652442588524,
-0.226948379340381,-0.197988170325431,-0.168478624233626,-0.138724532503026,
-0.121383965940148,-0.116873417338009,-0.0863972909007764,-0.0558301222631125,
-0.0258368711736492,0.),.UNSPECIFIED.);
#527=B_SPLINE_CURVE_WITH_KNOTS('',3,(#8209,#8210,#8211,#8212,#8213,#8214,
#8215,#8216,#8217,#8218,#8219,#8220,#8221,#8222,#8223,#8224,#8225,#8226,
#8227,#8228,#8229,#8230,#8231,#8232,#8233),.UNSPECIFIED.,.F.,.F.,(4,3,3,
3,3,3,3,3,4),(-10.1321597128206,-9.83803453651995,-8.85423108286795,-7.87042762921596,
-6.88662417556396,-5.90282072191197,-4.91901726825997,-3.93521381460798,
-3.848974405641),.UNSPECIFIED.);
#528=B_SPLINE_CURVE_WITH_KNOTS('',3,(#8350,#8351,#8352,#8353,#8354,#8355,
#8356,#8357,#8358,#8359,#8360,#8361,#8362,#8363,#8364,#8365,#8366,#8367,
#8368,#8369,#8370,#8371,#8372,#8373,#8374,#8375,#8376,#8377,#8378,#8379,
#8380,#8381,#8382,#8383,#8384,#8385,#8386,#8387,#8388,#8389,#8390,#8391,
#8392,#8393,#8394,#8395,#8396,#8397,#8398,#8399,#8400,#8401,#8402,#8403,
#8404,#8405,#8406,#8407,#8408,#8409,#8410,#8411,#8412,#8413,#8414,#8415,
#8416,#8417,#8418,#8419,#8420,#8421,#8422,#8423,#8424,#8425,#8426,#8427,
#8428,#8429,#8430,#8431,#8432,#8433,#8434),.UNSPECIFIED.,.F.,.F.,(4,3,3,
3,3,3,3,3,3,3,3,3,3,3,3,3,3,3,3,3,3,3,3,3,3,3,3,3,4),(-0.566847306048118,
-0.551702068216763,-0.521324526888105,-0.505177042828035,-0.496325002232761,
-0.490598287326578,-0.460427203421576,-0.435744400734751,-0.425904550037526,
-0.420179219084486,-0.390715796472448,-0.361475387878039,-0.33314287794975,
-0.315598353944055,-0.311083899690826,-0.283082424137214,-0.262964781926971,
-0.234418969042454,-0.205116597912148,-0.200826599708202,-0.173040758205277,
-0.145244384156211,-0.117844944562101,-0.102628736431571,-0.09691284730357,
-0.0701622289149925,-0.0438121720139616,-0.0182894334016343,0.),
 .UNSPECIFIED.);
#529=B_SPLINE_CURVE_WITH_KNOTS('',3,(#8435,#8436,#8437,#8438,#8439,#8440,
#8441,#8442,#8443,#8444,#8445,#8446,#8447,#8448,#8449,#8450,#8451,#8452,
#8453,#8454,#8455,#8456,#8457,#8458,#8459),.UNSPECIFIED.,.F.,.F.,(4,3,3,
3,3,3,3,3,4),(7.59274844815664,7.87042762921597,8.85423108286797,9.83803453651996,
10.821837990172,11.805641443824,12.789444897476,13.7732483511279,13.8759337553362),
 .UNSPECIFIED.);
#530=B_SPLINE_CURVE_WITH_KNOTS('',3,(#8471,#8472,#8473,#8474,#8475,#8476,
#8477,#8478,#8479,#8480,#8481,#8482,#8483,#8484,#8485,#8486,#8487,#8488,
#8489,#8490,#8491,#8492,#8493,#8494,#8495),.UNSPECIFIED.,.F.,.F.,(4,3,3,
3,3,3,3,3,4),(581.194640914112,581.28088032308,582.264683776732,583.248487230384,
584.232290684036,585.216094137688,586.19989759134,587.183701044992,587.477826221291),
 .UNSPECIFIED.);
#531=B_SPLINE_CURVE_WITH_KNOTS('',3,(#8496,#8497,#8498,#8499,#8500,#8501,
#8502,#8503,#8504,#8505,#8506,#8507,#8508,#8509,#8510,#8511,#8512,#8513,
#8514,#8515,#8516,#8517),.UNSPECIFIED.,.F.,.F.,(4,3,3,3,3,3,3,4),(581.194640914112,
581.85268468044,582.836488134092,583.820291587744,584.804095041396,585.787898495048,
586.7717019487,587.477826221291),.UNSPECIFIED.);
#532=B_SPLINE_CURVE_WITH_KNOTS('',3,(#8634,#8635,#8636,#8637,#8638,#8639,
#8640,#8641,#8642,#8643,#8644,#8645,#8646,#8647,#8648,#8649,#8650,#8651,
#8652,#8653,#8654,#8655,#8656,#8657,#8658,#8659,#8660,#8661,#8662,#8663,
#8664,#8665,#8666,#8667,#8668,#8669,#8670,#8671,#8672,#8673,#8674,#8675,
#8676,#8677,#8678,#8679,#8680,#8681,#8682,#8683,#8684,#8685,#8686,#8687,
#8688,#8689,#8690,#8691,#8692,#8693,#8694,#8695,#8696,#8697,#8698,#8699,
#8700,#8701,#8702,#8703,#8704,#8705,#8706,#8707,#8708,#8709,#8710,#8711,
#8712,#8713,#8714,#8715,#8716,#8717,#8718),.UNSPECIFIED.,.F.,.F.,(4,3,3,
3,3,3,3,3,3,3,3,3,3,3,3,3,3,3,3,3,3,3,3,3,3,3,3,3,4),(-0.566847306048059,
-0.551702068216735,-0.521324527149906,-0.505177043073474,-0.49632499742104,
-0.490598283869468,-0.460427199582989,-0.43574439737599,-0.425904535026519,
-0.420179214471017,-0.390715790856264,-0.361475376242625,-0.333142851684073,
-0.315598334244804,-0.311083888322503,-0.28308240215732,-0.262964781926998,
-0.234418963513568,-0.205116593074372,-0.200826599586101,-0.173040754945341,
-0.145244388433806,-0.117844966292621,-0.102628777836562,-0.0969128453984333,
-0.0701622411425763,-0.0438122047232265,-0.0182894917658495,0.),
 .UNSPECIFIED.);
#533=B_SPLINE_CURVE_WITH_KNOTS('',3,(#8719,#8720,#8721,#8722,#8723,#8724,
#8725,#8726,#8727,#8728,#8729,#8730,#8731,#8732,#8733,#8734,#8735,#8736,
#8737,#8738,#8739,#8740,#8741,#8742,#8743),.UNSPECIFIED.,.F.,.F.,(4,3,3,
3,3,3,3,3,4),(-575.618837358983,-575.324712182683,-574.340908729031,-573.357105275379,
-572.373301821727,-571.389498368075,-570.405694914423,-569.421891460771,
-569.335652051804),.UNSPECIFIED.);
#534=B_SPLINE_CURVE_WITH_KNOTS('',3,(#8860,#8861,#8862,#8863,#8864,#8865,
#8866,#8867,#8868,#8869,#8870,#8871,#8872,#8873,#8874,#8875,#8876,#8877,
#8878,#8879,#8880,#8881,#8882,#8883,#8884,#8885,#8886,#8887,#8888,#8889,
#8890,#8891,#8892,#8893,#8894,#8895,#8896,#8897,#8898,#8899,#8900,#8901,
#8902,#8903,#8904,#8905,#8906,#8907,#8908,#8909,#8910,#8911,#8912,#8913,
#8914,#8915,#8916,#8917,#8918,#8919,#8920,#8921,#8922,#8923,#8924,#8925,
#8926,#8927,#8928,#8929,#8930,#8931,#8932,#8933,#8934,#8935,#8936,#8937,
#8938,#8939,#8940,#8941,#8942,#8943,#8944,#8945,#8946,#8947,#8948,#8949,
#8950,#8951,#8952,#8953),.UNSPECIFIED.,.F.,.F.,(4,3,3,3,3,3,3,3,3,3,3,3,
3,3,3,3,3,3,3,3,3,3,3,3,3,3,3,3,3,3,3,4),(-0.569248610399594,-0.556667060043619,
-0.530864015239364,-0.515905258608431,-0.508604204534571,-0.503263337351632,
-0.476298583536437,-0.453201749237437,-0.447194590994242,-0.44250033714807,
-0.414888342469095,-0.386809883393523,-0.362988389831251,-0.345122269659547,
-0.340742450371287,-0.33643109251993,-0.307477000120044,-0.291523909144435,
-0.263491311668413,-0.247023104689138,-0.236427262704502,-0.231652578048777,
-0.226948387312082,-0.197988194452296,-0.16847866383027,-0.1387245743101,
-0.121384002521337,-0.11687346502537,-0.0863973483812535,-0.0558301711030125,
-0.0258368716874446,0.),.UNSPECIFIED.);
#535=B_SPLINE_CURVE_WITH_KNOTS('',3,(#8954,#8955,#8956,#8957,#8958,#8959,
#8960,#8961,#8962,#8963,#8964,#8965,#8966,#8967,#8968,#8969,#8970,#8971,
#8972,#8973,#8974,#8975,#8976,#8977,#8978),.UNSPECIFIED.,.F.,.F.,(4,3,3,
3,3,3,3,3,4),(573.07942609432,573.357105275379,574.340908729031,575.324712182683,
576.308515636335,577.292319089987,578.276122543639,579.259925997291,579.362611401499),
 .UNSPECIFIED.);
#536=B_SPLINE_CURVE_WITH_KNOTS('',3,(#8981,#8982,#8983,#8984,#8985,#8986,
#8987,#8988,#8989,#8990,#8991,#8992,#8993,#8994,#8995,#8996,#8997,#8998,
#8999,#9000,#9001,#9002,#9003,#9004,#9005,#9006,#9007,#9008,#9009,#9010,
#9011,#9012,#9013,#9014,#9015,#9016,#9017,#9018,#9019,#9020,#9021,#9022,
#9023,#9024,#9025,#9026,#9027,#9028,#9029,#9030,#9031,#9032,#9033,#9034,
#9035,#9036,#9037,#9038,#9039,#9040,#9041,#9042,#9043,#9044,#9045,#9046,
#9047,#9048,#9049,#9050,#9051,#9052,#9053,#9054,#9055,#9056,#9057,#9058,
#9059,#9060,#9061,#9062,#9063,#9064,#9065),.UNSPECIFIED.,.F.,.F.,(4,3,3,
3,3,3,3,3,3,3,3,3,3,3,3,3,3,3,3,3,3,3,3,3,3,3,3,3,4),(-0.566847306048059,
-0.551702068216735,-0.521324526847751,-0.505177042790203,-0.496325002165668,
-0.490598287180949,-0.460427203272807,-0.43574440060458,-0.425904549552435,
-0.420179218748589,-0.390715796130094,-0.361475387554158,-0.333142877625328,
-0.315598353700746,-0.311083899516718,-0.283082423963475,-0.262964781926998,
-0.234418969032928,-0.205116597903812,-0.20082659968877,-0.173040758184308,
-0.145244384135321,-0.117844944540737,-0.102628736388453,-0.0969128473336728,
-0.0701622289423169,-0.043812172045932,-0.018289433423721,0.),
 .UNSPECIFIED.);
#537=B_SPLINE_CURVE_WITH_KNOTS('',3,(#9066,#9067,#9068,#9069,#9070,#9071,
#9072,#9073,#9074,#9075,#9076,#9077,#9078,#9079,#9080,#9081,#9082,#9083,
#9084,#9085,#9086,#9087,#9088,#9089,#9090,#9091,#9092,#9093,#9094,#9095,
#9096,#9097,#9098,#9099,#9100,#9101,#9102,#9103,#9104,#9105,#9106,#9107,
#9108,#9109,#9110,#9111,#9112,#9113,#9114,#9115,#9116,#9117,#9118,#9119,
#9120,#9121,#9122,#9123,#9124,#9125,#9126,#9127,#9128,#9129,#9130,#9131,
#9132,#9133,#9134,#9135,#9136,#9137,#9138,#9139,#9140,#9141,#9142,#9143,
#9144,#9145,#9146,#9147,#9148,#9149,#9150,#9151,#9152,#9153,#9154,#9155,
#9156,#9157,#9158,#9159),.UNSPECIFIED.,.F.,.F.,(4,3,3,3,3,3,3,3,3,3,3,3,
3,3,3,3,3,3,3,3,3,3,3,3,3,3,3,3,3,3,3,4),(-0.569248610399594,-0.556667060043619,
-0.530863990394458,-0.515905235316331,-0.508604056242516,-0.50326331234673,
-0.476298546508296,-0.453201716837814,-0.447194432622444,-0.442500208957786,
-0.41488820116239,-0.386809741484414,-0.36298828339942,-0.345122189835674,
-0.340742254578459,-0.336431060000619,-0.307476971399604,-0.291523909144435,
-0.26349129739722,-0.247023091309894,-0.236427227816601,-0.231652443567474,
-0.226948379423168,-0.197988170415718,-0.168478624316612,-0.138724532575864,
-0.121383966003881,-0.116873416984436,-0.0863972905529044,-0.0558301219226117,
-0.0258368708356967,0.),.UNSPECIFIED.);
#538=B_SPLINE_CURVE_WITH_KNOTS('',3,(#9161,#9162,#9163,#9164,#9165,#9166,
#9167,#9168,#9169,#9170,#9171),.UNSPECIFIED.,.F.,.F.,(4,1,1,1,1,1,1,1,4),
(15.707963267949,15.7942026769158,16.7780061305678,17.7618095842198,18.7456130378718,
19.7294164915238,20.7132199451758,21.6970233988278,21.9911485751285),
 .UNSPECIFIED.);
#539=B_SPLINE_CURVE_WITH_KNOTS('',3,(#9172,#9173,#9174,#9175,#9176,#9177,
#9178,#9179,#9180,#9181),.UNSPECIFIED.,.F.,.F.,(4,1,1,1,1,1,1,4),(15.707963267949,
16.3660070342758,17.3498104879278,18.3336139415798,19.3174173952318,20.3012208488838,
21.2850243025358,21.9911485751286),.UNSPECIFIED.);
#540=B_SPLINE_CURVE_WITH_KNOTS('',3,(#9298,#9299,#9300,#9301,#9302,#9303,
#9304,#9305,#9306,#9307,#9308,#9309,#9310,#9311,#9312,#9313,#9314,#9315,
#9316,#9317,#9318,#9319,#9320,#9321,#9322,#9323,#9324,#9325,#9326,#9327,
#9328,#9329,#9330,#9331,#9332,#9333,#9334,#9335,#9336,#9337,#9338,#9339,
#9340,#9341,#9342,#9343,#9344,#9345,#9346,#9347,#9348,#9349,#9350,#9351,
#9352,#9353,#9354,#9355,#9356,#9357,#9358,#9359,#9360,#9361,#9362,#9363,
#9364,#9365,#9366,#9367,#9368,#9369,#9370,#9371,#9372,#9373,#9374,#9375,
#9376,#9377,#9378,#9379,#9380,#9381,#9382,#9383,#9384,#9385,#9386,#9387,
#9388,#9389,#9390,#9391),.UNSPECIFIED.,.F.,.F.,(4,3,3,3,3,3,3,3,3,3,3,3,
3,3,3,3,3,3,3,3,3,3,3,3,3,3,3,3,3,3,3,4),(-0.569248610399392,-0.556667060043418,
-0.530864015229156,-0.515905258598854,-0.508604204678801,-0.503263337377729,
-0.476298583561916,-0.453201749259715,-0.447194591065956,-0.442500336427626,
-0.414888341693069,-0.386809882611372,-0.362988389244606,-0.345122269219532,
-0.340742448873432,-0.336431092283797,-0.307476999903766,-0.291523909144311,
-0.263491311658567,-0.247023104679907,-0.236427262682966,-0.231652577712021,
-0.226948387284688,-0.197988194424693,-0.168478663805109,-0.138724574299479,
-0.121384002512044,-0.116873464513515,-0.0863973478619582,-0.0558301705853641,
-0.0258368711772542,0.),.UNSPECIFIED.);
#541=B_SPLINE_CURVE_WITH_KNOTS('',3,(#9392,#9393,#9394,#9395,#9396,#9397,
#9398,#9399,#9400,#9401,#9402,#9403,#9404,#9405,#9406,#9407,#9408,#9409,
#9410,#9411,#9412,#9413,#9414,#9415,#9416),.UNSPECIFIED.,.F.,.F.,(4,3,3,
3,3,3,3,3,4),(-10.1321597128207,-9.83803453651999,-8.85423108286799,-7.87042762921599,
-6.88662417556399,-5.90282072191199,-4.91901726826,-3.935213814608,-3.84897440564117),
 .UNSPECIFIED.);
#542=B_SPLINE_CURVE_WITH_KNOTS('',3,(#9533,#9534,#9535,#9536,#9537,#9538,
#9539,#9540,#9541,#9542,#9543,#9544,#9545,#9546,#9547,#9548,#9549,#9550,
#9551,#9552,#9553,#9554,#9555,#9556,#9557,#9558,#9559,#9560,#9561,#9562,
#9563,#9564,#9565,#9566,#9567,#9568,#9569,#9570,#9571,#9572,#9573,#9574,
#9575,#9576,#9577,#9578,#9579,#9580,#9581,#9582,#9583,#9584,#9585,#9586,
#9587,#9588,#9589,#9590,#9591,#9592,#9593,#9594,#9595,#9596,#9597,#9598,
#9599,#9600,#9601,#9602,#9603,#9604,#9605,#9606,#9607,#9608,#9609,#9610,
#9611,#9612,#9613,#9614,#9615,#9616,#9617),.UNSPECIFIED.,.F.,.F.,(4,3,3,
3,3,3,3,3,3,3,3,3,3,3,3,3,3,3,3,3,3,3,3,3,3,3,3,3,4),(-0.566847306048103,
-0.551702068216757,-0.521324527191998,-0.505177043112934,-0.496324997482431,
-0.490598283383858,-0.460427199107077,-0.435744396959564,-0.425904533561546,
-0.420179214340104,-0.390715790724584,-0.36147537611973,-0.333142851589471,
-0.315598334173846,-0.311083887899579,-0.283082401735191,-0.262964781926972,
-0.234418963525281,-0.205116593084621,-0.200826599362319,-0.173040754720879,
-0.145244388210872,-0.117844966072635,-0.10262877742746,-0.0969128453612284,
-0.0701622411107959,-0.0438122046943829,-0.0182894917328228,0.),
 .UNSPECIFIED.);
#543=B_SPLINE_CURVE_WITH_KNOTS('',3,(#9618,#9619,#9620,#9621,#9622,#9623,
#9624,#9625,#9626,#9627,#9628,#9629,#9630,#9631,#9632,#9633,#9634,#9635,
#9636,#9637,#9638,#9639,#9640,#9641,#9642),.UNSPECIFIED.,.F.,.F.,(4,3,3,
3,3,3,3,3,4),(7.59274844815681,7.870427629216,8.854231082868,9.83803453651999,
10.821837990172,11.805641443824,12.789444897476,13.773248351128,13.8759337553364),
 .UNSPECIFIED.);
#544=B_SPLINE_CURVE_WITH_KNOTS('',3,(#9645,#9646,#9647,#9648,#9649,#9650,
#9651,#9652,#9653,#9654,#9655,#9656,#9657,#9658,#9659,#9660,#9661,#9662,
#9663,#9664,#9665,#9666,#9667,#9668,#9669,#9670,#9671,#9672,#9673,#9674,
#9675,#9676,#9677,#9678,#9679,#9680,#9681,#9682,#9683,#9684,#9685,#9686,
#9687,#9688,#9689,#9690,#9691,#9692,#9693,#9694,#9695,#9696,#9697,#9698,
#9699,#9700,#9701,#9702,#9703,#9704,#9705,#9706,#9707,#9708,#9709,#9710,
#9711,#9712,#9713,#9714,#9715,#9716,#9717,#9718,#9719,#9720,#9721,#9722,
#9723,#9724,#9725,#9726,#9727,#9728,#9729),.UNSPECIFIED.,.F.,.F.,(4,3,3,
3,3,3,3,3,3,3,3,3,3,3,3,3,3,3,3,3,3,3,3,3,3,3,3,3,4),(-0.566847306048103,
-0.551702068216772,-0.521324527456181,-0.505177043360607,-0.496324993342071,
-0.490598279934882,-0.460427195333209,-0.435744393657432,-0.425904519165324,
-0.42017921025572,-0.390715785763931,-0.361475365926963,-0.333142828677703,
-0.315598316990025,-0.311083877635159,-0.283082382229235,-0.262964781926992,
-0.234418958720641,-0.205116588880561,-0.200826598982174,-0.173040751609415,
-0.145244391671441,-0.117844984745605,-0.102628813016796,-0.0969128436774309,
-0.0701622517463453,-0.0438122331796037,-0.0182895425689776,0.),
 .UNSPECIFIED.);
#545=B_SPLINE_CURVE_WITH_KNOTS('',3,(#9730,#9731,#9732,#9733,#9734,#9735,
#9736,#9737,#9738,#9739,#9740,#9741,#9742,#9743,#9744,#9745,#9746,#9747,
#9748,#9749,#9750,#9751,#9752,#9753,#9754,#9755,#9756,#9757,#9758,#9759,
#9760,#9761,#9762,#9763,#9764,#9765,#9766,#9767,#9768,#9769,#9770,#9771,
#9772,#9773,#9774,#9775,#9776,#9777,#9778,#9779,#9780,#9781,#9782,#9783,
#9784,#9785,#9786,#9787,#9788,#9789,#9790,#9791,#9792,#9793,#9794,#9795,
#9796,#9797,#9798,#9799,#9800,#9801,#9802,#9803,#9804,#9805,#9806,#9807,
#9808,#9809,#9810,#9811,#9812,#9813,#9814,#9815,#9816,#9817,#9818,#9819,
#9820,#9821,#9822,#9823),.UNSPECIFIED.,.F.,.F.,(4,3,3,3,3,3,3,3,3,3,3,3,
3,3,3,3,3,3,3,3,3,3,3,3,3,3,3,3,3,3,3,4),(-0.56924861039943,-0.556667060043454,
-0.530864005687283,-0.515905249653348,-0.508604147336617,-0.503263327720591,
-0.476298569283045,-0.453201736765706,-0.447194530051478,-0.442500287471561,
-0.414888287723557,-0.386809828403256,-0.362988348588526,-0.345122238727478,
-0.340742374182919,-0.336431079873572,-0.307476988949329,-0.291523909144336,
-0.263491306178683,-0.247023099542515,-0.23642724928592,-0.231652525846966,
-0.226948384235934,-0.197988185173554,-0.168478648613379,-0.13872455825366,
-0.121383988471952,-0.116873446431707,-0.0863973260225806,-0.0558301520608802,
-0.0258368711977188,0.),.UNSPECIFIED.);
#546=B_SPLINE_CURVE_WITH_KNOTS('',3,(#9825,#9826,#9827,#9828,#9829,#9830,
#9831,#9832,#9833,#9834,#9835,#9836,#9837,#9838,#9839,#9840,#9841,#9842,
#9843,#9844,#9845,#9846,#9847,#9848,#9849),.UNSPECIFIED.,.F.,.F.,(4,3,3,
3,3,3,3,3,4),(581.194640914112,581.28088032308,582.264683776732,583.248487230384,
584.232290684036,585.216094137688,586.19989759134,587.183701044992,587.477826221291),
 .UNSPECIFIED.);
#547=B_SPLINE_CURVE_WITH_KNOTS('',3,(#9850,#9851,#9852,#9853,#9854,#9855,
#9856,#9857,#9858,#9859,#9860,#9861,#9862,#9863,#9864,#9865,#9866,#9867,
#9868,#9869,#9870,#9871),.UNSPECIFIED.,.F.,.F.,(4,3,3,3,3,3,3,4),(581.194640914112,
581.85268468044,582.836488134092,583.820291587744,584.804095041396,585.787898495048,
586.7717019487,587.477826221291),.UNSPECIFIED.);
#548=B_SPLINE_CURVE_WITH_KNOTS('',3,(#9988,#9989,#9990,#9991,#9992,#9993,
#9994,#9995,#9996,#9997,#9998,#9999,#10000,#10001,#10002,#10003,#10004,
#10005,#10006,#10007,#10008,#10009,#10010,#10011,#10012),.UNSPECIFIED.,
 .F.,.F.,(4,3,3,3,3,3,3,3,4),(-575.618837358983,-575.324712182683,-574.340908729031,
-573.357105275379,-572.373301821727,-571.389498368075,-570.405694914423,
-569.421891460771,-569.335652051804),.UNSPECIFIED.);
#549=B_SPLINE_CURVE_WITH_KNOTS('',3,(#10129,#10130,#10131,#10132,#10133,
#10134,#10135,#10136,#10137,#10138,#10139,#10140,#10141,#10142,#10143,#10144,
#10145,#10146,#10147,#10148,#10149,#10150,#10151,#10152,#10153),
 .UNSPECIFIED.,.F.,.F.,(4,3,3,3,3,3,3,3,4),(573.07942609432,573.357105275379,
574.340908729031,575.324712182683,576.308515636335,577.292319089987,578.276122543639,
579.259925997291,579.362611401499),.UNSPECIFIED.);
#550=B_SPLINE_CURVE_WITH_KNOTS('',3,(#10155,#10156,#10157,#10158,#10159,
#10160,#10161,#10162,#10163,#10164,#10165),.UNSPECIFIED.,.F.,.F.,(4,1,1,
1,1,1,1,1,4),(15.707963267949,15.7942026769157,16.7780061305677,17.7618095842197,
18.7456130378717,19.7294164915237,20.7132199451757,21.6970233988277,21.9911485751285),
 .UNSPECIFIED.);
#551=B_SPLINE_CURVE_WITH_KNOTS('',3,(#10166,#10167,#10168,#10169,#10170,
#10171,#10172,#10173,#10174,#10175),.UNSPECIFIED.,.F.,.F.,(4,1,1,1,1,1,
1,4),(15.707963267949,16.3660070342757,17.3498104879277,18.3336139415797,
19.3174173952317,20.3012208488837,21.2850243025357,21.9911485751286),
 .UNSPECIFIED.);
#552=B_SPLINE_CURVE_WITH_KNOTS('',3,(#10292,#10293,#10294,#10295,#10296,
#10297,#10298,#10299,#10300,#10301,#10302,#10303,#10304,#10305,#10306,#10307,
#10308,#10309,#10310,#10311,#10312,#10313,#10314,#10315,#10316),
 .UNSPECIFIED.,.F.,.F.,(4,3,3,3,3,3,3,3,4),(-10.1321597128208,-9.83803453651995,
-8.85423108286796,-7.87042762921596,-6.88662417556397,-5.90282072191197,
-4.91901726825998,-3.93521381460798,-3.84897440564123),.UNSPECIFIED.);
#553=B_SPLINE_CURVE_WITH_KNOTS('',3,(#10433,#10434,#10435,#10436,#10437,
#10438,#10439,#10440,#10441,#10442,#10443,#10444,#10445,#10446,#10447,#10448,
#10449,#10450,#10451,#10452,#10453,#10454,#10455,#10456,#10457),
 .UNSPECIFIED.,.F.,.F.,(4,3,3,3,3,3,3,3,4),(7.59274844815686,7.87042762921596,
8.85423108286795,9.83803453651995,10.8218379901719,11.8056414438239,12.7894448974759,
13.7732483511279,13.8759337553364),.UNSPECIFIED.);
#554=CIRCLE('',#2408,2.5175);
#555=CIRCLE('',#2410,2.5175);
#556=CIRCLE('',#2413,2.5175);
#557=CIRCLE('',#2415,2.5175);
#558=CIRCLE('',#2417,2.5175);
#559=CIRCLE('',#2420,2.5175);
#560=CIRCLE('',#2422,2.5175);
#561=CIRCLE('',#2424,2.5175);
#562=CIRCLE('',#2427,2.5175);
#563=CIRCLE('',#2429,2.5175);
#564=CIRCLE('',#2431,2.5175);
#565=CIRCLE('',#2434,2.5175);
#566=CIRCLE('',#2436,3.0735);
#567=CIRCLE('',#2440,3.0735);
#568=CIRCLE('',#2442,3.07349999999999);
#569=CIRCLE('',#2446,3.07349999999999);
#570=CIRCLE('',#2448,3.0735);
#571=CIRCLE('',#2452,3.0735);
#572=CIRCLE('',#2454,3.07349999999999);
#573=CIRCLE('',#2458,3.07349999999999);
#574=CIRCLE('',#2460,2.5175);
#575=CIRCLE('',#2462,2.5175);
#576=CIRCLE('',#2465,2.5175);
#577=CIRCLE('',#2467,2.5175);
#578=CIRCLE('',#2469,2.5175);
#579=CIRCLE('',#2472,2.5175);
#580=CIRCLE('',#2474,2.5175);
#581=CIRCLE('',#2476,2.5175);
#582=CIRCLE('',#2479,2.5175);
#583=CIRCLE('',#2481,2.5175);
#584=CIRCLE('',#2483,2.5175);
#585=CIRCLE('',#2486,2.5175);
#586=CIRCLE('',#2488,3.0735);
#587=CIRCLE('',#2492,3.0735);
#588=CIRCLE('',#2494,3.07349999999998);
#589=CIRCLE('',#2498,3.07349999999998);
#590=CIRCLE('',#2500,3.0735);
#591=CIRCLE('',#2504,3.0735);
#592=CIRCLE('',#2506,3.07349999999998);
#593=CIRCLE('',#2510,3.07349999999998);
#594=CIRCLE('',#2512,2.5);
#595=CIRCLE('',#2513,2.5);
#596=CIRCLE('',#2516,2.5);
#597=CIRCLE('',#2517,2.5);
#598=CIRCLE('',#2518,2.5);
#599=CIRCLE('',#2520,2.5);
#600=CIRCLE('',#2523,2.5);
#601=CIRCLE('',#2526,2.5);
#602=CIRCLE('',#2549,6.58284271247462);
#603=CIRCLE('',#2550,3.2);
#604=CIRCLE('',#2552,3.2);
#605=CIRCLE('',#2554,6.58284271247462);
#606=CIRCLE('',#2555,3.2);
#607=CIRCLE('',#2557,3.2);
#608=CIRCLE('',#2559,6.58284271247462);
#609=CIRCLE('',#2560,3.2);
#610=CIRCLE('',#2562,3.2);
#611=CIRCLE('',#2564,6.58284271247462);
#612=CIRCLE('',#2565,3.2);
#613=CIRCLE('',#2567,3.2);
#614=CIRCLE('',#2569,6.58284271247462);
#615=CIRCLE('',#2570,3.2);
#616=CIRCLE('',#2572,3.2);
#617=CIRCLE('',#2574,6.58284271247462);
#618=CIRCLE('',#2575,3.2);
#619=CIRCLE('',#2577,3.2);
#620=CIRCLE('',#2579,6.58284271247462);
#621=CIRCLE('',#2580,3.2);
#622=CIRCLE('',#2582,3.2);
#623=CIRCLE('',#2584,6.58284271247462);
#624=CIRCLE('',#2585,3.2);
#625=CIRCLE('',#2587,3.2);
#626=LINE('',#3070,#734);
#627=LINE('',#3080,#735);
#628=LINE('',#3130,#736);
#629=LINE('',#3178,#737);
#630=LINE('',#3217,#738);
#631=LINE('',#3227,#739);
#632=LINE('',#3277,#740);
#633=LINE('',#3325,#741);
#634=LINE('',#3364,#742);
#635=LINE('',#3374,#743);
#636=LINE('',#3424,#744);
#637=LINE('',#3472,#745);
#638=LINE('',#3511,#746);
#639=LINE('',#3521,#747);
#640=LINE('',#3571,#748);
#641=LINE('',#3619,#749);
#642=LINE('',#3658,#750);
#643=LINE('',#3678,#751);
#644=LINE('',#3703,#752);
#645=LINE('',#3728,#753);
#646=LINE('',#3745,#754);
#647=LINE('',#3765,#755);
#648=LINE('',#3790,#756);
#649=LINE('',#3815,#757);
#650=LINE('',#3836,#758);
#651=LINE('',#3856,#759);
#652=LINE('',#3881,#760);
#653=LINE('',#3906,#761);
#654=LINE('',#3923,#762);
#655=LINE('',#3943,#763);
#656=LINE('',#3968,#764);
#657=LINE('',#3993,#765);
#658=LINE('',#4014,#766);
#659=LINE('',#4024,#767);
#660=LINE('',#4074,#768);
#661=LINE('',#4122,#769);
#662=LINE('',#4161,#770);
#663=LINE('',#4171,#771);
#664=LINE('',#4221,#772);
#665=LINE('',#4269,#773);
#666=LINE('',#4308,#774);
#667=LINE('',#4318,#775);
#668=LINE('',#4368,#776);
#669=LINE('',#4416,#777);
#670=LINE('',#4455,#778);
#671=LINE('',#4465,#779);
#672=LINE('',#4515,#780);
#673=LINE('',#4563,#781);
#674=LINE('',#4602,#782);
#675=LINE('',#4622,#783);
#676=LINE('',#4647,#784);
#677=LINE('',#4672,#785);
#678=LINE('',#4689,#786);
#679=LINE('',#4715,#787);
#680=LINE('',#4752,#788);
#681=LINE('',#4777,#789);
#682=LINE('',#4796,#790);
#683=LINE('',#4816,#791);
#684=LINE('',#4841,#792);
#685=LINE('',#4866,#793);
#686=LINE('',#4883,#794);
#687=LINE('',#4903,#795);
#688=LINE('',#4928,#796);
#689=LINE('',#4953,#797);
#690=LINE('',#4976,#798);
#691=LINE('',#4979,#799);
#692=LINE('',#4982,#800);
#693=LINE('',#4984,#801);
#694=LINE('',#4985,#802);
#695=LINE('',#5352,#803);
#696=LINE('',#5356,#804);
#697=LINE('',#5360,#805);
#698=LINE('',#5364,#806);
#699=LINE('',#5366,#807);
#700=LINE('',#5368,#808);
#701=LINE('',#5369,#809);
#702=LINE('',#5372,#810);
#703=LINE('',#5376,#811);
#704=LINE('',#5377,#812);
#705=LINE('',#5744,#813);
#706=LINE('',#5748,#814);
#707=LINE('',#5749,#815);
#708=LINE('',#6116,#816);
#709=LINE('',#6119,#817);
#710=LINE('',#6996,#818);
#711=LINE('',#6997,#819);
#712=LINE('',#6998,#820);
#713=LINE('',#8463,#821);
#714=LINE('',#8464,#822);
#715=LINE('',#8465,#823);
#716=LINE('',#8980,#824);
#717=LINE('',#9644,#825);
#718=LINE('',#10466,#826);
#719=LINE('',#10470,#827);
#720=LINE('',#10476,#828);
#721=LINE('',#10480,#829);
#722=LINE('',#10486,#830);
#723=LINE('',#10490,#831);
#724=LINE('',#10496,#832);
#725=LINE('',#10500,#833);
#726=LINE('',#10506,#834);
#727=LINE('',#10510,#835);
#728=LINE('',#10516,#836);
#729=LINE('',#10520,#837);
#730=LINE('',#10526,#838);
#731=LINE('',#10530,#839);
#732=LINE('',#10536,#840);
#733=LINE('',#10540,#841);
#734=VECTOR('',#2594,2.5175);
#735=VECTOR('',#2599,2.5175);
#736=VECTOR('',#2604,2.5175);
#737=VECTOR('',#2607,2.5175);
#738=VECTOR('',#2612,2.5175);
#739=VECTOR('',#2617,2.5175);
#740=VECTOR('',#2622,2.5175);
#741=VECTOR('',#2625,2.5175);
#742=VECTOR('',#2630,2.5175);
#743=VECTOR('',#2635,2.5175);
#744=VECTOR('',#2640,2.5175);
#745=VECTOR('',#2643,2.5175);
#746=VECTOR('',#2648,2.5175);
#747=VECTOR('',#2653,2.5175);
#748=VECTOR('',#2658,2.5175);
#749=VECTOR('',#2661,2.5175);
#750=VECTOR('',#2666,3.0735);
#751=VECTOR('',#2671,3.0735);
#752=VECTOR('',#2674,3.0735);
#753=VECTOR('',#2677,3.0735);
#754=VECTOR('',#2682,3.0735);
#755=VECTOR('',#2687,3.0735);
#756=VECTOR('',#2690,3.0735);
#757=VECTOR('',#2693,3.0735);
#758=VECTOR('',#2698,3.0735);
#759=VECTOR('',#2703,3.0735);
#760=VECTOR('',#2706,3.0735);
#761=VECTOR('',#2709,3.0735);
#762=VECTOR('',#2714,3.0735);
#763=VECTOR('',#2719,3.0735);
#764=VECTOR('',#2722,3.0735);
#765=VECTOR('',#2725,3.0735);
#766=VECTOR('',#2730,2.5175);
#767=VECTOR('',#2735,2.5175);
#768=VECTOR('',#2740,2.5175);
#769=VECTOR('',#2743,2.5175);
#770=VECTOR('',#2748,2.5175);
#771=VECTOR('',#2753,2.5175);
#772=VECTOR('',#2758,2.5175);
#773=VECTOR('',#2761,2.5175);
#774=VECTOR('',#2766,2.5175);
#775=VECTOR('',#2771,2.5175);
#776=VECTOR('',#2776,2.5175);
#777=VECTOR('',#2779,2.5175);
#778=VECTOR('',#2784,2.5175);
#779=VECTOR('',#2789,2.5175);
#780=VECTOR('',#2794,2.5175);
#781=VECTOR('',#2797,2.5175);
#782=VECTOR('',#2802,3.0735);
#783=VECTOR('',#2807,3.0735);
#784=VECTOR('',#2810,3.0735);
#785=VECTOR('',#2813,3.0735);
#786=VECTOR('',#2818,3.0735);
#787=VECTOR('',#2823,3.0735);
#788=VECTOR('',#2826,3.0735);
#789=VECTOR('',#2829,3.0735);
#790=VECTOR('',#2834,3.0735);
#791=VECTOR('',#2839,3.0735);
#792=VECTOR('',#2842,3.0735);
#793=VECTOR('',#2845,3.0735);
#794=VECTOR('',#2850,3.0735);
#795=VECTOR('',#2855,3.0735);
#796=VECTOR('',#2858,3.0735);
#797=VECTOR('',#2861,3.0735);
#798=VECTOR('',#2868,10.);
#799=VECTOR('',#2871,10.);
#800=VECTOR('',#2874,10.);
#801=VECTOR('',#2875,10.);
#802=VECTOR('',#2876,10.);
#803=VECTOR('',#2879,10.);
#804=VECTOR('',#2882,10.);
#805=VECTOR('',#2885,10.);
#806=VECTOR('',#2888,10.);
#807=VECTOR('',#2889,10.);
#808=VECTOR('',#2890,10.);
#809=VECTOR('',#2891,10.);
#810=VECTOR('',#2894,10.);
#811=VECTOR('',#2899,10.);
#812=VECTOR('',#2900,10.);
#813=VECTOR('',#2903,10.);
#814=VECTOR('',#2908,10.);
#815=VECTOR('',#2909,10.);
#816=VECTOR('',#2912,10.);
#817=VECTOR('',#2917,10.);
#818=VECTOR('',#2922,10.);
#819=VECTOR('',#2923,10.);
#820=VECTOR('',#2924,10.);
#821=VECTOR('',#2933,10.);
#822=VECTOR('',#2934,10.);
#823=VECTOR('',#2935,10.);
#824=VECTOR('',#2948,10.);
#825=VECTOR('',#2953,10.);
#826=VECTOR('',#2970,4.75);
#827=VECTOR('',#2975,3.2);
#828=VECTOR('',#2982,4.75);
#829=VECTOR('',#2987,3.2);
#830=VECTOR('',#2994,4.75);
#831=VECTOR('',#2999,3.2);
#832=VECTOR('',#3006,4.75);
#833=VECTOR('',#3011,3.2);
#834=VECTOR('',#3018,4.75);
#835=VECTOR('',#3023,3.2);
#836=VECTOR('',#3030,4.75);
#837=VECTOR('',#3035,3.2);
#838=VECTOR('',#3042,4.75);
#839=VECTOR('',#3047,3.2);
#840=VECTOR('',#3054,4.75);
#841=VECTOR('',#3059,3.2);
#842=VERTEX_POINT('',#3068);
#843=VERTEX_POINT('',#3069);
#844=VERTEX_POINT('',#3071);
#845=VERTEX_POINT('',#3078);
#846=VERTEX_POINT('',#3079);
#847=VERTEX_POINT('',#3081);
#848=VERTEX_POINT('',#3128);
#849=VERTEX_POINT('',#3129);
#850=VERTEX_POINT('',#3176);
#851=VERTEX_POINT('',#3177);
#852=VERTEX_POINT('',#3179);
#853=VERTEX_POINT('',#3193);
#854=VERTEX_POINT('',#3215);
#855=VERTEX_POINT('',#3216);
#856=VERTEX_POINT('',#3218);
#857=VERTEX_POINT('',#3225);
#858=VERTEX_POINT('',#3226);
#859=VERTEX_POINT('',#3228);
#860=VERTEX_POINT('',#3275);
#861=VERTEX_POINT('',#3276);
#862=VERTEX_POINT('',#3323);
#863=VERTEX_POINT('',#3324);
#864=VERTEX_POINT('',#3326);
#865=VERTEX_POINT('',#3340);
#866=VERTEX_POINT('',#3362);
#867=VERTEX_POINT('',#3363);
#868=VERTEX_POINT('',#3365);
#869=VERTEX_POINT('',#3372);
#870=VERTEX_POINT('',#3373);
#871=VERTEX_POINT('',#3375);
#872=VERTEX_POINT('',#3422);
#873=VERTEX_POINT('',#3423);
#874=VERTEX_POINT('',#3470);
#875=VERTEX_POINT('',#3471);
#876=VERTEX_POINT('',#3473);
#877=VERTEX_POINT('',#3487);
#878=VERTEX_POINT('',#3509);
#879=VERTEX_POINT('',#3510);
#880=VERTEX_POINT('',#3512);
#881=VERTEX_POINT('',#3519);
#882=VERTEX_POINT('',#3520);
#883=VERTEX_POINT('',#3522);
#884=VERTEX_POINT('',#3569);
#885=VERTEX_POINT('',#3570);
#886=VERTEX_POINT('',#3617);
#887=VERTEX_POINT('',#3618);
#888=VERTEX_POINT('',#3620);
#889=VERTEX_POINT('',#3634);
#890=VERTEX_POINT('',#3656);
#891=VERTEX_POINT('',#3657);
#892=VERTEX_POINT('',#3659);
#893=VERTEX_POINT('',#3666);
#894=VERTEX_POINT('',#3676);
#895=VERTEX_POINT('',#3677);
#896=VERTEX_POINT('',#3701);
#897=VERTEX_POINT('',#3702);
#898=VERTEX_POINT('',#3726);
#899=VERTEX_POINT('',#3727);
#900=VERTEX_POINT('',#3729);
#901=VERTEX_POINT('',#3735);
#902=VERTEX_POINT('',#3743);
#903=VERTEX_POINT('',#3744);
#904=VERTEX_POINT('',#3746);
#905=VERTEX_POINT('',#3753);
#906=VERTEX_POINT('',#3763);
#907=VERTEX_POINT('',#3764);
#908=VERTEX_POINT('',#3788);
#909=VERTEX_POINT('',#3789);
#910=VERTEX_POINT('',#3813);
#911=VERTEX_POINT('',#3814);
#912=VERTEX_POINT('',#3816);
#913=VERTEX_POINT('',#3824);
#914=VERTEX_POINT('',#3834);
#915=VERTEX_POINT('',#3835);
#916=VERTEX_POINT('',#3837);
#917=VERTEX_POINT('',#3844);
#918=VERTEX_POINT('',#3854);
#919=VERTEX_POINT('',#3855);
#920=VERTEX_POINT('',#3879);
#921=VERTEX_POINT('',#3880);
#922=VERTEX_POINT('',#3904);
#923=VERTEX_POINT('',#3905);
#924=VERTEX_POINT('',#3907);
#925=VERTEX_POINT('',#3913);
#926=VERTEX_POINT('',#3921);
#927=VERTEX_POINT('',#3922);
#928=VERTEX_POINT('',#3924);
#929=VERTEX_POINT('',#3931);
#930=VERTEX_POINT('',#3941);
#931=VERTEX_POINT('',#3942);
#932=VERTEX_POINT('',#3966);
#933=VERTEX_POINT('',#3967);
#934=VERTEX_POINT('',#3991);
#935=VERTEX_POINT('',#3992);
#936=VERTEX_POINT('',#3994);
#937=VERTEX_POINT('',#4002);
#938=VERTEX_POINT('',#4012);
#939=VERTEX_POINT('',#4013);
#940=VERTEX_POINT('',#4015);
#941=VERTEX_POINT('',#4022);
#942=VERTEX_POINT('',#4023);
#943=VERTEX_POINT('',#4025);
#944=VERTEX_POINT('',#4072);
#945=VERTEX_POINT('',#4073);
#946=VERTEX_POINT('',#4120);
#947=VERTEX_POINT('',#4121);
#948=VERTEX_POINT('',#4123);
#949=VERTEX_POINT('',#4137);
#950=VERTEX_POINT('',#4159);
#951=VERTEX_POINT('',#4160);
#952=VERTEX_POINT('',#4162);
#953=VERTEX_POINT('',#4169);
#954=VERTEX_POINT('',#4170);
#955=VERTEX_POINT('',#4172);
#956=VERTEX_POINT('',#4219);
#957=VERTEX_POINT('',#4220);
#958=VERTEX_POINT('',#4267);
#959=VERTEX_POINT('',#4268);
#960=VERTEX_POINT('',#4270);
#961=VERTEX_POINT('',#4284);
#962=VERTEX_POINT('',#4306);
#963=VERTEX_POINT('',#4307);
#964=VERTEX_POINT('',#4309);
#965=VERTEX_POINT('',#4316);
#966=VERTEX_POINT('',#4317);
#967=VERTEX_POINT('',#4319);
#968=VERTEX_POINT('',#4366);
#969=VERTEX_POINT('',#4367);
#970=VERTEX_POINT('',#4414);
#971=VERTEX_POINT('',#4415);
#972=VERTEX_POINT('',#4417);
#973=VERTEX_POINT('',#4431);
#974=VERTEX_POINT('',#4453);
#975=VERTEX_POINT('',#4454);
#976=VERTEX_POINT('',#4456);
#977=VERTEX_POINT('',#4463);
#978=VERTEX_POINT('',#4464);
#979=VERTEX_POINT('',#4466);
#980=VERTEX_POINT('',#4513);
#981=VERTEX_POINT('',#4514);
#982=VERTEX_POINT('',#4561);
#983=VERTEX_POINT('',#4562);
#984=VERTEX_POINT('',#4564);
#985=VERTEX_POINT('',#4578);
#986=VERTEX_POINT('',#4600);
#987=VERTEX_POINT('',#4601);
#988=VERTEX_POINT('',#4603);
#989=VERTEX_POINT('',#4610);
#990=VERTEX_POINT('',#4620);
#991=VERTEX_POINT('',#4621);
#992=VERTEX_POINT('',#4645);
#993=VERTEX_POINT('',#4646);
#994=VERTEX_POINT('',#4670);
#995=VERTEX_POINT('',#4671);
#996=VERTEX_POINT('',#4673);
#997=VERTEX_POINT('',#4679);
#998=VERTEX_POINT('',#4687);
#999=VERTEX_POINT('',#4688);
#1000=VERTEX_POINT('',#4690);
#1001=VERTEX_POINT('',#4697);
#1002=VERTEX_POINT('',#4713);
#1003=VERTEX_POINT('',#4714);
#1004=VERTEX_POINT('',#4750);
#1005=VERTEX_POINT('',#4751);
#1006=VERTEX_POINT('',#4775);
#1007=VERTEX_POINT('',#4776);
#1008=VERTEX_POINT('',#4778);
#1009=VERTEX_POINT('',#4786);
#1010=VERTEX_POINT('',#4794);
#1011=VERTEX_POINT('',#4795);
#1012=VERTEX_POINT('',#4797);
#1013=VERTEX_POINT('',#4804);
#1014=VERTEX_POINT('',#4814);
#1015=VERTEX_POINT('',#4815);
#1016=VERTEX_POINT('',#4839);
#1017=VERTEX_POINT('',#4840);
#1018=VERTEX_POINT('',#4864);
#1019=VERTEX_POINT('',#4865);
#1020=VERTEX_POINT('',#4867);
#1021=VERTEX_POINT('',#4873);
#1022=VERTEX_POINT('',#4881);
#1023=VERTEX_POINT('',#4882);
#1024=VERTEX_POINT('',#4884);
#1025=VERTEX_POINT('',#4891);
#1026=VERTEX_POINT('',#4901);
#1027=VERTEX_POINT('',#4902);
#1028=VERTEX_POINT('',#4926);
#1029=VERTEX_POINT('',#4927);
#1030=VERTEX_POINT('',#4951);
#1031=VERTEX_POINT('',#4952);
#1032=VERTEX_POINT('',#4954);
#1033=VERTEX_POINT('',#4962);
#1034=VERTEX_POINT('',#4972);
#1035=VERTEX_POINT('',#4973);
#1036=VERTEX_POINT('',#4975);
#1037=VERTEX_POINT('',#4977);
#1038=VERTEX_POINT('',#4981);
#1039=VERTEX_POINT('',#4983);
#1040=VERTEX_POINT('',#5351);
#1041=VERTEX_POINT('',#5353);
#1042=VERTEX_POINT('',#5355);
#1043=VERTEX_POINT('',#5357);
#1044=VERTEX_POINT('',#5359);
#1045=VERTEX_POINT('',#5362);
#1046=VERTEX_POINT('',#5363);
#1047=VERTEX_POINT('',#5365);
#1048=VERTEX_POINT('',#5367);
#1049=VERTEX_POINT('',#5371);
#1050=VERTEX_POINT('',#5375);
#1051=VERTEX_POINT('',#5743);
#1052=VERTEX_POINT('',#5747);
#1053=VERTEX_POINT('',#6115);
#1054=VERTEX_POINT('',#6994);
#1055=VERTEX_POINT('',#6995);
#1056=VERTEX_POINT('',#8461);
#1057=VERTEX_POINT('',#8462);
#1058=VERTEX_POINT('',#10463);
#1059=VERTEX_POINT('',#10465);
#1060=VERTEX_POINT('',#10469);
#1061=VERTEX_POINT('',#10473);
#1062=VERTEX_POINT('',#10475);
#1063=VERTEX_POINT('',#10479);
#1064=VERTEX_POINT('',#10483);
#1065=VERTEX_POINT('',#10485);
#1066=VERTEX_POINT('',#10489);
#1067=VERTEX_POINT('',#10493);
#1068=VERTEX_POINT('',#10495);
#1069=VERTEX_POINT('',#10499);
#1070=VERTEX_POINT('',#10503);
#1071=VERTEX_POINT('',#10505);
#1072=VERTEX_POINT('',#10509);
#1073=VERTEX_POINT('',#10513);
#1074=VERTEX_POINT('',#10515);
#1075=VERTEX_POINT('',#10519);
#1076=VERTEX_POINT('',#10523);
#1077=VERTEX_POINT('',#10525);
#1078=VERTEX_POINT('',#10529);
#1079=VERTEX_POINT('',#10533);
#1080=VERTEX_POINT('',#10535);
#1081=VERTEX_POINT('',#10539);
#1082=EDGE_CURVE('',#842,#843,#626,.T.);
#1083=EDGE_CURVE('',#844,#843,#554,.T.);
#1084=EDGE_CURVE('',#844,#842,#370,.T.);
#1085=EDGE_CURVE('',#845,#846,#627,.T.);
#1086=EDGE_CURVE('',#846,#847,#371,.T.);
#1087=EDGE_CURVE('',#843,#847,#555,.T.);
#1088=EDGE_CURVE('',#842,#845,#372,.T.);
#1089=EDGE_CURVE('',#848,#849,#628,.T.);
#1090=EDGE_CURVE('',#849,#846,#373,.T.);
#1091=EDGE_CURVE('',#845,#848,#374,.T.);
#1092=EDGE_CURVE('',#850,#851,#629,.T.);
#1093=EDGE_CURVE('',#850,#852,#375,.T.);
#1094=EDGE_CURVE('',#853,#852,#556,.F.);
#1095=EDGE_CURVE('',#853,#851,#376,.T.);
#1096=EDGE_CURVE('',#854,#855,#630,.T.);
#1097=EDGE_CURVE('',#856,#855,#557,.F.);
#1098=EDGE_CURVE('',#856,#854,#377,.T.);
#1099=EDGE_CURVE('',#857,#858,#631,.T.);
#1100=EDGE_CURVE('',#858,#859,#378,.T.);
#1101=EDGE_CURVE('',#855,#859,#558,.F.);
#1102=EDGE_CURVE('',#854,#857,#379,.T.);
#1103=EDGE_CURVE('',#860,#861,#632,.T.);
#1104=EDGE_CURVE('',#861,#858,#380,.T.);
#1105=EDGE_CURVE('',#857,#860,#381,.T.);
#1106=EDGE_CURVE('',#862,#863,#633,.T.);
#1107=EDGE_CURVE('',#862,#864,#382,.T.);
#1108=EDGE_CURVE('',#865,#864,#559,.T.);
#1109=EDGE_CURVE('',#865,#863,#383,.T.);
#1110=EDGE_CURVE('',#866,#867,#634,.T.);
#1111=EDGE_CURVE('',#868,#867,#560,.T.);
#1112=EDGE_CURVE('',#868,#866,#384,.T.);
#1113=EDGE_CURVE('',#869,#870,#635,.T.);
#1114=EDGE_CURVE('',#870,#871,#385,.T.);
#1115=EDGE_CURVE('',#867,#871,#561,.T.);
#1116=EDGE_CURVE('',#866,#869,#386,.T.);
#1117=EDGE_CURVE('',#872,#873,#636,.T.);
#1118=EDGE_CURVE('',#873,#870,#387,.T.);
#1119=EDGE_CURVE('',#869,#872,#388,.T.);
#1120=EDGE_CURVE('',#874,#875,#637,.T.);
#1121=EDGE_CURVE('',#874,#876,#389,.T.);
#1122=EDGE_CURVE('',#877,#876,#562,.F.);
#1123=EDGE_CURVE('',#877,#875,#390,.T.);
#1124=EDGE_CURVE('',#878,#879,#638,.T.);
#1125=EDGE_CURVE('',#880,#879,#563,.F.);
#1126=EDGE_CURVE('',#880,#878,#391,.T.);
#1127=EDGE_CURVE('',#881,#882,#639,.T.);
#1128=EDGE_CURVE('',#882,#883,#392,.T.);
#1129=EDGE_CURVE('',#879,#883,#564,.F.);
#1130=EDGE_CURVE('',#878,#881,#393,.T.);
#1131=EDGE_CURVE('',#884,#885,#640,.T.);
#1132=EDGE_CURVE('',#885,#882,#394,.T.);
#1133=EDGE_CURVE('',#881,#884,#395,.T.);
#1134=EDGE_CURVE('',#886,#887,#641,.T.);
#1135=EDGE_CURVE('',#886,#888,#396,.T.);
#1136=EDGE_CURVE('',#889,#888,#565,.T.);
#1137=EDGE_CURVE('',#889,#887,#397,.T.);
#1138=EDGE_CURVE('',#890,#891,#642,.T.);
#1139=EDGE_CURVE('',#891,#892,#398,.T.);
#1140=EDGE_CURVE('',#893,#892,#566,.F.);
#1141=EDGE_CURVE('',#890,#893,#399,.T.);
#1142=EDGE_CURVE('',#894,#895,#643,.T.);
#1143=EDGE_CURVE('',#895,#891,#400,.T.);
#1144=EDGE_CURVE('',#894,#890,#401,.T.);
#1145=EDGE_CURVE('',#896,#897,#644,.T.);
#1146=EDGE_CURVE('',#897,#895,#402,.T.);
#1147=EDGE_CURVE('',#896,#894,#403,.T.);
#1148=EDGE_CURVE('',#898,#899,#645,.T.);
#1149=EDGE_CURVE('',#900,#898,#404,.T.);
#1150=EDGE_CURVE('',#901,#900,#567,.T.);
#1151=EDGE_CURVE('',#901,#899,#405,.T.);
#1152=EDGE_CURVE('',#902,#903,#646,.T.);
#1153=EDGE_CURVE('',#903,#904,#406,.T.);
#1154=EDGE_CURVE('',#905,#904,#568,.T.);
#1155=EDGE_CURVE('',#902,#905,#407,.T.);
#1156=EDGE_CURVE('',#906,#907,#647,.T.);
#1157=EDGE_CURVE('',#907,#903,#408,.T.);
#1158=EDGE_CURVE('',#906,#902,#409,.T.);
#1159=EDGE_CURVE('',#908,#909,#648,.T.);
#1160=EDGE_CURVE('',#909,#907,#410,.T.);
#1161=EDGE_CURVE('',#908,#906,#411,.T.);
#1162=EDGE_CURVE('',#910,#911,#649,.T.);
#1163=EDGE_CURVE('',#912,#910,#412,.T.);
#1164=EDGE_CURVE('',#913,#912,#569,.F.);
#1165=EDGE_CURVE('',#913,#911,#413,.T.);
#1166=EDGE_CURVE('',#914,#915,#650,.T.);
#1167=EDGE_CURVE('',#915,#916,#414,.T.);
#1168=EDGE_CURVE('',#917,#916,#570,.F.);
#1169=EDGE_CURVE('',#914,#917,#415,.T.);
#1170=EDGE_CURVE('',#918,#919,#651,.T.);
#1171=EDGE_CURVE('',#919,#915,#416,.T.);
#1172=EDGE_CURVE('',#918,#914,#417,.T.);
#1173=EDGE_CURVE('',#920,#921,#652,.T.);
#1174=EDGE_CURVE('',#921,#919,#418,.T.);
#1175=EDGE_CURVE('',#920,#918,#419,.T.);
#1176=EDGE_CURVE('',#922,#923,#653,.T.);
#1177=EDGE_CURVE('',#924,#922,#420,.T.);
#1178=EDGE_CURVE('',#925,#924,#571,.T.);
#1179=EDGE_CURVE('',#925,#923,#421,.T.);
#1180=EDGE_CURVE('',#926,#927,#654,.T.);
#1181=EDGE_CURVE('',#927,#928,#422,.T.);
#1182=EDGE_CURVE('',#929,#928,#572,.T.);
#1183=EDGE_CURVE('',#926,#929,#423,.T.);
#1184=EDGE_CURVE('',#930,#931,#655,.T.);
#1185=EDGE_CURVE('',#931,#927,#424,.T.);
#1186=EDGE_CURVE('',#930,#926,#425,.T.);
#1187=EDGE_CURVE('',#932,#933,#656,.T.);
#1188=EDGE_CURVE('',#933,#931,#426,.T.);
#1189=EDGE_CURVE('',#932,#930,#427,.T.);
#1190=EDGE_CURVE('',#934,#935,#657,.T.);
#1191=EDGE_CURVE('',#936,#934,#428,.T.);
#1192=EDGE_CURVE('',#937,#936,#573,.F.);
#1193=EDGE_CURVE('',#937,#935,#429,.T.);
#1194=EDGE_CURVE('',#938,#939,#658,.T.);
#1195=EDGE_CURVE('',#940,#939,#574,.F.);
#1196=EDGE_CURVE('',#940,#938,#430,.T.);
#1197=EDGE_CURVE('',#941,#942,#659,.T.);
#1198=EDGE_CURVE('',#942,#943,#431,.T.);
#1199=EDGE_CURVE('',#939,#943,#575,.F.);
#1200=EDGE_CURVE('',#938,#941,#432,.T.);
#1201=EDGE_CURVE('',#944,#945,#660,.T.);
#1202=EDGE_CURVE('',#945,#942,#433,.T.);
#1203=EDGE_CURVE('',#941,#944,#434,.T.);
#1204=EDGE_CURVE('',#946,#947,#661,.T.);
#1205=EDGE_CURVE('',#946,#948,#435,.T.);
#1206=EDGE_CURVE('',#949,#948,#576,.T.);
#1207=EDGE_CURVE('',#949,#947,#436,.T.);
#1208=EDGE_CURVE('',#950,#951,#662,.T.);
#1209=EDGE_CURVE('',#952,#951,#577,.T.);
#1210=EDGE_CURVE('',#952,#950,#437,.T.);
#1211=EDGE_CURVE('',#953,#954,#663,.T.);
#1212=EDGE_CURVE('',#954,#955,#438,.T.);
#1213=EDGE_CURVE('',#951,#955,#578,.T.);
#1214=EDGE_CURVE('',#950,#953,#439,.T.);
#1215=EDGE_CURVE('',#956,#957,#664,.T.);
#1216=EDGE_CURVE('',#957,#954,#440,.T.);
#1217=EDGE_CURVE('',#953,#956,#441,.T.);
#1218=EDGE_CURVE('',#958,#959,#665,.T.);
#1219=EDGE_CURVE('',#958,#960,#442,.T.);
#1220=EDGE_CURVE('',#961,#960,#579,.F.);
#1221=EDGE_CURVE('',#961,#959,#443,.T.);
#1222=EDGE_CURVE('',#962,#963,#666,.T.);
#1223=EDGE_CURVE('',#964,#963,#580,.F.);
#1224=EDGE_CURVE('',#964,#962,#444,.T.);
#1225=EDGE_CURVE('',#965,#966,#667,.T.);
#1226=EDGE_CURVE('',#966,#967,#445,.T.);
#1227=EDGE_CURVE('',#963,#967,#581,.F.);
#1228=EDGE_CURVE('',#962,#965,#446,.T.);
#1229=EDGE_CURVE('',#968,#969,#668,.T.);
#1230=EDGE_CURVE('',#969,#966,#447,.T.);
#1231=EDGE_CURVE('',#965,#968,#448,.T.);
#1232=EDGE_CURVE('',#970,#971,#669,.T.);
#1233=EDGE_CURVE('',#970,#972,#449,.T.);
#1234=EDGE_CURVE('',#973,#972,#582,.T.);
#1235=EDGE_CURVE('',#973,#971,#450,.T.);
#1236=EDGE_CURVE('',#974,#975,#670,.T.);
#1237=EDGE_CURVE('',#976,#975,#583,.T.);
#1238=EDGE_CURVE('',#976,#974,#451,.T.);
#1239=EDGE_CURVE('',#977,#978,#671,.T.);
#1240=EDGE_CURVE('',#978,#979,#452,.T.);
#1241=EDGE_CURVE('',#975,#979,#584,.T.);
#1242=EDGE_CURVE('',#974,#977,#453,.T.);
#1243=EDGE_CURVE('',#980,#981,#672,.T.);
#1244=EDGE_CURVE('',#981,#978,#454,.T.);
#1245=EDGE_CURVE('',#977,#980,#455,.T.);
#1246=EDGE_CURVE('',#982,#983,#673,.T.);
#1247=EDGE_CURVE('',#982,#984,#456,.T.);
#1248=EDGE_CURVE('',#985,#984,#585,.F.);
#1249=EDGE_CURVE('',#985,#983,#457,.T.);
#1250=EDGE_CURVE('',#986,#987,#674,.T.);
#1251=EDGE_CURVE('',#987,#988,#458,.T.);
#1252=EDGE_CURVE('',#989,#988,#586,.F.);
#1253=EDGE_CURVE('',#986,#989,#459,.T.);
#1254=EDGE_CURVE('',#990,#991,#675,.T.);
#1255=EDGE_CURVE('',#991,#987,#460,.T.);
#1256=EDGE_CURVE('',#990,#986,#461,.T.);
#1257=EDGE_CURVE('',#992,#993,#676,.T.);
#1258=EDGE_CURVE('',#993,#991,#462,.T.);
#1259=EDGE_CURVE('',#992,#990,#463,.T.);
#1260=EDGE_CURVE('',#994,#995,#677,.T.);
#1261=EDGE_CURVE('',#996,#994,#464,.T.);
#1262=EDGE_CURVE('',#997,#996,#587,.T.);
#1263=EDGE_CURVE('',#997,#995,#465,.T.);
#1264=EDGE_CURVE('',#998,#999,#678,.T.);
#1265=EDGE_CURVE('',#999,#1000,#466,.T.);
#1266=EDGE_CURVE('',#1001,#1000,#588,.T.);
#1267=EDGE_CURVE('',#998,#1001,#467,.T.);
#1268=EDGE_CURVE('',#1002,#1003,#679,.T.);
#1269=EDGE_CURVE('',#1003,#999,#468,.T.);
#1270=EDGE_CURVE('',#1002,#998,#469,.T.);
#1271=EDGE_CURVE('',#1004,#1005,#680,.T.);
#1272=EDGE_CURVE('',#1005,#1003,#470,.T.);
#1273=EDGE_CURVE('',#1004,#1002,#471,.T.);
#1274=EDGE_CURVE('',#1006,#1007,#681,.T.);
#1275=EDGE_CURVE('',#1008,#1006,#472,.T.);
#1276=EDGE_CURVE('',#1009,#1008,#589,.F.);
#1277=EDGE_CURVE('',#1009,#1007,#473,.T.);
#1278=EDGE_CURVE('',#1010,#1011,#682,.T.);
#1279=EDGE_CURVE('',#1011,#1012,#474,.T.);
#1280=EDGE_CURVE('',#1013,#1012,#590,.F.);
#1281=EDGE_CURVE('',#1010,#1013,#475,.T.);
#1282=EDGE_CURVE('',#1014,#1015,#683,.T.);
#1283=EDGE_CURVE('',#1015,#1011,#476,.T.);
#1284=EDGE_CURVE('',#1014,#1010,#477,.T.);
#1285=EDGE_CURVE('',#1016,#1017,#684,.T.);
#1286=EDGE_CURVE('',#1017,#1015,#478,.T.);
#1287=EDGE_CURVE('',#1016,#1014,#479,.T.);
#1288=EDGE_CURVE('',#1018,#1019,#685,.T.);
#1289=EDGE_CURVE('',#1020,#1018,#480,.T.);
#1290=EDGE_CURVE('',#1021,#1020,#591,.T.);
#1291=EDGE_CURVE('',#1021,#1019,#481,.T.);
#1292=EDGE_CURVE('',#1022,#1023,#686,.T.);
#1293=EDGE_CURVE('',#1023,#1024,#482,.T.);
#1294=EDGE_CURVE('',#1025,#1024,#592,.T.);
#1295=EDGE_CURVE('',#1022,#1025,#483,.T.);
#1296=EDGE_CURVE('',#1026,#1027,#687,.T.);
#1297=EDGE_CURVE('',#1027,#1023,#484,.T.);
#1298=EDGE_CURVE('',#1026,#1022,#485,.T.);
#1299=EDGE_CURVE('',#1028,#1029,#688,.T.);
#1300=EDGE_CURVE('',#1029,#1027,#486,.T.);
#1301=EDGE_CURVE('',#1028,#1026,#487,.T.);
#1302=EDGE_CURVE('',#1030,#1031,#689,.T.);
#1303=EDGE_CURVE('',#1032,#1030,#488,.T.);
#1304=EDGE_CURVE('',#1033,#1032,#593,.F.);
#1305=EDGE_CURVE('',#1033,#1031,#489,.T.);
#1306=EDGE_CURVE('',#1034,#1035,#594,.T.);
#1307=EDGE_CURVE('',#1035,#1036,#690,.T.);
#1308=EDGE_CURVE('',#1036,#1037,#595,.T.);
#1309=EDGE_CURVE('',#1037,#1034,#691,.T.);
#1310=EDGE_CURVE('',#1038,#1035,#692,.T.);
#1311=EDGE_CURVE('',#1039,#1038,#693,.T.);
#1312=EDGE_CURVE('',#1036,#1039,#694,.T.);
#1313=EDGE_CURVE('',#996,#949,#490,.T.);
#1314=EDGE_CURVE('',#948,#997,#491,.T.);
#1315=EDGE_CURVE('',#972,#1021,#492,.T.);
#1316=EDGE_CURVE('',#1020,#973,#493,.T.);
#1317=EDGE_CURVE('',#1034,#1040,#695,.T.);
#1318=EDGE_CURVE('',#1041,#1040,#596,.T.);
#1319=EDGE_CURVE('',#1041,#1042,#696,.T.);
#1320=EDGE_CURVE('',#1043,#1042,#597,.T.);
#1321=EDGE_CURVE('',#1043,#1044,#697,.T.);
#1322=EDGE_CURVE('',#1038,#1044,#598,.T.);
#1323=EDGE_CURVE('',#1045,#1046,#698,.F.);
#1324=EDGE_CURVE('',#1046,#1047,#699,.F.);
#1325=EDGE_CURVE('',#1047,#1048,#700,.F.);
#1326=EDGE_CURVE('',#1048,#1045,#701,.F.);
#1327=EDGE_CURVE('',#1044,#1049,#702,.T.);
#1328=EDGE_CURVE('',#1049,#1039,#599,.T.);
#1329=EDGE_CURVE('',#1050,#1043,#703,.T.);
#1330=EDGE_CURVE('',#1049,#1050,#704,.T.);
#1331=EDGE_CURVE('',#904,#868,#494,.T.);
#1332=EDGE_CURVE('',#871,#905,#495,.T.);
#1333=EDGE_CURVE('',#928,#844,#496,.T.);
#1334=EDGE_CURVE('',#847,#929,#497,.T.);
#1335=EDGE_CURVE('',#1042,#1051,#705,.T.);
#1336=EDGE_CURVE('',#1051,#1050,#600,.T.);
#1337=EDGE_CURVE('',#1052,#1041,#706,.T.);
#1338=EDGE_CURVE('',#1051,#1052,#707,.T.);
#1339=EDGE_CURVE('',#1000,#976,#498,.T.);
#1340=EDGE_CURVE('',#979,#1001,#499,.T.);
#1341=EDGE_CURVE('',#1024,#952,#500,.T.);
#1342=EDGE_CURVE('',#955,#1025,#501,.T.);
#1343=EDGE_CURVE('',#1040,#1053,#708,.T.);
#1344=EDGE_CURVE('',#1053,#1052,#601,.T.);
#1345=EDGE_CURVE('',#1053,#1037,#709,.T.);
#1346=EDGE_CURVE('',#900,#889,#502,.T.);
#1347=EDGE_CURVE('',#888,#901,#503,.T.);
#1348=EDGE_CURVE('',#924,#865,#504,.T.);
#1349=EDGE_CURVE('',#864,#925,#505,.T.);
#1350=EDGE_CURVE('',#1031,#1029,#506,.T.);
#1351=EDGE_CURVE('',#1030,#1028,#507,.T.);
#1352=EDGE_CURVE('',#960,#1033,#508,.F.);
#1353=EDGE_CURVE('',#956,#958,#509,.T.);
#1354=EDGE_CURVE('',#1032,#961,#510,.F.);
#1355=EDGE_CURVE('',#959,#957,#511,.T.);
#1356=EDGE_CURVE('',#1054,#1055,#710,.T.);
#1357=EDGE_CURVE('',#1054,#1046,#711,.T.);
#1358=EDGE_CURVE('',#1055,#1045,#712,.F.);
#1359=EDGE_CURVE('',#984,#1009,#512,.F.);
#1360=EDGE_CURVE('',#1008,#985,#513,.F.);
#1361=EDGE_CURVE('',#1012,#964,#514,.F.);
#1362=EDGE_CURVE('',#1019,#1017,#515,.T.);
#1363=EDGE_CURVE('',#968,#970,#516,.T.);
#1364=EDGE_CURVE('',#1018,#1016,#517,.T.);
#1365=EDGE_CURVE('',#1007,#1005,#518,.T.);
#1366=EDGE_CURVE('',#1006,#1004,#519,.T.);
#1367=EDGE_CURVE('',#967,#1013,#520,.F.);
#1368=EDGE_CURVE('',#971,#969,#521,.T.);
#1369=EDGE_CURVE('',#983,#981,#522,.T.);
#1370=EDGE_CURVE('',#980,#982,#523,.T.);
#1371=EDGE_CURVE('',#995,#993,#524,.T.);
#1372=EDGE_CURVE('',#994,#992,#525,.T.);
#1373=EDGE_CURVE('',#988,#940,#526,.F.);
#1374=EDGE_CURVE('',#944,#946,#527,.T.);
#1375=EDGE_CURVE('',#943,#989,#528,.F.);
#1376=EDGE_CURVE('',#947,#945,#529,.T.);
#1377=EDGE_CURVE('',#1056,#1057,#713,.T.);
#1378=EDGE_CURVE('',#1056,#1048,#714,.T.);
#1379=EDGE_CURVE('',#1057,#1047,#715,.T.);
#1380=EDGE_CURVE('',#935,#933,#530,.T.);
#1381=EDGE_CURVE('',#934,#932,#531,.T.);
#1382=EDGE_CURVE('',#852,#937,#532,.F.);
#1383=EDGE_CURVE('',#848,#850,#533,.T.);
#1384=EDGE_CURVE('',#936,#853,#534,.F.);
#1385=EDGE_CURVE('',#851,#849,#535,.T.);
#1386=EDGE_CURVE('',#1055,#1056,#716,.T.);
#1387=EDGE_CURVE('',#876,#913,#536,.F.);
#1388=EDGE_CURVE('',#912,#877,#537,.F.);
#1389=EDGE_CURVE('',#923,#921,#538,.T.);
#1390=EDGE_CURVE('',#922,#920,#539,.T.);
#1391=EDGE_CURVE('',#916,#856,#540,.F.);
#1392=EDGE_CURVE('',#860,#862,#541,.T.);
#1393=EDGE_CURVE('',#859,#917,#542,.F.);
#1394=EDGE_CURVE('',#863,#861,#543,.T.);
#1395=EDGE_CURVE('',#1057,#1054,#717,.T.);
#1396=EDGE_CURVE('',#883,#893,#544,.F.);
#1397=EDGE_CURVE('',#892,#880,#545,.F.);
#1398=EDGE_CURVE('',#911,#909,#546,.T.);
#1399=EDGE_CURVE('',#910,#908,#547,.T.);
#1400=EDGE_CURVE('',#872,#874,#548,.T.);
#1401=EDGE_CURVE('',#875,#873,#549,.T.);
#1402=EDGE_CURVE('',#899,#897,#550,.T.);
#1403=EDGE_CURVE('',#898,#896,#551,.T.);
#1404=EDGE_CURVE('',#884,#886,#552,.T.);
#1405=EDGE_CURVE('',#887,#885,#553,.T.);
#1406=EDGE_CURVE('',#1058,#1058,#602,.T.);
#1407=EDGE_CURVE('',#1058,#1059,#718,.T.);
#1408=EDGE_CURVE('',#1059,#1059,#603,.F.);
#1409=EDGE_CURVE('',#1059,#1060,#719,.T.);
#1410=EDGE_CURVE('',#1060,#1060,#604,.T.);
#1411=EDGE_CURVE('',#1061,#1061,#605,.T.);
#1412=EDGE_CURVE('',#1061,#1062,#720,.T.);
#1413=EDGE_CURVE('',#1062,#1062,#606,.F.);
#1414=EDGE_CURVE('',#1062,#1063,#721,.T.);
#1415=EDGE_CURVE('',#1063,#1063,#607,.T.);
#1416=EDGE_CURVE('',#1064,#1064,#608,.T.);
#1417=EDGE_CURVE('',#1064,#1065,#722,.T.);
#1418=EDGE_CURVE('',#1065,#1065,#609,.F.);
#1419=EDGE_CURVE('',#1065,#1066,#723,.T.);
#1420=EDGE_CURVE('',#1066,#1066,#610,.T.);
#1421=EDGE_CURVE('',#1067,#1067,#611,.T.);
#1422=EDGE_CURVE('',#1067,#1068,#724,.T.);
#1423=EDGE_CURVE('',#1068,#1068,#612,.F.);
#1424=EDGE_CURVE('',#1068,#1069,#725,.T.);
#1425=EDGE_CURVE('',#1069,#1069,#613,.T.);
#1426=EDGE_CURVE('',#1070,#1070,#614,.T.);
#1427=EDGE_CURVE('',#1070,#1071,#726,.T.);
#1428=EDGE_CURVE('',#1071,#1071,#615,.T.);
#1429=EDGE_CURVE('',#1071,#1072,#727,.T.);
#1430=EDGE_CURVE('',#1072,#1072,#616,.T.);
#1431=EDGE_CURVE('',#1073,#1073,#617,.T.);
#1432=EDGE_CURVE('',#1073,#1074,#728,.T.);
#1433=EDGE_CURVE('',#1074,#1074,#618,.T.);
#1434=EDGE_CURVE('',#1074,#1075,#729,.T.);
#1435=EDGE_CURVE('',#1075,#1075,#619,.T.);
#1436=EDGE_CURVE('',#1076,#1076,#620,.T.);
#1437=EDGE_CURVE('',#1076,#1077,#730,.T.);
#1438=EDGE_CURVE('',#1077,#1077,#621,.T.);
#1439=EDGE_CURVE('',#1077,#1078,#731,.T.);
#1440=EDGE_CURVE('',#1078,#1078,#622,.T.);
#1441=EDGE_CURVE('',#1079,#1079,#623,.T.);
#1442=EDGE_CURVE('',#1079,#1080,#732,.T.);
#1443=EDGE_CURVE('',#1080,#1080,#624,.T.);
#1444=EDGE_CURVE('',#1080,#1081,#733,.T.);
#1445=EDGE_CURVE('',#1081,#1081,#625,.T.);
#1446=ORIENTED_EDGE('',*,*,#1082,.T.);
#1447=ORIENTED_EDGE('',*,*,#1083,.F.);
#1448=ORIENTED_EDGE('',*,*,#1084,.T.);
#1449=ORIENTED_EDGE('',*,*,#1085,.T.);
#1450=ORIENTED_EDGE('',*,*,#1086,.T.);
#1451=ORIENTED_EDGE('',*,*,#1087,.F.);
#1452=ORIENTED_EDGE('',*,*,#1082,.F.);
#1453=ORIENTED_EDGE('',*,*,#1088,.T.);
#1454=ORIENTED_EDGE('',*,*,#1089,.T.);
#1455=ORIENTED_EDGE('',*,*,#1090,.T.);
#1456=ORIENTED_EDGE('',*,*,#1085,.F.);
#1457=ORIENTED_EDGE('',*,*,#1091,.T.);
#1458=ORIENTED_EDGE('',*,*,#1092,.F.);
#1459=ORIENTED_EDGE('',*,*,#1093,.T.);
#1460=ORIENTED_EDGE('',*,*,#1094,.F.);
#1461=ORIENTED_EDGE('',*,*,#1095,.T.);
#1462=ORIENTED_EDGE('',*,*,#1096,.T.);
#1463=ORIENTED_EDGE('',*,*,#1097,.F.);
#1464=ORIENTED_EDGE('',*,*,#1098,.T.);
#1465=ORIENTED_EDGE('',*,*,#1099,.T.);
#1466=ORIENTED_EDGE('',*,*,#1100,.T.);
#1467=ORIENTED_EDGE('',*,*,#1101,.F.);
#1468=ORIENTED_EDGE('',*,*,#1096,.F.);
#1469=ORIENTED_EDGE('',*,*,#1102,.T.);
#1470=ORIENTED_EDGE('',*,*,#1103,.T.);
#1471=ORIENTED_EDGE('',*,*,#1104,.T.);
#1472=ORIENTED_EDGE('',*,*,#1099,.F.);
#1473=ORIENTED_EDGE('',*,*,#1105,.T.);
#1474=ORIENTED_EDGE('',*,*,#1106,.F.);
#1475=ORIENTED_EDGE('',*,*,#1107,.T.);
#1476=ORIENTED_EDGE('',*,*,#1108,.F.);
#1477=ORIENTED_EDGE('',*,*,#1109,.T.);
#1478=ORIENTED_EDGE('',*,*,#1110,.T.);
#1479=ORIENTED_EDGE('',*,*,#1111,.F.);
#1480=ORIENTED_EDGE('',*,*,#1112,.T.);
#1481=ORIENTED_EDGE('',*,*,#1113,.T.);
#1482=ORIENTED_EDGE('',*,*,#1114,.T.);
#1483=ORIENTED_EDGE('',*,*,#1115,.F.);
#1484=ORIENTED_EDGE('',*,*,#1110,.F.);
#1485=ORIENTED_EDGE('',*,*,#1116,.T.);
#1486=ORIENTED_EDGE('',*,*,#1117,.T.);
#1487=ORIENTED_EDGE('',*,*,#1118,.T.);
#1488=ORIENTED_EDGE('',*,*,#1113,.F.);
#1489=ORIENTED_EDGE('',*,*,#1119,.T.);
#1490=ORIENTED_EDGE('',*,*,#1120,.F.);
#1491=ORIENTED_EDGE('',*,*,#1121,.T.);
#1492=ORIENTED_EDGE('',*,*,#1122,.F.);
#1493=ORIENTED_EDGE('',*,*,#1123,.T.);
#1494=ORIENTED_EDGE('',*,*,#1124,.T.);
#1495=ORIENTED_EDGE('',*,*,#1125,.F.);
#1496=ORIENTED_EDGE('',*,*,#1126,.T.);
#1497=ORIENTED_EDGE('',*,*,#1127,.T.);
#1498=ORIENTED_EDGE('',*,*,#1128,.T.);
#1499=ORIENTED_EDGE('',*,*,#1129,.F.);
#1500=ORIENTED_EDGE('',*,*,#1124,.F.);
#1501=ORIENTED_EDGE('',*,*,#1130,.T.);
#1502=ORIENTED_EDGE('',*,*,#1131,.T.);
#1503=ORIENTED_EDGE('',*,*,#1132,.T.);
#1504=ORIENTED_EDGE('',*,*,#1127,.F.);
#1505=ORIENTED_EDGE('',*,*,#1133,.T.);
#1506=ORIENTED_EDGE('',*,*,#1134,.F.);
#1507=ORIENTED_EDGE('',*,*,#1135,.T.);
#1508=ORIENTED_EDGE('',*,*,#1136,.F.);
#1509=ORIENTED_EDGE('',*,*,#1137,.T.);
#1510=ORIENTED_EDGE('',*,*,#1138,.T.);
#1511=ORIENTED_EDGE('',*,*,#1139,.T.);
#1512=ORIENTED_EDGE('',*,*,#1140,.F.);
#1513=ORIENTED_EDGE('',*,*,#1141,.F.);
#1514=ORIENTED_EDGE('',*,*,#1142,.T.);
#1515=ORIENTED_EDGE('',*,*,#1143,.T.);
#1516=ORIENTED_EDGE('',*,*,#1138,.F.);
#1517=ORIENTED_EDGE('',*,*,#1144,.F.);
#1518=ORIENTED_EDGE('',*,*,#1145,.T.);
#1519=ORIENTED_EDGE('',*,*,#1146,.T.);
#1520=ORIENTED_EDGE('',*,*,#1142,.F.);
#1521=ORIENTED_EDGE('',*,*,#1147,.F.);
#1522=ORIENTED_EDGE('',*,*,#1148,.F.);
#1523=ORIENTED_EDGE('',*,*,#1149,.F.);
#1524=ORIENTED_EDGE('',*,*,#1150,.F.);
#1525=ORIENTED_EDGE('',*,*,#1151,.T.);
#1526=ORIENTED_EDGE('',*,*,#1152,.T.);
#1527=ORIENTED_EDGE('',*,*,#1153,.T.);
#1528=ORIENTED_EDGE('',*,*,#1154,.F.);
#1529=ORIENTED_EDGE('',*,*,#1155,.F.);
#1530=ORIENTED_EDGE('',*,*,#1156,.T.);
#1531=ORIENTED_EDGE('',*,*,#1157,.T.);
#1532=ORIENTED_EDGE('',*,*,#1152,.F.);
#1533=ORIENTED_EDGE('',*,*,#1158,.F.);
#1534=ORIENTED_EDGE('',*,*,#1159,.T.);
#1535=ORIENTED_EDGE('',*,*,#1160,.T.);
#1536=ORIENTED_EDGE('',*,*,#1156,.F.);
#1537=ORIENTED_EDGE('',*,*,#1161,.F.);
#1538=ORIENTED_EDGE('',*,*,#1162,.F.);
#1539=ORIENTED_EDGE('',*,*,#1163,.F.);
#1540=ORIENTED_EDGE('',*,*,#1164,.F.);
#1541=ORIENTED_EDGE('',*,*,#1165,.T.);
#1542=ORIENTED_EDGE('',*,*,#1166,.T.);
#1543=ORIENTED_EDGE('',*,*,#1167,.T.);
#1544=ORIENTED_EDGE('',*,*,#1168,.F.);
#1545=ORIENTED_EDGE('',*,*,#1169,.F.);
#1546=ORIENTED_EDGE('',*,*,#1170,.T.);
#1547=ORIENTED_EDGE('',*,*,#1171,.T.);
#1548=ORIENTED_EDGE('',*,*,#1166,.F.);
#1549=ORIENTED_EDGE('',*,*,#1172,.F.);
#1550=ORIENTED_EDGE('',*,*,#1173,.T.);
#1551=ORIENTED_EDGE('',*,*,#1174,.T.);
#1552=ORIENTED_EDGE('',*,*,#1170,.F.);
#1553=ORIENTED_EDGE('',*,*,#1175,.F.);
#1554=ORIENTED_EDGE('',*,*,#1176,.F.);
#1555=ORIENTED_EDGE('',*,*,#1177,.F.);
#1556=ORIENTED_EDGE('',*,*,#1178,.F.);
#1557=ORIENTED_EDGE('',*,*,#1179,.T.);
#1558=ORIENTED_EDGE('',*,*,#1180,.T.);
#1559=ORIENTED_EDGE('',*,*,#1181,.T.);
#1560=ORIENTED_EDGE('',*,*,#1182,.F.);
#1561=ORIENTED_EDGE('',*,*,#1183,.F.);
#1562=ORIENTED_EDGE('',*,*,#1184,.T.);
#1563=ORIENTED_EDGE('',*,*,#1185,.T.);
#1564=ORIENTED_EDGE('',*,*,#1180,.F.);
#1565=ORIENTED_EDGE('',*,*,#1186,.F.);
#1566=ORIENTED_EDGE('',*,*,#1187,.T.);
#1567=ORIENTED_EDGE('',*,*,#1188,.T.);
#1568=ORIENTED_EDGE('',*,*,#1184,.F.);
#1569=ORIENTED_EDGE('',*,*,#1189,.F.);
#1570=ORIENTED_EDGE('',*,*,#1190,.F.);
#1571=ORIENTED_EDGE('',*,*,#1191,.F.);
#1572=ORIENTED_EDGE('',*,*,#1192,.F.);
#1573=ORIENTED_EDGE('',*,*,#1193,.T.);
#1574=ORIENTED_EDGE('',*,*,#1194,.T.);
#1575=ORIENTED_EDGE('',*,*,#1195,.F.);
#1576=ORIENTED_EDGE('',*,*,#1196,.T.);
#1577=ORIENTED_EDGE('',*,*,#1197,.T.);
#1578=ORIENTED_EDGE('',*,*,#1198,.T.);
#1579=ORIENTED_EDGE('',*,*,#1199,.F.);
#1580=ORIENTED_EDGE('',*,*,#1194,.F.);
#1581=ORIENTED_EDGE('',*,*,#1200,.T.);
#1582=ORIENTED_EDGE('',*,*,#1201,.T.);
#1583=ORIENTED_EDGE('',*,*,#1202,.T.);
#1584=ORIENTED_EDGE('',*,*,#1197,.F.);
#1585=ORIENTED_EDGE('',*,*,#1203,.T.);
#1586=ORIENTED_EDGE('',*,*,#1204,.F.);
#1587=ORIENTED_EDGE('',*,*,#1205,.T.);
#1588=ORIENTED_EDGE('',*,*,#1206,.F.);
#1589=ORIENTED_EDGE('',*,*,#1207,.T.);
#1590=ORIENTED_EDGE('',*,*,#1208,.T.);
#1591=ORIENTED_EDGE('',*,*,#1209,.F.);
#1592=ORIENTED_EDGE('',*,*,#1210,.T.);
#1593=ORIENTED_EDGE('',*,*,#1211,.T.);
#1594=ORIENTED_EDGE('',*,*,#1212,.T.);
#1595=ORIENTED_EDGE('',*,*,#1213,.F.);
#1596=ORIENTED_EDGE('',*,*,#1208,.F.);
#1597=ORIENTED_EDGE('',*,*,#1214,.T.);
#1598=ORIENTED_EDGE('',*,*,#1215,.T.);
#1599=ORIENTED_EDGE('',*,*,#1216,.T.);
#1600=ORIENTED_EDGE('',*,*,#1211,.F.);
#1601=ORIENTED_EDGE('',*,*,#1217,.T.);
#1602=ORIENTED_EDGE('',*,*,#1218,.F.);
#1603=ORIENTED_EDGE('',*,*,#1219,.T.);
#1604=ORIENTED_EDGE('',*,*,#1220,.F.);
#1605=ORIENTED_EDGE('',*,*,#1221,.T.);
#1606=ORIENTED_EDGE('',*,*,#1222,.T.);
#1607=ORIENTED_EDGE('',*,*,#1223,.F.);
#1608=ORIENTED_EDGE('',*,*,#1224,.T.);
#1609=ORIENTED_EDGE('',*,*,#1225,.T.);
#1610=ORIENTED_EDGE('',*,*,#1226,.T.);
#1611=ORIENTED_EDGE('',*,*,#1227,.F.);
#1612=ORIENTED_EDGE('',*,*,#1222,.F.);
#1613=ORIENTED_EDGE('',*,*,#1228,.T.);
#1614=ORIENTED_EDGE('',*,*,#1229,.T.);
#1615=ORIENTED_EDGE('',*,*,#1230,.T.);
#1616=ORIENTED_EDGE('',*,*,#1225,.F.);
#1617=ORIENTED_EDGE('',*,*,#1231,.T.);
#1618=ORIENTED_EDGE('',*,*,#1232,.F.);
#1619=ORIENTED_EDGE('',*,*,#1233,.T.);
#1620=ORIENTED_EDGE('',*,*,#1234,.F.);
#1621=ORIENTED_EDGE('',*,*,#1235,.T.);
#1622=ORIENTED_EDGE('',*,*,#1236,.T.);
#1623=ORIENTED_EDGE('',*,*,#1237,.F.);
#1624=ORIENTED_EDGE('',*,*,#1238,.T.);
#1625=ORIENTED_EDGE('',*,*,#1239,.T.);
#1626=ORIENTED_EDGE('',*,*,#1240,.T.);
#1627=ORIENTED_EDGE('',*,*,#1241,.F.);
#1628=ORIENTED_EDGE('',*,*,#1236,.F.);
#1629=ORIENTED_EDGE('',*,*,#1242,.T.);
#1630=ORIENTED_EDGE('',*,*,#1243,.T.);
#1631=ORIENTED_EDGE('',*,*,#1244,.T.);
#1632=ORIENTED_EDGE('',*,*,#1239,.F.);
#1633=ORIENTED_EDGE('',*,*,#1245,.T.);
#1634=ORIENTED_EDGE('',*,*,#1246,.F.);
#1635=ORIENTED_EDGE('',*,*,#1247,.T.);
#1636=ORIENTED_EDGE('',*,*,#1248,.F.);
#1637=ORIENTED_EDGE('',*,*,#1249,.T.);
#1638=ORIENTED_EDGE('',*,*,#1250,.T.);
#1639=ORIENTED_EDGE('',*,*,#1251,.T.);
#1640=ORIENTED_EDGE('',*,*,#1252,.F.);
#1641=ORIENTED_EDGE('',*,*,#1253,.F.);
#1642=ORIENTED_EDGE('',*,*,#1254,.T.);
#1643=ORIENTED_EDGE('',*,*,#1255,.T.);
#1644=ORIENTED_EDGE('',*,*,#1250,.F.);
#1645=ORIENTED_EDGE('',*,*,#1256,.F.);
#1646=ORIENTED_EDGE('',*,*,#1257,.T.);
#1647=ORIENTED_EDGE('',*,*,#1258,.T.);
#1648=ORIENTED_EDGE('',*,*,#1254,.F.);
#1649=ORIENTED_EDGE('',*,*,#1259,.F.);
#1650=ORIENTED_EDGE('',*,*,#1260,.F.);
#1651=ORIENTED_EDGE('',*,*,#1261,.F.);
#1652=ORIENTED_EDGE('',*,*,#1262,.F.);
#1653=ORIENTED_EDGE('',*,*,#1263,.T.);
#1654=ORIENTED_EDGE('',*,*,#1264,.T.);
#1655=ORIENTED_EDGE('',*,*,#1265,.T.);
#1656=ORIENTED_EDGE('',*,*,#1266,.F.);
#1657=ORIENTED_EDGE('',*,*,#1267,.F.);
#1658=ORIENTED_EDGE('',*,*,#1268,.T.);
#1659=ORIENTED_EDGE('',*,*,#1269,.T.);
#1660=ORIENTED_EDGE('',*,*,#1264,.F.);
#1661=ORIENTED_EDGE('',*,*,#1270,.F.);
#1662=ORIENTED_EDGE('',*,*,#1271,.T.);
#1663=ORIENTED_EDGE('',*,*,#1272,.T.);
#1664=ORIENTED_EDGE('',*,*,#1268,.F.);
#1665=ORIENTED_EDGE('',*,*,#1273,.F.);
#1666=ORIENTED_EDGE('',*,*,#1274,.F.);
#1667=ORIENTED_EDGE('',*,*,#1275,.F.);
#1668=ORIENTED_EDGE('',*,*,#1276,.F.);
#1669=ORIENTED_EDGE('',*,*,#1277,.T.);
#1670=ORIENTED_EDGE('',*,*,#1278,.T.);
#1671=ORIENTED_EDGE('',*,*,#1279,.T.);
#1672=ORIENTED_EDGE('',*,*,#1280,.F.);
#1673=ORIENTED_EDGE('',*,*,#1281,.F.);
#1674=ORIENTED_EDGE('',*,*,#1282,.T.);
#1675=ORIENTED_EDGE('',*,*,#1283,.T.);
#1676=ORIENTED_EDGE('',*,*,#1278,.F.);
#1677=ORIENTED_EDGE('',*,*,#1284,.F.);
#1678=ORIENTED_EDGE('',*,*,#1285,.T.);
#1679=ORIENTED_EDGE('',*,*,#1286,.T.);
#1680=ORIENTED_EDGE('',*,*,#1282,.F.);
#1681=ORIENTED_EDGE('',*,*,#1287,.F.);
#1682=ORIENTED_EDGE('',*,*,#1288,.F.);
#1683=ORIENTED_EDGE('',*,*,#1289,.F.);
#1684=ORIENTED_EDGE('',*,*,#1290,.F.);
#1685=ORIENTED_EDGE('',*,*,#1291,.T.);
#1686=ORIENTED_EDGE('',*,*,#1292,.T.);
#1687=ORIENTED_EDGE('',*,*,#1293,.T.);
#1688=ORIENTED_EDGE('',*,*,#1294,.F.);
#1689=ORIENTED_EDGE('',*,*,#1295,.F.);
#1690=ORIENTED_EDGE('',*,*,#1296,.T.);
#1691=ORIENTED_EDGE('',*,*,#1297,.T.);
#1692=ORIENTED_EDGE('',*,*,#1292,.F.);
#1693=ORIENTED_EDGE('',*,*,#1298,.F.);
#1694=ORIENTED_EDGE('',*,*,#1299,.T.);
#1695=ORIENTED_EDGE('',*,*,#1300,.T.);
#1696=ORIENTED_EDGE('',*,*,#1296,.F.);
#1697=ORIENTED_EDGE('',*,*,#1301,.F.);
#1698=ORIENTED_EDGE('',*,*,#1302,.F.);
#1699=ORIENTED_EDGE('',*,*,#1303,.F.);
#1700=ORIENTED_EDGE('',*,*,#1304,.F.);
#1701=ORIENTED_EDGE('',*,*,#1305,.T.);
#1702=ORIENTED_EDGE('',*,*,#1306,.T.);
#1703=ORIENTED_EDGE('',*,*,#1307,.T.);
#1704=ORIENTED_EDGE('',*,*,#1308,.T.);
#1705=ORIENTED_EDGE('',*,*,#1309,.T.);
#1706=ORIENTED_EDGE('',*,*,#1307,.F.);
#1707=ORIENTED_EDGE('',*,*,#1310,.F.);
#1708=ORIENTED_EDGE('',*,*,#1311,.F.);
#1709=ORIENTED_EDGE('',*,*,#1312,.F.);
#1710=ORIENTED_EDGE('',*,*,#1313,.T.);
#1711=ORIENTED_EDGE('',*,*,#1206,.T.);
#1712=ORIENTED_EDGE('',*,*,#1314,.T.);
#1713=ORIENTED_EDGE('',*,*,#1262,.T.);
#1714=ORIENTED_EDGE('',*,*,#1315,.T.);
#1715=ORIENTED_EDGE('',*,*,#1290,.T.);
#1716=ORIENTED_EDGE('',*,*,#1316,.T.);
#1717=ORIENTED_EDGE('',*,*,#1234,.T.);
#1718=ORIENTED_EDGE('',*,*,#1306,.F.);
#1719=ORIENTED_EDGE('',*,*,#1317,.T.);
#1720=ORIENTED_EDGE('',*,*,#1318,.F.);
#1721=ORIENTED_EDGE('',*,*,#1319,.T.);
#1722=ORIENTED_EDGE('',*,*,#1320,.F.);
#1723=ORIENTED_EDGE('',*,*,#1321,.T.);
#1724=ORIENTED_EDGE('',*,*,#1322,.F.);
#1725=ORIENTED_EDGE('',*,*,#1310,.T.);
#1726=ORIENTED_EDGE('',*,*,#1323,.T.);
#1727=ORIENTED_EDGE('',*,*,#1324,.T.);
#1728=ORIENTED_EDGE('',*,*,#1325,.T.);
#1729=ORIENTED_EDGE('',*,*,#1326,.T.);
#1730=ORIENTED_EDGE('',*,*,#1322,.T.);
#1731=ORIENTED_EDGE('',*,*,#1327,.T.);
#1732=ORIENTED_EDGE('',*,*,#1328,.T.);
#1733=ORIENTED_EDGE('',*,*,#1311,.T.);
#1734=ORIENTED_EDGE('',*,*,#1327,.F.);
#1735=ORIENTED_EDGE('',*,*,#1321,.F.);
#1736=ORIENTED_EDGE('',*,*,#1329,.F.);
#1737=ORIENTED_EDGE('',*,*,#1330,.F.);
#1738=ORIENTED_EDGE('',*,*,#1331,.T.);
#1739=ORIENTED_EDGE('',*,*,#1111,.T.);
#1740=ORIENTED_EDGE('',*,*,#1115,.T.);
#1741=ORIENTED_EDGE('',*,*,#1332,.T.);
#1742=ORIENTED_EDGE('',*,*,#1154,.T.);
#1743=ORIENTED_EDGE('',*,*,#1333,.T.);
#1744=ORIENTED_EDGE('',*,*,#1083,.T.);
#1745=ORIENTED_EDGE('',*,*,#1087,.T.);
#1746=ORIENTED_EDGE('',*,*,#1334,.T.);
#1747=ORIENTED_EDGE('',*,*,#1182,.T.);
#1748=ORIENTED_EDGE('',*,*,#1320,.T.);
#1749=ORIENTED_EDGE('',*,*,#1335,.T.);
#1750=ORIENTED_EDGE('',*,*,#1336,.T.);
#1751=ORIENTED_EDGE('',*,*,#1329,.T.);
#1752=ORIENTED_EDGE('',*,*,#1335,.F.);
#1753=ORIENTED_EDGE('',*,*,#1319,.F.);
#1754=ORIENTED_EDGE('',*,*,#1337,.F.);
#1755=ORIENTED_EDGE('',*,*,#1338,.F.);
#1756=ORIENTED_EDGE('',*,*,#1339,.T.);
#1757=ORIENTED_EDGE('',*,*,#1237,.T.);
#1758=ORIENTED_EDGE('',*,*,#1241,.T.);
#1759=ORIENTED_EDGE('',*,*,#1340,.T.);
#1760=ORIENTED_EDGE('',*,*,#1266,.T.);
#1761=ORIENTED_EDGE('',*,*,#1341,.T.);
#1762=ORIENTED_EDGE('',*,*,#1209,.T.);
#1763=ORIENTED_EDGE('',*,*,#1213,.T.);
#1764=ORIENTED_EDGE('',*,*,#1342,.T.);
#1765=ORIENTED_EDGE('',*,*,#1294,.T.);
#1766=ORIENTED_EDGE('',*,*,#1318,.T.);
#1767=ORIENTED_EDGE('',*,*,#1343,.T.);
#1768=ORIENTED_EDGE('',*,*,#1344,.T.);
#1769=ORIENTED_EDGE('',*,*,#1337,.T.);
#1770=ORIENTED_EDGE('',*,*,#1309,.F.);
#1771=ORIENTED_EDGE('',*,*,#1345,.F.);
#1772=ORIENTED_EDGE('',*,*,#1343,.F.);
#1773=ORIENTED_EDGE('',*,*,#1317,.F.);
#1774=ORIENTED_EDGE('',*,*,#1346,.T.);
#1775=ORIENTED_EDGE('',*,*,#1136,.T.);
#1776=ORIENTED_EDGE('',*,*,#1347,.T.);
#1777=ORIENTED_EDGE('',*,*,#1150,.T.);
#1778=ORIENTED_EDGE('',*,*,#1348,.T.);
#1779=ORIENTED_EDGE('',*,*,#1108,.T.);
#1780=ORIENTED_EDGE('',*,*,#1349,.T.);
#1781=ORIENTED_EDGE('',*,*,#1178,.T.);
#1782=ORIENTED_EDGE('',*,*,#1302,.T.);
#1783=ORIENTED_EDGE('',*,*,#1350,.T.);
#1784=ORIENTED_EDGE('',*,*,#1299,.F.);
#1785=ORIENTED_EDGE('',*,*,#1351,.F.);
#1786=ORIENTED_EDGE('',*,*,#1352,.F.);
#1787=ORIENTED_EDGE('',*,*,#1219,.F.);
#1788=ORIENTED_EDGE('',*,*,#1353,.F.);
#1789=ORIENTED_EDGE('',*,*,#1217,.F.);
#1790=ORIENTED_EDGE('',*,*,#1214,.F.);
#1791=ORIENTED_EDGE('',*,*,#1210,.F.);
#1792=ORIENTED_EDGE('',*,*,#1341,.F.);
#1793=ORIENTED_EDGE('',*,*,#1293,.F.);
#1794=ORIENTED_EDGE('',*,*,#1297,.F.);
#1795=ORIENTED_EDGE('',*,*,#1300,.F.);
#1796=ORIENTED_EDGE('',*,*,#1350,.F.);
#1797=ORIENTED_EDGE('',*,*,#1305,.F.);
#1798=ORIENTED_EDGE('',*,*,#1354,.F.);
#1799=ORIENTED_EDGE('',*,*,#1303,.T.);
#1800=ORIENTED_EDGE('',*,*,#1351,.T.);
#1801=ORIENTED_EDGE('',*,*,#1301,.T.);
#1802=ORIENTED_EDGE('',*,*,#1298,.T.);
#1803=ORIENTED_EDGE('',*,*,#1295,.T.);
#1804=ORIENTED_EDGE('',*,*,#1342,.F.);
#1805=ORIENTED_EDGE('',*,*,#1212,.F.);
#1806=ORIENTED_EDGE('',*,*,#1216,.F.);
#1807=ORIENTED_EDGE('',*,*,#1355,.F.);
#1808=ORIENTED_EDGE('',*,*,#1221,.F.);
#1809=ORIENTED_EDGE('',*,*,#1356,.F.);
#1810=ORIENTED_EDGE('',*,*,#1357,.T.);
#1811=ORIENTED_EDGE('',*,*,#1323,.F.);
#1812=ORIENTED_EDGE('',*,*,#1358,.F.);
#1813=ORIENTED_EDGE('',*,*,#1359,.T.);
#1814=ORIENTED_EDGE('',*,*,#1276,.T.);
#1815=ORIENTED_EDGE('',*,*,#1360,.T.);
#1816=ORIENTED_EDGE('',*,*,#1248,.T.);
#1817=ORIENTED_EDGE('',*,*,#1352,.T.);
#1818=ORIENTED_EDGE('',*,*,#1304,.T.);
#1819=ORIENTED_EDGE('',*,*,#1354,.T.);
#1820=ORIENTED_EDGE('',*,*,#1220,.T.);
#1821=ORIENTED_EDGE('',*,*,#1361,.F.);
#1822=ORIENTED_EDGE('',*,*,#1279,.F.);
#1823=ORIENTED_EDGE('',*,*,#1283,.F.);
#1824=ORIENTED_EDGE('',*,*,#1286,.F.);
#1825=ORIENTED_EDGE('',*,*,#1362,.F.);
#1826=ORIENTED_EDGE('',*,*,#1291,.F.);
#1827=ORIENTED_EDGE('',*,*,#1315,.F.);
#1828=ORIENTED_EDGE('',*,*,#1233,.F.);
#1829=ORIENTED_EDGE('',*,*,#1363,.F.);
#1830=ORIENTED_EDGE('',*,*,#1231,.F.);
#1831=ORIENTED_EDGE('',*,*,#1228,.F.);
#1832=ORIENTED_EDGE('',*,*,#1224,.F.);
#1833=ORIENTED_EDGE('',*,*,#1288,.T.);
#1834=ORIENTED_EDGE('',*,*,#1362,.T.);
#1835=ORIENTED_EDGE('',*,*,#1285,.F.);
#1836=ORIENTED_EDGE('',*,*,#1364,.F.);
#1837=ORIENTED_EDGE('',*,*,#1274,.T.);
#1838=ORIENTED_EDGE('',*,*,#1365,.T.);
#1839=ORIENTED_EDGE('',*,*,#1271,.F.);
#1840=ORIENTED_EDGE('',*,*,#1366,.F.);
#1841=ORIENTED_EDGE('',*,*,#1367,.F.);
#1842=ORIENTED_EDGE('',*,*,#1226,.F.);
#1843=ORIENTED_EDGE('',*,*,#1230,.F.);
#1844=ORIENTED_EDGE('',*,*,#1368,.F.);
#1845=ORIENTED_EDGE('',*,*,#1235,.F.);
#1846=ORIENTED_EDGE('',*,*,#1316,.F.);
#1847=ORIENTED_EDGE('',*,*,#1289,.T.);
#1848=ORIENTED_EDGE('',*,*,#1364,.T.);
#1849=ORIENTED_EDGE('',*,*,#1287,.T.);
#1850=ORIENTED_EDGE('',*,*,#1284,.T.);
#1851=ORIENTED_EDGE('',*,*,#1281,.T.);
#1852=ORIENTED_EDGE('',*,*,#1360,.F.);
#1853=ORIENTED_EDGE('',*,*,#1275,.T.);
#1854=ORIENTED_EDGE('',*,*,#1366,.T.);
#1855=ORIENTED_EDGE('',*,*,#1273,.T.);
#1856=ORIENTED_EDGE('',*,*,#1270,.T.);
#1857=ORIENTED_EDGE('',*,*,#1267,.T.);
#1858=ORIENTED_EDGE('',*,*,#1340,.F.);
#1859=ORIENTED_EDGE('',*,*,#1240,.F.);
#1860=ORIENTED_EDGE('',*,*,#1244,.F.);
#1861=ORIENTED_EDGE('',*,*,#1369,.F.);
#1862=ORIENTED_EDGE('',*,*,#1249,.F.);
#1863=ORIENTED_EDGE('',*,*,#1359,.F.);
#1864=ORIENTED_EDGE('',*,*,#1247,.F.);
#1865=ORIENTED_EDGE('',*,*,#1370,.F.);
#1866=ORIENTED_EDGE('',*,*,#1245,.F.);
#1867=ORIENTED_EDGE('',*,*,#1242,.F.);
#1868=ORIENTED_EDGE('',*,*,#1238,.F.);
#1869=ORIENTED_EDGE('',*,*,#1339,.F.);
#1870=ORIENTED_EDGE('',*,*,#1265,.F.);
#1871=ORIENTED_EDGE('',*,*,#1269,.F.);
#1872=ORIENTED_EDGE('',*,*,#1272,.F.);
#1873=ORIENTED_EDGE('',*,*,#1365,.F.);
#1874=ORIENTED_EDGE('',*,*,#1277,.F.);
#1875=ORIENTED_EDGE('',*,*,#1260,.T.);
#1876=ORIENTED_EDGE('',*,*,#1371,.T.);
#1877=ORIENTED_EDGE('',*,*,#1257,.F.);
#1878=ORIENTED_EDGE('',*,*,#1372,.F.);
#1879=ORIENTED_EDGE('',*,*,#1373,.F.);
#1880=ORIENTED_EDGE('',*,*,#1251,.F.);
#1881=ORIENTED_EDGE('',*,*,#1255,.F.);
#1882=ORIENTED_EDGE('',*,*,#1258,.F.);
#1883=ORIENTED_EDGE('',*,*,#1371,.F.);
#1884=ORIENTED_EDGE('',*,*,#1263,.F.);
#1885=ORIENTED_EDGE('',*,*,#1314,.F.);
#1886=ORIENTED_EDGE('',*,*,#1205,.F.);
#1887=ORIENTED_EDGE('',*,*,#1374,.F.);
#1888=ORIENTED_EDGE('',*,*,#1203,.F.);
#1889=ORIENTED_EDGE('',*,*,#1200,.F.);
#1890=ORIENTED_EDGE('',*,*,#1196,.F.);
#1891=ORIENTED_EDGE('',*,*,#1375,.F.);
#1892=ORIENTED_EDGE('',*,*,#1198,.F.);
#1893=ORIENTED_EDGE('',*,*,#1202,.F.);
#1894=ORIENTED_EDGE('',*,*,#1376,.F.);
#1895=ORIENTED_EDGE('',*,*,#1207,.F.);
#1896=ORIENTED_EDGE('',*,*,#1313,.F.);
#1897=ORIENTED_EDGE('',*,*,#1261,.T.);
#1898=ORIENTED_EDGE('',*,*,#1372,.T.);
#1899=ORIENTED_EDGE('',*,*,#1259,.T.);
#1900=ORIENTED_EDGE('',*,*,#1256,.T.);
#1901=ORIENTED_EDGE('',*,*,#1253,.T.);
#1902=ORIENTED_EDGE('',*,*,#1377,.F.);
#1903=ORIENTED_EDGE('',*,*,#1378,.T.);
#1904=ORIENTED_EDGE('',*,*,#1325,.F.);
#1905=ORIENTED_EDGE('',*,*,#1379,.F.);
#1906=ORIENTED_EDGE('',*,*,#1361,.T.);
#1907=ORIENTED_EDGE('',*,*,#1223,.T.);
#1908=ORIENTED_EDGE('',*,*,#1227,.T.);
#1909=ORIENTED_EDGE('',*,*,#1367,.T.);
#1910=ORIENTED_EDGE('',*,*,#1280,.T.);
#1911=ORIENTED_EDGE('',*,*,#1375,.T.);
#1912=ORIENTED_EDGE('',*,*,#1252,.T.);
#1913=ORIENTED_EDGE('',*,*,#1373,.T.);
#1914=ORIENTED_EDGE('',*,*,#1195,.T.);
#1915=ORIENTED_EDGE('',*,*,#1199,.T.);
#1916=ORIENTED_EDGE('',*,*,#1246,.T.);
#1917=ORIENTED_EDGE('',*,*,#1369,.T.);
#1918=ORIENTED_EDGE('',*,*,#1243,.F.);
#1919=ORIENTED_EDGE('',*,*,#1370,.T.);
#1920=ORIENTED_EDGE('',*,*,#1232,.T.);
#1921=ORIENTED_EDGE('',*,*,#1368,.T.);
#1922=ORIENTED_EDGE('',*,*,#1229,.F.);
#1923=ORIENTED_EDGE('',*,*,#1363,.T.);
#1924=ORIENTED_EDGE('',*,*,#1218,.T.);
#1925=ORIENTED_EDGE('',*,*,#1355,.T.);
#1926=ORIENTED_EDGE('',*,*,#1215,.F.);
#1927=ORIENTED_EDGE('',*,*,#1353,.T.);
#1928=ORIENTED_EDGE('',*,*,#1204,.T.);
#1929=ORIENTED_EDGE('',*,*,#1376,.T.);
#1930=ORIENTED_EDGE('',*,*,#1201,.F.);
#1931=ORIENTED_EDGE('',*,*,#1374,.T.);
#1932=ORIENTED_EDGE('',*,*,#1190,.T.);
#1933=ORIENTED_EDGE('',*,*,#1380,.T.);
#1934=ORIENTED_EDGE('',*,*,#1187,.F.);
#1935=ORIENTED_EDGE('',*,*,#1381,.F.);
#1936=ORIENTED_EDGE('',*,*,#1382,.F.);
#1937=ORIENTED_EDGE('',*,*,#1093,.F.);
#1938=ORIENTED_EDGE('',*,*,#1383,.F.);
#1939=ORIENTED_EDGE('',*,*,#1091,.F.);
#1940=ORIENTED_EDGE('',*,*,#1088,.F.);
#1941=ORIENTED_EDGE('',*,*,#1084,.F.);
#1942=ORIENTED_EDGE('',*,*,#1333,.F.);
#1943=ORIENTED_EDGE('',*,*,#1181,.F.);
#1944=ORIENTED_EDGE('',*,*,#1185,.F.);
#1945=ORIENTED_EDGE('',*,*,#1188,.F.);
#1946=ORIENTED_EDGE('',*,*,#1380,.F.);
#1947=ORIENTED_EDGE('',*,*,#1193,.F.);
#1948=ORIENTED_EDGE('',*,*,#1384,.F.);
#1949=ORIENTED_EDGE('',*,*,#1191,.T.);
#1950=ORIENTED_EDGE('',*,*,#1381,.T.);
#1951=ORIENTED_EDGE('',*,*,#1189,.T.);
#1952=ORIENTED_EDGE('',*,*,#1186,.T.);
#1953=ORIENTED_EDGE('',*,*,#1183,.T.);
#1954=ORIENTED_EDGE('',*,*,#1334,.F.);
#1955=ORIENTED_EDGE('',*,*,#1086,.F.);
#1956=ORIENTED_EDGE('',*,*,#1090,.F.);
#1957=ORIENTED_EDGE('',*,*,#1385,.F.);
#1958=ORIENTED_EDGE('',*,*,#1095,.F.);
#1959=ORIENTED_EDGE('',*,*,#1386,.F.);
#1960=ORIENTED_EDGE('',*,*,#1358,.T.);
#1961=ORIENTED_EDGE('',*,*,#1326,.F.);
#1962=ORIENTED_EDGE('',*,*,#1378,.F.);
#1963=ORIENTED_EDGE('',*,*,#1387,.T.);
#1964=ORIENTED_EDGE('',*,*,#1164,.T.);
#1965=ORIENTED_EDGE('',*,*,#1388,.T.);
#1966=ORIENTED_EDGE('',*,*,#1122,.T.);
#1967=ORIENTED_EDGE('',*,*,#1382,.T.);
#1968=ORIENTED_EDGE('',*,*,#1192,.T.);
#1969=ORIENTED_EDGE('',*,*,#1384,.T.);
#1970=ORIENTED_EDGE('',*,*,#1094,.T.);
#1971=ORIENTED_EDGE('',*,*,#1176,.T.);
#1972=ORIENTED_EDGE('',*,*,#1389,.T.);
#1973=ORIENTED_EDGE('',*,*,#1173,.F.);
#1974=ORIENTED_EDGE('',*,*,#1390,.F.);
#1975=ORIENTED_EDGE('',*,*,#1391,.F.);
#1976=ORIENTED_EDGE('',*,*,#1167,.F.);
#1977=ORIENTED_EDGE('',*,*,#1171,.F.);
#1978=ORIENTED_EDGE('',*,*,#1174,.F.);
#1979=ORIENTED_EDGE('',*,*,#1389,.F.);
#1980=ORIENTED_EDGE('',*,*,#1179,.F.);
#1981=ORIENTED_EDGE('',*,*,#1349,.F.);
#1982=ORIENTED_EDGE('',*,*,#1107,.F.);
#1983=ORIENTED_EDGE('',*,*,#1392,.F.);
#1984=ORIENTED_EDGE('',*,*,#1105,.F.);
#1985=ORIENTED_EDGE('',*,*,#1102,.F.);
#1986=ORIENTED_EDGE('',*,*,#1098,.F.);
#1987=ORIENTED_EDGE('',*,*,#1393,.F.);
#1988=ORIENTED_EDGE('',*,*,#1100,.F.);
#1989=ORIENTED_EDGE('',*,*,#1104,.F.);
#1990=ORIENTED_EDGE('',*,*,#1394,.F.);
#1991=ORIENTED_EDGE('',*,*,#1109,.F.);
#1992=ORIENTED_EDGE('',*,*,#1348,.F.);
#1993=ORIENTED_EDGE('',*,*,#1177,.T.);
#1994=ORIENTED_EDGE('',*,*,#1390,.T.);
#1995=ORIENTED_EDGE('',*,*,#1175,.T.);
#1996=ORIENTED_EDGE('',*,*,#1172,.T.);
#1997=ORIENTED_EDGE('',*,*,#1169,.T.);
#1998=ORIENTED_EDGE('',*,*,#1395,.F.);
#1999=ORIENTED_EDGE('',*,*,#1379,.T.);
#2000=ORIENTED_EDGE('',*,*,#1324,.F.);
#2001=ORIENTED_EDGE('',*,*,#1357,.F.);
#2002=ORIENTED_EDGE('',*,*,#1396,.T.);
#2003=ORIENTED_EDGE('',*,*,#1140,.T.);
#2004=ORIENTED_EDGE('',*,*,#1397,.T.);
#2005=ORIENTED_EDGE('',*,*,#1125,.T.);
#2006=ORIENTED_EDGE('',*,*,#1129,.T.);
#2007=ORIENTED_EDGE('',*,*,#1393,.T.);
#2008=ORIENTED_EDGE('',*,*,#1168,.T.);
#2009=ORIENTED_EDGE('',*,*,#1391,.T.);
#2010=ORIENTED_EDGE('',*,*,#1097,.T.);
#2011=ORIENTED_EDGE('',*,*,#1101,.T.);
#2012=ORIENTED_EDGE('',*,*,#1162,.T.);
#2013=ORIENTED_EDGE('',*,*,#1398,.T.);
#2014=ORIENTED_EDGE('',*,*,#1159,.F.);
#2015=ORIENTED_EDGE('',*,*,#1399,.F.);
#2016=ORIENTED_EDGE('',*,*,#1387,.F.);
#2017=ORIENTED_EDGE('',*,*,#1121,.F.);
#2018=ORIENTED_EDGE('',*,*,#1400,.F.);
#2019=ORIENTED_EDGE('',*,*,#1119,.F.);
#2020=ORIENTED_EDGE('',*,*,#1116,.F.);
#2021=ORIENTED_EDGE('',*,*,#1112,.F.);
#2022=ORIENTED_EDGE('',*,*,#1331,.F.);
#2023=ORIENTED_EDGE('',*,*,#1153,.F.);
#2024=ORIENTED_EDGE('',*,*,#1157,.F.);
#2025=ORIENTED_EDGE('',*,*,#1160,.F.);
#2026=ORIENTED_EDGE('',*,*,#1398,.F.);
#2027=ORIENTED_EDGE('',*,*,#1165,.F.);
#2028=ORIENTED_EDGE('',*,*,#1388,.F.);
#2029=ORIENTED_EDGE('',*,*,#1163,.T.);
#2030=ORIENTED_EDGE('',*,*,#1399,.T.);
#2031=ORIENTED_EDGE('',*,*,#1161,.T.);
#2032=ORIENTED_EDGE('',*,*,#1158,.T.);
#2033=ORIENTED_EDGE('',*,*,#1155,.T.);
#2034=ORIENTED_EDGE('',*,*,#1332,.F.);
#2035=ORIENTED_EDGE('',*,*,#1114,.F.);
#2036=ORIENTED_EDGE('',*,*,#1118,.F.);
#2037=ORIENTED_EDGE('',*,*,#1401,.F.);
#2038=ORIENTED_EDGE('',*,*,#1123,.F.);
#2039=ORIENTED_EDGE('',*,*,#1148,.T.);
#2040=ORIENTED_EDGE('',*,*,#1402,.T.);
#2041=ORIENTED_EDGE('',*,*,#1145,.F.);
#2042=ORIENTED_EDGE('',*,*,#1403,.F.);
#2043=ORIENTED_EDGE('',*,*,#1397,.F.);
#2044=ORIENTED_EDGE('',*,*,#1139,.F.);
#2045=ORIENTED_EDGE('',*,*,#1143,.F.);
#2046=ORIENTED_EDGE('',*,*,#1146,.F.);
#2047=ORIENTED_EDGE('',*,*,#1402,.F.);
#2048=ORIENTED_EDGE('',*,*,#1151,.F.);
#2049=ORIENTED_EDGE('',*,*,#1347,.F.);
#2050=ORIENTED_EDGE('',*,*,#1135,.F.);
#2051=ORIENTED_EDGE('',*,*,#1404,.F.);
#2052=ORIENTED_EDGE('',*,*,#1133,.F.);
#2053=ORIENTED_EDGE('',*,*,#1130,.F.);
#2054=ORIENTED_EDGE('',*,*,#1126,.F.);
#2055=ORIENTED_EDGE('',*,*,#1396,.F.);
#2056=ORIENTED_EDGE('',*,*,#1128,.F.);
#2057=ORIENTED_EDGE('',*,*,#1132,.F.);
#2058=ORIENTED_EDGE('',*,*,#1405,.F.);
#2059=ORIENTED_EDGE('',*,*,#1137,.F.);
#2060=ORIENTED_EDGE('',*,*,#1346,.F.);
#2061=ORIENTED_EDGE('',*,*,#1149,.T.);
#2062=ORIENTED_EDGE('',*,*,#1403,.T.);
#2063=ORIENTED_EDGE('',*,*,#1147,.T.);
#2064=ORIENTED_EDGE('',*,*,#1144,.T.);
#2065=ORIENTED_EDGE('',*,*,#1141,.T.);
#2066=ORIENTED_EDGE('',*,*,#1134,.T.);
#2067=ORIENTED_EDGE('',*,*,#1405,.T.);
#2068=ORIENTED_EDGE('',*,*,#1131,.F.);
#2069=ORIENTED_EDGE('',*,*,#1404,.T.);
#2070=ORIENTED_EDGE('',*,*,#1120,.T.);
#2071=ORIENTED_EDGE('',*,*,#1401,.T.);
#2072=ORIENTED_EDGE('',*,*,#1117,.F.);
#2073=ORIENTED_EDGE('',*,*,#1400,.T.);
#2074=ORIENTED_EDGE('',*,*,#1106,.T.);
#2075=ORIENTED_EDGE('',*,*,#1394,.T.);
#2076=ORIENTED_EDGE('',*,*,#1103,.F.);
#2077=ORIENTED_EDGE('',*,*,#1392,.T.);
#2078=ORIENTED_EDGE('',*,*,#1092,.T.);
#2079=ORIENTED_EDGE('',*,*,#1385,.T.);
#2080=ORIENTED_EDGE('',*,*,#1089,.F.);
#2081=ORIENTED_EDGE('',*,*,#1383,.T.);
#2082=ORIENTED_EDGE('',*,*,#1406,.F.);
#2083=ORIENTED_EDGE('',*,*,#1407,.T.);
#2084=ORIENTED_EDGE('',*,*,#1408,.F.);
#2085=ORIENTED_EDGE('',*,*,#1407,.F.);
#2086=ORIENTED_EDGE('',*,*,#1408,.T.);
#2087=ORIENTED_EDGE('',*,*,#1409,.T.);
#2088=ORIENTED_EDGE('',*,*,#1410,.F.);
#2089=ORIENTED_EDGE('',*,*,#1409,.F.);
#2090=ORIENTED_EDGE('',*,*,#1411,.F.);
#2091=ORIENTED_EDGE('',*,*,#1412,.T.);
#2092=ORIENTED_EDGE('',*,*,#1413,.F.);
#2093=ORIENTED_EDGE('',*,*,#1412,.F.);
#2094=ORIENTED_EDGE('',*,*,#1413,.T.);
#2095=ORIENTED_EDGE('',*,*,#1414,.T.);
#2096=ORIENTED_EDGE('',*,*,#1415,.F.);
#2097=ORIENTED_EDGE('',*,*,#1414,.F.);
#2098=ORIENTED_EDGE('',*,*,#1416,.F.);
#2099=ORIENTED_EDGE('',*,*,#1417,.T.);
#2100=ORIENTED_EDGE('',*,*,#1418,.F.);
#2101=ORIENTED_EDGE('',*,*,#1417,.F.);
#2102=ORIENTED_EDGE('',*,*,#1418,.T.);
#2103=ORIENTED_EDGE('',*,*,#1419,.T.);
#2104=ORIENTED_EDGE('',*,*,#1420,.F.);
#2105=ORIENTED_EDGE('',*,*,#1419,.F.);
#2106=ORIENTED_EDGE('',*,*,#1421,.F.);
#2107=ORIENTED_EDGE('',*,*,#1422,.T.);
#2108=ORIENTED_EDGE('',*,*,#1423,.F.);
#2109=ORIENTED_EDGE('',*,*,#1422,.F.);
#2110=ORIENTED_EDGE('',*,*,#1423,.T.);
#2111=ORIENTED_EDGE('',*,*,#1424,.T.);
#2112=ORIENTED_EDGE('',*,*,#1425,.F.);
#2113=ORIENTED_EDGE('',*,*,#1424,.F.);
#2114=ORIENTED_EDGE('',*,*,#1426,.F.);
#2115=ORIENTED_EDGE('',*,*,#1427,.T.);
#2116=ORIENTED_EDGE('',*,*,#1428,.T.);
#2117=ORIENTED_EDGE('',*,*,#1427,.F.);
#2118=ORIENTED_EDGE('',*,*,#1428,.F.);
#2119=ORIENTED_EDGE('',*,*,#1429,.T.);
#2120=ORIENTED_EDGE('',*,*,#1430,.F.);
#2121=ORIENTED_EDGE('',*,*,#1429,.F.);
#2122=ORIENTED_EDGE('',*,*,#1431,.F.);
#2123=ORIENTED_EDGE('',*,*,#1432,.T.);
#2124=ORIENTED_EDGE('',*,*,#1433,.T.);
#2125=ORIENTED_EDGE('',*,*,#1432,.F.);
#2126=ORIENTED_EDGE('',*,*,#1433,.F.);
#2127=ORIENTED_EDGE('',*,*,#1434,.T.);
#2128=ORIENTED_EDGE('',*,*,#1435,.F.);
#2129=ORIENTED_EDGE('',*,*,#1434,.F.);
#2130=ORIENTED_EDGE('',*,*,#1436,.F.);
#2131=ORIENTED_EDGE('',*,*,#1437,.T.);
#2132=ORIENTED_EDGE('',*,*,#1438,.T.);
#2133=ORIENTED_EDGE('',*,*,#1437,.F.);
#2134=ORIENTED_EDGE('',*,*,#1438,.F.);
#2135=ORIENTED_EDGE('',*,*,#1439,.T.);
#2136=ORIENTED_EDGE('',*,*,#1440,.F.);
#2137=ORIENTED_EDGE('',*,*,#1439,.F.);
#2138=ORIENTED_EDGE('',*,*,#1441,.F.);
#2139=ORIENTED_EDGE('',*,*,#1442,.T.);
#2140=ORIENTED_EDGE('',*,*,#1443,.T.);
#2141=ORIENTED_EDGE('',*,*,#1442,.F.);
#2142=ORIENTED_EDGE('',*,*,#1443,.F.);
#2143=ORIENTED_EDGE('',*,*,#1444,.T.);
#2144=ORIENTED_EDGE('',*,*,#1445,.F.);
#2145=ORIENTED_EDGE('',*,*,#1444,.F.);
#2146=ORIENTED_EDGE('',*,*,#1386,.T.);
#2147=ORIENTED_EDGE('',*,*,#1377,.T.);
#2148=ORIENTED_EDGE('',*,*,#1395,.T.);
#2149=ORIENTED_EDGE('',*,*,#1356,.T.);
#2150=ORIENTED_EDGE('',*,*,#1406,.T.);
#2151=ORIENTED_EDGE('',*,*,#1411,.T.);
#2152=ORIENTED_EDGE('',*,*,#1416,.T.);
#2153=ORIENTED_EDGE('',*,*,#1421,.T.);
#2154=ORIENTED_EDGE('',*,*,#1426,.T.);
#2155=ORIENTED_EDGE('',*,*,#1431,.T.);
#2156=ORIENTED_EDGE('',*,*,#1436,.T.);
#2157=ORIENTED_EDGE('',*,*,#1441,.T.);
#2158=ORIENTED_EDGE('',*,*,#1308,.F.);
#2159=ORIENTED_EDGE('',*,*,#1312,.T.);
#2160=ORIENTED_EDGE('',*,*,#1328,.F.);
#2161=ORIENTED_EDGE('',*,*,#1330,.T.);
#2162=ORIENTED_EDGE('',*,*,#1336,.F.);
#2163=ORIENTED_EDGE('',*,*,#1338,.T.);
#2164=ORIENTED_EDGE('',*,*,#1344,.F.);
#2165=ORIENTED_EDGE('',*,*,#1345,.T.);
#2166=ORIENTED_EDGE('',*,*,#1410,.T.);
#2167=ORIENTED_EDGE('',*,*,#1415,.T.);
#2168=ORIENTED_EDGE('',*,*,#1420,.T.);
#2169=ORIENTED_EDGE('',*,*,#1425,.T.);
#2170=ORIENTED_EDGE('',*,*,#1430,.T.);
#2171=ORIENTED_EDGE('',*,*,#1435,.T.);
#2172=ORIENTED_EDGE('',*,*,#1440,.T.);
#2173=ORIENTED_EDGE('',*,*,#1445,.T.);
#2174=CYLINDRICAL_SURFACE('',#2407,2.5175);
#2175=CYLINDRICAL_SURFACE('',#2409,2.5175);
#2176=CYLINDRICAL_SURFACE('',#2411,2.5175);
#2177=CYLINDRICAL_SURFACE('',#2412,2.5175);
#2178=CYLINDRICAL_SURFACE('',#2414,2.5175);
#2179=CYLINDRICAL_SURFACE('',#2416,2.5175);
#2180=CYLINDRICAL_SURFACE('',#2418,2.5175);
#2181=CYLINDRICAL_SURFACE('',#2419,2.5175);
#2182=CYLINDRICAL_SURFACE('',#2421,2.5175);
#2183=CYLINDRICAL_SURFACE('',#2423,2.5175);
#2184=CYLINDRICAL_SURFACE('',#2425,2.5175);
#2185=CYLINDRICAL_SURFACE('',#2426,2.5175);
#2186=CYLINDRICAL_SURFACE('',#2428,2.5175);
#2187=CYLINDRICAL_SURFACE('',#2430,2.5175);
#2188=CYLINDRICAL_SURFACE('',#2432,2.5175);
#2189=CYLINDRICAL_SURFACE('',#2433,2.5175);
#2190=CYLINDRICAL_SURFACE('',#2435,3.0735);
#2191=CYLINDRICAL_SURFACE('',#2437,3.0735);
#2192=CYLINDRICAL_SURFACE('',#2438,3.0735);
#2193=CYLINDRICAL_SURFACE('',#2439,3.0735);
#2194=CYLINDRICAL_SURFACE('',#2441,3.0735);
#2195=CYLINDRICAL_SURFACE('',#2443,3.0735);
#2196=CYLINDRICAL_SURFACE('',#2444,3.0735);
#2197=CYLINDRICAL_SURFACE('',#2445,3.0735);
#2198=CYLINDRICAL_SURFACE('',#2447,3.0735);
#2199=CYLINDRICAL_SURFACE('',#2449,3.0735);
#2200=CYLINDRICAL_SURFACE('',#2450,3.0735);
#2201=CYLINDRICAL_SURFACE('',#2451,3.0735);
#2202=CYLINDRICAL_SURFACE('',#2453,3.0735);
#2203=CYLINDRICAL_SURFACE('',#2455,3.0735);
#2204=CYLINDRICAL_SURFACE('',#2456,3.0735);
#2205=CYLINDRICAL_SURFACE('',#2457,3.0735);
#2206=CYLINDRICAL_SURFACE('',#2459,2.5175);
#2207=CYLINDRICAL_SURFACE('',#2461,2.5175);
#2208=CYLINDRICAL_SURFACE('',#2463,2.5175);
#2209=CYLINDRICAL_SURFACE('',#2464,2.5175);
#2210=CYLINDRICAL_SURFACE('',#2466,2.5175);
#2211=CYLINDRICAL_SURFACE('',#2468,2.5175);
#2212=CYLINDRICAL_SURFACE('',#2470,2.5175);
#2213=CYLINDRICAL_SURFACE('',#2471,2.5175);
#2214=CYLINDRICAL_SURFACE('',#2473,2.5175);
#2215=CYLINDRICAL_SURFACE('',#2475,2.5175);
#2216=CYLINDRICAL_SURFACE('',#2477,2.5175);
#2217=CYLINDRICAL_SURFACE('',#2478,2.5175);
#2218=CYLINDRICAL_SURFACE('',#2480,2.5175);
#2219=CYLINDRICAL_SURFACE('',#2482,2.5175);
#2220=CYLINDRICAL_SURFACE('',#2484,2.5175);
#2221=CYLINDRICAL_SURFACE('',#2485,2.5175);
#2222=CYLINDRICAL_SURFACE('',#2487,3.0735);
#2223=CYLINDRICAL_SURFACE('',#2489,3.0735);
#2224=CYLINDRICAL_SURFACE('',#2490,3.0735);
#2225=CYLINDRICAL_SURFACE('',#2491,3.0735);
#2226=CYLINDRICAL_SURFACE('',#2493,3.0735);
#2227=CYLINDRICAL_SURFACE('',#2495,3.0735);
#2228=CYLINDRICAL_SURFACE('',#2496,3.0735);
#2229=CYLINDRICAL_SURFACE('',#2497,3.0735);
#2230=CYLINDRICAL_SURFACE('',#2499,3.0735);
#2231=CYLINDRICAL_SURFACE('',#2501,3.0735);
#2232=CYLINDRICAL_SURFACE('',#2502,3.0735);
#2233=CYLINDRICAL_SURFACE('',#2503,3.0735);
#2234=CYLINDRICAL_SURFACE('',#2505,3.0735);
#2235=CYLINDRICAL_SURFACE('',#2507,3.0735);
#2236=CYLINDRICAL_SURFACE('',#2508,3.0735);
#2237=CYLINDRICAL_SURFACE('',#2509,3.0735);
#2238=CYLINDRICAL_SURFACE('',#2511,2.5);
#2239=CYLINDRICAL_SURFACE('',#2519,2.5);
#2240=CYLINDRICAL_SURFACE('',#2522,2.5);
#2241=CYLINDRICAL_SURFACE('',#2525,2.5);
#2242=CYLINDRICAL_SURFACE('',#2528,3.0735);
#2243=CYLINDRICAL_SURFACE('',#2530,3.0735);
#2244=CYLINDRICAL_SURFACE('',#2531,3.0735);
#2245=CYLINDRICAL_SURFACE('',#2532,3.0735);
#2246=CYLINDRICAL_SURFACE('',#2534,2.5175);
#2247=CYLINDRICAL_SURFACE('',#2535,2.5175);
#2248=CYLINDRICAL_SURFACE('',#2536,2.5175);
#2249=CYLINDRICAL_SURFACE('',#2537,2.5175);
#2250=CYLINDRICAL_SURFACE('',#2538,3.0735);
#2251=CYLINDRICAL_SURFACE('',#2540,3.0735);
#2252=CYLINDRICAL_SURFACE('',#2542,3.0735);
#2253=CYLINDRICAL_SURFACE('',#2543,3.0735);
#2254=CYLINDRICAL_SURFACE('',#2544,2.5175);
#2255=CYLINDRICAL_SURFACE('',#2545,2.5175);
#2256=CYLINDRICAL_SURFACE('',#2546,2.5175);
#2257=CYLINDRICAL_SURFACE('',#2547,2.5175);
#2258=CYLINDRICAL_SURFACE('',#2551,3.2);
#2259=CYLINDRICAL_SURFACE('',#2556,3.2);
#2260=CYLINDRICAL_SURFACE('',#2561,3.2);
#2261=CYLINDRICAL_SURFACE('',#2566,3.2);
#2262=CYLINDRICAL_SURFACE('',#2571,3.2);
#2263=CYLINDRICAL_SURFACE('',#2576,3.2);
#2264=CYLINDRICAL_SURFACE('',#2581,3.2);
#2265=CYLINDRICAL_SURFACE('',#2586,3.2);
#2266=ADVANCED_FACE('',(#83),#2174,.F.);
#2267=ADVANCED_FACE('',(#84),#2175,.F.);
#2268=ADVANCED_FACE('',(#85),#2176,.F.);
#2269=ADVANCED_FACE('',(#86),#2177,.F.);
#2270=ADVANCED_FACE('',(#87),#2178,.F.);
#2271=ADVANCED_FACE('',(#88),#2179,.F.);
#2272=ADVANCED_FACE('',(#89),#2180,.F.);
#2273=ADVANCED_FACE('',(#90),#2181,.F.);
#2274=ADVANCED_FACE('',(#91),#2182,.F.);
#2275=ADVANCED_FACE('',(#92),#2183,.F.);
#2276=ADVANCED_FACE('',(#93),#2184,.F.);
#2277=ADVANCED_FACE('',(#94),#2185,.F.);
#2278=ADVANCED_FACE('',(#95),#2186,.F.);
#2279=ADVANCED_FACE('',(#96),#2187,.F.);
#2280=ADVANCED_FACE('',(#97),#2188,.F.);
#2281=ADVANCED_FACE('',(#98),#2189,.F.);
#2282=ADVANCED_FACE('',(#99),#2190,.F.);
#2283=ADVANCED_FACE('',(#100),#2191,.F.);
#2284=ADVANCED_FACE('',(#101),#2192,.F.);
#2285=ADVANCED_FACE('',(#102),#2193,.F.);
#2286=ADVANCED_FACE('',(#103),#2194,.F.);
#2287=ADVANCED_FACE('',(#104),#2195,.F.);
#2288=ADVANCED_FACE('',(#105),#2196,.F.);
#2289=ADVANCED_FACE('',(#106),#2197,.F.);
#2290=ADVANCED_FACE('',(#107),#2198,.F.);
#2291=ADVANCED_FACE('',(#108),#2199,.F.);
#2292=ADVANCED_FACE('',(#109),#2200,.F.);
#2293=ADVANCED_FACE('',(#110),#2201,.F.);
#2294=ADVANCED_FACE('',(#111),#2202,.F.);
#2295=ADVANCED_FACE('',(#112),#2203,.F.);
#2296=ADVANCED_FACE('',(#113),#2204,.F.);
#2297=ADVANCED_FACE('',(#114),#2205,.F.);
#2298=ADVANCED_FACE('',(#115),#2206,.F.);
#2299=ADVANCED_FACE('',(#116),#2207,.F.);
#2300=ADVANCED_FACE('',(#117),#2208,.F.);
#2301=ADVANCED_FACE('',(#118),#2209,.F.);
#2302=ADVANCED_FACE('',(#119),#2210,.F.);
#2303=ADVANCED_FACE('',(#120),#2211,.F.);
#2304=ADVANCED_FACE('',(#121),#2212,.F.);
#2305=ADVANCED_FACE('',(#122),#2213,.F.);
#2306=ADVANCED_FACE('',(#123),#2214,.F.);
#2307=ADVANCED_FACE('',(#124),#2215,.F.);
#2308=ADVANCED_FACE('',(#125),#2216,.F.);
#2309=ADVANCED_FACE('',(#126),#2217,.F.);
#2310=ADVANCED_FACE('',(#127),#2218,.F.);
#2311=ADVANCED_FACE('',(#128),#2219,.F.);
#2312=ADVANCED_FACE('',(#129),#2220,.F.);
#2313=ADVANCED_FACE('',(#130),#2221,.F.);
#2314=ADVANCED_FACE('',(#131),#2222,.F.);
#2315=ADVANCED_FACE('',(#132),#2223,.F.);
#2316=ADVANCED_FACE('',(#133),#2224,.F.);
#2317=ADVANCED_FACE('',(#134),#2225,.F.);
#2318=ADVANCED_FACE('',(#135),#2226,.F.);
#2319=ADVANCED_FACE('',(#136),#2227,.F.);
#2320=ADVANCED_FACE('',(#137),#2228,.F.);
#2321=ADVANCED_FACE('',(#138),#2229,.F.);
#2322=ADVANCED_FACE('',(#139),#2230,.F.);
#2323=ADVANCED_FACE('',(#140),#2231,.F.);
#2324=ADVANCED_FACE('',(#141),#2232,.F.);
#2325=ADVANCED_FACE('',(#142),#2233,.F.);
#2326=ADVANCED_FACE('',(#143),#2234,.F.);
#2327=ADVANCED_FACE('',(#144),#2235,.F.);
#2328=ADVANCED_FACE('',(#145),#2236,.F.);
#2329=ADVANCED_FACE('',(#146),#2237,.F.);
#2330=ADVANCED_FACE('',(#147),#2238,.T.);
#2331=ADVANCED_FACE('',(#148,#39,#40),#72,.T.);
#2332=ADVANCED_FACE('',(#149,#41),#73,.T.);
#2333=ADVANCED_FACE('',(#150),#2239,.T.);
#2334=ADVANCED_FACE('',(#151,#42,#43),#74,.T.);
#2335=ADVANCED_FACE('',(#152),#2240,.T.);
#2336=ADVANCED_FACE('',(#153,#44,#45),#75,.T.);
#2337=ADVANCED_FACE('',(#154),#2241,.T.);
#2338=ADVANCED_FACE('',(#155,#46,#47),#76,.T.);
#2339=ADVANCED_FACE('',(#156),#2242,.F.);
#2340=ADVANCED_FACE('',(#157),#23,.F.);
#2341=ADVANCED_FACE('',(#158),#24,.F.);
#2342=ADVANCED_FACE('',(#159,#48,#49),#77,.T.);
#2343=ADVANCED_FACE('',(#160),#25,.F.);
#2344=ADVANCED_FACE('',(#161),#2243,.F.);
#2345=ADVANCED_FACE('',(#162),#2244,.F.);
#2346=ADVANCED_FACE('',(#163),#26,.F.);
#2347=ADVANCED_FACE('',(#164),#27,.F.);
#2348=ADVANCED_FACE('',(#165),#28,.F.);
#2349=ADVANCED_FACE('',(#166),#2245,.F.);
#2350=ADVANCED_FACE('',(#167),#29,.F.);
#2351=ADVANCED_FACE('',(#168),#30,.F.);
#2352=ADVANCED_FACE('',(#169,#50,#51),#78,.T.);
#2353=ADVANCED_FACE('',(#170),#2246,.F.);
#2354=ADVANCED_FACE('',(#171),#2247,.F.);
#2355=ADVANCED_FACE('',(#172),#2248,.F.);
#2356=ADVANCED_FACE('',(#173),#2249,.F.);
#2357=ADVANCED_FACE('',(#174),#2250,.F.);
#2358=ADVANCED_FACE('',(#175),#31,.F.);
#2359=ADVANCED_FACE('',(#176),#32,.F.);
#2360=ADVANCED_FACE('',(#177,#52,#53),#79,.T.);
#2361=ADVANCED_FACE('',(#178),#2251,.F.);
#2362=ADVANCED_FACE('',(#179),#33,.F.);
#2363=ADVANCED_FACE('',(#180),#34,.F.);
#2364=ADVANCED_FACE('',(#181,#54,#55),#80,.T.);
#2365=ADVANCED_FACE('',(#182),#2252,.F.);
#2366=ADVANCED_FACE('',(#183),#35,.F.);
#2367=ADVANCED_FACE('',(#184),#36,.F.);
#2368=ADVANCED_FACE('',(#185),#2253,.F.);
#2369=ADVANCED_FACE('',(#186),#37,.F.);
#2370=ADVANCED_FACE('',(#187),#38,.F.);
#2371=ADVANCED_FACE('',(#188),#2254,.F.);
#2372=ADVANCED_FACE('',(#189),#2255,.F.);
#2373=ADVANCED_FACE('',(#190),#2256,.F.);
#2374=ADVANCED_FACE('',(#191),#2257,.F.);
#2375=ADVANCED_FACE('',(#192),#15,.F.);
#2376=ADVANCED_FACE('',(#193),#2258,.F.);
#2377=ADVANCED_FACE('',(#194),#16,.F.);
#2378=ADVANCED_FACE('',(#195),#2259,.F.);
#2379=ADVANCED_FACE('',(#196),#17,.F.);
#2380=ADVANCED_FACE('',(#197),#2260,.F.);
#2381=ADVANCED_FACE('',(#198),#18,.F.);
#2382=ADVANCED_FACE('',(#199),#2261,.F.);
#2383=ADVANCED_FACE('',(#200),#19,.F.);
#2384=ADVANCED_FACE('',(#201),#2262,.F.);
#2385=ADVANCED_FACE('',(#202),#20,.F.);
#2386=ADVANCED_FACE('',(#203),#2263,.F.);
#2387=ADVANCED_FACE('',(#204),#21,.F.);
#2388=ADVANCED_FACE('',(#205),#2264,.F.);
#2389=ADVANCED_FACE('',(#206),#22,.F.);
#2390=ADVANCED_FACE('',(#207),#2265,.F.);
#2391=ADVANCED_FACE('',(#208,#56,#57,#58,#59,#60,#61,#62,#63),#81,.T.);
#2392=ADVANCED_FACE('',(#209,#64,#65,#66,#67,#68,#69,#70,#71),#82,.F.);
#2393=CLOSED_SHELL('',(#2266,#2267,#2268,#2269,#2270,#2271,#2272,#2273,
#2274,#2275,#2276,#2277,#2278,#2279,#2280,#2281,#2282,#2283,#2284,#2285,
#2286,#2287,#2288,#2289,#2290,#2291,#2292,#2293,#2294,#2295,#2296,#2297,
#2298,#2299,#2300,#2301,#2302,#2303,#2304,#2305,#2306,#2307,#2308,#2309,
#2310,#2311,#2312,#2313,#2314,#2315,#2316,#2317,#2318,#2319,#2320,#2321,
#2322,#2323,#2324,#2325,#2326,#2327,#2328,#2329,#2330,#2331,#2332,#2333,
#2334,#2335,#2336,#2337,#2338,#2339,#2340,#2341,#2342,#2343,#2344,#2345,
#2346,#2347,#2348,#2349,#2350,#2351,#2352,#2353,#2354,#2355,#2356,#2357,
#2358,#2359,#2360,#2361,#2362,#2363,#2364,#2365,#2366,#2367,#2368,#2369,
#2370,#2371,#2372,#2373,#2374,#2375,#2376,#2377,#2378,#2379,#2380,#2381,
#2382,#2383,#2384,#2385,#2386,#2387,#2388,#2389,#2390,#2391,#2392));
#2394=DERIVED_UNIT_ELEMENT(#2396,1.);
#2395=DERIVED_UNIT_ELEMENT(#10549,-3.);
#2396=(
MASS_UNIT()
NAMED_UNIT(*)
SI_UNIT(.KILO.,.GRAM.)
);
#2397=DERIVED_UNIT((#2394,#2395));
#2398=MEASURE_REPRESENTATION_ITEM('density measure',
POSITIVE_RATIO_MEASURE(7850.),#2397);
#2399=PROPERTY_DEFINITION_REPRESENTATION(#2404,#2401);
#2400=PROPERTY_DEFINITION_REPRESENTATION(#2405,#2402);
#2401=REPRESENTATION('material name',(#2403),#10546);
#2402=REPRESENTATION('density',(#2398),#10546);
#2403=DESCRIPTIVE_REPRESENTATION_ITEM('Steel','Steel');
#2404=PROPERTY_DEFINITION('material property','material name',#10556);
#2405=PROPERTY_DEFINITION('material property','density of part',#10556);
#2406=AXIS2_PLACEMENT_3D('',#3066,#2590,#2591);
#2407=AXIS2_PLACEMENT_3D('',#3067,#2592,#2593);
#2408=AXIS2_PLACEMENT_3D('',#3072,#2595,#2596);
#2409=AXIS2_PLACEMENT_3D('',#3077,#2597,#2598);
#2410=AXIS2_PLACEMENT_3D('',#3101,#2600,#2601);
#2411=AXIS2_PLACEMENT_3D('',#3127,#2602,#2603);
#2412=AXIS2_PLACEMENT_3D('',#3175,#2605,#2606);
#2413=AXIS2_PLACEMENT_3D('',#3194,#2608,#2609);
#2414=AXIS2_PLACEMENT_3D('',#3214,#2610,#2611);
#2415=AXIS2_PLACEMENT_3D('',#3219,#2613,#2614);
#2416=AXIS2_PLACEMENT_3D('',#3224,#2615,#2616);
#2417=AXIS2_PLACEMENT_3D('',#3248,#2618,#2619);
#2418=AXIS2_PLACEMENT_3D('',#3274,#2620,#2621);
#2419=AXIS2_PLACEMENT_3D('',#3322,#2623,#2624);
#2420=AXIS2_PLACEMENT_3D('',#3341,#2626,#2627);
#2421=AXIS2_PLACEMENT_3D('',#3361,#2628,#2629);
#2422=AXIS2_PLACEMENT_3D('',#3366,#2631,#2632);
#2423=AXIS2_PLACEMENT_3D('',#3371,#2633,#2634);
#2424=AXIS2_PLACEMENT_3D('',#3395,#2636,#2637);
#2425=AXIS2_PLACEMENT_3D('',#3421,#2638,#2639);
#2426=AXIS2_PLACEMENT_3D('',#3469,#2641,#2642);
#2427=AXIS2_PLACEMENT_3D('',#3488,#2644,#2645);
#2428=AXIS2_PLACEMENT_3D('',#3508,#2646,#2647);
#2429=AXIS2_PLACEMENT_3D('',#3513,#2649,#2650);
#2430=AXIS2_PLACEMENT_3D('',#3518,#2651,#2652);
#2431=AXIS2_PLACEMENT_3D('',#3542,#2654,#2655);
#2432=AXIS2_PLACEMENT_3D('',#3568,#2656,#2657);
#2433=AXIS2_PLACEMENT_3D('',#3616,#2659,#2660);
#2434=AXIS2_PLACEMENT_3D('',#3635,#2662,#2663);
#2435=AXIS2_PLACEMENT_3D('',#3655,#2664,#2665);
#2436=AXIS2_PLACEMENT_3D('',#3667,#2667,#2668);
#2437=AXIS2_PLACEMENT_3D('',#3675,#2669,#2670);
#2438=AXIS2_PLACEMENT_3D('',#3700,#2672,#2673);
#2439=AXIS2_PLACEMENT_3D('',#3725,#2675,#2676);
#2440=AXIS2_PLACEMENT_3D('',#3736,#2678,#2679);
#2441=AXIS2_PLACEMENT_3D('',#3742,#2680,#2681);
#2442=AXIS2_PLACEMENT_3D('',#3754,#2683,#2684);
#2443=AXIS2_PLACEMENT_3D('',#3762,#2685,#2686);
#2444=AXIS2_PLACEMENT_3D('',#3787,#2688,#2689);
#2445=AXIS2_PLACEMENT_3D('',#3812,#2691,#2692);
#2446=AXIS2_PLACEMENT_3D('',#3825,#2694,#2695);
#2447=AXIS2_PLACEMENT_3D('',#3833,#2696,#2697);
#2448=AXIS2_PLACEMENT_3D('',#3845,#2699,#2700);
#2449=AXIS2_PLACEMENT_3D('',#3853,#2701,#2702);
#2450=AXIS2_PLACEMENT_3D('',#3878,#2704,#2705);
#2451=AXIS2_PLACEMENT_3D('',#3903,#2707,#2708);
#2452=AXIS2_PLACEMENT_3D('',#3914,#2710,#2711);
#2453=AXIS2_PLACEMENT_3D('',#3920,#2712,#2713);
#2454=AXIS2_PLACEMENT_3D('',#3932,#2715,#2716);
#2455=AXIS2_PLACEMENT_3D('',#3940,#2717,#2718);
#2456=AXIS2_PLACEMENT_3D('',#3965,#2720,#2721);
#2457=AXIS2_PLACEMENT_3D('',#3990,#2723,#2724);
#2458=AXIS2_PLACEMENT_3D('',#4003,#2726,#2727);
#2459=AXIS2_PLACEMENT_3D('',#4011,#2728,#2729);
#2460=AXIS2_PLACEMENT_3D('',#4016,#2731,#2732);
#2461=AXIS2_PLACEMENT_3D('',#4021,#2733,#2734);
#2462=AXIS2_PLACEMENT_3D('',#4045,#2736,#2737);
#2463=AXIS2_PLACEMENT_3D('',#4071,#2738,#2739);
#2464=AXIS2_PLACEMENT_3D('',#4119,#2741,#2742);
#2465=AXIS2_PLACEMENT_3D('',#4138,#2744,#2745);
#2466=AXIS2_PLACEMENT_3D('',#4158,#2746,#2747);
#2467=AXIS2_PLACEMENT_3D('',#4163,#2749,#2750);
#2468=AXIS2_PLACEMENT_3D('',#4168,#2751,#2752);
#2469=AXIS2_PLACEMENT_3D('',#4192,#2754,#2755);
#2470=AXIS2_PLACEMENT_3D('',#4218,#2756,#2757);
#2471=AXIS2_PLACEMENT_3D('',#4266,#2759,#2760);
#2472=AXIS2_PLACEMENT_3D('',#4285,#2762,#2763);
#2473=AXIS2_PLACEMENT_3D('',#4305,#2764,#2765);
#2474=AXIS2_PLACEMENT_3D('',#4310,#2767,#2768);
#2475=AXIS2_PLACEMENT_3D('',#4315,#2769,#2770);
#2476=AXIS2_PLACEMENT_3D('',#4339,#2772,#2773);
#2477=AXIS2_PLACEMENT_3D('',#4365,#2774,#2775);
#2478=AXIS2_PLACEMENT_3D('',#4413,#2777,#2778);
#2479=AXIS2_PLACEMENT_3D('',#4432,#2780,#2781);
#2480=AXIS2_PLACEMENT_3D('',#4452,#2782,#2783);
#2481=AXIS2_PLACEMENT_3D('',#4457,#2785,#2786);
#2482=AXIS2_PLACEMENT_3D('',#4462,#2787,#2788);
#2483=AXIS2_PLACEMENT_3D('',#4486,#2790,#2791);
#2484=AXIS2_PLACEMENT_3D('',#4512,#2792,#2793);
#2485=AXIS2_PLACEMENT_3D('',#4560,#2795,#2796);
#2486=AXIS2_PLACEMENT_3D('',#4579,#2798,#2799);
#2487=AXIS2_PLACEMENT_3D('',#4599,#2800,#2801);
#2488=AXIS2_PLACEMENT_3D('',#4611,#2803,#2804);
#2489=AXIS2_PLACEMENT_3D('',#4619,#2805,#2806);
#2490=AXIS2_PLACEMENT_3D('',#4644,#2808,#2809);
#2491=AXIS2_PLACEMENT_3D('',#4669,#2811,#2812);
#2492=AXIS2_PLACEMENT_3D('',#4680,#2814,#2815);
#2493=AXIS2_PLACEMENT_3D('',#4686,#2816,#2817);
#2494=AXIS2_PLACEMENT_3D('',#4698,#2819,#2820);
#2495=AXIS2_PLACEMENT_3D('',#4712,#2821,#2822);
#2496=AXIS2_PLACEMENT_3D('',#4749,#2824,#2825);
#2497=AXIS2_PLACEMENT_3D('',#4774,#2827,#2828);
#2498=AXIS2_PLACEMENT_3D('',#4787,#2830,#2831);
#2499=AXIS2_PLACEMENT_3D('',#4793,#2832,#2833);
#2500=AXIS2_PLACEMENT_3D('',#4805,#2835,#2836);
#2501=AXIS2_PLACEMENT_3D('',#4813,#2837,#2838);
#2502=AXIS2_PLACEMENT_3D('',#4838,#2840,#2841);
#2503=AXIS2_PLACEMENT_3D('',#4863,#2843,#2844);
#2504=AXIS2_PLACEMENT_3D('',#4874,#2846,#2847);
#2505=AXIS2_PLACEMENT_3D('',#4880,#2848,#2849);
#2506=AXIS2_PLACEMENT_3D('',#4892,#2851,#2852);
#2507=AXIS2_PLACEMENT_3D('',#4900,#2853,#2854);
#2508=AXIS2_PLACEMENT_3D('',#4925,#2856,#2857);
#2509=AXIS2_PLACEMENT_3D('',#4950,#2859,#2860);
#2510=AXIS2_PLACEMENT_3D('',#4963,#2862,#2863);
#2511=AXIS2_PLACEMENT_3D('',#4971,#2864,#2865);
#2512=AXIS2_PLACEMENT_3D('',#4974,#2866,#2867);
#2513=AXIS2_PLACEMENT_3D('',#4978,#2869,#2870);
#2514=AXIS2_PLACEMENT_3D('',#4980,#2872,#2873);
#2515=AXIS2_PLACEMENT_3D('',#5350,#2877,#2878);
#2516=AXIS2_PLACEMENT_3D('',#5354,#2880,#2881);
#2517=AXIS2_PLACEMENT_3D('',#5358,#2883,#2884);
#2518=AXIS2_PLACEMENT_3D('',#5361,#2886,#2887);
#2519=AXIS2_PLACEMENT_3D('',#5370,#2892,#2893);
#2520=AXIS2_PLACEMENT_3D('',#5373,#2895,#2896);
#2521=AXIS2_PLACEMENT_3D('',#5374,#2897,#2898);
#2522=AXIS2_PLACEMENT_3D('',#5742,#2901,#2902);
#2523=AXIS2_PLACEMENT_3D('',#5745,#2904,#2905);
#2524=AXIS2_PLACEMENT_3D('',#5746,#2906,#2907);
#2525=AXIS2_PLACEMENT_3D('',#6114,#2910,#2911);
#2526=AXIS2_PLACEMENT_3D('',#6117,#2913,#2914);
#2527=AXIS2_PLACEMENT_3D('',#6118,#2915,#2916);
#2528=AXIS2_PLACEMENT_3D('',#6484,#2918,#2919);
#2529=AXIS2_PLACEMENT_3D('',#6993,#2920,#2921);
#2530=AXIS2_PLACEMENT_3D('',#7424,#2925,#2926);
#2531=AXIS2_PLACEMENT_3D('',#7435,#2927,#2928);
#2532=AXIS2_PLACEMENT_3D('',#7977,#2929,#2930);
#2533=AXIS2_PLACEMENT_3D('',#8460,#2931,#2932);
#2534=AXIS2_PLACEMENT_3D('',#8466,#2936,#2937);
#2535=AXIS2_PLACEMENT_3D('',#8467,#2938,#2939);
#2536=AXIS2_PLACEMENT_3D('',#8468,#2940,#2941);
#2537=AXIS2_PLACEMENT_3D('',#8469,#2942,#2943);
#2538=AXIS2_PLACEMENT_3D('',#8470,#2944,#2945);
#2539=AXIS2_PLACEMENT_3D('',#8979,#2946,#2947);
#2540=AXIS2_PLACEMENT_3D('',#9160,#2949,#2950);
#2541=AXIS2_PLACEMENT_3D('',#9643,#2951,#2952);
#2542=AXIS2_PLACEMENT_3D('',#9824,#2954,#2955);
#2543=AXIS2_PLACEMENT_3D('',#10154,#2956,#2957);
#2544=AXIS2_PLACEMENT_3D('',#10458,#2958,#2959);
#2545=AXIS2_PLACEMENT_3D('',#10459,#2960,#2961);
#2546=AXIS2_PLACEMENT_3D('',#10460,#2962,#2963);
#2547=AXIS2_PLACEMENT_3D('',#10461,#2964,#2965);
#2548=AXIS2_PLACEMENT_3D('',#10462,#2966,#2967);
#2549=AXIS2_PLACEMENT_3D('',#10464,#2968,#2969);
#2550=AXIS2_PLACEMENT_3D('',#10467,#2971,#2972);
#2551=AXIS2_PLACEMENT_3D('',#10468,#2973,#2974);
#2552=AXIS2_PLACEMENT_3D('',#10471,#2976,#2977);
#2553=AXIS2_PLACEMENT_3D('',#10472,#2978,#2979);
#2554=AXIS2_PLACEMENT_3D('',#10474,#2980,#2981);
#2555=AXIS2_PLACEMENT_3D('',#10477,#2983,#2984);
#2556=AXIS2_PLACEMENT_3D('',#10478,#2985,#2986);
#2557=AXIS2_PLACEMENT_3D('',#10481,#2988,#2989);
#2558=AXIS2_PLACEMENT_3D('',#10482,#2990,#2991);
#2559=AXIS2_PLACEMENT_3D('',#10484,#2992,#2993);
#2560=AXIS2_PLACEMENT_3D('',#10487,#2995,#2996);
#2561=AXIS2_PLACEMENT_3D('',#10488,#2997,#2998);
#2562=AXIS2_PLACEMENT_3D('',#10491,#3000,#3001);
#2563=AXIS2_PLACEMENT_3D('',#10492,#3002,#3003);
#2564=AXIS2_PLACEMENT_3D('',#10494,#3004,#3005);
#2565=AXIS2_PLACEMENT_3D('',#10497,#3007,#3008);
#2566=AXIS2_PLACEMENT_3D('',#10498,#3009,#3010);
#2567=AXIS2_PLACEMENT_3D('',#10501,#3012,#3013);
#2568=AXIS2_PLACEMENT_3D('',#10502,#3014,#3015);
#2569=AXIS2_PLACEMENT_3D('',#10504,#3016,#3017);
#2570=AXIS2_PLACEMENT_3D('',#10507,#3019,#3020);
#2571=AXIS2_PLACEMENT_3D('',#10508,#3021,#3022);
#2572=AXIS2_PLACEMENT_3D('',#10511,#3024,#3025);
#2573=AXIS2_PLACEMENT_3D('',#10512,#3026,#3027);
#2574=AXIS2_PLACEMENT_3D('',#10514,#3028,#3029);
#2575=AXIS2_PLACEMENT_3D('',#10517,#3031,#3032);
#2576=AXIS2_PLACEMENT_3D('',#10518,#3033,#3034);
#2577=AXIS2_PLACEMENT_3D('',#10521,#3036,#3037);
#2578=AXIS2_PLACEMENT_3D('',#10522,#3038,#3039);
#2579=AXIS2_PLACEMENT_3D('',#10524,#3040,#3041);
#2580=AXIS2_PLACEMENT_3D('',#10527,#3043,#3044);
#2581=AXIS2_PLACEMENT_3D('',#10528,#3045,#3046);
#2582=AXIS2_PLACEMENT_3D('',#10531,#3048,#3049);
#2583=AXIS2_PLACEMENT_3D('',#10532,#3050,#3051);
#2584=AXIS2_PLACEMENT_3D('',#10534,#3052,#3053);
#2585=AXIS2_PLACEMENT_3D('',#10537,#3055,#3056);
#2586=AXIS2_PLACEMENT_3D('',#10538,#3057,#3058);
#2587=AXIS2_PLACEMENT_3D('',#10541,#3060,#3061);
#2588=AXIS2_PLACEMENT_3D('',#10542,#3062,#3063);
#2589=AXIS2_PLACEMENT_3D('',#10543,#3064,#3065);
#2590=DIRECTION('axis',(0.,0.,1.));
#2591=DIRECTION('refdir',(1.,0.,0.));
#2592=DIRECTION('center_axis',(0.,1.,0.));
#2593=DIRECTION('ref_axis',(0.418343200338755,0.,0.908289032593881));
#2594=DIRECTION('',(0.,1.,0.));
#2595=DIRECTION('center_axis',(0.,-1.,0.));
#2596=DIRECTION('ref_axis',(0.,0.,-1.));
#2597=DIRECTION('center_axis',(0.,1.,0.));
#2598=DIRECTION('ref_axis',(0.,0.,-1.));
#2599=DIRECTION('',(0.,1.,0.));
#2600=DIRECTION('center_axis',(0.,-1.,0.));
#2601=DIRECTION('ref_axis',(0.,0.,-1.));
#2602=DIRECTION('center_axis',(0.,1.,0.));
#2603=DIRECTION('ref_axis',(0.,0.,-1.));
#2604=DIRECTION('',(0.,1.,0.));
#2605=DIRECTION('center_axis',(0.,1.,0.));
#2606=DIRECTION('ref_axis',(-0.346627522667007,0.,-0.938002857420879));
#2607=DIRECTION('',(0.,1.,0.));
#2608=DIRECTION('center_axis',(0.,-1.,0.));
#2609=DIRECTION('ref_axis',(0.,0.,-1.));
#2610=DIRECTION('center_axis',(0.,1.,0.));
#2611=DIRECTION('ref_axis',(0.41834321471162,0.,0.908289025973972));
#2612=DIRECTION('',(0.,1.,0.));
#2613=DIRECTION('center_axis',(-1.39049459052857E-16,1.,0.));
#2614=DIRECTION('ref_axis',(0.,0.,-1.));
#2615=DIRECTION('center_axis',(0.,1.,0.));
#2616=DIRECTION('ref_axis',(0.,0.,-1.));
#2617=DIRECTION('',(0.,1.,0.));
#2618=DIRECTION('center_axis',(-1.39049459052857E-16,1.,0.));
#2619=DIRECTION('ref_axis',(0.,0.,-1.));
#2620=DIRECTION('center_axis',(0.,1.,0.));
#2621=DIRECTION('ref_axis',(0.,0.,-1.));
#2622=DIRECTION('',(0.,1.,0.));
#2623=DIRECTION('center_axis',(0.,1.,0.));
#2624=DIRECTION('ref_axis',(-0.346627537952463,0.,-0.938002851772325));
#2625=DIRECTION('',(0.,1.,0.));
#2626=DIRECTION('center_axis',(-1.30855015793757E-16,1.,0.));
#2627=DIRECTION('ref_axis',(0.,0.,-1.));
#2628=DIRECTION('center_axis',(0.,1.,0.));
#2629=DIRECTION('ref_axis',(0.418343234650376,0.,0.908289016790504));
#2630=DIRECTION('',(0.,1.,0.));
#2631=DIRECTION('center_axis',(0.,-1.,0.));
#2632=DIRECTION('ref_axis',(0.,0.,-1.));
#2633=DIRECTION('center_axis',(0.,1.,0.));
#2634=DIRECTION('ref_axis',(0.,0.,-1.));
#2635=DIRECTION('',(0.,1.,0.));
#2636=DIRECTION('center_axis',(0.,-1.,0.));
#2637=DIRECTION('ref_axis',(0.,0.,-1.));
#2638=DIRECTION('center_axis',(0.,1.,0.));
#2639=DIRECTION('ref_axis',(0.,0.,-1.));
#2640=DIRECTION('',(0.,1.,0.));
#2641=DIRECTION('center_axis',(0.,1.,0.));
#2642=DIRECTION('ref_axis',(-0.346627616702165,0.,-0.938002822671327));
#2643=DIRECTION('',(0.,1.,0.));
#2644=DIRECTION('center_axis',(0.,-1.,0.));
#2645=DIRECTION('ref_axis',(0.,0.,-1.));
#2646=DIRECTION('center_axis',(0.,1.,0.));
#2647=DIRECTION('ref_axis',(0.418343180966336,0.,0.908289041516503));
#2648=DIRECTION('',(0.,1.,0.));
#2649=DIRECTION('center_axis',(-1.39049459052857E-16,1.,0.));
#2650=DIRECTION('ref_axis',(0.,0.,-1.));
#2651=DIRECTION('center_axis',(0.,1.,0.));
#2652=DIRECTION('ref_axis',(0.,0.,-1.));
#2653=DIRECTION('',(0.,1.,0.));
#2654=DIRECTION('center_axis',(-1.39049459052857E-16,1.,0.));
#2655=DIRECTION('ref_axis',(0.,0.,-1.));
#2656=DIRECTION('center_axis',(0.,1.,0.));
#2657=DIRECTION('ref_axis',(0.,0.,-1.));
#2658=DIRECTION('',(0.,1.,0.));
#2659=DIRECTION('center_axis',(0.,1.,0.));
#2660=DIRECTION('ref_axis',(-0.346627569983125,0.,-0.938002839935783));
#2661=DIRECTION('',(0.,1.,0.));
#2662=DIRECTION('center_axis',(-1.30855015793757E-16,1.,0.));
#2663=DIRECTION('ref_axis',(0.,0.,-1.));
#2664=DIRECTION('center_axis',(0.,1.,0.));
#2665=DIRECTION('ref_axis',(0.991493082763843,0.,-0.130159390100952));
#2666=DIRECTION('',(-1.43058875937861E-30,1.,-1.22464679914735E-16));
#2667=DIRECTION('center_axis',(-1.39049459052857E-16,1.,0.));
#2668=DIRECTION('ref_axis',(-1.15591790427867E-14,0.,-1.));
#2669=DIRECTION('center_axis',(0.,1.,0.));
#2670=DIRECTION('ref_axis',(-1.15591790427867E-14,0.,-1.));
#2671=DIRECTION('',(-1.43058875937861E-30,1.,-1.22464679914735E-16));
#2672=DIRECTION('center_axis',(0.,1.,0.));
#2673=DIRECTION('ref_axis',(-1.15591790427867E-14,0.,-1.));
#2674=DIRECTION('',(-1.43058875937861E-30,1.,-1.22464679914735E-16));
#2675=DIRECTION('center_axis',(0.,1.,0.));
#2676=DIRECTION('ref_axis',(-0.793121909855251,0.,0.609062916378562));
#2677=DIRECTION('',(-1.43058875937861E-30,1.,-1.22464679914735E-16));
#2678=DIRECTION('center_axis',(-1.30855015793757E-16,1.,0.));
#2679=DIRECTION('ref_axis',(-1.15591790427867E-14,0.,-1.));
#2680=DIRECTION('center_axis',(0.,1.,0.));
#2681=DIRECTION('ref_axis',(0.991493089387405,0.,-0.130159339645755));
#2682=DIRECTION('',(1.85427444565485E-28,1.,-1.22464679914735E-16));
#2683=DIRECTION('center_axis',(0.,-1.,0.));
#2684=DIRECTION('ref_axis',(1.51425245460506E-12,0.,-1.));
#2685=DIRECTION('center_axis',(0.,1.,0.));
#2686=DIRECTION('ref_axis',(1.51425245460506E-12,0.,-1.));
#2687=DIRECTION('',(1.85427444565485E-28,1.,-1.22464679914735E-16));
#2688=DIRECTION('center_axis',(0.,1.,0.));
#2689=DIRECTION('ref_axis',(1.51425245460506E-12,0.,-1.));
#2690=DIRECTION('',(1.85427444565485E-28,1.,-1.22464679914735E-16));
#2691=DIRECTION('center_axis',(0.,1.,0.));
#2692=DIRECTION('ref_axis',(-0.79312195291519,0.,0.609062860305893));
#2693=DIRECTION('',(1.85427444565485E-28,1.,-1.22464679914735E-16));
#2694=DIRECTION('center_axis',(0.,-1.,0.));
#2695=DIRECTION('ref_axis',(1.51425245460506E-12,0.,-1.));
#2696=DIRECTION('center_axis',(0.,1.,0.));
#2697=DIRECTION('ref_axis',(0.991493078458523,0.,-0.130159422896848));
#2698=DIRECTION('',(-1.43058875937861E-30,1.,-1.22464679914735E-16));
#2699=DIRECTION('center_axis',(-1.39049459052857E-16,1.,0.));
#2700=DIRECTION('ref_axis',(-1.15591790427867E-14,0.,-1.));
#2701=DIRECTION('center_axis',(0.,1.,0.));
#2702=DIRECTION('ref_axis',(-1.15591790427867E-14,0.,-1.));
#2703=DIRECTION('',(-1.43058875937861E-30,1.,-1.22464679914735E-16));
#2704=DIRECTION('center_axis',(0.,1.,0.));
#2705=DIRECTION('ref_axis',(-1.15591790427867E-14,0.,-1.));
#2706=DIRECTION('',(-1.43058875937861E-30,1.,-1.22464679914735E-16));
#2707=DIRECTION('center_axis',(0.,1.,0.));
#2708=DIRECTION('ref_axis',(-0.793121936899955,0.,0.609062881160939));
#2709=DIRECTION('',(-1.43058875937861E-30,1.,-1.22464679914735E-16));
#2710=DIRECTION('center_axis',(-1.30855015793757E-16,1.,0.));
#2711=DIRECTION('ref_axis',(-1.15591790427867E-14,0.,-1.));
#2712=DIRECTION('center_axis',(0.,1.,0.));
#2713=DIRECTION('ref_axis',(0.991493076302479,0.,-0.130159439320575));
#2714=DIRECTION('',(1.85427444565485E-28,1.,-1.22464679914735E-16));
#2715=DIRECTION('center_axis',(0.,-1.,0.));
#2716=DIRECTION('ref_axis',(1.51425245460506E-12,0.,-1.));
#2717=DIRECTION('center_axis',(0.,1.,0.));
#2718=DIRECTION('ref_axis',(1.51425245460506E-12,0.,-1.));
#2719=DIRECTION('',(1.85427444565485E-28,1.,-1.22464679914735E-16));
#2720=DIRECTION('center_axis',(0.,1.,0.));
#2721=DIRECTION('ref_axis',(1.51425245460506E-12,0.,-1.));
#2722=DIRECTION('',(1.85427444565485E-28,1.,-1.22464679914735E-16));
#2723=DIRECTION('center_axis',(0.,1.,0.));
#2724=DIRECTION('ref_axis',(-0.793121925372302,0.,0.609062896172253));
#2725=DIRECTION('',(1.85427444565485E-28,1.,-1.22464679914735E-16));
#2726=DIRECTION('center_axis',(0.,-1.,0.));
#2727=DIRECTION('ref_axis',(1.51425245460506E-12,0.,-1.));
#2728=DIRECTION('center_axis',(1.,0.,0.));
#2729=DIRECTION('ref_axis',(0.,0.908289066742014,0.418343126197767));
#2730=DIRECTION('',(1.,0.,0.));
#2731=DIRECTION('center_axis',(1.,0.,0.));
#2732=DIRECTION('ref_axis',(0.,-1.,0.));
#2733=DIRECTION('center_axis',(1.,0.,0.));
#2734=DIRECTION('ref_axis',(0.,-1.,0.));
#2735=DIRECTION('',(1.,0.,0.));
#2736=DIRECTION('center_axis',(1.,0.,0.));
#2737=DIRECTION('ref_axis',(0.,-1.,0.));
#2738=DIRECTION('center_axis',(1.,0.,0.));
#2739=DIRECTION('ref_axis',(0.,-1.,0.));
#2740=DIRECTION('',(1.,0.,0.));
#2741=DIRECTION('center_axis',(1.,0.,0.));
#2742=DIRECTION('ref_axis',(0.,-0.938002865260647,-0.346627501451942));
#2743=DIRECTION('',(1.,0.,0.));
#2744=DIRECTION('center_axis',(1.,0.,0.));
#2745=DIRECTION('ref_axis',(0.,-1.,0.));
#2746=DIRECTION('center_axis',(1.,0.,0.));
#2747=DIRECTION('ref_axis',(0.,0.908289046474832,0.418343170201021));
#2748=DIRECTION('',(1.,0.,0.));
#2749=DIRECTION('center_axis',(-1.,1.8947806286936E-16,0.));
#2750=DIRECTION('ref_axis',(0.,-1.,0.));
#2751=DIRECTION('center_axis',(1.,0.,0.));
#2752=DIRECTION('ref_axis',(0.,-1.,0.));
#2753=DIRECTION('',(1.,0.,0.));
#2754=DIRECTION('center_axis',(-1.,1.8947806286936E-16,0.));
#2755=DIRECTION('ref_axis',(0.,-1.,0.));
#2756=DIRECTION('center_axis',(1.,0.,0.));
#2757=DIRECTION('ref_axis',(0.,-1.,0.));
#2758=DIRECTION('',(1.,0.,0.));
#2759=DIRECTION('center_axis',(1.,0.,0.));
#2760=DIRECTION('ref_axis',(0.,-0.93800284416269,-0.346627558544765));
#2761=DIRECTION('',(1.,0.,0.));
#2762=DIRECTION('center_axis',(-1.,2.07155316548134E-16,0.));
#2763=DIRECTION('ref_axis',(0.,-1.,0.));
#2764=DIRECTION('center_axis',(1.,0.,0.));
#2765=DIRECTION('ref_axis',(0.,0.908289025973963,0.418343214711641));
#2766=DIRECTION('',(1.,0.,0.));
#2767=DIRECTION('center_axis',(1.,0.,0.));
#2768=DIRECTION('ref_axis',(0.,-1.,0.));
#2769=DIRECTION('center_axis',(1.,0.,0.));
#2770=DIRECTION('ref_axis',(0.,-1.,0.));
#2771=DIRECTION('',(1.,0.,0.));
#2772=DIRECTION('center_axis',(1.,0.,0.));
#2773=DIRECTION('ref_axis',(0.,-1.,0.));
#2774=DIRECTION('center_axis',(1.,0.,0.));
#2775=DIRECTION('ref_axis',(0.,-1.,0.));
#2776=DIRECTION('',(1.,0.,0.));
#2777=DIRECTION('center_axis',(1.,0.,0.));
#2778=DIRECTION('ref_axis',(0.,-0.938002851772306,-0.346627537952514));
#2779=DIRECTION('',(1.,0.,0.));
#2780=DIRECTION('center_axis',(1.,0.,0.));
#2781=DIRECTION('ref_axis',(0.,-1.,0.));
#2782=DIRECTION('center_axis',(1.,0.,0.));
#2783=DIRECTION('ref_axis',(0.,0.908289032593924,0.418343200338662));
#2784=DIRECTION('',(1.,0.,0.));
#2785=DIRECTION('center_axis',(-1.,1.8947806286936E-16,0.));
#2786=DIRECTION('ref_axis',(0.,-1.,0.));
#2787=DIRECTION('center_axis',(1.,0.,0.));
#2788=DIRECTION('ref_axis',(0.,-1.,0.));
#2789=DIRECTION('',(1.,0.,0.));
#2790=DIRECTION('center_axis',(-1.,1.8947806286936E-16,0.));
#2791=DIRECTION('ref_axis',(0.,-1.,0.));
#2792=DIRECTION('center_axis',(1.,0.,0.));
#2793=DIRECTION('ref_axis',(0.,-1.,0.));
#2794=DIRECTION('',(1.,0.,0.));
#2795=DIRECTION('center_axis',(1.,0.,0.));
#2796=DIRECTION('ref_axis',(0.,-0.938002857420856,-0.34662752266707));
#2797=DIRECTION('',(1.,0.,0.));
#2798=DIRECTION('center_axis',(-1.,2.07155316548134E-16,0.));
#2799=DIRECTION('ref_axis',(0.,-1.,0.));
#2800=DIRECTION('center_axis',(1.,0.,0.));
#2801=DIRECTION('ref_axis',(0.,-0.13015946340425,0.991493073140866));
#2802=DIRECTION('',(1.,-1.22464679914735E-16,-1.91946493020618E-31));
#2803=DIRECTION('center_axis',(1.,0.,0.));
#2804=DIRECTION('ref_axis',(0.,-1.,-1.44489738034834E-15));
#2805=DIRECTION('center_axis',(1.,0.,0.));
#2806=DIRECTION('ref_axis',(0.,-1.,-1.44489738034834E-15));
#2807=DIRECTION('',(1.,-1.22464679914735E-16,-1.91946493020618E-31));
#2808=DIRECTION('center_axis',(1.,0.,0.));
#2809=DIRECTION('ref_axis',(0.,-1.,-1.44489738034834E-15));
#2810=DIRECTION('',(1.,-1.22464679914735E-16,-1.91946493020618E-31));
#2811=DIRECTION('center_axis',(1.,0.,0.));
#2812=DIRECTION('ref_axis',(0.,0.609062973334908,-0.793121866116703));
#2813=DIRECTION('',(1.,-1.22464679914735E-16,-1.91946493020618E-31));
#2814=DIRECTION('center_axis',(1.,0.,0.));
#2815=DIRECTION('ref_axis',(0.,-1.,-1.44489738034834E-15));
#2816=DIRECTION('center_axis',(1.,0.,0.));
#2817=DIRECTION('ref_axis',(0.,-0.130159439320135,0.991493076302537));
#2818=DIRECTION('',(1.,-1.22464679914735E-16,2.96595587971115E-28));
#2819=DIRECTION('center_axis',(-1.,1.8947806286936E-16,0.));
#2820=DIRECTION('ref_axis',(0.,-1.,2.42200923380891E-12));
#2821=DIRECTION('center_axis',(1.,0.,0.));
#2822=DIRECTION('ref_axis',(0.,-1.,2.42200923380891E-12));
#2823=DIRECTION('',(1.,-1.22464679914735E-16,2.96595587971115E-28));
#2824=DIRECTION('center_axis',(1.,0.,0.));
#2825=DIRECTION('ref_axis',(0.,-1.,2.42200923380891E-12));
#2826=DIRECTION('',(1.,-1.22464679914735E-16,2.96595587971115E-28));
#2827=DIRECTION('center_axis',(1.,0.,0.));
#2828=DIRECTION('ref_axis',(0.,0.609062896171989,-0.793121925372505));
#2829=DIRECTION('',(1.,-1.22464679914735E-16,2.96595587971115E-28));
#2830=DIRECTION('center_axis',(-1.,2.07155316548134E-16,0.));
#2831=DIRECTION('ref_axis',(0.,-1.,2.42200923380891E-12));
#2832=DIRECTION('center_axis',(1.,0.,0.));
#2833=DIRECTION('ref_axis',(0.,-0.130159422895684,0.991493078458676));
#2834=DIRECTION('',(1.,-1.22464679914735E-16,2.96595587971115E-28));
#2835=DIRECTION('center_axis',(1.,0.,0.));
#2836=DIRECTION('ref_axis',(0.,-1.,2.42200923380891E-12));
#2837=DIRECTION('center_axis',(1.,0.,0.));
#2838=DIRECTION('ref_axis',(0.,-1.,2.42200923380891E-12));
#2839=DIRECTION('',(1.,-1.22464679914735E-16,2.96595587971115E-28));
#2840=DIRECTION('center_axis',(1.,0.,0.));
#2841=DIRECTION('ref_axis',(0.,-1.,2.42200923380891E-12));
#2842=DIRECTION('',(1.,-1.22464679914735E-16,2.96595587971115E-28));
#2843=DIRECTION('center_axis',(1.,0.,0.));
#2844=DIRECTION('ref_axis',(0.,0.609062881160052,-0.793121936900636));
#2845=DIRECTION('',(1.,-1.22464679914735E-16,2.96595587971115E-28));
#2846=DIRECTION('center_axis',(1.,0.,0.));
#2847=DIRECTION('ref_axis',(0.,-1.,2.42200923380891E-12));
#2848=DIRECTION('center_axis',(1.,0.,0.));
#2849=DIRECTION('ref_axis',(0.,-0.130159402381115,0.99149308115175));
#2850=DIRECTION('',(1.,-1.22464679914735E-16,2.96551350747316E-28));
#2851=DIRECTION('center_axis',(-1.,1.8947806286936E-16,0.));
#2852=DIRECTION('ref_axis',(0.,-1.,2.42164800946382E-12));
#2853=DIRECTION('center_axis',(1.,0.,0.));
#2854=DIRECTION('ref_axis',(0.,-1.,2.42164800946382E-12));
#2855=DIRECTION('',(1.,-1.22464679914735E-16,2.96551350747316E-28));
#2856=DIRECTION('center_axis',(1.,0.,0.));
#2857=DIRECTION('ref_axis',(0.,-1.,2.42164800946382E-12));
#2858=DIRECTION('',(1.,-1.22464679914735E-16,2.96551350747316E-28));
#2859=DIRECTION('center_axis',(1.,0.,0.));
#2860=DIRECTION('ref_axis',(0.,0.609062927592543,-0.793121901243687));
#2861=DIRECTION('',(1.,-1.22464679914735E-16,2.96551350747316E-28));
#2862=DIRECTION('center_axis',(-1.,2.07155316548134E-16,0.));
#2863=DIRECTION('ref_axis',(0.,-1.,2.42164800946382E-12));
#2864=DIRECTION('center_axis',(0.,0.,1.));
#2865=DIRECTION('ref_axis',(-0.707106781186547,-0.707106781186547,0.));
#2866=DIRECTION('center_axis',(0.,0.,-1.));
#2867=DIRECTION('ref_axis',(-0.707106781186547,-0.707106781186547,0.));
#2868=DIRECTION('',(0.,0.,-1.));
#2869=DIRECTION('center_axis',(0.,0.,1.));
#2870=DIRECTION('ref_axis',(-0.707106781186547,-0.707106781186547,0.));
#2871=DIRECTION('',(0.,0.,1.));
#2872=DIRECTION('center_axis',(-1.,0.,0.));
#2873=DIRECTION('ref_axis',(0.,-1.,0.));
#2874=DIRECTION('',(0.,-1.,0.));
#2875=DIRECTION('',(0.,0.,1.));
#2876=DIRECTION('',(0.,1.,0.));
#2877=DIRECTION('center_axis',(0.,0.,1.));
#2878=DIRECTION('ref_axis',(1.,0.,0.));
#2879=DIRECTION('',(1.,1.30855015793757E-16,0.));
#2880=DIRECTION('center_axis',(0.,0.,-1.));
#2881=DIRECTION('ref_axis',(0.707106781186547,-0.707106781186547,0.));
#2882=DIRECTION('',(2.8421709430404E-16,1.,0.));
#2883=DIRECTION('center_axis',(0.,0.,-1.));
#2884=DIRECTION('ref_axis',(0.707106781186547,0.707106781186547,0.));
#2885=DIRECTION('',(-1.,0.,0.));
#2886=DIRECTION('center_axis',(0.,0.,-1.));
#2887=DIRECTION('ref_axis',(-0.707106781186547,0.707106781186547,0.));
#2888=DIRECTION('',(2.07155316548134E-16,1.,0.));
#2889=DIRECTION('',(1.,1.39049459052857E-16,0.));
#2890=DIRECTION('',(0.,-1.,0.));
#2891=DIRECTION('',(-1.,0.,0.));
#2892=DIRECTION('center_axis',(0.,0.,1.));
#2893=DIRECTION('ref_axis',(-0.707106781186547,0.707106781186547,0.));
#2894=DIRECTION('',(0.,0.,-1.));
#2895=DIRECTION('center_axis',(0.,0.,1.));
#2896=DIRECTION('ref_axis',(-0.707106781186547,0.707106781186547,0.));
#2897=DIRECTION('center_axis',(0.,1.,0.));
#2898=DIRECTION('ref_axis',(-1.,0.,0.));
#2899=DIRECTION('',(0.,0.,1.));
#2900=DIRECTION('',(1.,0.,0.));
#2901=DIRECTION('center_axis',(0.,0.,1.));
#2902=DIRECTION('ref_axis',(0.707106781186547,0.707106781186547,0.));
#2903=DIRECTION('',(0.,0.,-1.));
#2904=DIRECTION('center_axis',(0.,0.,1.));
#2905=DIRECTION('ref_axis',(0.707106781186547,0.707106781186547,0.));
#2906=DIRECTION('center_axis',(1.,-1.8947806286936E-16,0.));
#2907=DIRECTION('ref_axis',(1.8947806286936E-16,1.,0.));
#2908=DIRECTION('',(0.,0.,1.));
#2909=DIRECTION('',(-1.8947806286936E-16,-1.,0.));
#2910=DIRECTION('center_axis',(0.,0.,1.));
#2911=DIRECTION('ref_axis',(0.707106781186547,-0.707106781186547,0.));
#2912=DIRECTION('',(0.,0.,-1.));
#2913=DIRECTION('center_axis',(0.,0.,1.));
#2914=DIRECTION('ref_axis',(0.707106781186547,-0.707106781186547,0.));
#2915=DIRECTION('center_axis',(1.30855015793757E-16,-1.,0.));
#2916=DIRECTION('ref_axis',(1.,1.30855015793757E-16,0.));
#2917=DIRECTION('',(-1.,-1.30855015793757E-16,0.));
#2918=DIRECTION('center_axis',(1.,0.,0.));
#2919=DIRECTION('ref_axis',(0.,-1.,2.42164800946382E-12));
#2920=DIRECTION('center_axis',(-1.,2.07155316548134E-16,0.));
#2921=DIRECTION('ref_axis',(-2.07155316548134E-16,-1.,0.));
#2922=DIRECTION('',(2.07155316548134E-16,1.,0.));
#2923=DIRECTION('',(0.,0.,1.));
#2924=DIRECTION('',(0.,0.,-1.));
#2925=DIRECTION('center_axis',(1.,0.,0.));
#2926=DIRECTION('ref_axis',(0.,-1.,2.42200923380891E-12));
#2927=DIRECTION('center_axis',(1.,0.,0.));
#2928=DIRECTION('ref_axis',(0.,-1.,2.42200923380891E-12));
#2929=DIRECTION('center_axis',(1.,0.,0.));
#2930=DIRECTION('ref_axis',(0.,-1.,-1.44489738034834E-15));
#2931=DIRECTION('center_axis',(1.,0.,0.));
#2932=DIRECTION('ref_axis',(0.,1.,0.));
#2933=DIRECTION('',(0.,-1.,0.));
#2934=DIRECTION('',(0.,0.,1.));
#2935=DIRECTION('',(0.,0.,1.));
#2936=DIRECTION('center_axis',(1.,0.,0.));
#2937=DIRECTION('ref_axis',(0.,-1.,0.));
#2938=DIRECTION('center_axis',(1.,0.,0.));
#2939=DIRECTION('ref_axis',(0.,-1.,0.));
#2940=DIRECTION('center_axis',(1.,0.,0.));
#2941=DIRECTION('ref_axis',(0.,-1.,0.));
#2942=DIRECTION('center_axis',(1.,0.,0.));
#2943=DIRECTION('ref_axis',(0.,-1.,0.));
#2944=DIRECTION('center_axis',(0.,1.,0.));
#2945=DIRECTION('ref_axis',(1.51425245460506E-12,0.,-1.));
#2946=DIRECTION('center_axis',(0.,-1.,0.));
#2947=DIRECTION('ref_axis',(1.,0.,0.));
#2948=DIRECTION('',(-1.,0.,0.));
#2949=DIRECTION('center_axis',(0.,1.,0.));
#2950=DIRECTION('ref_axis',(-1.15591790427867E-14,0.,-1.));
#2951=DIRECTION('center_axis',(-1.39049459052857E-16,1.,0.));
#2952=DIRECTION('ref_axis',(-1.,-1.39049459052857E-16,0.));
#2953=DIRECTION('',(1.,1.39049459052857E-16,0.));
#2954=DIRECTION('center_axis',(0.,1.,0.));
#2955=DIRECTION('ref_axis',(1.51425245460506E-12,0.,-1.));
#2956=DIRECTION('center_axis',(0.,1.,0.));
#2957=DIRECTION('ref_axis',(-1.15591790427867E-14,0.,-1.));
#2958=DIRECTION('center_axis',(0.,1.,0.));
#2959=DIRECTION('ref_axis',(0.,0.,-1.));
#2960=DIRECTION('center_axis',(0.,1.,0.));
#2961=DIRECTION('ref_axis',(0.,0.,-1.));
#2962=DIRECTION('center_axis',(0.,1.,0.));
#2963=DIRECTION('ref_axis',(0.,0.,-1.));
#2964=DIRECTION('center_axis',(0.,1.,0.));
#2965=DIRECTION('ref_axis',(0.,0.,-1.));
#2966=DIRECTION('center_axis',(0.,0.,1.));
#2967=DIRECTION('ref_axis',(1.,0.,0.));
#2968=DIRECTION('center_axis',(0.,0.,-1.));
#2969=DIRECTION('ref_axis',(1.,0.,0.));
#2970=DIRECTION('',(0.707106781186547,8.65956056235493E-17,-0.707106781186548));
#2971=DIRECTION('center_axis',(0.,0.,-1.));
#2972=DIRECTION('ref_axis',(1.,0.,0.));
#2973=DIRECTION('center_axis',(0.,0.,1.));
#2974=DIRECTION('ref_axis',(1.,0.,0.));
#2975=DIRECTION('',(0.,0.,-1.));
#2976=DIRECTION('center_axis',(0.,0.,1.));
#2977=DIRECTION('ref_axis',(1.,0.,0.));
#2978=DIRECTION('center_axis',(0.,0.,1.));
#2979=DIRECTION('ref_axis',(1.,0.,0.));
#2980=DIRECTION('center_axis',(0.,0.,-1.));
#2981=DIRECTION('ref_axis',(1.,0.,0.));
#2982=DIRECTION('',(0.707106781186547,8.65956056235493E-17,-0.707106781186548));
#2983=DIRECTION('center_axis',(0.,0.,-1.));
#2984=DIRECTION('ref_axis',(1.,0.,0.));
#2985=DIRECTION('center_axis',(0.,0.,1.));
#2986=DIRECTION('ref_axis',(1.,0.,0.));
#2987=DIRECTION('',(0.,0.,-1.));
#2988=DIRECTION('center_axis',(0.,0.,1.));
#2989=DIRECTION('ref_axis',(1.,0.,0.));
#2990=DIRECTION('center_axis',(0.,0.,1.));
#2991=DIRECTION('ref_axis',(1.,0.,0.));
#2992=DIRECTION('center_axis',(0.,0.,-1.));
#2993=DIRECTION('ref_axis',(1.,0.,0.));
#2994=DIRECTION('',(0.707106781186547,8.65956056235493E-17,-0.707106781186548));
#2995=DIRECTION('center_axis',(0.,0.,-1.));
#2996=DIRECTION('ref_axis',(1.,0.,0.));
#2997=DIRECTION('center_axis',(0.,0.,1.));
#2998=DIRECTION('ref_axis',(1.,0.,0.));
#2999=DIRECTION('',(0.,0.,-1.));
#3000=DIRECTION('center_axis',(0.,0.,1.));
#3001=DIRECTION('ref_axis',(1.,0.,0.));
#3002=DIRECTION('center_axis',(0.,0.,1.));
#3003=DIRECTION('ref_axis',(1.,0.,0.));
#3004=DIRECTION('center_axis',(0.,0.,-1.));
#3005=DIRECTION('ref_axis',(1.,0.,0.));
#3006=DIRECTION('',(0.707106781186547,8.65956056235493E-17,-0.707106781186548));
#3007=DIRECTION('center_axis',(0.,0.,-1.));
#3008=DIRECTION('ref_axis',(1.,0.,0.));
#3009=DIRECTION('center_axis',(0.,0.,1.));
#3010=DIRECTION('ref_axis',(1.,0.,0.));
#3011=DIRECTION('',(0.,0.,-1.));
#3012=DIRECTION('center_axis',(0.,0.,1.));
#3013=DIRECTION('ref_axis',(1.,0.,0.));
#3014=DIRECTION('center_axis',(0.,0.,1.));
#3015=DIRECTION('ref_axis',(1.,0.,0.));
#3016=DIRECTION('center_axis',(0.,0.,-1.));
#3017=DIRECTION('ref_axis',(1.,0.,0.));
#3018=DIRECTION('',(0.707106781186547,-8.65956056235493E-17,-0.707106781186548));
#3019=DIRECTION('center_axis',(0.,0.,-1.));
#3020=DIRECTION('ref_axis',(1.,0.,0.));
#3021=DIRECTION('center_axis',(0.,0.,-1.));
#3022=DIRECTION('ref_axis',(1.,0.,0.));
#3023=DIRECTION('',(0.,0.,-1.));
#3024=DIRECTION('center_axis',(0.,0.,1.));
#3025=DIRECTION('ref_axis',(1.,0.,0.));
#3026=DIRECTION('center_axis',(0.,0.,1.));
#3027=DIRECTION('ref_axis',(1.,0.,0.));
#3028=DIRECTION('center_axis',(0.,0.,-1.));
#3029=DIRECTION('ref_axis',(1.,0.,0.));
#3030=DIRECTION('',(0.707106781186547,-8.65956056235493E-17,-0.707106781186548));
#3031=DIRECTION('center_axis',(0.,0.,-1.));
#3032=DIRECTION('ref_axis',(1.,0.,0.));
#3033=DIRECTION('center_axis',(0.,0.,-1.));
#3034=DIRECTION('ref_axis',(1.,0.,0.));
#3035=DIRECTION('',(0.,0.,-1.));
#3036=DIRECTION('center_axis',(0.,0.,1.));
#3037=DIRECTION('ref_axis',(1.,0.,0.));
#3038=DIRECTION('center_axis',(0.,0.,1.));
#3039=DIRECTION('ref_axis',(1.,0.,0.));
#3040=DIRECTION('center_axis',(0.,0.,-1.));
#3041=DIRECTION('ref_axis',(1.,0.,0.));
#3042=DIRECTION('',(0.707106781186547,-8.65956056235493E-17,-0.707106781186548));
#3043=DIRECTION('center_axis',(0.,0.,-1.));
#3044=DIRECTION('ref_axis',(1.,0.,0.));
#3045=DIRECTION('center_axis',(0.,0.,-1.));
#3046=DIRECTION('ref_axis',(1.,0.,0.));
#3047=DIRECTION('',(0.,0.,-1.));
#3048=DIRECTION('center_axis',(0.,0.,1.));
#3049=DIRECTION('ref_axis',(1.,0.,0.));
#3050=DIRECTION('center_axis',(0.,0.,1.));
#3051=DIRECTION('ref_axis',(1.,0.,0.));
#3052=DIRECTION('center_axis',(0.,0.,-1.));
#3053=DIRECTION('ref_axis',(1.,0.,0.));
#3054=DIRECTION('',(0.707106781186547,-8.65956056235493E-17,-0.707106781186548));
#3055=DIRECTION('center_axis',(0.,0.,-1.));
#3056=DIRECTION('ref_axis',(1.,0.,0.));
#3057=DIRECTION('center_axis',(0.,0.,-1.));
#3058=DIRECTION('ref_axis',(1.,0.,0.));
#3059=DIRECTION('',(0.,0.,-1.));
#3060=DIRECTION('center_axis',(0.,0.,1.));
#3061=DIRECTION('ref_axis',(1.,0.,0.));
#3062=DIRECTION('center_axis',(0.,0.,1.));
#3063=DIRECTION('ref_axis',(1.,0.,0.));
#3064=DIRECTION('center_axis',(0.,0.,1.));
#3065=DIRECTION('ref_axis',(1.,0.,0.));
#3066=CARTESIAN_POINT('',(0.,0.,0.));
#3067=CARTESIAN_POINT('Origin',(55.3750000000001,4.6875,7.5));
#3068=CARTESIAN_POINT('',(55.3739125175253,46.7375833024919,10.0209275566658));
#3069=CARTESIAN_POINT('',(55.3750000000001,46.875,10.0175));
#3070=CARTESIAN_POINT('',(55.3750000000001,4.6875,10.0175));
#3071=CARTESIAN_POINT('',(57.2920405839626,46.875,9.13819341857375));
#3072=CARTESIAN_POINT('Origin',(55.3750000000001,46.875,7.5));
#3073=CARTESIAN_POINT('Ctrl Pts',(57.2920619412329,46.875,9.13820660016112));
#3074=CARTESIAN_POINT('Ctrl Pts',(56.8211947426257,46.829194434164,9.68506080849754));
#3075=CARTESIAN_POINT('Ctrl Pts',(56.0959551438697,46.783388868328,10.0173749843979));
#3076=CARTESIAN_POINT('Ctrl Pts',(55.3739125175253,46.7375833024919,10.0209275566658));
#3077=CARTESIAN_POINT('Origin',(55.3750000000001,4.6875,7.5));
#3078=CARTESIAN_POINT('',(55.3769240261455,45.737583302492,10.0158024729457));
#3079=CARTESIAN_POINT('',(55.37489317695,46.012416697508,10.0137915226518));
#3080=CARTESIAN_POINT('',(55.3750000000001,4.6875,10.0175));
#3081=CARTESIAN_POINT('',(53.4615340033352,46.875,9.13598720337512));
#3082=CARTESIAN_POINT('Ctrl Pts',(55.37489317695,46.012416697508,10.0137915226518));
#3083=CARTESIAN_POINT('Ctrl Pts',(55.7966615288094,46.0389824938727,10.0136306782804));
#3084=CARTESIAN_POINT('Ctrl Pts',(56.2185073675986,46.0655482902374,9.91286697423704));
#3085=CARTESIAN_POINT('Ctrl Pts',(56.5855568946335,46.092114086602,9.71196397343722));
#3086=CARTESIAN_POINT('Ctrl Pts',(57.3066793994022,46.1443064808286,9.31726063102277));
#3087=CARTESIAN_POINT('Ctrl Pts',(57.8162971719723,46.1964988750551,8.53603610743892));
#3088=CARTESIAN_POINT('Ctrl Pts',(57.887127722469,46.2486912692816,7.7171097629324));
#3089=CARTESIAN_POINT('Ctrl Pts',(57.9579582729657,46.3008836635082,6.89818341842587));
#3090=CARTESIAN_POINT('Ctrl Pts',(57.5900016013889,46.3530760577347,6.04155525299666));
#3091=CARTESIAN_POINT('Ctrl Pts',(56.9472575791272,46.4052684519612,5.52879982025478));
#3092=CARTESIAN_POINT('Ctrl Pts',(56.3045135568656,46.4574608461878,5.01604438751296));
#3093=CARTESIAN_POINT('Ctrl Pts',(55.3869821839191,46.5096532404143,4.84716168745838));
#3094=CARTESIAN_POINT('Ctrl Pts',(54.6043849446915,46.5618456346408,5.0987339713728));
#3095=CARTESIAN_POINT('Ctrl Pts',(53.8217877054639,46.6140380288673,5.35030625528722));
#3096=CARTESIAN_POINT('Ctrl Pts',(53.1741245999552,46.6662304230939,6.02233352317062));
#3097=CARTESIAN_POINT('Ctrl Pts',(52.9499370193554,46.7184228173204,6.81188088886215));
#3098=CARTESIAN_POINT('Ctrl Pts',(52.7257494387556,46.7706152115469,7.60142825455377));
#3099=CARTESIAN_POINT('Ctrl Pts',(52.9250373830648,46.8228076057735,8.50849571805355));
#3100=CARTESIAN_POINT('Ctrl Pts',(53.4615340033351,46.875,9.13598720337512));
#3101=CARTESIAN_POINT('Origin',(55.3750000000001,46.875,7.5));
#3102=CARTESIAN_POINT('Ctrl Pts',(55.3739125175253,46.7375833024919,10.0209275566658));
#3103=CARTESIAN_POINT('Ctrl Pts',(55.314495205125,46.7338139355382,10.0212198999272));
#3104=CARTESIAN_POINT('Ctrl Pts',(55.2550995417936,46.7300445685844,10.0192859547909));
#3105=CARTESIAN_POINT('Ctrl Pts',(55.1958690582034,46.7262752016306,10.0150620712245));
#3106=CARTESIAN_POINT('Ctrl Pts',(54.3757364503433,46.6740828074041,9.95657623024135));
#3107=CARTESIAN_POINT('Ctrl Pts',(53.5872728449067,46.6218904131776,9.45905310070694));
#3108=CARTESIAN_POINT('Ctrl Pts',(53.18177054746,46.5696980189511,8.74405287957341));
#3109=CARTESIAN_POINT('Ctrl Pts',(52.7762682500135,46.5175056247246,8.02905265843996));
#3110=CARTESIAN_POINT('Ctrl Pts',(52.7537272605567,46.465313230498,7.09657534570743));
#3111=CARTESIAN_POINT('Ctrl Pts',(53.1244293857653,46.4131208362715,6.36282580672714));
#3112=CARTESIAN_POINT('Ctrl Pts',(53.4951315109739,46.3609284420449,5.62907626774676));
#3113=CARTESIAN_POINT('Ctrl Pts',(54.2590767508479,46.3087360478184,5.09405450251866));
#3114=CARTESIAN_POINT('Ctrl Pts',(55.0753313418141,46.2565436535919,4.99636495011519));
#3115=CARTESIAN_POINT('Ctrl Pts',(55.8915859327803,46.2043512593654,4.89867539771172));
#3116=CARTESIAN_POINT('Ctrl Pts',(56.7601498748386,46.1521588651388,5.23831805813277));
#3117=CARTESIAN_POINT('Ctrl Pts',(57.2935727444055,46.0999664709123,5.86380755550217));
#3118=CARTESIAN_POINT('Ctrl Pts',(57.8269956139725,46.0477740766857,6.48929705287164));
#3119=CARTESIAN_POINT('Ctrl Pts',(58.025277411048,45.9955816824592,7.40063338718952));
#3120=CARTESIAN_POINT('Ctrl Pts',(57.7999324619391,45.9433892882327,8.19121236725368));
#3121=CARTESIAN_POINT('Ctrl Pts',(57.5745875128301,45.8911968940062,8.98179134731775));
#3122=CARTESIAN_POINT('Ctrl Pts',(56.9256158175369,45.8390044997796,9.65161297312812));
#3123=CARTESIAN_POINT('Ctrl Pts',(56.1425612430177,45.7868121055531,9.90185255531772));
#3124=CARTESIAN_POINT('Ctrl Pts',(55.8963641996463,45.7704025045327,9.98052937718215));
#3125=CARTESIAN_POINT('Ctrl Pts',(55.6369129131892,45.7539929035123,10.0177300431595));
#3126=CARTESIAN_POINT('Ctrl Pts',(55.3769240261455,45.737583302492,10.0158024729457));
#3127=CARTESIAN_POINT('Origin',(55.3750000000001,4.6875,7.5));
#3128=CARTESIAN_POINT('',(55.3729934976134,44.737583302492,10.0161250334684));
#3129=CARTESIAN_POINT('',(55.3736254348013,45.012416697508,10.0204806670483));
#3130=CARTESIAN_POINT('',(55.3750000000001,4.6875,10.0175));
#3131=CARTESIAN_POINT('Ctrl Pts',(55.3736254348013,45.012416697508,10.0204806670483));
#3132=CARTESIAN_POINT('Ctrl Pts',(56.1106948940734,45.0591614618468,10.0155704461194));
#3133=CARTESIAN_POINT('Ctrl Pts',(56.8517518108199,45.1059062261857,9.67240496933491));
#3134=CARTESIAN_POINT('Ctrl Pts',(57.3202271188227,45.1526509905245,9.10441464130808));
#3135=CARTESIAN_POINT('Ctrl Pts',(57.843298489628,45.204843384751,8.47023078057964));
#3136=CARTESIAN_POINT('Ctrl Pts',(58.0265529081235,45.2570357789775,7.55576647061311));
#3137=CARTESIAN_POINT('Ctrl Pts',(57.7882340532982,45.3092281732041,6.76900424734357));
#3138=CARTESIAN_POINT('Ctrl Pts',(57.549915198473,45.3614205674306,5.98224202407404));
#3139=CARTESIAN_POINT('Ctrl Pts',(56.8900230703269,45.4136129616571,5.3231818875015));
#3140=CARTESIAN_POINT('Ctrl Pts',(56.1029602262984,45.4658053558836,5.08585021324308));
#3141=CARTESIAN_POINT('Ctrl Pts',(55.3158973822698,45.5179977501102,4.84851853898463));
#3142=CARTESIAN_POINT('Ctrl Pts',(54.4016638223586,45.5701901443367,5.03291532704039));
#3143=CARTESIAN_POINT('Ctrl Pts',(53.7681398954322,45.6223825385632,5.55678824565411));
#3144=CARTESIAN_POINT('Ctrl Pts',(53.1346159685058,45.6745749327898,6.08066116426782));
#3145=CARTESIAN_POINT('Ctrl Pts',(52.7818016745642,45.7267673270163,6.94401021343948));
#3146=CARTESIAN_POINT('Ctrl Pts',(52.8670932834781,45.7789597212428,7.76163013398046));
#3147=CARTESIAN_POINT('Ctrl Pts',(52.952384892392,45.8311521154694,8.57925005452135));
#3148=CARTESIAN_POINT('Ctrl Pts',(53.4757824041613,45.8833445096959,9.35114084643159));
#3149=CARTESIAN_POINT('Ctrl Pts',(54.2037947785296,45.9355369039224,9.73299516176415));
#3150=CARTESIAN_POINT('Ctrl Pts',(54.5612506997011,45.9611635017843,9.920486598512));
#3151=CARTESIAN_POINT('Ctrl Pts',(54.9680358858835,45.9867900996461,10.0139466805838));
#3152=CARTESIAN_POINT('Ctrl Pts',(55.37489317695,46.012416697508,10.0137915226518));
#3153=CARTESIAN_POINT('Ctrl Pts',(55.3769240261455,45.737583302492,10.0158024729457));
#3154=CARTESIAN_POINT('Ctrl Pts',(54.8099919862118,45.7018005092858,10.0115992113148));
#3155=CARTESIAN_POINT('Ctrl Pts',(54.2405036442333,45.6660177160797,9.82134036737239));
#3156=CARTESIAN_POINT('Ctrl Pts',(53.8003153693093,45.6302349228735,9.46937105942152));
#3157=CARTESIAN_POINT('Ctrl Pts',(53.1582615238656,45.578042528647,8.95599244276697));
#3158=CARTESIAN_POINT('Ctrl Pts',(52.7912912867232,45.5258501344204,8.09857767088914));
#3159=CARTESIAN_POINT('Ctrl Pts',(52.863127364458,45.4736577401939,7.27965613800682));
#3160=CARTESIAN_POINT('Ctrl Pts',(52.9349634421929,45.4214653459674,6.46073460512441));
#3161=CARTESIAN_POINT('Ctrl Pts',(53.445605834805,45.3692729517409,5.68030631123753));
#3162=CARTESIAN_POINT('Ctrl Pts',(54.1672353581661,45.3170805575143,5.28655072206008));
#3163=CARTESIAN_POINT('Ctrl Pts',(54.8888648815271,45.2648881632878,4.89279513288267));
#3164=CARTESIAN_POINT('Ctrl Pts',(55.8214815356372,45.2126957690613,4.88571224841459));
#3165=CARTESIAN_POINT('Ctrl Pts',(56.5490077445326,45.1605033748347,5.26846242646338));
#3166=CARTESIAN_POINT('Ctrl Pts',(57.2765339534281,45.1083109806082,5.65121260451217));
#3167=CARTESIAN_POINT('Ctrl Pts',(57.798969717109,45.0561185863817,6.42379584507782));
#3168=CARTESIAN_POINT('Ctrl Pts',(57.883235883639,45.0039261921552,7.24153164970733));
#3169=CARTESIAN_POINT('Ctrl Pts',(57.967502050169,44.9517337979286,8.05926745433694));
#3170=CARTESIAN_POINT('Ctrl Pts',(57.6135986195481,44.8995414037021,8.92215582303042));
#3171=CARTESIAN_POINT('Ctrl Pts',(56.979414725638,44.8473490094755,9.44522722139576));
#3172=CARTESIAN_POINT('Ctrl Pts',(56.5348311517013,44.810760440481,9.81191731545592));
#3173=CARTESIAN_POINT('Ctrl Pts',(55.9525046735032,44.7741718714865,10.0116054862959));
#3174=CARTESIAN_POINT('Ctrl Pts',(55.3729934976134,44.737583302492,10.0161250334684));
#3175=CARTESIAN_POINT('Origin',(55.3750000000001,4.6875,7.5));
#3176=CARTESIAN_POINT('',(55.3761384343543,43.7375833024919,10.0207500704438));
#3177=CARTESIAN_POINT('',(55.3770702188953,44.012416697508,10.0164880392246));
#3178=CARTESIAN_POINT('',(55.3750000000001,4.6875,10.0175));
#3179=CARTESIAN_POINT('',(57.0109872033749,43.125,5.58653400333484));
#3180=CARTESIAN_POINT('Ctrl Pts',(55.3761384343543,43.7375833024919,10.0207500704438));
#3181=CARTESIAN_POINT('Ctrl Pts',(54.6256430762972,43.6899660510075,10.0163373578938));
#3182=CARTESIAN_POINT('Ctrl Pts',(53.8716073707798,43.6423487995231,9.65865935650165));
#3183=CARTESIAN_POINT('Ctrl Pts',(53.4037996498427,43.5947315480388,9.07225770659925));
#3184=CARTESIAN_POINT('Ctrl Pts',(52.8910442044478,43.5425391538123,8.42951363522369));
#3185=CARTESIAN_POINT('Ctrl Pts',(52.7221616060801,43.4903467595857,7.51198213413175));
#3186=CARTESIAN_POINT('Ctrl Pts',(52.9737337853445,43.4381543653592,6.72938499691542));
#3187=CARTESIAN_POINT('Ctrl Pts',(53.2253059646089,43.3859619711327,5.94678785969882));
#3188=CARTESIAN_POINT('Ctrl Pts',(53.8973329215055,43.3337695769061,5.29912508635789));
#3189=CARTESIAN_POINT('Ctrl Pts',(54.6868803598666,43.2815771826796,5.07493746719931));
#3190=CARTESIAN_POINT('Ctrl Pts',(55.4764277982276,43.2293847884531,4.85074984804078));
#3191=CARTESIAN_POINT('Ctrl Pts',(56.3834957180531,43.1771923942265,5.05003738306458));
#3192=CARTESIAN_POINT('Ctrl Pts',(57.0109872033747,43.125,5.58653400333469));
#3193=CARTESIAN_POINT('',(57.0131932518937,43.125,9.41704051198565));
#3194=CARTESIAN_POINT('Origin',(55.3750000000001,43.125,7.5));
#3195=CARTESIAN_POINT('Ctrl Pts',(57.0132064367315,43.125,9.41706187570613));
#3196=CARTESIAN_POINT('Ctrl Pts',(57.6050617087427,43.1745749327898,8.90744672159305));
#3197=CARTESIAN_POINT('Ctrl Pts',(57.945614636743,43.2241498655795,8.09987177687053));
#3198=CARTESIAN_POINT('Ctrl Pts',(57.8900618585821,43.2737247983693,7.32086906672387));
#3199=CARTESIAN_POINT('Ctrl Pts',(57.8315760002059,43.3259171925959,6.50073650650613));
#3200=CARTESIAN_POINT('Ctrl Pts',(57.3340529922732,43.3781095868224,5.71227294834903));
#3201=CARTESIAN_POINT('Ctrl Pts',(56.619052833268,43.4303019810489,5.30677067063302));
#3202=CARTESIAN_POINT('Ctrl Pts',(55.9040526742628,43.4824943752755,4.90126839291701));
#3203=CARTESIAN_POINT('Ctrl Pts',(54.9715753641851,43.534686769502,4.8787273956421));
#3204=CARTESIAN_POINT('Ctrl Pts',(54.2378258530715,43.5868791637285,5.24942950021864));
#3205=CARTESIAN_POINT('Ctrl Pts',(53.504076341958,43.639071557955,5.62013160479518));
#3206=CARTESIAN_POINT('Ctrl Pts',(52.9690546298086,43.6912639521816,6.38407681122317));
#3207=CARTESIAN_POINT('Ctrl Pts',(52.8713650885864,43.7434563464081,7.20033136031138));
#3208=CARTESIAN_POINT('Ctrl Pts',(52.7736755473643,43.7956487406346,8.01658590939978));
#3209=CARTESIAN_POINT('Ctrl Pts',(53.1133181770696,43.8478411348612,8.88514980114841));
#3210=CARTESIAN_POINT('Ctrl Pts',(53.7388076383625,43.9000335290877,9.41857264170572));
#3211=CARTESIAN_POINT('Ctrl Pts',(54.18775228196,43.9374945852278,9.80143652968513));
#3212=CARTESIAN_POINT('Ctrl Pts',(54.7839549526967,43.9749556413679,10.0116477780053));
#3213=CARTESIAN_POINT('Ctrl Pts',(55.3770702188953,44.012416697508,10.0164880392246));
#3214=CARTESIAN_POINT('Origin',(55.3750000000001,4.6875,7.5));
#3215=CARTESIAN_POINT('',(55.3739125157462,-43.262416697508,10.0209273498011));
#3216=CARTESIAN_POINT('',(55.3750000000001,-43.125,10.0175));
#3217=CARTESIAN_POINT('',(55.3750000000001,4.6875,10.0175));
#3218=CARTESIAN_POINT('',(57.2920405119857,-43.125,9.13819325189374));
#3219=CARTESIAN_POINT('Origin',(55.3750000000001,-43.125,7.5));
#3220=CARTESIAN_POINT('Ctrl Pts',(57.2920618757062,-43.125,9.13820643673134));
#3221=CARTESIAN_POINT('Ctrl Pts',(56.8211946615894,-43.170805565836,9.68506074599402));
#3222=CARTESIAN_POINT('Ctrl Pts',(56.095955100567,-43.216611131672,10.017374808406));
#3223=CARTESIAN_POINT('Ctrl Pts',(55.3739125157462,-43.262416697508,10.0209273498011));
#3224=CARTESIAN_POINT('Origin',(55.3750000000001,4.6875,7.5));
#3225=CARTESIAN_POINT('',(55.3769240255368,-44.262416697508,10.0158023392986));
#3226=CARTESIAN_POINT('',(55.3748931811347,-43.987583302492,10.0137916464388));
#3227=CARTESIAN_POINT('',(55.3750000000001,4.6875,10.0175));
#3228=CARTESIAN_POINT('',(53.461534003335,-43.125,9.13598720337496));
#3229=CARTESIAN_POINT('Ctrl Pts',(55.3748931811347,-43.987583302492,10.0137916464388));
#3230=CARTESIAN_POINT('Ctrl Pts',(55.7966615570654,-43.9610175061273,10.0136307962877));
#3231=CARTESIAN_POINT('Ctrl Pts',(56.2185074189793,-43.9344517097626,9.91286708300132));
#3232=CARTESIAN_POINT('Ctrl Pts',(56.5855569627031,-43.907885913398,9.71196407646101));
#3233=CARTESIAN_POINT('Ctrl Pts',(57.3066795002596,-43.8556935191714,9.31726072276849));
#3234=CARTESIAN_POINT('Ctrl Pts',(57.8162972807766,-43.8035011249449,8.53603620142552));
#3235=CARTESIAN_POINT('Ctrl Pts',(57.8871278502055,-43.7513087307184,7.71710979454283));
#3236=CARTESIAN_POINT('Ctrl Pts',(57.9579584196343,-43.6991163364918,6.89818338766013));
#3237=CARTESIAN_POINT('Ctrl Pts',(57.590001777975,-43.6469239422653,6.04155509523771));
#3238=CARTESIAN_POINT('Ctrl Pts',(56.9472577065994,-43.5947315480388,5.52879964984268));
#3239=CARTESIAN_POINT('Ctrl Pts',(56.3045136352237,-43.5425391538122,5.01604420444766));
#3240=CARTESIAN_POINT('Ctrl Pts',(55.3869821341316,-43.4903467595857,4.84716160608003));
#3241=CARTESIAN_POINT('Ctrl Pts',(54.6043849969152,-43.4381543653592,5.09873378534454));
#3242=CARTESIAN_POINT('Ctrl Pts',(53.8217878596987,-43.3859619711327,5.35030596460906));
#3243=CARTESIAN_POINT('Ctrl Pts',(53.1741250863578,-43.3337695769061,6.02233292150573));
#3244=CARTESIAN_POINT('Ctrl Pts',(52.9499374671993,-43.2815771826796,6.8118803598668));
#3245=CARTESIAN_POINT('Ctrl Pts',(52.7257498480408,-43.229384788453,7.60142779822785));
#3246=CARTESIAN_POINT('Ctrl Pts',(52.9250373830647,-43.1771923942265,8.5084957180533));
#3247=CARTESIAN_POINT('Ctrl Pts',(53.461534003335,-43.125,9.13598720337489));
#3248=CARTESIAN_POINT('Origin',(55.3750000000001,-43.125,7.5));
#3249=CARTESIAN_POINT('Ctrl Pts',(55.3739125157462,-43.262416697508,10.0209273498011));
#3250=CARTESIAN_POINT('Ctrl Pts',(55.3144952067628,-43.2661860644618,10.021219690522));
#3251=CARTESIAN_POINT('Ctrl Pts',(55.2550995468738,-43.2699554314156,10.0192857434046));
#3252=CARTESIAN_POINT('Ctrl Pts',(55.1958690667241,-43.2737247983693,10.015061858582));
#3253=CARTESIAN_POINT('Ctrl Pts',(54.3757365065064,-43.3259171925959,9.95657600020589));
#3254=CARTESIAN_POINT('Ctrl Pts',(53.5872729483492,-43.3781095868224,9.45905299227317));
#3255=CARTESIAN_POINT('Ctrl Pts',(53.1817706706331,-43.4303019810489,8.74405283326793));
#3256=CARTESIAN_POINT('Ctrl Pts',(52.7762683929171,-43.4824943752755,8.0290526742627));
#3257=CARTESIAN_POINT('Ctrl Pts',(52.7537273956422,-43.534686769502,7.09657536418494));
#3258=CARTESIAN_POINT('Ctrl Pts',(53.1244295002188,-43.5868791637285,6.36282585307137));
#3259=CARTESIAN_POINT('Ctrl Pts',(53.4951316047953,-43.6390715579551,5.62907634195781));
#3260=CARTESIAN_POINT('Ctrl Pts',(54.2590768112234,-43.6912639521816,5.09405462980844));
#3261=CARTESIAN_POINT('Ctrl Pts',(55.0753313603117,-43.7434563464081,4.99636508858635));
#3262=CARTESIAN_POINT('Ctrl Pts',(55.8915859093999,-43.7956487406347,4.89867554736427));
#3263=CARTESIAN_POINT('Ctrl Pts',(56.7601498011484,-43.8478411348612,5.23831817706949));
#3264=CARTESIAN_POINT('Ctrl Pts',(57.2935726417056,-43.9000335290877,5.86380763836224));
#3265=CARTESIAN_POINT('Ctrl Pts',(57.8269954822629,-43.9522259233142,6.48929709965501));
#3266=CARTESIAN_POINT('Ctrl Pts',(58.025277271629,-44.0044183175408,7.40063339253532));
#3267=CARTESIAN_POINT('Ctrl Pts',(57.7999323349799,-44.0566107117673,8.1912123325354));
#3268=CARTESIAN_POINT('Ctrl Pts',(57.5745873983308,-44.1088031059939,8.98179127253547));
#3269=CARTESIAN_POINT('Ctrl Pts',(56.9256157356666,-44.1609955002204,9.6516128596553));
#3270=CARTESIAN_POINT('Ctrl Pts',(56.1425612020741,-44.2131878944469,9.90185242782344));
#3271=CARTESIAN_POINT('Ctrl Pts',(55.8963641715705,-44.2295974954673,9.98052924527938));
#3272=CARTESIAN_POINT('Ctrl Pts',(55.6369128988014,-44.2460070964876,10.0177299092868));
#3273=CARTESIAN_POINT('Ctrl Pts',(55.3769240255368,-44.262416697508,10.0158023392986));
#3274=CARTESIAN_POINT('Origin',(55.3750000000001,4.6875,7.5));
#3275=CARTESIAN_POINT('',(55.3729934971216,-45.262416697508,10.016124900884));
#3276=CARTESIAN_POINT('',(55.3736254346956,-44.987583302492,10.0204807999817));
#3277=CARTESIAN_POINT('',(55.3750000000001,4.6875,10.0175));
#3278=CARTESIAN_POINT('Ctrl Pts',(55.3736254346956,-44.987583302492,10.0204807999817));
#3279=CARTESIAN_POINT('Ctrl Pts',(56.110694932827,-44.9408385381531,10.0155705786146));
#3280=CARTESIAN_POINT('Ctrl Pts',(56.8517518887099,-44.8940937738143,9.67240508338275));
#3281=CARTESIAN_POINT('Ctrl Pts',(57.320227221396,-44.8473490094755,9.10441472563771));
#3282=CARTESIAN_POINT('Ctrl Pts',(57.8432986197612,-44.795156615249,8.47023083172763));
#3283=CARTESIAN_POINT('Ctrl Pts',(58.0265530477983,-44.7429642210225,7.55576647452854));
#3284=CARTESIAN_POINT('Ctrl Pts',(57.7882341804765,-44.6907718267959,6.76900420931385));
#3285=CARTESIAN_POINT('Ctrl Pts',(57.5499153131546,-44.6385794325694,5.98224194409916));
#3286=CARTESIAN_POINT('Ctrl Pts',(56.8900231504739,-44.5863870383429,5.32318177086887));
#3287=CARTESIAN_POINT('Ctrl Pts',(56.1029602647752,-44.5341946441163,5.08585008498279));
#3288=CARTESIAN_POINT('Ctrl Pts',(55.3158973790764,-44.4820022498898,4.8485183990967));
#3289=CARTESIAN_POINT('Ctrl Pts',(54.4016637703597,-44.4298098556633,5.03291520055483));
#3290=CARTESIAN_POINT('Ctrl Pts',(53.7681398104711,-44.3776174614367,5.55678814512747));
#3291=CARTESIAN_POINT('Ctrl Pts',(53.1346158505826,-44.3254250672102,6.08066108970011));
#3292=CARTESIAN_POINT('Ctrl Pts',(52.7818015395221,-44.2732326729837,6.94401017738726));
#3293=CARTESIAN_POINT('Ctrl Pts',(52.8670931519074,-44.2210402787572,7.76163014409137));
#3294=CARTESIAN_POINT('Ctrl Pts',(52.9523847642927,-44.1688478845306,8.57925011079548));
#3295=CARTESIAN_POINT('Ctrl Pts',(53.4757823001237,-44.1166554903041,9.35114095651654));
#3296=CARTESIAN_POINT('Ctrl Pts',(54.2037947153371,-44.0644630960776,9.73299528635605));
#3297=CARTESIAN_POINT('Ctrl Pts',(54.5612506565638,-44.0388364982157,9.92048673022688));
#3298=CARTESIAN_POINT('Ctrl Pts',(54.9680358668477,-44.0132099003538,10.0139468099461));
#3299=CARTESIAN_POINT('Ctrl Pts',(55.3748931811347,-43.987583302492,10.0137916464388));
#3300=CARTESIAN_POINT('Ctrl Pts',(55.3769240255368,-44.262416697508,10.0158023392986));
#3301=CARTESIAN_POINT('Ctrl Pts',(54.8099920156492,-44.2981994907142,10.0115990781592));
#3302=CARTESIAN_POINT('Ctrl Pts',(54.2405037041494,-44.3339822839203,9.82134024514689));
#3303=CARTESIAN_POINT('Ctrl Pts',(53.8003154525752,-44.3697650771265,9.46937095604182));
#3304=CARTESIAN_POINT('Ctrl Pts',(53.1582616411894,-44.421957471353,8.95599236687563));
#3305=CARTESIAN_POINT('Ctrl Pts',(52.7912914229385,-44.4741498655796,8.09857763932681));
#3306=CARTESIAN_POINT('Ctrl Pts',(52.8631274967568,-44.5263422598061,7.27965614940055));
#3307=CARTESIAN_POINT('Ctrl Pts',(52.9349635705751,-44.5785346540326,6.46073465947428));
#3308=CARTESIAN_POINT('Ctrl Pts',(53.4456059364628,-44.6307270482592,5.68030640717057));
#3309=CARTESIAN_POINT('Ctrl Pts',(54.1672354218758,-44.6829194424857,5.28655083885928));
#3310=CARTESIAN_POINT('Ctrl Pts',(54.8888649072888,-44.7351118367122,4.89279527054798));
#3311=CARTESIAN_POINT('Ctrl Pts',(55.821481512227,-44.7873042309387,4.8857123862291));
#3312=CARTESIAN_POINT('Ctrl Pts',(56.5490076826715,-44.8394966251653,5.26846254404902));
#3313=CARTESIAN_POINT('Ctrl Pts',(57.276533853116,-44.8916890193918,5.65121270186895));
#3314=CARTESIAN_POINT('Ctrl Pts',(57.7989695890666,-44.9438814136183,6.42379590182768));
#3315=CARTESIAN_POINT('Ctrl Pts',(57.8832357512968,-44.9960738078449,7.2415316633647));
#3316=CARTESIAN_POINT('Ctrl Pts',(57.967501913527,-45.0482662020714,8.05926742490172));
#3317=CARTESIAN_POINT('Ctrl Pts',(57.6135985020368,-45.1004585962979,8.92215574801701));
#3318=CARTESIAN_POINT('Ctrl Pts',(56.9794146413084,-45.1526509905245,9.44522711882245));
#3319=CARTESIAN_POINT('Ctrl Pts',(56.5348310906331,-45.189239559519,9.81191719356217));
#3320=CARTESIAN_POINT('Ctrl Pts',(55.9525046426018,-45.2258281285135,10.0116053539368));
#3321=CARTESIAN_POINT('Ctrl Pts',(55.3729934971216,-45.262416697508,10.016124900884));
#3322=CARTESIAN_POINT('Origin',(55.3750000000001,4.6875,7.5));
#3323=CARTESIAN_POINT('',(55.3761384205173,-46.262416697508,10.020749937536));
#3324=CARTESIAN_POINT('',(55.3770702195128,-45.987583302492,10.0164881718883));
#3325=CARTESIAN_POINT('',(55.3750000000001,4.6875,10.0175));
#3326=CARTESIAN_POINT('',(57.0109872033751,-46.875,5.58653400333497));
#3327=CARTESIAN_POINT('Ctrl Pts',(55.3761384205173,-46.262416697508,10.020749937536));
#3328=CARTESIAN_POINT('Ctrl Pts',(54.6256431284492,-46.3100339489924,10.0163372065876));
#3329=CARTESIAN_POINT('Ctrl Pts',(53.8716075296483,-46.3576512004768,9.65865918422119));
#3330=CARTESIAN_POINT('Ctrl Pts',(53.403799820255,-46.4052684519612,9.07225757912741));
#3331=CARTESIAN_POINT('Ctrl Pts',(52.8910443875131,-46.4574608461878,8.42951355686581));
#3332=CARTESIAN_POINT('Ctrl Pts',(52.7221616874584,-46.5096532404143,7.51198218391922));
#3333=CARTESIAN_POINT('Ctrl Pts',(52.9737339713728,-46.5618456346408,6.72938494469156));
#3334=CARTESIAN_POINT('Ctrl Pts',(53.2253062552872,-46.6140380288673,5.94678770546391));
#3335=CARTESIAN_POINT('Ctrl Pts',(53.8973335231706,-46.6662304230939,5.29912459995519));
#3336=CARTESIAN_POINT('Ctrl Pts',(54.6868808888622,-46.7184228173204,5.07493701935539));
#3337=CARTESIAN_POINT('Ctrl Pts',(55.4764282545538,-46.7706152115469,4.85074943875559));
#3338=CARTESIAN_POINT('Ctrl Pts',(56.3834957180535,-46.8228076057735,5.05003738306471));
#3339=CARTESIAN_POINT('Ctrl Pts',(57.0109872033751,-46.875,5.58653400333497));
#3340=CARTESIAN_POINT('',(57.0131934185742,-46.875,9.41704058396227));
#3341=CARTESIAN_POINT('Origin',(55.3750000000001,-46.875,7.5));
#3342=CARTESIAN_POINT('Ctrl Pts',(57.0132066001615,-46.875,9.41706194123249));
#3343=CARTESIAN_POINT('Ctrl Pts',(57.6050617629409,-46.8254250672102,8.90744680390547));
#3344=CARTESIAN_POINT('Ctrl Pts',(57.9456148328648,-46.7758501344205,8.09987181360261));
#3345=CARTESIAN_POINT('Ctrl Pts',(57.8900620712246,-46.7262752016307,7.32086905820301));
#3346=CARTESIAN_POINT('Ctrl Pts',(57.8315762302413,-46.6740828074041,6.50073645034296));
#3347=CARTESIAN_POINT('Ctrl Pts',(57.3340531007068,-46.6218904131776,5.71227284490643));
#3348=CARTESIAN_POINT('Ctrl Pts',(56.6190528795733,-46.569698018951,5.30677054745986));
#3349=CARTESIAN_POINT('Ctrl Pts',(55.9040526584398,-46.5175056247245,4.9012682500133));
#3350=CARTESIAN_POINT('Ctrl Pts',(54.9715753457072,-46.465313230498,4.87872726055671));
#3351=CARTESIAN_POINT('Ctrl Pts',(54.2378258067269,-46.4131208362715,5.2494293857654));
#3352=CARTESIAN_POINT('Ctrl Pts',(53.5040762677466,-46.3609284420449,5.62013151097409));
#3353=CARTESIAN_POINT('Ctrl Pts',(52.9690545025186,-46.3087360478184,6.38407675084807));
#3354=CARTESIAN_POINT('Ctrl Pts',(52.8713649501152,-46.2565436535919,7.20033134181425));
#3355=CARTESIAN_POINT('Ctrl Pts',(52.7736753977118,-46.2043512593653,8.01658593278044));
#3356=CARTESIAN_POINT('Ctrl Pts',(53.113318058133,-46.1521588651388,8.88514987483881));
#3357=CARTESIAN_POINT('Ctrl Pts',(53.7388075555025,-46.0999664709123,9.41857274440569));
#3358=CARTESIAN_POINT('Ctrl Pts',(54.187752224994,-46.0625054147722,9.80143665320684));
#3359=CARTESIAN_POINT('Ctrl Pts',(54.7839549243867,-46.0250443586321,10.0116479113756));
#3360=CARTESIAN_POINT('Ctrl Pts',(55.3770702195128,-45.987583302492,10.0164881718883));
#3361=CARTESIAN_POINT('Origin',(-55.375,4.6875,7.5));
#3362=CARTESIAN_POINT('',(-55.3760874867748,46.7375833024919,10.0209270618067));
#3363=CARTESIAN_POINT('',(-55.375,46.875,10.0175));
#3364=CARTESIAN_POINT('',(-55.375,4.6875,10.0175));
#3365=CARTESIAN_POINT('',(-53.4579595883047,46.875,9.13819302022396));
#3366=CARTESIAN_POINT('Origin',(-55.375,46.875,7.5));
#3367=CARTESIAN_POINT('Ctrl Pts',(-53.457938215627,46.875,9.13820620957461));
#3368=CARTESIAN_POINT('Ctrl Pts',(-53.9288054513639,46.829194434164,9.68506065943384));
#3369=CARTESIAN_POINT('Ctrl Pts',(-54.6540449598031,46.783388868328,10.0173745635302));
#3370=CARTESIAN_POINT('Ctrl Pts',(-55.3760874867748,46.7375833024919,10.0209270618067));
#3371=CARTESIAN_POINT('Origin',(-55.375,4.6875,7.5));
#3372=CARTESIAN_POINT('',(-55.3730759753122,45.737583302492,10.0158021531993));
#3373=CARTESIAN_POINT('',(-55.3751067975497,46.012416697508,10.0137922790815));
#3374=CARTESIAN_POINT('',(-55.375,4.6875,10.0175));
#3375=CARTESIAN_POINT('',(-57.2884659966649,46.875,9.13598720337512));
#3376=CARTESIAN_POINT('Ctrl Pts',(-55.3751067975497,46.012416697508,10.0137922790815));
#3377=CARTESIAN_POINT('Ctrl Pts',(-54.9533382986605,46.0389824938727,10.0136313995052));
#3378=CARTESIAN_POINT('Ctrl Pts',(-54.5314923186031,46.0655482902373,9.91286763906269));
#3379=CARTESIAN_POINT('Ctrl Pts',(-54.1644426895366,46.092114086602,9.71196460309364));
#3380=CARTESIAN_POINT('Ctrl Pts',(-53.4433199843121,46.1443064808286,9.3172611915841));
#3381=CARTESIAN_POINT('Ctrl Pts',(-52.933702162733,46.1964988750551,8.53603668084923));
#3382=CARTESIAN_POINT('Ctrl Pts',(-52.8628714966961,46.2486912692816,7.71710995541476));
#3383=CARTESIAN_POINT('Ctrl Pts',(-52.7920408306592,46.3008836635082,6.89818322998028));
#3384=CARTESIAN_POINT('Ctrl Pts',(-53.1599973201645,46.3530760577347,6.0415542898462));
#3385=CARTESIAN_POINT('Ctrl Pts',(-53.8027416416481,46.4052684519612,5.52879877908778));
#3386=CARTESIAN_POINT('Ctrl Pts',(-54.4454859631317,46.4574608461877,5.01604326832943));
#3387=CARTESIAN_POINT('Ctrl Pts',(-55.3630181165935,46.5096532404143,4.84716118694665));
#3388=CARTESIAN_POINT('Ctrl Pts',(-56.1456147334665,46.5618456346408,5.09873283220483));
#3389=CARTESIAN_POINT('Ctrl Pts',(-56.9282113503394,46.6140380288673,5.35030447746301));
#3390=CARTESIAN_POINT('Ctrl Pts',(-57.5758724306236,46.6662304230939,6.02232984936215));
#3391=CARTESIAN_POINT('Ctrl Pts',(-57.8000602472726,46.7184228173204,6.81187765950973));
#3392=CARTESIAN_POINT('Ctrl Pts',(-58.0242480639215,46.7706152115469,7.60142546965741));
#3393=CARTESIAN_POINT('Ctrl Pts',(-57.8249626169353,46.8228076057735,8.50849571805355));
#3394=CARTESIAN_POINT('Ctrl Pts',(-57.2884659966649,46.875,9.13598720337512));
#3395=CARTESIAN_POINT('Origin',(-55.375,46.875,7.5));
#3396=CARTESIAN_POINT('Ctrl Pts',(-55.3760874867748,46.7375833024919,10.0209270618067));
#3397=CARTESIAN_POINT('Ctrl Pts',(-55.4355047909976,46.7338139355382,10.0212193989794));
#3398=CARTESIAN_POINT('Ctrl Pts',(-55.4949004460903,46.7300445685844,10.0192854490938));
#3399=CARTESIAN_POINT('Ctrl Pts',(-55.5541309214464,46.7262752016307,10.015061562514));
#3400=CARTESIAN_POINT('Ctrl Pts',(-56.3742634152933,46.6740828074041,9.95657567980527));
#3401=CARTESIAN_POINT('Ctrl Pts',(-57.162726907608,46.6218904131776,9.45905284134424));
#3402=CARTESIAN_POINT('Ctrl Pts',(-57.5682291578516,46.5696980189511,8.74405276887219));
#3403=CARTESIAN_POINT('Ctrl Pts',(-57.9737314080952,46.5175056247245,8.02905269640022));
#3404=CARTESIAN_POINT('Ctrl Pts',(-57.9962724162677,46.465313230498,7.09657538991727));
#3405=CARTESIAN_POINT('Ctrl Pts',(-57.6255703404201,46.4131208362715,6.36282591758175));
#3406=CARTESIAN_POINT('Ctrl Pts',(-57.2548682645725,46.3609284420449,5.62907644524614));
#3407=CARTESIAN_POINT('Ctrl Pts',(-56.4909231047047,46.3087360478184,5.094054807058));
#3408=CARTESIAN_POINT('Ctrl Pts',(-55.6746686139275,46.2565436535919,4.99636528141671));
#3409=CARTESIAN_POINT('Ctrl Pts',(-54.8584141231504,46.2043512593654,4.89867575577543));
#3410=CARTESIAN_POINT('Ctrl Pts',(-53.989850301464,46.1521588651388,5.2383183426809));
#3411=CARTESIAN_POINT('Ctrl Pts',(-53.4564275013024,46.0999664709123,5.86380775373175));
#3412=CARTESIAN_POINT('Ctrl Pts',(-52.9230047011407,46.0477740766858,6.48929716478268));
#3413=CARTESIAN_POINT('Ctrl Pts',(-52.7247229225039,45.9955816824592,7.40063339997905));
#3414=CARTESIAN_POINT('Ctrl Pts',(-52.9500678418021,45.9433892882327,8.19121228419581));
#3415=CARTESIAN_POINT('Ctrl Pts',(-53.1754127611002,45.8911968940062,8.98179116841247));
#3416=CARTESIAN_POINT('Ctrl Pts',(-53.8243843783332,45.8390044997796,9.65161270164953));
#3417=CARTESIAN_POINT('Ctrl Pts',(-54.6074388549378,45.7868121055531,9.90185225029181));
#3418=CARTESIAN_POINT('Ctrl Pts',(-54.8536358675243,45.7704025045327,9.98052906160876));
#3419=CARTESIAN_POINT('Ctrl Pts',(-55.1130871212338,45.7539929035123,10.0177297228734));
#3420=CARTESIAN_POINT('Ctrl Pts',(-55.3730759753122,45.737583302492,10.0158021531993));
#3421=CARTESIAN_POINT('Origin',(-55.375,4.6875,7.5));
#3422=CARTESIAN_POINT('',(-55.3770065035647,44.737583302492,10.0161247162674));
#3423=CARTESIAN_POINT('',(-55.376374565842,45.012416697508,10.0204814792233));
#3424=CARTESIAN_POINT('',(-55.375,4.6875,10.0175));
#3425=CARTESIAN_POINT('Ctrl Pts',(-55.376374565842,45.012416697508,10.0204814792233));
#3426=CARTESIAN_POINT('Ctrl Pts',(-54.6393048691532,45.0591614618468,10.0155712556211));
#3427=CARTESIAN_POINT('Ctrl Pts',(-53.8982477132996,45.1059062261857,9.67240566613751));
#3428=CARTESIAN_POINT('Ctrl Pts',(-53.4297722544904,45.1526509905245,9.10441515653715));
#3429=CARTESIAN_POINT('Ctrl Pts',(-52.9067007153038,45.204843384751,8.47023109307462));
#3430=CARTESIAN_POINT('Ctrl Pts',(-52.7234462385084,45.2570357789775,7.55576649451094));
#3431=CARTESIAN_POINT('Ctrl Pts',(-52.9617651696857,45.309228173204,6.76900401498196));
#3432=CARTESIAN_POINT('Ctrl Pts',(-53.200084100863,45.3614205674306,5.98224153545297));
#3433=CARTESIAN_POINT('Ctrl Pts',(-53.8599764400131,45.4136129616571,5.32318117495869));
#3434=CARTESIAN_POINT('Ctrl Pts',(-54.6470395386264,45.4658053558836,5.08584942964086));
#3435=CARTESIAN_POINT('Ctrl Pts',(-55.4341026372398,45.5179977501102,4.84851768432301));
#3436=CARTESIAN_POINT('Ctrl Pts',(-56.3483364953165,45.5701901443367,5.03291455418172));
#3437=CARTESIAN_POINT('Ctrl Pts',(-56.9818606236415,45.6223825385632,5.55678763142921));
#3438=CARTESIAN_POINT('Ctrl Pts',(-57.6153847519665,45.6745749327898,6.0806607086767));
#3439=CARTESIAN_POINT('Ctrl Pts',(-57.9681991505398,45.7267673270163,6.94400999331297));
#3440=CARTESIAN_POINT('Ctrl Pts',(-57.882907520391,45.7789597212428,7.76163019583489));
#3441=CARTESIAN_POINT('Ctrl Pts',(-57.7976158902423,45.8311521154694,8.57925039835672));
#3442=CARTESIAN_POINT('Ctrl Pts',(-57.2742182313716,45.8833445096959,9.3511415187642));
#3443=CARTESIAN_POINT('Ctrl Pts',(-56.5462056075014,45.9355369039224,9.7329959228258));
#3444=CARTESIAN_POINT('Ctrl Pts',(-56.1887495638237,45.9611635017843,9.92048740313983));
#3445=CARTESIAN_POINT('Ctrl Pts',(-55.781964230448,45.9867900996461,10.0139474709737));
#3446=CARTESIAN_POINT('Ctrl Pts',(-55.3751067975497,46.012416697508,10.0137922790815));
#3447=CARTESIAN_POINT('Ctrl Pts',(-55.3730759753122,45.737583302492,10.0158021531993));
#3448=CARTESIAN_POINT('Ctrl Pts',(-55.9400079433616,45.7018005092858,10.0115988927453));
#3449=CARTESIAN_POINT('Ctrl Pts',(-56.5094962124202,45.6660177160797,9.82134007495494));
#3450=CARTESIAN_POINT('Ctrl Pts',(-56.9496844314804,45.6302349228735,9.46937081209263));
#3451=CARTESIAN_POINT('Ctrl Pts',(-57.591738195442,45.578042528647,8.95599226120378));
#3452=CARTESIAN_POINT('Ctrl Pts',(-57.9587083873889,45.5258501344204,8.09857759537866));
#3453=CARTESIAN_POINT('Ctrl Pts',(-57.8868723190246,45.4736577401939,7.27965616526595));
#3454=CARTESIAN_POINT('Ctrl Pts',(-57.8150362506603,45.4214653459674,6.46073473515316));
#3455=CARTESIAN_POINT('Ctrl Pts',(-57.3043939219847,45.3692729517409,5.6803065407528));
#3456=CARTESIAN_POINT('Ctrl Pts',(-56.5827644894123,45.3170805575143,5.28655100149659));
#3457=CARTESIAN_POINT('Ctrl Pts',(-55.86113505684,45.2648881632878,4.89279546224043));
#3458=CARTESIAN_POINT('Ctrl Pts',(-54.928518520371,45.2126957690613,4.88571257812834));
#3459=CARTESIAN_POINT('Ctrl Pts',(-54.2009924034677,45.1605033748347,5.26846270778021));
#3460=CARTESIAN_POINT('Ctrl Pts',(-53.4734662865644,45.1083109806082,5.65121283743208));
#3461=CARTESIAN_POINT('Ctrl Pts',(-52.9510305892269,45.0561185863817,6.42379598084791));
#3462=CARTESIAN_POINT('Ctrl Pts',(-52.8667644329832,45.0039261921551,7.24153168238078));
#3463=CARTESIAN_POINT('Ctrl Pts',(-52.7824982767395,44.9517337979286,8.05926738391374));
#3464=CARTESIAN_POINT('Ctrl Pts',(-53.1364016615897,44.8995414037021,8.92215564356375));
#3465=CARTESIAN_POINT('Ctrl Pts',(-53.770585476115,44.8473490094755,9.44522697599386));
#3466=CARTESIAN_POINT('Ctrl Pts',(-54.2151689944003,44.810760440481,9.81191702383127));
#3467=CARTESIAN_POINT('Ctrl Pts',(-54.7974954004277,44.7741718714865,10.0116051696339));
#3468=CARTESIAN_POINT('Ctrl Pts',(-55.3770065035647,44.737583302492,10.0161247162674));
#3469=CARTESIAN_POINT('Origin',(-55.375,4.6875,7.5));
#3470=CARTESIAN_POINT('',(-55.3738615988134,43.7375833024919,10.0207497525077));
#3471=CARTESIAN_POINT('',(-55.3729297773397,44.012416697508,10.016488849755));
#3472=CARTESIAN_POINT('',(-55.375,4.6875,10.0175));
#3473=CARTESIAN_POINT('',(-53.7390127966252,43.125,5.58653400333484));
#3474=CARTESIAN_POINT('Ctrl Pts',(-55.3738615988134,43.7375833024919,10.0207497525077));
#3475=CARTESIAN_POINT('Ctrl Pts',(-56.1243567989629,43.6899660510075,10.0163369959191));
#3476=CARTESIAN_POINT('Ctrl Pts',(-56.878392249067,43.6423487995231,9.65865894429072));
#3477=CARTESIAN_POINT('Ctrl Pts',(-57.3461999424552,43.5947315480388,9.07225740167377));
#3478=CARTESIAN_POINT('Ctrl Pts',(-57.8589553576544,43.5425391538123,8.42951344789182));
#3479=CARTESIAN_POINT('Ctrl Pts',(-58.0278381995815,43.4903467595857,7.51198225363922));
#3480=CARTESIAN_POINT('Ctrl Pts',(-57.7762657698713,43.4381543653592,6.72938487227052));
#3481=CARTESIAN_POINT('Ctrl Pts',(-57.524693340161,43.3859619711327,5.94678749090155));
#3482=CARTESIAN_POINT('Ctrl Pts',(-56.8526656388132,43.3337695769061,5.29912392241655));
#3483=CARTESIAN_POINT('Ctrl Pts',(-56.0631183742596,43.2815771826796,5.07493639545729));
#3484=CARTESIAN_POINT('Ctrl Pts',(-55.2735711097061,43.2293847884531,4.85074886849808));
#3485=CARTESIAN_POINT('Ctrl Pts',(-54.366504281947,43.1771923942265,5.05003738306458));
#3486=CARTESIAN_POINT('Ctrl Pts',(-53.7390127966254,43.125,5.58653400333469));
#3487=CARTESIAN_POINT('',(-53.7368057257773,43.125,9.41704095110707));
#3488=CARTESIAN_POINT('Origin',(-55.375,43.125,7.5));
#3489=CARTESIAN_POINT('Ctrl Pts',(-53.7367925609203,43.125,9.41706227519078));
#3490=CARTESIAN_POINT('Ctrl Pts',(-53.1449379556545,43.1745749327898,8.90744722339537));
#3491=CARTESIAN_POINT('Ctrl Pts',(-52.8043841637665,43.2241498655796,8.09987200066854));
#3492=CARTESIAN_POINT('Ctrl Pts',(-52.859936842005,43.2737247983693,7.32086901432346));
#3493=CARTESIAN_POINT('Ctrl Pts',(-52.9184225951831,43.3259171925959,6.50073616332454));
#3494=CARTESIAN_POINT('Ctrl Pts',(-53.4159463446844,43.3781095868224,5.71227231638787));
#3495=CARTESIAN_POINT('Ctrl Pts',(-54.1309468830598,43.4303019810489,5.30676991811538));
#3496=CARTESIAN_POINT('Ctrl Pts',(-54.8459474214353,43.4824943752755,4.90126751984288));
#3497=CARTESIAN_POINT('Ctrl Pts',(-55.7784247486849,43.534686769502,4.87872657023456));
#3498=CARTESIAN_POINT('Ctrl Pts',(-56.5121744302863,43.5868791637285,5.24942880086886));
#3499=CARTESIAN_POINT('Ctrl Pts',(-57.2459241118878,43.639071557955,5.62013103150317));
#3500=CARTESIAN_POINT('Ctrl Pts',(-57.7809461478412,43.6912639521816,6.38407644238009));
#3501=CARTESIAN_POINT('Ctrl Pts',(-57.8786357572699,43.7434563464081,7.20033124734323));
#3502=CARTESIAN_POINT('Ctrl Pts',(-57.9763253666986,43.7956487406346,8.01658605230657));
#3503=CARTESIAN_POINT('Ctrl Pts',(-57.6366825496024,43.8478411348612,8.88515025135614));
#3504=CARTESIAN_POINT('Ctrl Pts',(-57.0111928679567,43.9000335290877,9.41857326913882));
#3505=CARTESIAN_POINT('Ctrl Pts',(-56.5622480662012,43.9374945852278,9.80143728432162));
#3506=CARTESIAN_POINT('Ctrl Pts',(-55.9660452203257,43.9749556413679,10.011648592835));
#3507=CARTESIAN_POINT('Ctrl Pts',(-55.3729297773397,44.012416697508,10.016488849755));
#3508=CARTESIAN_POINT('Origin',(-55.375,4.6875,7.5));
#3509=CARTESIAN_POINT('',(-55.3760874801263,-43.262416697508,10.020927834518));
#3510=CARTESIAN_POINT('',(-55.375,-43.125,10.0175));
#3511=CARTESIAN_POINT('',(-55.375,4.6875,10.0175));
#3512=CARTESIAN_POINT('',(-53.4579593194436,-43.125,9.13819364281276));
#3513=CARTESIAN_POINT('Origin',(-55.375,-43.125,7.5));
#3514=CARTESIAN_POINT('Ctrl Pts',(-53.4579379708585,-43.125,9.1382068200226));
#3515=CARTESIAN_POINT('Ctrl Pts',(-53.9288051486597,-43.170805565836,9.68506089288102));
#3516=CARTESIAN_POINT('Ctrl Pts',(-54.6540447980486,-43.216611131672,10.017375220913));
#3517=CARTESIAN_POINT('Ctrl Pts',(-55.3760874801263,-43.262416697508,10.020927834518));
#3518=CARTESIAN_POINT('Origin',(-55.375,4.6875,7.5));
#3519=CARTESIAN_POINT('',(-55.3730759730379,-44.262416697508,10.0158026524198));
#3520=CARTESIAN_POINT('',(-55.3751068101467,-43.9875833024919,10.0137919047813));
#3521=CARTESIAN_POINT('',(-55.375,4.6875,10.0175));
#3522=CARTESIAN_POINT('',(-57.2884659966651,-43.125,9.13598720337487));
#3523=CARTESIAN_POINT('Ctrl Pts',(-55.3751068101467,-43.9875833024919,10.0137919047813));
#3524=CARTESIAN_POINT('Ctrl Pts',(-54.9533383839926,-43.9610175061273,10.0136310425914));
#3525=CARTESIAN_POINT('Ctrl Pts',(-54.5314924738263,-43.9344517097626,9.91286731003216));
#3526=CARTESIAN_POINT('Ctrl Pts',(-54.1644428952626,-43.907885913398,9.71196429149286));
#3527=CARTESIAN_POINT('Ctrl Pts',(-53.4433202892578,-43.8556935191714,9.31726091422646));
#3528=CARTESIAN_POINT('Ctrl Pts',(-52.933702492063,-43.8035011249449,8.53603639738565));
#3529=CARTESIAN_POINT('Ctrl Pts',(-52.8628718831537,-43.7513087307184,7.71710986037323));
#3530=CARTESIAN_POINT('Ctrl Pts',(-52.7920412742444,-43.6991163364919,6.8981833233608));
#3531=CARTESIAN_POINT('Ctrl Pts',(-53.1599978536205,-43.6469239422653,6.04155476617675));
#3532=CARTESIAN_POINT('Ctrl Pts',(-53.8027420273106,-43.5947315480388,5.52879929423078));
#3533=CARTESIAN_POINT('Ctrl Pts',(-54.4454862010008,-43.5425391538122,5.0160438222848));
#3534=CARTESIAN_POINT('Ctrl Pts',(-55.3630179690049,-43.4903467595857,4.84716143557691));
#3535=CARTESIAN_POINT('Ctrl Pts',(-56.1456148935332,-43.4381543653592,5.09873339660954));
#3536=CARTESIAN_POINT('Ctrl Pts',(-56.9282118180614,-43.3859619711327,5.35030535764216));
#3537=CARTESIAN_POINT('Ctrl Pts',(-57.5758738991138,-43.3337695769061,6.02233166641531));
#3538=CARTESIAN_POINT('Ctrl Pts',(-57.8000615988323,-43.2815771826796,6.811879256518));
#3539=CARTESIAN_POINT('Ctrl Pts',(-58.0242492985508,-43.2293847884531,7.60142684662065));
#3540=CARTESIAN_POINT('Ctrl Pts',(-57.8249626169355,-43.1771923942265,8.50849571805282));
#3541=CARTESIAN_POINT('Ctrl Pts',(-57.2884659966655,-43.125,9.1359872033745));
#3542=CARTESIAN_POINT('Origin',(-55.375,-43.125,7.5));
#3543=CARTESIAN_POINT('Ctrl Pts',(-55.3760874801263,-43.262416697508,10.020927834518));
#3544=CARTESIAN_POINT('Ctrl Pts',(-55.4355047971132,-43.2661860644618,10.0212201811811));
#3545=CARTESIAN_POINT('Ctrl Pts',(-55.4949004650658,-43.2699554314156,10.0192862386962));
#3546=CARTESIAN_POINT('Ctrl Pts',(-55.5541309532748,-43.2737247983694,10.0150623568088));
#3547=CARTESIAN_POINT('Ctrl Pts',(-56.3742636250843,-43.3259171925959,9.95657653907483));
#3548=CARTESIAN_POINT('Ctrl Pts',(-57.1627272940046,-43.3781095868224,9.45905324637874));
#3549=CARTESIAN_POINT('Ctrl Pts',(-57.5682296179484,-43.4303019810489,8.74405294183373));
#3550=CARTESIAN_POINT('Ctrl Pts',(-57.9737319418922,-43.4824943752755,8.02905263728873));
#3551=CARTESIAN_POINT('Ctrl Pts',(-57.9962729208594,-43.534686769502,7.09657532089481));
#3552=CARTESIAN_POINT('Ctrl Pts',(-57.6255707679432,-43.5868791637285,6.36282574446862));
#3553=CARTESIAN_POINT('Ctrl Pts',(-57.254868615027,-43.6390715579551,5.62907616804242));
#3554=CARTESIAN_POINT('Ctrl Pts',(-56.4909233302273,-43.6912639521816,5.09405433158394));
#3555=CARTESIAN_POINT('Ctrl Pts',(-55.6746686830211,-43.7434563464081,4.996364764176));
#3556=CARTESIAN_POINT('Ctrl Pts',(-54.858414035815,-43.7956487406347,4.89867519676806));
#3557=CARTESIAN_POINT('Ctrl Pts',(-53.9898500262024,-43.8478411348612,5.23831789841064));
#3558=CARTESIAN_POINT('Ctrl Pts',(-53.4564271176797,-43.9000335290877,5.86380744422173));
#3559=CARTESIAN_POINT('Ctrl Pts',(-52.9230042091569,-43.9522259233143,6.48929699003281));
#3560=CARTESIAN_POINT('Ctrl Pts',(-52.7247224017238,-44.0044183175408,7.40063338001239));
#3561=CARTESIAN_POINT('Ctrl Pts',(-52.9500673675646,-44.0566107117673,8.19121241388233));
#3562=CARTESIAN_POINT('Ctrl Pts',(-53.1754123334053,-44.1088031059939,8.98179144775227));
#3563=CARTESIAN_POINT('Ctrl Pts',(-53.8243840725198,-44.1609955002204,9.65161312551257));
#3564=CARTESIAN_POINT('Ctrl Pts',(-54.6074387020009,-44.2131878944469,9.90185272652957));
#3565=CARTESIAN_POINT('Ctrl Pts',(-54.8536357626524,-44.2295974954673,9.98052955431335));
#3566=CARTESIAN_POINT('Ctrl Pts',(-55.1130870674908,-44.2460070964877,10.0177302229359));
#3567=CARTESIAN_POINT('Ctrl Pts',(-55.3730759730379,-44.262416697508,10.0158026524198));
#3568=CARTESIAN_POINT('Origin',(-55.375,4.6875,7.5));
#3569=CARTESIAN_POINT('',(-55.3770065017277,-45.262416697508,10.016125211518));
#3570=CARTESIAN_POINT('',(-55.3763745655243,-44.987583302492,10.0204810773826));
#3571=CARTESIAN_POINT('',(-55.375,4.6875,10.0175));
#3572=CARTESIAN_POINT('Ctrl Pts',(-55.3763745655243,-44.987583302492,10.0204810773826));
#3573=CARTESIAN_POINT('Ctrl Pts',(-54.6393049863026,-44.9408385381532,10.0155708551019));
#3574=CARTESIAN_POINT('Ctrl Pts',(-53.8982479487517,-44.8940937738143,9.67240532137623));
#3575=CARTESIAN_POINT('Ctrl Pts',(-53.4297725645574,-44.8473490094755,9.10441490161507));
#3576=CARTESIAN_POINT('Ctrl Pts',(-52.9067011086811,-44.795156615249,8.47023093846142));
#3577=CARTESIAN_POINT('Ctrl Pts',(-52.723446660732,-44.7429642210225,7.5557664826943));
#3578=CARTESIAN_POINT('Ctrl Pts',(-52.9617655541317,-44.6907718267959,6.76900412995205));
#3579=CARTESIAN_POINT('Ctrl Pts',(-53.2000844475314,-44.6385794325694,5.9822417772098));
#3580=CARTESIAN_POINT('Ctrl Pts',(-53.8599766822798,-44.5863870383429,5.32318152749243));
#3581=CARTESIAN_POINT('Ctrl Pts',(-54.6470396549334,-44.5341946441163,5.08584981733822));
#3582=CARTESIAN_POINT('Ctrl Pts',(-55.4341026275869,-44.4820022498898,4.84851810718401));
#3583=CARTESIAN_POINT('Ctrl Pts',(-56.3483363381456,-44.4298098556633,5.03291493659295));
#3584=CARTESIAN_POINT('Ctrl Pts',(-56.981860366821,-44.3776174614368,5.55678793534281));
#3585=CARTESIAN_POINT('Ctrl Pts',(-57.6153843954964,-44.3254250672102,6.08066093409268));
#3586=CARTESIAN_POINT('Ctrl Pts',(-57.9681987422885,-44.2732326729837,6.94401010218346));
#3587=CARTESIAN_POINT('Ctrl Pts',(-57.8829071226539,-44.2210402787571,7.76163016520702));
#3588=CARTESIAN_POINT('Ctrl Pts',(-57.7976155030194,-44.1688478845306,8.57925022823058));
#3589=CARTESIAN_POINT('Ctrl Pts',(-57.2742179169581,-44.1166554903041,9.35114118618691));
#3590=CARTESIAN_POINT('Ctrl Pts',(-56.5462054165201,-44.0644630960776,9.73299554631908));
#3591=CARTESIAN_POINT('Ctrl Pts',(-56.1887494334478,-44.0388364982157,9.92048700506374));
#3592=CARTESIAN_POINT('Ctrl Pts',(-55.7819641728818,-44.0132099003538,10.0139470799017));
#3593=CARTESIAN_POINT('Ctrl Pts',(-55.3751068101467,-43.9875833024919,10.0137919047813));
#3594=CARTESIAN_POINT('Ctrl Pts',(-55.3730759730379,-44.262416697508,10.0158026524198));
#3595=CARTESIAN_POINT('Ctrl Pts',(-55.9400080533208,-44.2981994907142,10.0115993901294));
#3596=CARTESIAN_POINT('Ctrl Pts',(-56.509496436229,-44.3339822839203,9.8213405315108));
#3597=CARTESIAN_POINT('Ctrl Pts',(-56.9496847425097,-44.3697650771265,9.46937119825197));
#3598=CARTESIAN_POINT('Ctrl Pts',(-57.5917386336898,-44.421957471353,8.95599254468369));
#3599=CARTESIAN_POINT('Ctrl Pts',(-57.9587088962022,-44.4741498655796,8.09857771327342));
#3600=CARTESIAN_POINT('Ctrl Pts',(-57.8868728132078,-44.5263422598061,7.27965612270431));
#3601=CARTESIAN_POINT('Ctrl Pts',(-57.8150367302134,-44.5785346540326,6.46073453213519));
#3602=CARTESIAN_POINT('Ctrl Pts',(-57.3043943017122,-44.6307270482592,5.68030618240724));
#3603=CARTESIAN_POINT('Ctrl Pts',(-56.5827647273897,-44.6829194424857,5.28655056520892));
#3604=CARTESIAN_POINT('Ctrl Pts',(-55.8611351530673,-44.7351118367122,4.8927949480106));
#3605=CARTESIAN_POINT('Ctrl Pts',(-54.9285184329237,-44.7873042309388,4.88571206334191));
#3606=CARTESIAN_POINT('Ctrl Pts',(-54.2009921723922,-44.8394966251653,5.26846226855654));
#3607=CARTESIAN_POINT('Ctrl Pts',(-53.4734659118607,-44.8916890193918,5.65121247377117));
#3608=CARTESIAN_POINT('Ctrl Pts',(-52.9510301109414,-44.9438814136183,6.42379576886911));
#3609=CARTESIAN_POINT('Ctrl Pts',(-52.8667639386373,-44.9960738078449,7.24153163136824));
#3610=CARTESIAN_POINT('Ctrl Pts',(-52.7824977663331,-45.0482662020714,8.05926749386738));
#3611=CARTESIAN_POINT('Ctrl Pts',(-53.1364012226442,-45.1004585962979,8.9221559237677));
#3612=CARTESIAN_POINT('Ctrl Pts',(-53.770585161115,-45.1526509905245,9.44522735914329));
#3613=CARTESIAN_POINT('Ctrl Pts',(-54.2151687662901,-45.189239559519,9.81191747914874));
#3614=CARTESIAN_POINT('Ctrl Pts',(-54.7974952850005,-45.2258281285135,10.0116056640427));
#3615=CARTESIAN_POINT('Ctrl Pts',(-55.3770065017277,-45.262416697508,10.016125211518));
#3616=CARTESIAN_POINT('Origin',(-55.375,4.6875,7.5));
#3617=CARTESIAN_POINT('',(-55.3738615471209,-46.262416697508,10.020750248964));
#3618=CARTESIAN_POINT('',(-55.3729297792004,-45.987583302492,10.0164884487271));
#3619=CARTESIAN_POINT('',(-55.375,4.6875,10.0175));
#3620=CARTESIAN_POINT('',(-53.7390127966249,-46.875,5.58653400333506));
#3621=CARTESIAN_POINT('Ctrl Pts',(-55.3738615471209,-46.262416697508,10.020750248964));
#3622=CARTESIAN_POINT('Ctrl Pts',(-56.1243569937662,-46.3100339489924,10.0163375611021));
#3623=CARTESIAN_POINT('Ctrl Pts',(-56.8783928425017,-46.3576512004768,9.65865958782324));
#3624=CARTESIAN_POINT('Ctrl Pts',(-57.3462005790068,-46.4052684519612,9.07225787782438));
#3625=CARTESIAN_POINT('Ctrl Pts',(-57.8589560414655,-46.4574608461877,8.42951374057831));
#3626=CARTESIAN_POINT('Ctrl Pts',(-58.0278385035388,-46.5096532404143,7.51198206764131));
#3627=CARTESIAN_POINT('Ctrl Pts',(-57.7762664647374,-46.5618456346408,6.72938506732638));
#3628=CARTESIAN_POINT('Ctrl Pts',(-57.524694425936,-46.6140380288673,5.94678806701145));
#3629=CARTESIAN_POINT('Ctrl Pts',(-56.8526678862599,-46.6662304230939,5.29912573931861));
#3630=CARTESIAN_POINT('Ctrl Pts',(-56.0631203502625,-46.7184228173204,5.07493806833194));
#3631=CARTESIAN_POINT('Ctrl Pts',(-55.2735728142651,-46.7706152115469,4.85075039734526));
#3632=CARTESIAN_POINT('Ctrl Pts',(-54.3665042819465,-46.8228076057735,5.05003738306477));
#3633=CARTESIAN_POINT('Ctrl Pts',(-53.7390127966249,-46.875,5.58653400333507));
#3634=CARTESIAN_POINT('',(-53.7368062327826,-46.875,9.41704073403068));
#3635=CARTESIAN_POINT('Origin',(-55.375,-46.875,7.5));
#3636=CARTESIAN_POINT('Ctrl Pts',(-53.7367930580033,-46.875,9.41706207779363));
#3637=CARTESIAN_POINT('Ctrl Pts',(-53.1449381230368,-46.8254250672102,8.90744697544581));
#3638=CARTESIAN_POINT('Ctrl Pts',(-52.8043847576158,-46.7758501344204,8.09987189012557));
#3639=CARTESIAN_POINT('Ctrl Pts',(-52.8599374849905,-46.7262752016306,7.32086904035158));
#3640=CARTESIAN_POINT('Ctrl Pts',(-52.9184232898991,-46.6740828074041,6.50073633313442));
#3641=CARTESIAN_POINT('Ctrl Pts',(-53.4159466729037,-46.6218904131776,5.71227262905346));
#3642=CARTESIAN_POINT('Ctrl Pts',(-54.1309470236407,-46.5696980189511,5.30677029043177));
#3643=CARTESIAN_POINT('Ctrl Pts',(-54.8459473743777,-46.5175056247245,4.90126795181008));
#3644=CARTESIAN_POINT('Ctrl Pts',(-55.778424692847,-46.465313230498,4.87872697864766));
#3645=CARTESIAN_POINT('Ctrl Pts',(-56.5121742900266,-46.4131208362715,5.24942914691131));
#3646=CARTESIAN_POINT('Ctrl Pts',(-57.2459238872062,-46.3609284420449,5.62013131517497));
#3647=CARTESIAN_POINT('Ctrl Pts',(-57.7809457630961,-46.3087360478184,6.38407662486469));
#3648=CARTESIAN_POINT('Ctrl Pts',(-57.8786353388102,-46.2565436535919,7.20033130322356));
#3649=CARTESIAN_POINT('Ctrl Pts',(-57.9763249145243,-46.2043512593653,8.01658598158243));
#3650=CARTESIAN_POINT('Ctrl Pts',(-57.6366821900625,-46.1521588651388,8.88515002861046));
#3651=CARTESIAN_POINT('Ctrl Pts',(-57.0111926174224,-46.0999664709123,9.41857295871097));
#3652=CARTESIAN_POINT('Ctrl Pts',(-56.5622478939053,-46.0625054147722,9.80143691096016));
#3653=CARTESIAN_POINT('Ctrl Pts',(-55.9660451347018,-46.0250443586321,10.011648189685));
#3654=CARTESIAN_POINT('Ctrl Pts',(-55.3729297792004,-45.987583302492,10.0164884487271));
#3655=CARTESIAN_POINT('Origin',(-55.375,-49.0834234471774,7.5));
#3656=CARTESIAN_POINT('',(-55.3751303995971,-43.6665765528225,10.5689729570388));
#3657=CARTESIAN_POINT('',(-55.3763276544858,-43.5834234471775,10.5776848855575));
#3658=CARTESIAN_POINT('',(-55.375,-49.0834234471774,10.5735));
#3659=CARTESIAN_POINT('',(-54.5812007174668,-43.125,4.53077704625438));
#3660=CARTESIAN_POINT('Ctrl Pts',(-55.3763276544858,-43.5834234471774,10.5776848855575));
#3661=CARTESIAN_POINT('Ctrl Pts',(-54.4444470054704,-43.5350004199047,10.5730998216076));
#3662=CARTESIAN_POINT('Ctrl Pts',(-52.4990826296597,-43.4343849984054,9.63155336930294));
#3663=CARTESIAN_POINT('Ctrl Pts',(-51.9519289028856,-43.2815771826796,6.3406785421681));
#3664=CARTESIAN_POINT('Ctrl Pts',(-53.6074901186143,-43.1771923942265,4.79109120480859));
#3665=CARTESIAN_POINT('Ctrl Pts',(-54.5812007174668,-43.125,4.53077704625439));
#3666=CARTESIAN_POINT('',(-56.170869922589,-43.125,4.52608492190285));
#3667=CARTESIAN_POINT('Origin',(-55.375,-43.125,7.5));
#3668=CARTESIAN_POINT('Ctrl Pts',(-55.3751303995971,-43.6665765528225,10.5689729570388));
#3669=CARTESIAN_POINT('Ctrl Pts',(-54.8602127202388,-43.6400107564579,10.5687765677874));
#3670=CARTESIAN_POINT('Ctrl Pts',(-53.3333834682446,-43.5612525658667,10.2040722748123));
#3671=CARTESIAN_POINT('Ctrl Pts',(-51.7723631815997,-43.430301981049,7.8110881091776));
#3672=CARTESIAN_POINT('Ctrl Pts',(-53.0974984335684,-43.2763422598061,4.72608090291377));
#3673=CARTESIAN_POINT('Ctrl Pts',(-55.2488615871943,-43.1745749327898,4.28300726349904));
#3674=CARTESIAN_POINT('Ctrl Pts',(-56.1708822858052,-43.125,4.52605690653287));
#3675=CARTESIAN_POINT('Origin',(-55.375,-49.0834234471774,7.5));
#3676=CARTESIAN_POINT('',(-55.3766781438486,-44.6665765528225,10.577139460312));
#3677=CARTESIAN_POINT('',(-55.3726510439451,-44.5834234471774,10.5714277863802));
#3678=CARTESIAN_POINT('',(-55.375,-49.0834234471774,10.5735));
#3679=CARTESIAN_POINT('Ctrl Pts',(-55.3726510439451,-44.5834234471774,10.5714277863802));
#3680=CARTESIAN_POINT('Ctrl Pts',(-55.0552425429724,-44.5670138461571,10.5737810685972));
#3681=CARTESIAN_POINT('Ctrl Pts',(-53.7310280928941,-44.4984118509102,10.3839124419073));
#3682=CARTESIAN_POINT('Ctrl Pts',(-51.8973247930696,-44.3776174614367,8.49129655931293));
#3683=CARTESIAN_POINT('Ctrl Pts',(-52.6235442192608,-44.2210402787572,5.15347046842647));
#3684=CARTESIAN_POINT('Ctrl Pts',(-55.8047138123621,-44.0644630960776,3.90950799355238));
#3685=CARTESIAN_POINT('Ctrl Pts',(-58.6027108326186,-43.907885913398,5.86905867600137));
#3686=CARTESIAN_POINT('Ctrl Pts',(-58.520153098133,-43.7513087307184,9.28431472200342));
#3687=CARTESIAN_POINT('Ctrl Pts',(-56.5254355181463,-43.6431545753115,10.5429883901925));
#3688=CARTESIAN_POINT('Ctrl Pts',(-55.4488675248966,-43.5871928141312,10.5780417981569));
#3689=CARTESIAN_POINT('Ctrl Pts',(-55.3763276544858,-43.5834234471774,10.5776848855575));
#3690=CARTESIAN_POINT('Ctrl Pts',(-55.3766781438486,-44.6665765528225,10.577139460312));
#3691=CARTESIAN_POINT('Ctrl Pts',(-54.4768237836746,-44.6198317884837,10.5711447956924));
#3692=CARTESIAN_POINT('Ctrl Pts',(-52.5619425939854,-44.5208946299184,9.6844097777609));
#3693=CARTESIAN_POINT('Ctrl Pts',(-51.9141135118126,-44.3697650771265,6.45165512602211));
#3694=CARTESIAN_POINT('Ctrl Pts',(-54.3310097781475,-44.2131878944469,4.03780605650115));
#3695=CARTESIAN_POINT('Ctrl Pts',(-57.6794474854786,-44.0566107117673,4.71317088890042));
#3696=CARTESIAN_POINT('Ctrl Pts',(-58.9716519282182,-43.9000335290877,7.87524080126628));
#3697=CARTESIAN_POINT('Ctrl Pts',(-57.3799211170208,-43.7700221427728,10.2226773454615));
#3698=CARTESIAN_POINT('Ctrl Pts',(-55.8718438472104,-43.6922031506844,10.5691624032087));
#3699=CARTESIAN_POINT('Ctrl Pts',(-55.3751303995971,-43.6665765528225,10.5689729570388));
#3700=CARTESIAN_POINT('Origin',(-55.375,-49.0834234471774,7.5));
#3701=CARTESIAN_POINT('',(-55.3724725626106,-45.6665765528225,10.5722650435602));
#3702=CARTESIAN_POINT('',(-55.3774496457041,-45.5834234471774,10.5718215839525));
#3703=CARTESIAN_POINT('',(-55.375,-49.0834234471774,10.5735));
#3704=CARTESIAN_POINT('Ctrl Pts',(-55.3774496457041,-45.5834234471774,10.5718215839525));
#3705=CARTESIAN_POINT('Ctrl Pts',(-54.6699510460572,-45.5468348781829,10.5663038762405));
#3706=CARTESIAN_POINT('Ctrl Pts',(-52.9448889428367,-45.4580539149619,9.97475513313261));
#3707=CARTESIAN_POINT('Ctrl Pts',(-51.7778687633974,-45.3170805575143,7.12932315912721));
#3708=CARTESIAN_POINT('Ctrl Pts',(-53.6913223095251,-45.1605033748347,4.29968889003065));
#3709=CARTESIAN_POINT('Ctrl Pts',(-57.1070889304126,-45.0039261921551,4.32563039473278));
#3710=CARTESIAN_POINT('Ctrl Pts',(-58.9773485180971,-44.8473490094755,7.18399766331931));
#3711=CARTESIAN_POINT('Ctrl Pts',(-57.774156418803,-44.7071814278163,9.99521932446254));
#3712=CARTESIAN_POINT('Ctrl Pts',(-56.0647923542727,-44.6192062403836,10.5662962167081));
#3713=CARTESIAN_POINT('Ctrl Pts',(-55.3726510439451,-44.5834234471774,10.5714277863802));
#3714=CARTESIAN_POINT('Ctrl Pts',(-55.3724725626106,-45.6665765528225,10.5722650435602));
#3715=CARTESIAN_POINT('Ctrl Pts',(-55.0877216756144,-45.6518452147361,10.5745888209548));
#3716=CARTESIAN_POINT('Ctrl Pts',(-53.7967606435458,-45.5849214824231,10.409002696665));
#3717=CARTESIAN_POINT('Ctrl Pts',(-51.9304398348701,-45.4658053558837,8.60077597835546));
#3718=CARTESIAN_POINT('Ctrl Pts',(-52.5506671915423,-45.3092281732041,5.24170275517527));
#3719=CARTESIAN_POINT('Ctrl Pts',(-55.6910023482769,-45.1526509905245,3.89765134104334));
#3720=CARTESIAN_POINT('Ctrl Pts',(-58.5493697301491,-44.9960738078449,5.76791100153721));
#3721=CARTESIAN_POINT('Ctrl Pts',(-58.5753112352607,-44.8394966251653,9.18367775638932));
#3722=CARTESIAN_POINT('Ctrl Pts',(-56.5904397384875,-44.7296642068245,10.525886340392));
#3723=CARTESIAN_POINT('Ctrl Pts',(-55.4815470757262,-44.6720241827102,10.5778380778922));
#3724=CARTESIAN_POINT('Ctrl Pts',(-55.3766781438486,-44.6665765528225,10.577139460312));
#3725=CARTESIAN_POINT('Origin',(-55.375,-49.0834234471774,7.5));
#3726=CARTESIAN_POINT('',(-55.3774747104609,-46.6665765528225,10.5701211298444));
#3727=CARTESIAN_POINT('',(-55.3736101152239,-46.5834234471774,10.5774680795197));
#3728=CARTESIAN_POINT('',(-55.375,-49.0834234471774,10.5735));
#3729=CARTESIAN_POINT('',(-58.3442229537458,-46.875,8.29379928253247));
#3730=CARTESIAN_POINT('Ctrl Pts',(-58.3442229537458,-46.875,8.29379928253241));
#3731=CARTESIAN_POINT('Ctrl Pts',(-58.0839087951919,-46.8228076057735,9.26750988138504));
#3732=CARTESIAN_POINT('Ctrl Pts',(-57.0525625961069,-46.753333123381,10.3693873705143));
#3733=CARTESIAN_POINT('Ctrl Pts',(-55.7118246635928,-46.6838586409885,10.5723295403597));
#3734=CARTESIAN_POINT('Ctrl Pts',(-55.3774747104609,-46.6665765528225,10.5701211298444));
#3735=CARTESIAN_POINT('',(-58.3489149159523,-46.875,6.70413004517879));
#3736=CARTESIAN_POINT('Origin',(-55.375,-46.875,7.5));
#3737=CARTESIAN_POINT('Ctrl Pts',(-58.3489429371025,-46.875,6.70411767879197));
#3738=CARTESIAN_POINT('Ctrl Pts',(-58.591992653202,-46.8254250672102,7.62613844608423));
#3739=CARTESIAN_POINT('Ctrl Pts',(-58.1688380659301,-46.728232882936,9.6807827890515));
#3740=CARTESIAN_POINT('Ctrl Pts',(-56.2898554996388,-46.6310406986618,10.5720808317963));
#3741=CARTESIAN_POINT('Ctrl Pts',(-55.3736101152239,-46.5834234471774,10.5774680795197));
#3742=CARTESIAN_POINT('Origin',(-55.375,-49.0834234471777,7.5));
#3743=CARTESIAN_POINT('',(-55.3751303842222,46.3334234471772,10.5689734140047));
#3744=CARTESIAN_POINT('',(-55.3763276626069,46.4165765528223,10.5776839421899));
#3745=CARTESIAN_POINT('',(-55.3750000000047,-49.0834234471777,10.5735));
#3746=CARTESIAN_POINT('',(-54.5812007174677,46.875,4.53077704625417));
#3747=CARTESIAN_POINT('Ctrl Pts',(-55.3763276626069,46.4165765528223,10.5776839421899));
#3748=CARTESIAN_POINT('Ctrl Pts',(-54.4444472137728,46.4649995800951,10.5730990270862));
#3749=CARTESIAN_POINT('Ctrl Pts',(-52.4990832137753,46.5656150015945,9.63155375894092));
#3750=CARTESIAN_POINT('Ctrl Pts',(-51.9519281840649,46.7184228173204,6.34067299769925));
#3751=CARTESIAN_POINT('Ctrl Pts',(-53.6074901186151,46.8228076057735,4.79109120480809));
#3752=CARTESIAN_POINT('Ctrl Pts',(-54.5812007174677,46.875,4.53077704625417));
#3753=CARTESIAN_POINT('',(-56.1708697903763,46.875,4.52608426168321));
#3754=CARTESIAN_POINT('Origin',(-55.375,46.875,7.5));
#3755=CARTESIAN_POINT('Ctrl Pts',(-55.3751303842222,46.3334234471772,10.5689734140047));
#3756=CARTESIAN_POINT('Ctrl Pts',(-54.8602126160636,46.359989243542,10.5687770035277));
#3757=CARTESIAN_POINT('Ctrl Pts',(-53.3333831111041,46.4387474341332,10.2040726096328));
#3758=CARTESIAN_POINT('Ctrl Pts',(-51.7723627497662,46.5696980189511,7.81108846269969));
#3759=CARTESIAN_POINT('Ctrl Pts',(-53.0974976780796,46.7236577401939,4.72607987730445));
#3760=CARTESIAN_POINT('Ctrl Pts',(-55.2488617209077,46.8254250672102,4.28300692362679));
#3761=CARTESIAN_POINT('Ctrl Pts',(-56.170882140655,46.875,4.52605626990532));
#3762=CARTESIAN_POINT('Origin',(-55.375,-49.0834234471777,7.5));
#3763=CARTESIAN_POINT('',(-55.3766781442414,45.3334234471772,10.5771399509008));
#3764=CARTESIAN_POINT('',(-55.3726510467263,45.4165765528223,10.5714271769049));
#3765=CARTESIAN_POINT('',(-55.3750000000047,-49.0834234471777,10.5735));
#3766=CARTESIAN_POINT('Ctrl Pts',(-55.3726510467263,45.4165765528223,10.5714271769049));
#3767=CARTESIAN_POINT('Ctrl Pts',(-55.0552426085878,45.4329861538427,10.5737804580943));
#3768=CARTESIAN_POINT('Ctrl Pts',(-53.7310284194656,45.5015881490897,10.3839118689596));
#3769=CARTESIAN_POINT('Ctrl Pts',(-51.8973254640222,45.6223825385632,8.4912963947215));
#3770=CARTESIAN_POINT('Ctrl Pts',(-52.6235447847451,45.7789597212428,5.15347087073835));
#3771=CARTESIAN_POINT('Ctrl Pts',(-55.8047136895558,45.9355369039225,3.90950881609601));
#3772=CARTESIAN_POINT('Ctrl Pts',(-58.602710252241,46.092114086602,5.86905877236745));
#3773=CARTESIAN_POINT('Ctrl Pts',(-58.5201524107894,46.2486912692817,9.28431478207021));
#3774=CARTESIAN_POINT('Ctrl Pts',(-56.5254352775953,46.3568454246884,10.5429873010984));
#3775=CARTESIAN_POINT('Ctrl Pts',(-55.4488675174333,46.4128071858686,10.5780408432027));
#3776=CARTESIAN_POINT('Ctrl Pts',(-55.3763276626069,46.4165765528223,10.5776839421899));
#3777=CARTESIAN_POINT('Ctrl Pts',(-55.3766781442414,45.3334234471772,10.5771399509008));
#3778=CARTESIAN_POINT('Ctrl Pts',(-54.4768236406556,45.3801682115161,10.5711452846694));
#3779=CARTESIAN_POINT('Ctrl Pts',(-52.5619421452709,45.4791053700816,9.68441012266061));
#3780=CARTESIAN_POINT('Ctrl Pts',(-51.914112961122,45.6302349228735,6.45165496611475));
#3781=CARTESIAN_POINT('Ctrl Pts',(-54.3310096098345,45.7868121055531,4.03780549086638));
#3782=CARTESIAN_POINT('Ctrl Pts',(-57.6794478574593,45.9433892882327,4.71317047141538));
#3783=CARTESIAN_POINT('Ctrl Pts',(-58.9716524898507,46.0999664709123,7.87524081063624));
#3784=CARTESIAN_POINT('Ctrl Pts',(-57.3799214572298,46.2299778572271,10.2226778488684));
#3785=CARTESIAN_POINT('Ctrl Pts',(-55.8718439174932,46.3077968493155,10.5691628806498));
#3786=CARTESIAN_POINT('Ctrl Pts',(-55.3751303842222,46.3334234471772,10.5689734140047));
#3787=CARTESIAN_POINT('Origin',(-55.375,-49.0834234471777,7.5));
#3788=CARTESIAN_POINT('',(-55.3724725603437,44.3334234471772,10.5722655331566));
#3789=CARTESIAN_POINT('',(-55.3774496479514,44.4165765528223,10.5718209793239));
#3790=CARTESIAN_POINT('',(-55.3750000000047,-49.0834234471777,10.5735));
#3791=CARTESIAN_POINT('Ctrl Pts',(-55.3774496479514,44.4165765528223,10.5718209793239));
#3792=CARTESIAN_POINT('Ctrl Pts',(-54.66995118698,44.4531651218169,10.5663032726405));
#3793=CARTESIAN_POINT('Ctrl Pts',(-52.9448894175656,44.541946085038,9.9747546453361));
#3794=CARTESIAN_POINT('Ctrl Pts',(-51.7778694737723,44.6829194424857,7.12932323274076));
#3795=CARTESIAN_POINT('Ctrl Pts',(-53.6913226405254,44.8394966251653,4.29968951918926));
#3796=CARTESIAN_POINT('Ctrl Pts',(-57.1070885886933,44.9960738078449,4.32563102185282));
#3797=CARTESIAN_POINT('Ctrl Pts',(-58.9773478107602,45.1526509905244,7.1839977215422));
#3798=CARTESIAN_POINT('Ctrl Pts',(-57.7741559428313,45.2928185721836,9.99521883977668));
#3799=CARTESIAN_POINT('Ctrl Pts',(-56.0647922200316,45.3807937596162,10.5662956094737));
#3800=CARTESIAN_POINT('Ctrl Pts',(-55.3726510467263,45.4165765528223,10.5714271769049));
#3801=CARTESIAN_POINT('Ctrl Pts',(-55.3724725603437,44.3334234471772,10.5722655331566));
#3802=CARTESIAN_POINT('Ctrl Pts',(-55.0877216313449,44.3481547852637,10.5745893095329));
#3803=CARTESIAN_POINT('Ctrl Pts',(-53.79676040777,44.4150785175768,10.4090031532464));
#3804=CARTESIAN_POINT('Ctrl Pts',(-51.9304392733896,44.5341946441164,8.60077616004625));
#3805=CARTESIAN_POINT('Ctrl Pts',(-52.5506667478291,44.6907718267959,5.24170239192704));
#3806=CARTESIAN_POINT('Ctrl Pts',(-55.6910023954165,44.8473490094756,3.89765076861445));
#3807=CARTESIAN_POINT('Ctrl Pts',(-58.5493702376412,45.0039261921551,5.76791072499965));
#3808=CARTESIAN_POINT('Ctrl Pts',(-58.5753117444207,45.1605033748347,9.18367802425816));
#3809=CARTESIAN_POINT('Ctrl Pts',(-56.5904399322791,45.2703357931754,10.5258868236068));
#3810=CARTESIAN_POINT('Ctrl Pts',(-55.4815470928303,45.3279758172896,10.5778385686688));
#3811=CARTESIAN_POINT('Ctrl Pts',(-55.3766781442414,45.3334234471772,10.5771399509008));
#3812=CARTESIAN_POINT('Origin',(-55.375,-49.0834234471777,7.5));
#3813=CARTESIAN_POINT('',(-55.3774723954913,43.3334234471772,10.5701209939474));
#3814=CARTESIAN_POINT('',(-55.3736101783371,43.4165765528223,10.577467473419));
#3815=CARTESIAN_POINT('',(-55.3750000000047,-49.0834234471777,10.5735));
#3816=CARTESIAN_POINT('',(-58.3442229537457,43.125,8.29379928253277));
#3817=CARTESIAN_POINT('Ctrl Pts',(-58.3442229537457,43.125,8.29379928253273));
#3818=CARTESIAN_POINT('Ctrl Pts',(-58.0839087951917,43.1771923942265,9.26750988138532));
#3819=CARTESIAN_POINT('Ctrl Pts',(-57.3091123358534,43.2293847884531,10.0952901278579));
#3820=CARTESIAN_POINT('Ctrl Pts',(-56.3597064491831,43.2815771826796,10.4157387131104));
#3821=CARTESIAN_POINT('Ctrl Pts',(-56.0453365782126,43.2988592708455,10.5218465241245));
#3822=CARTESIAN_POINT('Ctrl Pts',(-55.7118221343753,43.3161413590113,10.5723293433828));
#3823=CARTESIAN_POINT('Ctrl Pts',(-55.3774723954913,43.3334234471772,10.5701209939474));
#3824=CARTESIAN_POINT('',(-58.3489141036323,43.125,6.70412988513753));
#3825=CARTESIAN_POINT('Origin',(-55.375,43.125,7.5));
#3826=CARTESIAN_POINT('Ctrl Pts',(-58.3489421536584,43.125,6.70411750290667));
#3827=CARTESIAN_POINT('Ctrl Pts',(-58.5919922369121,43.1745749327898,7.62613861545091));
#3828=CARTESIAN_POINT('Ctrl Pts',(-58.3761528586916,43.2241498655795,8.67415295619103));
#3829=CARTESIAN_POINT('Ctrl Pts',(-57.7815473776111,43.2737247983693,9.41949677221224));
#3830=CARTESIAN_POINT('Ctrl Pts',(-57.2104224736881,43.3213420498536,10.1354074539323));
#3831=CARTESIAN_POINT('Ctrl Pts',(-56.2898552618151,43.368959301338,10.5720801417891));
#3832=CARTESIAN_POINT('Ctrl Pts',(-55.3736101783371,43.4165765528223,10.577467473419));
#3833=CARTESIAN_POINT('Origin',(55.3750000000001,-49.0834234471775,7.5));
#3834=CARTESIAN_POINT('',(55.3748695897588,-43.6665765528225,10.5689726416404));
#3835=CARTESIAN_POINT('',(55.3736723404751,-43.5834234471775,10.577684293789));
#3836=CARTESIAN_POINT('',(55.3750000000001,-49.0834234471775,10.5735));
#3837=CARTESIAN_POINT('',(56.1687992825328,-43.125,4.53077704625426));
#3838=CARTESIAN_POINT('Ctrl Pts',(55.3736723404751,-43.5834234471775,10.5776842937889));
#3839=CARTESIAN_POINT('Ctrl Pts',(56.305552863969,-43.5350004199047,10.5730993230343));
#3840=CARTESIAN_POINT('Ctrl Pts',(58.2509170041695,-43.4343849984054,9.63155361268105));
#3841=CARTESIAN_POINT('Ctrl Pts',(58.7980715477369,-43.2815771826796,6.34067506566182));
#3842=CARTESIAN_POINT('Ctrl Pts',(57.1425098813854,-43.1771923942265,4.79109120480831));
#3843=CARTESIAN_POINT('Ctrl Pts',(56.1687992825328,-43.125,4.53077704625426));
#3844=CARTESIAN_POINT('',(54.5791299872936,-43.125,4.52608537645463));
#3845=CARTESIAN_POINT('Origin',(55.3750000000001,-43.125,7.5));
#3846=CARTESIAN_POINT('Ctrl Pts',(55.3748695897588,-43.6665765528225,10.5689726416403));
#3847=CARTESIAN_POINT('Ctrl Pts',(55.8897872078016,-43.6400107564579,10.5687762670864));
#3848=CARTESIAN_POINT('Ctrl Pts',(57.4166162851504,-43.5612525658667,10.204072043868));
#3849=CARTESIAN_POINT('Ctrl Pts',(58.9776365207094,-43.430301981049,7.81108786444237));
#3850=CARTESIAN_POINT('Ctrl Pts',(57.6525010444382,-43.276342259806,4.72608161167415));
#3851=CARTESIAN_POINT('Ctrl Pts',(55.5011385065417,-43.1745749327898,4.28300749684525));
#3852=CARTESIAN_POINT('Ctrl Pts',(54.5791176151958,-43.125,4.52605734489416));
#3853=CARTESIAN_POINT('Origin',(55.3750000000001,-49.0834234471775,7.5));
#3854=CARTESIAN_POINT('',(55.3733218564199,-44.6665765528225,10.577139121646));
#3855=CARTESIAN_POINT('',(55.3773489543147,-44.5834234471774,10.5714274041049));
#3856=CARTESIAN_POINT('',(55.3750000000001,-49.0834234471775,10.5735));
#3857=CARTESIAN_POINT('Ctrl Pts',(55.3773489543147,-44.5834234471774,10.5714274041049));
#3858=CARTESIAN_POINT('Ctrl Pts',(55.6947574158754,-44.5670138461571,10.5737806856775));
#3859=CARTESIAN_POINT('Ctrl Pts',(57.0189717022743,-44.4984118509102,10.3839120825427));
#3860=CARTESIAN_POINT('Ctrl Pts',(58.8526747860848,-44.3776174614368,8.49129645605757));
#3861=CARTESIAN_POINT('Ctrl Pts',(58.1264554260649,-44.2210402787571,5.15347072080321));
#3862=CARTESIAN_POINT('Ctrl Pts',(54.9452862646482,-44.0644630960776,3.90950850940421));
#3863=CARTESIAN_POINT('Ctrl Pts',(52.1472895314327,-43.907885913398,5.86905873656344));
#3864=CARTESIAN_POINT('Ctrl Pts',(52.2298473329711,-43.7513087307184,9.28431475943212));
#3865=CARTESIAN_POINT('Ctrl Pts',(54.2245646327404,-43.6431545753115,10.5429877072042));
#3866=CARTESIAN_POINT('Ctrl Pts',(55.3011324798353,-43.5871928141312,10.5780411991338));
#3867=CARTESIAN_POINT('Ctrl Pts',(55.3736723404751,-43.5834234471775,10.5776842937889));
#3868=CARTESIAN_POINT('Ctrl Pts',(55.3733218564199,-44.6665765528225,10.577139121646));
#3869=CARTESIAN_POINT('Ctrl Pts',(56.2731761175944,-44.6198317884837,10.5711444581418));
#3870=CARTESIAN_POINT('Ctrl Pts',(58.1880570962546,-44.5208946299184,9.68440953967778));
#3871=CARTESIAN_POINT('Ctrl Pts',(58.8358861080359,-44.3697650771265,6.4516552363901));
#3872=CARTESIAN_POINT('Ctrl Pts',(56.4189901056533,-44.2131878944469,4.03780644700782));
#3873=CARTESIAN_POINT('Ctrl Pts',(53.0705527713247,-44.0566107117673,4.71317117703547));
#3874=CARTESIAN_POINT('Ctrl Pts',(51.7783484594545,-43.9000335290877,7.87524079491806));
#3875=CARTESIAN_POINT('Ctrl Pts',(53.3700791178941,-43.7700221427728,10.2226769977888));
#3876=CARTESIAN_POINT('Ctrl Pts',(54.8781562012935,-43.6922031506844,10.5691620736323));
#3877=CARTESIAN_POINT('Ctrl Pts',(55.3748695897588,-43.6665765528225,10.5689726416403));
#3878=CARTESIAN_POINT('Origin',(55.3750000000001,-49.0834234471775,7.5));
#3879=CARTESIAN_POINT('',(55.3775274358184,-45.6665765528225,10.5722647055805));
#3880=CARTESIAN_POINT('',(55.372550352891,-45.5834234471775,10.5718212047137));
#3881=CARTESIAN_POINT('',(55.3750000000001,-49.0834234471775,10.5735));
#3882=CARTESIAN_POINT('Ctrl Pts',(55.372550352891,-45.5834234471775,10.5718212047137));
#3883=CARTESIAN_POINT('Ctrl Pts',(56.0800488655557,-45.5468348781829,10.5663034976463));
#3884=CARTESIAN_POINT('Ctrl Pts',(57.805110759399,-45.4580539149619,9.97475482717391));
#3885=CARTESIAN_POINT('Ctrl Pts',(58.972130791039,-45.3170805575143,7.12932320529913));
#3886=CARTESIAN_POINT('Ctrl Pts',(57.0586774828629,-45.1605033748348,4.29968928465583));
#3887=CARTESIAN_POINT('Ctrl Pts',(53.6429112839222,-45.0039261921551,4.32563078807679));
#3888=CARTESIAN_POINT('Ctrl Pts',(51.7726519255638,-44.8473490094755,7.18399769984095));
#3889=CARTESIAN_POINT('Ctrl Pts',(52.9758438797369,-44.7071814278163,9.99521902045164));
#3890=CARTESIAN_POINT('Ctrl Pts',(54.6852077299296,-44.6192062403836,10.5662958358381));
#3891=CARTESIAN_POINT('Ctrl Pts',(55.3773489543147,-44.5834234471774,10.5714274041049));
#3892=CARTESIAN_POINT('Ctrl Pts',(55.3775274358184,-45.6665765528225,10.5722647055805));
#3893=CARTESIAN_POINT('Ctrl Pts',(55.6622782938289,-45.6518452147361,10.5745884836812));
#3894=CARTESIAN_POINT('Ctrl Pts',(56.9532391937324,-45.5849214824231,10.409002381491));
#3895=CARTESIAN_POINT('Ctrl Pts',(58.8195597774928,-45.4658053558837,8.60077585291548));
#3896=CARTESIAN_POINT('Ctrl Pts',(58.1993325021691,-45.3092281732041,5.2417030059413));
#3897=CARTESIAN_POINT('Ctrl Pts',(55.0589976842544,-45.1526509905245,3.8976517362012));
#3898=CARTESIAN_POINT('Ctrl Pts',(52.2006306201896,-44.9960738078449,5.7679111924396));
#3899=CARTESIAN_POINT('Ctrl Pts',(52.1746891162225,-44.8394966251653,9.18367757147519));
#3900=CARTESIAN_POINT('Ctrl Pts',(54.1595603952915,-44.7296642068245,10.5258860068138));
#3901=CARTESIAN_POINT('Ctrl Pts',(55.2684529360797,-44.6720241827103,10.5778377390962));
#3902=CARTESIAN_POINT('Ctrl Pts',(55.3733218564199,-44.6665765528225,10.577139121646));
#3903=CARTESIAN_POINT('Origin',(55.3750000000001,-49.0834234471775,7.5));
#3904=CARTESIAN_POINT('',(55.3725236907133,-46.6665765528225,10.5701212238325));
#3905=CARTESIAN_POINT('',(55.376389845267,-46.5834234471775,10.5774676993115));
#3906=CARTESIAN_POINT('',(55.3750000000001,-49.0834234471775,10.5735));
#3907=CARTESIAN_POINT('',(52.4057770462543,-46.875,8.29379928253264));
#3908=CARTESIAN_POINT('Ctrl Pts',(52.4057770462543,-46.875,8.29379928253258));
#3909=CARTESIAN_POINT('Ctrl Pts',(52.6660912048083,-46.8228076057735,9.26750988138521));
#3910=CARTESIAN_POINT('Ctrl Pts',(53.6974353438644,-46.753333123381,10.3693876374641));
#3911=CARTESIAN_POINT('Ctrl Pts',(55.0381735892765,-46.6838586409885,10.572329676597));
#3912=CARTESIAN_POINT('Ctrl Pts',(55.3725236907133,-46.6665765528225,10.5701212238325));
#3913=CARTESIAN_POINT('',(52.4010855939282,-46.875,6.70412994444289));
#3914=CARTESIAN_POINT('Origin',(55.3750000000001,-46.875,7.5));
#3915=CARTESIAN_POINT('Ctrl Pts',(52.4010575546369,-46.875,6.7041175681032));
#3916=CARTESIAN_POINT('Ctrl Pts',(52.1580076082971,-46.8254250672102,7.62613855187613));
#3917=CARTESIAN_POINT('Ctrl Pts',(52.5811627060892,-46.728232882936,9.68078223391967));
#3918=CARTESIAN_POINT('Ctrl Pts',(54.4601446495685,-46.6310406986619,10.5720803989859));
#3919=CARTESIAN_POINT('Ctrl Pts',(55.376389845267,-46.5834234471775,10.5774676993115));
#3920=CARTESIAN_POINT('Origin',(55.3750000000001,-49.0834234471777,7.5));
#3921=CARTESIAN_POINT('',(55.3748695846456,46.3334234471772,10.5689724905146));
#3922=CARTESIAN_POINT('',(55.3736723426429,46.4165765528223,10.5776845463406));
#3923=CARTESIAN_POINT('',(55.3749999999954,-49.0834234471777,10.5735));
#3924=CARTESIAN_POINT('',(56.1687992825324,46.875,4.53077704625417));
#3925=CARTESIAN_POINT('Ctrl Pts',(55.3736723426429,46.4165765528223,10.5776845463406));
#3926=CARTESIAN_POINT('Ctrl Pts',(56.3055529197291,46.4649995800951,10.5730995357423));
#3927=CARTESIAN_POINT('Ctrl Pts',(58.2509171605413,46.5656150015945,9.63155350838779));
#3928=CARTESIAN_POINT('Ctrl Pts',(58.7980713553036,46.7184228173204,6.34067654996358));
#3929=CARTESIAN_POINT('Ctrl Pts',(57.142509881385,46.8228076057735,4.79109120480809));
#3930=CARTESIAN_POINT('Ctrl Pts',(56.1687992825324,46.875,4.53077704625417));
#3931=CARTESIAN_POINT('',(54.5791299444436,46.875,4.52608559392793));
#3932=CARTESIAN_POINT('Origin',(55.3750000000001,46.875,7.5));
#3933=CARTESIAN_POINT('Ctrl Pts',(55.3748695846456,46.3334234471772,10.5689724905146));
#3934=CARTESIAN_POINT('Ctrl Pts',(55.8897871733023,46.359989243542,10.5687761230175));
#3935=CARTESIAN_POINT('Ctrl Pts',(57.4166161669558,46.4387474341333,10.2040719332537));
#3936=CARTESIAN_POINT('Ctrl Pts',(58.9776363781732,46.569698018951,7.81108774696268));
#3937=CARTESIAN_POINT('Ctrl Pts',(57.6525007941594,46.7236577401939,4.72608195153994));
#3938=CARTESIAN_POINT('Ctrl Pts',(55.5011385518762,46.8254250672102,4.28300760829713));
#3939=CARTESIAN_POINT('Ctrl Pts',(54.5791175681035,46.875,4.52605755463677));
#3940=CARTESIAN_POINT('Origin',(55.3750000000001,-49.0834234471777,7.5));
#3941=CARTESIAN_POINT('',(55.373321856544,45.3334234471772,10.5771389593537));
#3942=CARTESIAN_POINT('',(55.3773489550533,45.4165765528223,10.5714275672686));
#3943=CARTESIAN_POINT('',(55.3749999999954,-49.0834234471777,10.5735));
#3944=CARTESIAN_POINT('Ctrl Pts',(55.3773489550533,45.4165765528223,10.5714275672686));
#3945=CARTESIAN_POINT('Ctrl Pts',(55.6947574334377,45.4329861538427,10.5737808491169));
#3946=CARTESIAN_POINT('Ctrl Pts',(57.0189717897003,45.5015881490897,10.383912235929));
#3947=CARTESIAN_POINT('Ctrl Pts',(58.852674965707,45.6223825385633,8.49129650012023));
#3948=CARTESIAN_POINT('Ctrl Pts',(58.1264555774511,45.7789597212428,5.15347061309842));
#3949=CARTESIAN_POINT('Ctrl Pts',(54.945286231771,45.9355369039225,3.9095082892007));
#3950=CARTESIAN_POINT('Ctrl Pts',(52.147289376058,46.092114086602,5.86905871076386));
#3951=CARTESIAN_POINT('Ctrl Pts',(52.2298471489618,46.2486912692817,9.2843147433561));
#3952=CARTESIAN_POINT('Ctrl Pts',(54.2245645683406,46.3568454246884,10.5429879987647));
#3953=CARTESIAN_POINT('Ctrl Pts',(55.3011324778331,46.4128071858686,10.5780414547869));
#3954=CARTESIAN_POINT('Ctrl Pts',(55.3736723426429,46.4165765528223,10.5776845463406));
#3955=CARTESIAN_POINT('Ctrl Pts',(55.373321856544,45.3334234471772,10.5771389593537));
#3956=CARTESIAN_POINT('Ctrl Pts',(56.2731760702786,45.3801682115161,10.571144296386));
#3957=CARTESIAN_POINT('Ctrl Pts',(58.1880569478136,45.4791053700816,9.68440942559017));
#3958=CARTESIAN_POINT('Ctrl Pts',(58.8358859258643,45.6302349228735,6.45165528927399));
#3959=CARTESIAN_POINT('Ctrl Pts',(56.4189900499673,45.7868121055531,4.03780663415289));
#3960=CARTESIAN_POINT('Ctrl Pts',(53.0705528943922,45.9433892882327,4.71317131509358));
#3961=CARTESIAN_POINT('Ctrl Pts',(51.7783486452208,46.0999664709123,7.87524079191063));
#3962=CARTESIAN_POINT('Ctrl Pts',(53.3700792304843,46.2299778572271,10.2226768311332));
#3963=CARTESIAN_POINT('Ctrl Pts',(54.8781562245306,46.3077968493154,10.5691619156992));
#3964=CARTESIAN_POINT('Ctrl Pts',(55.3748695846456,46.3334234471772,10.5689724905146));
#3965=CARTESIAN_POINT('Origin',(55.3750000000001,-49.0834234471777,7.5));
#3966=CARTESIAN_POINT('',(55.3775274350599,44.3334234471772,10.5722645436173));
#3967=CARTESIAN_POINT('',(55.3725503534869,44.4165765528223,10.5718213665801));
#3968=CARTESIAN_POINT('',(55.3749999999954,-49.0834234471777,10.5735));
#3969=CARTESIAN_POINT('Ctrl Pts',(55.3725503534869,44.4165765528223,10.5718213665801));
#3970=CARTESIAN_POINT('Ctrl Pts',(56.0800489032787,44.4531651218169,10.5663036592385));
#3971=CARTESIAN_POINT('Ctrl Pts',(57.8051108864893,44.5419460850381,9.97475495776449));
#3972=CARTESIAN_POINT('Ctrl Pts',(58.9721309812147,44.6829194424857,7.12932318559104));
#3973=CARTESIAN_POINT('Ctrl Pts',(57.0586775714749,44.8394966251653,4.2996891162223));
#3974=CARTESIAN_POINT('Ctrl Pts',(53.6429111924394,44.9960738078449,4.32563062018968));
#3975=CARTESIAN_POINT('Ctrl Pts',(51.7726517362012,45.1526509905245,7.18399768425459));
#3976=CARTESIAN_POINT('Ctrl Pts',(52.9758437523133,45.2928185721836,9.99521915020605));
#3977=CARTESIAN_POINT('Ctrl Pts',(54.6852076939878,45.3807937596162,10.5662959984006));
#3978=CARTESIAN_POINT('Ctrl Pts',(55.3773489550533,45.4165765528223,10.5714275672686));
#3979=CARTESIAN_POINT('Ctrl Pts',(55.3775274350599,44.3334234471772,10.5722645436173));
#3980=CARTESIAN_POINT('Ctrl Pts',(55.6622782791842,44.3481547852637,10.5745883220576));
#3981=CARTESIAN_POINT('Ctrl Pts',(56.9532391157648,44.4150785175767,10.4090022304618));
#3982=CARTESIAN_POINT('Ctrl Pts',(58.8195595917234,44.5341946441164,8.6007757927994));
#3983=CARTESIAN_POINT('Ctrl Pts',(58.1993323553977,44.6907718267959,5.24170312611301));
#3984=CARTESIAN_POINT('Ctrl Pts',(55.0589976998408,44.8473490094756,3.89765192556376));
#3985=CARTESIAN_POINT('Ctrl Pts',(52.2006307880769,45.0039261921551,5.76791128392233));
#3986=CARTESIAN_POINT('Ctrl Pts',(52.1746892846559,45.1605033748348,9.18367748286289));
#3987=CARTESIAN_POINT('Ctrl Pts',(54.1595604593985,45.2703357931754,10.5258858469579));
#3988=CARTESIAN_POINT('Ctrl Pts',(55.2684529417343,45.3279758172896,10.5778375767413));
#3989=CARTESIAN_POINT('Ctrl Pts',(55.373321856544,45.3334234471772,10.5771389593537));
#3990=CARTESIAN_POINT('Origin',(55.3750000000001,-49.0834234471777,7.5));
#3991=CARTESIAN_POINT('',(55.3725229243194,43.3334234471772,10.5701212689234));
#3992=CARTESIAN_POINT('',(55.3763898621559,43.4165765528223,10.5774678615725));
#3993=CARTESIAN_POINT('',(55.3749999999954,-49.0834234471777,10.5735));
#3994=CARTESIAN_POINT('',(52.4057770462543,43.125,8.29379928253275));
#3995=CARTESIAN_POINT('Ctrl Pts',(52.4057770462543,43.125,8.29379928253273));
#3996=CARTESIAN_POINT('Ctrl Pts',(52.6660912048084,43.1771923942265,9.26750988138532));
#3997=CARTESIAN_POINT('Ctrl Pts',(53.4408831352351,43.2293847884531,10.095290714561));
#3998=CARTESIAN_POINT('Ctrl Pts',(54.3902884114965,43.2815771826796,10.4157392299443));
#3999=CARTESIAN_POINT('Ctrl Pts',(54.7046580803467,43.2988592708455,10.5218470178231));
#4000=CARTESIAN_POINT('Ctrl Pts',(55.0381727516973,43.3161413590113,10.5723297419581));
#4001=CARTESIAN_POINT('Ctrl Pts',(55.3725229243194,43.3334234471772,10.5701212689234));
#4002=CARTESIAN_POINT('',(52.4010853764546,43.125,6.70412998729376));
#4003=CARTESIAN_POINT('Origin',(55.3750000000001,43.125,7.5));
#4004=CARTESIAN_POINT('Ctrl Pts',(52.4010573448942,43.125,6.70411761519586));
#4005=CARTESIAN_POINT('Ctrl Pts',(52.1580074968453,43.1745749327898,7.62613850654183));
#4006=CARTESIAN_POINT('Ctrl Pts',(52.3738466085478,43.2241498655796,8.67415319209569));
#4007=CARTESIAN_POINT('Ctrl Pts',(52.9684521246441,43.2737247983693,9.41949714448174));
#4008=CARTESIAN_POINT('Ctrl Pts',(53.5395770622003,43.3213420498536,10.1354079571817));
#4009=CARTESIAN_POINT('Ctrl Pts',(54.4601445858957,43.3689593013379,10.5720805837074));
#4010=CARTESIAN_POINT('Ctrl Pts',(55.3763898621559,43.4165765528223,10.5774678615725));
#4011=CARTESIAN_POINT('Origin',(6.78750000000002,-34.375,7.5));
#4012=CARTESIAN_POINT('',(-64.262416697508,-31.8540713858195,7.49891252621023));
#4013=CARTESIAN_POINT('',(-64.125,-31.8575,7.5));
#4014=CARTESIAN_POINT('',(6.78750000000002,-31.8575,7.5));
#4015=CARTESIAN_POINT('',(-64.125,-32.7368057257771,9.41704095110699));
#4016=CARTESIAN_POINT('Origin',(-64.125,-34.375,7.5));
#4017=CARTESIAN_POINT('Ctrl Pts',(-64.125,-32.7367925609203,9.4170622751908));
#4018=CARTESIAN_POINT('Ctrl Pts',(-64.170805565836,-32.189938867708,8.94619515561205));
#4019=CARTESIAN_POINT('Ctrl Pts',(-64.216611131672,-31.8576241146239,8.22095536444165));
#4020=CARTESIAN_POINT('Ctrl Pts',(-64.262416697508,-31.8540713858195,7.49891252621023));
#4021=CARTESIAN_POINT('Origin',(6.78750000000002,-34.375,7.5));
#4022=CARTESIAN_POINT('',(-65.262416697508,-31.8591968441881,7.50192402924654));
#4023=CARTESIAN_POINT('',(-64.987583302492,-31.8612086497005,7.49989317111616));
#4024=CARTESIAN_POINT('',(6.78750000000002,-31.8575,7.5));
#4025=CARTESIAN_POINT('',(-64.125,-32.7390127966249,5.58653400333503));
#4026=CARTESIAN_POINT('Ctrl Pts',(-64.987583302492,-31.8612086497005,7.49989317111616));
#4027=CARTESIAN_POINT('Ctrl Pts',(-64.9610175061273,-31.8613694860125,7.92166148945327));
#4028=CARTESIAN_POINT('Ctrl Pts',(-64.9344517097627,-31.9621331771778,8.34350729604095));
#4029=CARTESIAN_POINT('Ctrl Pts',(-64.907885913398,-32.1630361699946,8.71055679984465));
#4030=CARTESIAN_POINT('Ctrl Pts',(-64.8556935191715,-32.5577394967252,9.43167925897222));
#4031=CARTESIAN_POINT('Ctrl Pts',(-64.8035011249449,-33.3389640235193,9.94129702052546));
#4032=CARTESIAN_POINT('Ctrl Pts',(-64.7513087307184,-34.1578902811521,10.0121275446463));
#4033=CARTESIAN_POINT('Ctrl Pts',(-64.6991163364918,-34.9768165387848,10.0829580687672));
#4034=CARTESIAN_POINT('Ctrl Pts',(-64.6469239422653,-35.8334445272561,9.71500135545575));
#4035=CARTESIAN_POINT('Ctrl Pts',(-64.5947315480388,-36.3461999424553,9.07225740167364));
#4036=CARTESIAN_POINT('Ctrl Pts',(-64.5425391538122,-36.8589553576545,8.42951344789152));
#4037=CARTESIAN_POINT('Ctrl Pts',(-64.4903467595857,-37.0278381995816,7.51198225363877));
#4038=CARTESIAN_POINT('Ctrl Pts',(-64.4381543653592,-36.7762657698711,6.72938487226996));
#4039=CARTESIAN_POINT('Ctrl Pts',(-64.3859619711326,-36.5246933401607,5.94678749090115));
#4040=CARTESIAN_POINT('Ctrl Pts',(-64.3337695769061,-35.8526656388127,5.29912392241627));
#4041=CARTESIAN_POINT('Ctrl Pts',(-64.2815771826796,-35.0631183742592,5.07493639545717));
#4042=CARTESIAN_POINT('Ctrl Pts',(-64.2293847884531,-34.2735711097057,4.85074886849809));
#4043=CARTESIAN_POINT('Ctrl Pts',(-64.1771923942266,-33.3665042819466,5.05003738306471));
#4044=CARTESIAN_POINT('Ctrl Pts',(-64.125,-32.7390127966251,5.5865340033349));
#4045=CARTESIAN_POINT('Origin',(-64.125,-34.375,7.5));
#4046=CARTESIAN_POINT('Ctrl Pts',(-64.262416697508,-31.8540713858195,7.49891252621023));
#4047=CARTESIAN_POINT('Ctrl Pts',(-64.2661860644618,-31.8537790296766,7.43949519637352));
#4048=CARTESIAN_POINT('Ctrl Pts',(-64.2699554314156,-31.8557129647799,7.38009951547379));
#4049=CARTESIAN_POINT('Ctrl Pts',(-64.2737247983693,-31.859936842005,7.32086901432378));
#4050=CARTESIAN_POINT('Ctrl Pts',(-64.3259171925959,-31.918422595183,6.50073616332482));
#4051=CARTESIAN_POINT('Ctrl Pts',(-64.3781095868224,-32.4159463446842,5.71227231638804));
#4052=CARTESIAN_POINT('Ctrl Pts',(-64.4303019810489,-33.1309468830597,5.30676991811547));
#4053=CARTESIAN_POINT('Ctrl Pts',(-64.4824943752755,-33.8459474214351,4.9012675198429));
#4054=CARTESIAN_POINT('Ctrl Pts',(-64.534686769502,-34.7784247486848,4.87872657023454));
#4055=CARTESIAN_POINT('Ctrl Pts',(-64.5868791637285,-35.5121744302863,5.24942880086885));
#4056=CARTESIAN_POINT('Ctrl Pts',(-64.6390715579551,-36.2459241118878,5.62013103150315));
#4057=CARTESIAN_POINT('Ctrl Pts',(-64.6912639521816,-36.7809461478412,6.38407644238011));
#4058=CARTESIAN_POINT('Ctrl Pts',(-64.7434563464081,-36.8786357572699,7.2003312473433));
#4059=CARTESIAN_POINT('Ctrl Pts',(-64.7956487406346,-36.9763253666986,8.01658605230648));
#4060=CARTESIAN_POINT('Ctrl Pts',(-64.8478411348612,-36.6366825496025,8.88515025135589));
#4061=CARTESIAN_POINT('Ctrl Pts',(-64.9000335290877,-36.011192867957,9.41857326913857));
#4062=CARTESIAN_POINT('Ctrl Pts',(-64.9522259233143,-35.3857031863116,9.95199628692125));
#4063=CARTESIAN_POINT('Ctrl Pts',(-65.0044183175408,-34.4743666401167,10.1502781234372));
#4064=CARTESIAN_POINT('Ctrl Pts',(-65.0566107117673,-33.6837874553057,9.92493311067197));
#4065=CARTESIAN_POINT('Ctrl Pts',(-65.1088031059939,-32.8932082704947,9.69958809790674));
#4066=CARTESIAN_POINT('Ctrl Pts',(-65.1609955002204,-32.2233864470675,9.05061623586035));
#4067=CARTESIAN_POINT('Ctrl Pts',(-65.2131878944469,-31.9731467932521,8.26756145221311));
#4068=CARTESIAN_POINT('Ctrl Pts',(-65.2295974954673,-31.8944699488682,8.02136434309071));
#4069=CARTESIAN_POINT('Ctrl Pts',(-65.2460070964876,-31.8572692728256,7.76191298669376));
#4070=CARTESIAN_POINT('Ctrl Pts',(-65.262416697508,-31.8591968441881,7.50192402924654));
#4071=CARTESIAN_POINT('Origin',(6.78750000000002,-34.375,7.5));
#4072=CARTESIAN_POINT('',(-66.262416697508,-31.8588742890692,7.49799350011216));
#4073=CARTESIAN_POINT('',(-65.987583302492,-31.8545195180548,7.49862543494796));
#4074=CARTESIAN_POINT('',(6.78750000000002,-31.8575,7.5));
#4075=CARTESIAN_POINT('Ctrl Pts',(-65.987583302492,-31.8545195180548,7.49862543494796));
#4076=CARTESIAN_POINT('Ctrl Pts',(-65.9408385381532,-31.8594297383729,8.23569484011048));
#4077=CARTESIAN_POINT('Ctrl Pts',(-65.8940937738144,-32.2025951894692,8.97675170236133));
#4078=CARTESIAN_POINT('Ctrl Pts',(-65.8473490094755,-32.7705854761154,9.44522697599422));
#4079=CARTESIAN_POINT('Ctrl Pts',(-65.795156615249,-33.4047692906408,9.96829830842414));
#4080=CARTESIAN_POINT('Ctrl Pts',(-65.7429642210224,-34.319233534841,10.1515527136341));
#4081=CARTESIAN_POINT('Ctrl Pts',(-65.6907718267959,-35.1059956997032,9.91323387620944));
#4082=CARTESIAN_POINT('Ctrl Pts',(-65.6385794325694,-35.8927578645653,9.67491503878474));
#4083=CARTESIAN_POINT('Ctrl Pts',(-65.5863870383429,-36.5518179500893,9.01502295872533));
#4084=CARTESIAN_POINT('Ctrl Pts',(-65.5341946441163,-36.7891496081588,8.22796017272079));
#4085=CARTESIAN_POINT('Ctrl Pts',(-65.4820022498898,-37.0264812662283,7.44089738671625));
#4086=CARTESIAN_POINT('Ctrl Pts',(-65.4298098556633,-36.8420844968434,6.52666389476658));
#4087=CARTESIAN_POINT('Ctrl Pts',(-65.3776174614367,-36.3182116143726,5.89314001373711));
#4088=CARTESIAN_POINT('Ctrl Pts',(-65.3254250672102,-35.7943387319019,5.25961613270764));
#4089=CARTESIAN_POINT('Ctrl Pts',(-65.2732326729837,-34.9309897363454,4.90680186259839));
#4090=CARTESIAN_POINT('Ctrl Pts',(-65.2210402787571,-34.1133698800907,4.9920934666811));
#4091=CARTESIAN_POINT('Ctrl Pts',(-65.1688478845306,-33.2957500238359,5.07738507076381));
#4092=CARTESIAN_POINT('Ctrl Pts',(-65.1166554903041,-32.5238593068828,5.6007825490385));
#4093=CARTESIAN_POINT('Ctrl Pts',(-65.0644630960775,-32.1420050117399,6.3287948665268));
#4094=CARTESIAN_POINT('Ctrl Pts',(-65.0388364982157,-31.9545135849051,6.68625075977014));
#4095=CARTESIAN_POINT('Ctrl Pts',(-65.0132099003538,-31.8610534995429,7.09303591238661));
#4096=CARTESIAN_POINT('Ctrl Pts',(-64.987583302492,-31.8612086497005,7.49989317111616));
#4097=CARTESIAN_POINT('Ctrl Pts',(-65.262416697508,-31.8591968441881,7.50192402924654));
#4098=CARTESIAN_POINT('Ctrl Pts',(-65.2981994907142,-31.8634001083239,6.93499183579069));
#4099=CARTESIAN_POINT('Ctrl Pts',(-65.3339822839203,-32.053659008094,6.36550333808513));
#4100=CARTESIAN_POINT('Ctrl Pts',(-65.3697650771265,-32.4056284123342,5.92531494385408));
#4101=CARTESIAN_POINT('Ctrl Pts',(-65.421957471353,-32.9190071694353,5.28326092439037));
#4102=CARTESIAN_POINT('Ctrl Pts',(-65.4741498655796,-33.776422167841,4.91629059071101));
#4103=CARTESIAN_POINT('Ctrl Pts',(-65.5263422598061,-34.595343920219,4.98812668845561));
#4104=CARTESIAN_POINT('Ctrl Pts',(-65.5785346540326,-35.414265672597,5.05996278620021));
#4105=CARTESIAN_POINT('Ctrl Pts',(-65.6307270482592,-36.1946941789471,5.57060531536877));
#4106=CARTESIAN_POINT('Ctrl Pts',(-65.6829194424857,-36.5884498747402,6.29223503263368));
#4107=CARTESIAN_POINT('Ctrl Pts',(-65.7351118367122,-36.9822055705333,7.01386474989859));
#4108=CARTESIAN_POINT('Ctrl Pts',(-65.7873042309387,-36.9892884557693,7.94648165525985));
#4109=CARTESIAN_POINT('Ctrl Pts',(-65.8394966251653,-36.6065381743586,8.67400806062403));
#4110=CARTESIAN_POINT('Ctrl Pts',(-65.8916890193918,-36.223787892948,9.40153446598822));
#4111=CARTESIAN_POINT('Ctrl Pts',(-65.9438814136183,-35.4512044448906,9.92397037135533));
#4112=CARTESIAN_POINT('Ctrl Pts',(-65.9960738078449,-34.633468420073,10.0082365598583));
#4113=CARTESIAN_POINT('Ctrl Pts',(-66.0482662020714,-33.8157323952554,10.0925027483612));
#4114=CARTESIAN_POINT('Ctrl Pts',(-66.1004585962979,-32.9528437936775,9.73859922000001));
#4115=CARTESIAN_POINT('Ctrl Pts',(-66.1526509905245,-32.4297722544907,9.10441515653755));
#4116=CARTESIAN_POINT('Ctrl Pts',(-66.189239559519,-32.0630820617101,8.65983146373909));
#4117=CARTESIAN_POINT('Ctrl Pts',(-66.2258281285135,-31.8633938373938,8.07750483138732));
#4118=CARTESIAN_POINT('Ctrl Pts',(-66.262416697508,-31.8588742890692,7.49799350011216));
#4119=CARTESIAN_POINT('Origin',(6.78750000000002,-34.375,7.5));
#4120=CARTESIAN_POINT('',(-67.262416697508,-31.8542492500799,7.50113850448104));
#4121=CARTESIAN_POINT('',(-66.987583302492,-31.8585121455026,7.50207021803485));
#4122=CARTESIAN_POINT('',(6.78750000000002,-31.8575,7.5));
#4123=CARTESIAN_POINT('',(-67.875,-36.2884659966653,9.13598720337469));
#4124=CARTESIAN_POINT('Ctrl Pts',(-67.262416697508,-31.8542492500799,7.50113850448104));
#4125=CARTESIAN_POINT('Ctrl Pts',(-67.3100339489924,-31.858661868815,6.75064280953712));
#4126=CARTESIAN_POINT('Ctrl Pts',(-67.3576512004768,-32.2163397635616,5.99660655965915));
#4127=CARTESIAN_POINT('Ctrl Pts',(-67.4052684519612,-32.8027416416476,5.5287987790882));
#4128=CARTESIAN_POINT('Ctrl Pts',(-67.4574608461877,-33.445485963131,5.01604326832965));
#4129=CARTESIAN_POINT('Ctrl Pts',(-67.5096532404143,-34.3630181165929,4.84716118694664));
#4130=CARTESIAN_POINT('Ctrl Pts',(-67.5618456346408,-35.1456147334659,5.09873283220467));
#4131=CARTESIAN_POINT('Ctrl Pts',(-67.6140380288673,-35.928211350339,5.3503044774627));
#4132=CARTESIAN_POINT('Ctrl Pts',(-67.6662304230939,-36.5758724306233,6.02232984936177));
#4133=CARTESIAN_POINT('Ctrl Pts',(-67.7184228173204,-36.8000602472724,6.81187765950936));
#4134=CARTESIAN_POINT('Ctrl Pts',(-67.7706152115469,-37.0242480639215,7.60142546965694));
#4135=CARTESIAN_POINT('Ctrl Pts',(-67.8228076057735,-36.8249626169355,8.50849571805304));
#4136=CARTESIAN_POINT('Ctrl Pts',(-67.875,-36.2884659966653,9.1359872033747));
#4137=CARTESIAN_POINT('',(-67.875,-32.4579595883052,9.13819302022457));
#4138=CARTESIAN_POINT('Origin',(-67.875,-34.375,7.5));
#4139=CARTESIAN_POINT('Ctrl Pts',(-67.875,-32.4579382156275,9.13820620957513));
#4140=CARTESIAN_POINT('Ctrl Pts',(-67.8254250672102,-32.9675533931397,9.73006163375241));
#4141=CARTESIAN_POINT('Ctrl Pts',(-67.7758501344204,-33.7751282743429,10.0706143637872));
#4142=CARTESIAN_POINT('Ctrl Pts',(-67.7262752016306,-34.5541309214471,10.0150615625139));
#4143=CARTESIAN_POINT('Ctrl Pts',(-67.6740828074041,-35.3742634152939,9.95657567980499));
#4144=CARTESIAN_POINT('Ctrl Pts',(-67.6218904131776,-36.1627269076085,9.45905284134381));
#4145=CARTESIAN_POINT('Ctrl Pts',(-67.5696980189511,-36.5682291578519,8.74405276887172));
#4146=CARTESIAN_POINT('Ctrl Pts',(-67.5175056247245,-36.9737314080953,8.02905269639962));
#4147=CARTESIAN_POINT('Ctrl Pts',(-67.465313230498,-36.9962724162675,7.09657538991661));
#4148=CARTESIAN_POINT('Ctrl Pts',(-67.4131208362714,-36.6255703404198,6.36282591758114));
#4149=CARTESIAN_POINT('Ctrl Pts',(-67.3609284420449,-36.254868264572,5.62907644524567));
#4150=CARTESIAN_POINT('Ctrl Pts',(-67.3087360478184,-35.4909231047042,5.09405480705776));
#4151=CARTESIAN_POINT('Ctrl Pts',(-67.2565436535918,-34.674668613927,4.99636528141664));
#4152=CARTESIAN_POINT('Ctrl Pts',(-67.2043512593653,-33.8584141231499,4.89867575577553));
#4153=CARTESIAN_POINT('Ctrl Pts',(-67.1521588651388,-32.9898503014634,5.23831834268122));
#4154=CARTESIAN_POINT('Ctrl Pts',(-67.0999664709123,-32.4564275013019,5.86380775373225));
#4155=CARTESIAN_POINT('Ctrl Pts',(-67.0625054147722,-32.0735636423165,6.31275236126872));
#4156=CARTESIAN_POINT('Ctrl Pts',(-67.0250443586321,-31.8633524077073,6.90895499211055));
#4157=CARTESIAN_POINT('Ctrl Pts',(-66.987583302492,-31.8585121455026,7.50207021803485));
#4158=CARTESIAN_POINT('Origin',(6.78750000000002,-34.375,7.5));
#4159=CARTESIAN_POINT('',(67.737583302492,-31.854072011551,7.49891252115371));
#4160=CARTESIAN_POINT('',(67.875,-31.8575,7.5));
#4161=CARTESIAN_POINT('',(6.78750000000002,-31.8575,7.5));
#4162=CARTESIAN_POINT('',(67.875,-32.7368062327826,9.41704073403064));
#4163=CARTESIAN_POINT('Origin',(67.875,-34.375,7.5));
#4164=CARTESIAN_POINT('Ctrl Pts',(67.875,-32.7367930580032,9.41706207779353));
#4165=CARTESIAN_POINT('Ctrl Pts',(67.829194434164,-32.1899390601583,8.94619491150583));
#4166=CARTESIAN_POINT('Ctrl Pts',(67.783388868328,-31.8576246479926,8.22095523408942));
#4167=CARTESIAN_POINT('Ctrl Pts',(67.737583302492,-31.854072011551,7.49891252115371));
#4168=CARTESIAN_POINT('Origin',(6.78750000000002,-34.375,7.5));
#4169=CARTESIAN_POINT('',(66.7375833024919,-31.8591972481686,7.50192402741356));
#4170=CARTESIAN_POINT('',(67.012416697508,-31.8612081873126,7.49989318674693));
#4171=CARTESIAN_POINT('',(6.78750000000002,-31.8575,7.5));
#4172=CARTESIAN_POINT('',(67.875,-32.7390127966251,5.58653400333492));
#4173=CARTESIAN_POINT('Ctrl Pts',(67.012416697508,-31.8612081873126,7.49989318674693));
#4174=CARTESIAN_POINT('Ctrl Pts',(67.0389824938727,-31.8613690452144,7.9216615949998));
#4175=CARTESIAN_POINT('Ctrl Pts',(67.0655482902373,-31.962132770906,8.34350748796677));
#4176=CARTESIAN_POINT('Ctrl Pts',(67.092114086602,-32.1630357851652,8.71055705410939));
#4177=CARTESIAN_POINT('Ctrl Pts',(67.1443064808286,-32.5577391540224,9.43167963571062));
#4178=CARTESIAN_POINT('Ctrl Pts',(67.1964988750551,-33.3389636724413,9.9412974269457));
#4179=CARTESIAN_POINT('Ctrl Pts',(67.2486912692816,-34.1578901630728,10.0121280217857));
#4180=CARTESIAN_POINT('Ctrl Pts',(67.3008836635082,-34.9768166537043,10.0829586166256));
#4181=CARTESIAN_POINT('Ctrl Pts',(67.3530760577347,-35.8334451165483,9.71500201507044));
#4182=CARTESIAN_POINT('Ctrl Pts',(67.4052684519612,-36.346200579007,9.07225787782427));
#4183=CARTESIAN_POINT('Ctrl Pts',(67.4574608461878,-36.8589560414655,8.42951374057825));
#4184=CARTESIAN_POINT('Ctrl Pts',(67.5096532404143,-37.0278385035388,7.51198206764118));
#4185=CARTESIAN_POINT('Ctrl Pts',(67.5618456346408,-36.7762664647374,6.72938506732636));
#4186=CARTESIAN_POINT('Ctrl Pts',(67.6140380288673,-36.524694425936,5.94678806701136));
#4187=CARTESIAN_POINT('Ctrl Pts',(67.6662304230939,-35.8526678862598,5.29912573931851));
#4188=CARTESIAN_POINT('Ctrl Pts',(67.7184228173204,-35.0631203502623,5.07493806833189));
#4189=CARTESIAN_POINT('Ctrl Pts',(67.770615211547,-34.2735728142649,4.85075039734529));
#4190=CARTESIAN_POINT('Ctrl Pts',(67.8228076057735,-33.3665042819464,5.05003738306481));
#4191=CARTESIAN_POINT('Ctrl Pts',(67.875,-32.7390127966249,5.5865340033351));
#4192=CARTESIAN_POINT('Origin',(67.875,-34.375,7.5));
#4193=CARTESIAN_POINT('Ctrl Pts',(67.737583302492,-31.854072011551,7.49891252115371));
#4194=CARTESIAN_POINT('Ctrl Pts',(67.7338139355382,-31.8537796630087,7.43949520162791));
#4195=CARTESIAN_POINT('Ctrl Pts',(67.7300445685844,-31.8557136040295,7.38009953111723));
#4196=CARTESIAN_POINT('Ctrl Pts',(67.7262752016307,-31.8599374849905,7.32086904035146));
#4197=CARTESIAN_POINT('Ctrl Pts',(67.6740828074041,-31.9184232898992,6.50073633313426));
#4198=CARTESIAN_POINT('Ctrl Pts',(67.6218904131776,-32.4159466729039,5.71227262905325));
#4199=CARTESIAN_POINT('Ctrl Pts',(67.569698018951,-33.1309470236409,5.30677029043163));
#4200=CARTESIAN_POINT('Ctrl Pts',(67.5175056247245,-33.845947374378,4.90126795181));
#4201=CARTESIAN_POINT('Ctrl Pts',(67.465313230498,-34.7784246928474,4.87872697864771));
#4202=CARTESIAN_POINT('Ctrl Pts',(67.4131208362715,-35.512174290027,5.24942914691152));
#4203=CARTESIAN_POINT('Ctrl Pts',(67.3609284420449,-36.2459238872065,5.62013131517528));
#4204=CARTESIAN_POINT('Ctrl Pts',(67.3087360478184,-36.7809457630963,6.38407662486507));
#4205=CARTESIAN_POINT('Ctrl Pts',(67.2565436535918,-36.8786353388102,7.20033130322388));
#4206=CARTESIAN_POINT('Ctrl Pts',(67.2043512593653,-36.9763249145242,8.01658598158279));
#4207=CARTESIAN_POINT('Ctrl Pts',(67.1521588651388,-36.6366821900624,8.88515002861062));
#4208=CARTESIAN_POINT('Ctrl Pts',(67.0999664709123,-36.0111926174223,9.41857295871111));
#4209=CARTESIAN_POINT('Ctrl Pts',(67.0477740766857,-35.3857030447821,9.95199588881159));
#4210=CARTESIAN_POINT('Ctrl Pts',(66.9955816824592,-34.4743666239635,10.1502777019845));
#4211=CARTESIAN_POINT('Ctrl Pts',(66.9433892882327,-33.6837875602881,9.9249327268765));
#4212=CARTESIAN_POINT('Ctrl Pts',(66.8911968940061,-32.8932084966128,9.69958775176852));
#4213=CARTESIAN_POINT('Ctrl Pts',(66.8390044997796,-32.2233867900806,9.05061598837974));
#4214=CARTESIAN_POINT('Ctrl Pts',(66.7868121055531,-31.9731471786355,8.26756132845458));
#4215=CARTESIAN_POINT('Ctrl Pts',(66.7704025045327,-31.894470347573,8.02136425823092));
#4216=CARTESIAN_POINT('Ctrl Pts',(66.7539929035123,-31.857269677485,7.76191294321032));
#4217=CARTESIAN_POINT('Ctrl Pts',(66.7375833024919,-31.8591972481686,7.50192402741356));
#4218=CARTESIAN_POINT('Origin',(6.78750000000002,-34.375,7.5));
#4219=CARTESIAN_POINT('',(65.7375833024919,-31.8588746898581,7.49799349863638));
#4220=CARTESIAN_POINT('',(66.012416697508,-31.8545190215005,7.49862543455398));
#4221=CARTESIAN_POINT('',(6.78750000000002,-31.8575,7.5));
#4222=CARTESIAN_POINT('Ctrl Pts',(66.012416697508,-31.8545190215005,7.49862543455398));
#4223=CARTESIAN_POINT('Ctrl Pts',(66.0591614618468,-31.8594292434556,8.23569498487024));
#4224=CARTESIAN_POINT('Ctrl Pts',(66.1059062261857,-32.2025947634602,8.9767519933098));
#4225=CARTESIAN_POINT('Ctrl Pts',(66.1526509905245,-32.770585161115,9.4452273591433));
#4226=CARTESIAN_POINT('Ctrl Pts',(66.204843384751,-33.4047690995858,9.96829879451884));
#4227=CARTESIAN_POINT('Ctrl Pts',(66.2570357789775,-34.319233520216,10.1515532353697));
#4228=CARTESIAN_POINT('Ctrl Pts',(66.309228173204,-35.1059958417582,9.91323435126583));
#4229=CARTESIAN_POINT('Ctrl Pts',(66.3614205674305,-35.8927581633004,9.67491546716198));
#4230=CARTESIAN_POINT('Ctrl Pts',(66.4136129616571,-36.5518183857544,9.01502325810304));
#4231=CARTESIAN_POINT('Ctrl Pts',(66.4658053558836,-36.7891500872573,8.22796031644553));
#4232=CARTESIAN_POINT('Ctrl Pts',(66.5179977501102,-37.0264817887601,7.44089737478784));
#4233=CARTESIAN_POINT('Ctrl Pts',(66.5701901443367,-36.8420849693119,6.52666370053151));
#4234=CARTESIAN_POINT('Ctrl Pts',(66.6223825385633,-36.3182119898751,5.89313969637643));
#4235=CARTESIAN_POINT('Ctrl Pts',(66.6745749327898,-35.7943390104383,5.25961569222142));
#4236=CARTESIAN_POINT('Ctrl Pts',(66.7267673270163,-34.930989871013,4.9068013581678));
#4237=CARTESIAN_POINT('Ctrl Pts',(66.7789597212429,-34.1133698423218,4.99209297521766));
#4238=CARTESIAN_POINT('Ctrl Pts',(66.8311521154694,-33.2957498136307,5.0773845922675));
#4239=CARTESIAN_POINT('Ctrl Pts',(66.8833445096959,-32.5238588956737,5.60078216042072));
#4240=CARTESIAN_POINT('Ctrl Pts',(66.9355369039224,-32.142004546343,6.3287946304809));
#4241=CARTESIAN_POINT('Ctrl Pts',(66.9611635017843,-31.9545130929021,6.68625059863721));
#4242=CARTESIAN_POINT('Ctrl Pts',(66.9867900996461,-31.8610530163286,7.09303584128095));
#4243=CARTESIAN_POINT('Ctrl Pts',(67.012416697508,-31.8612081873126,7.49989318674693));
#4244=CARTESIAN_POINT('Ctrl Pts',(66.7375833024919,-31.8591972481686,7.50192402741356));
#4245=CARTESIAN_POINT('Ctrl Pts',(66.7018005092858,-31.863400510824,6.93499192478117));
#4246=CARTESIAN_POINT('Ctrl Pts',(66.6660177160796,-32.0536593775707,6.36550351920237));
#4247=CARTESIAN_POINT('Ctrl Pts',(66.6302349228735,-32.4056287248472,5.92531519555317));
#4248=CARTESIAN_POINT('Ctrl Pts',(66.5780425286469,-32.9190073988618,5.28326127903935));
#4249=CARTESIAN_POINT('Ctrl Pts',(66.5258501344204,-33.7764222632487,4.91629100247345));
#4250=CARTESIAN_POINT('Ctrl Pts',(66.4736577401939,-34.5953438857715,4.98812708838081));
#4251=CARTESIAN_POINT('Ctrl Pts',(66.4214653459674,-35.4142655082942,5.05996317428818));
#4252=CARTESIAN_POINT('Ctrl Pts',(66.3692729517408,-36.1946938889528,5.57060562266881));
#4253=CARTESIAN_POINT('Ctrl Pts',(66.3170805575143,-36.5884495216723,6.29223522521927));
#4254=CARTESIAN_POINT('Ctrl Pts',(66.2648881632878,-36.9822051543919,7.0138648277699));
#4255=CARTESIAN_POINT('Ctrl Pts',(66.2126957690613,-36.9892880391723,7.94648158449048));
#4256=CARTESIAN_POINT('Ctrl Pts',(66.1605033748347,-36.6065378189103,8.67400787362382));
#4257=CARTESIAN_POINT('Ctrl Pts',(66.1083109806082,-36.2237875986484,9.4015341627569));
#4258=CARTESIAN_POINT('Ctrl Pts',(66.0561185863816,-35.4512042733445,9.92396998430291));
#4259=CARTESIAN_POINT('Ctrl Pts',(66.0039261921551,-34.6334683787909,10.0082361598059));
#4260=CARTESIAN_POINT('Ctrl Pts',(65.9517337979286,-33.815732484237,10.0925023353088));
#4261=CARTESIAN_POINT('Ctrl Pts',(65.8995414037021,-32.9528440204335,9.73859886476857));
#4262=CARTESIAN_POINT('Ctrl Pts',(65.8473490094755,-32.4297725645572,9.10441490161482));
#4263=CARTESIAN_POINT('Ctrl Pts',(65.810760440481,-32.06308243018,8.65983127913605));
#4264=CARTESIAN_POINT('Ctrl Pts',(65.7741718714865,-31.863394237501,8.07750473798445));
#4265=CARTESIAN_POINT('Ctrl Pts',(65.7375833024919,-31.8588746898581,7.49799349863638));
#4266=CARTESIAN_POINT('Origin',(6.78750000000002,-34.375,7.5));
#4267=CARTESIAN_POINT('',(64.7375833024919,-31.8542496521334,7.50113846311089));
#4268=CARTESIAN_POINT('',(65.012416697508,-31.8585116499557,7.50207022034111));
#4269=CARTESIAN_POINT('',(6.78750000000002,-31.8575,7.5));
#4270=CARTESIAN_POINT('',(64.125,-36.2884659966653,9.13598720337465));
#4271=CARTESIAN_POINT('Ctrl Pts',(64.7375833024919,-31.8542496521334,7.50113846311089));
#4272=CARTESIAN_POINT('Ctrl Pts',(64.6899660510075,-31.8586623263302,6.75064296741038));
#4273=CARTESIAN_POINT('Ctrl Pts',(64.6423487995232,-32.2163402840627,5.99660703939113));
#4274=CARTESIAN_POINT('Ctrl Pts',(64.5947315480388,-32.802742027311,5.5287992942305));
#4275=CARTESIAN_POINT('Ctrl Pts',(64.5425391538123,-33.4454862010011,5.01604382228473));
#4276=CARTESIAN_POINT('Ctrl Pts',(64.4903467595857,-34.3630179690054,4.84716143557696));
#4277=CARTESIAN_POINT('Ctrl Pts',(64.4381543653592,-35.1456148935335,5.09873339660963));
#4278=CARTESIAN_POINT('Ctrl Pts',(64.3859619711326,-35.9282118180618,5.35030535764238));
#4279=CARTESIAN_POINT('Ctrl Pts',(64.3337695769061,-36.575873899114,6.02233166641561));
#4280=CARTESIAN_POINT('Ctrl Pts',(64.2815771826796,-36.8000615988324,6.81187925651845));
#4281=CARTESIAN_POINT('Ctrl Pts',(64.229384788453,-37.0242492985507,7.60142684662111));
#4282=CARTESIAN_POINT('Ctrl Pts',(64.1771923942265,-36.8249626169353,8.50849571805331));
#4283=CARTESIAN_POINT('Ctrl Pts',(64.125,-36.2884659966651,9.13598720337486));
#4284=CARTESIAN_POINT('',(64.125,-32.4579593194433,9.13819364281231));
#4285=CARTESIAN_POINT('Origin',(64.125,-34.375,7.5));
#4286=CARTESIAN_POINT('Ctrl Pts',(64.125,-32.4579379708582,9.13820682002227));
#4287=CARTESIAN_POINT('Ctrl Pts',(64.1745749327898,-32.9675530856672,9.73006183617567));
#4288=CARTESIAN_POINT('Ctrl Pts',(64.2241498655796,-33.7751281371326,10.0706150963657));
#4289=CARTESIAN_POINT('Ctrl Pts',(64.2737247983693,-34.5541309532746,10.0150623568088));
#4290=CARTESIAN_POINT('Ctrl Pts',(64.3259171925959,-35.3742636250841,9.9565765390749));
#4291=CARTESIAN_POINT('Ctrl Pts',(64.3781095868224,-36.1627272940044,9.4590532463789));
#4292=CARTESIAN_POINT('Ctrl Pts',(64.4303019810489,-36.5682296179483,8.74405294183397));
#4293=CARTESIAN_POINT('Ctrl Pts',(64.4824943752754,-36.9737319418921,8.02905263728905));
#4294=CARTESIAN_POINT('Ctrl Pts',(64.534686769502,-36.9962729208595,7.09657532089519));
#4295=CARTESIAN_POINT('Ctrl Pts',(64.5868791637285,-36.6255707679434,6.36282574446897));
#4296=CARTESIAN_POINT('Ctrl Pts',(64.639071557955,-36.2548686150273,5.62907616804276));
#4297=CARTESIAN_POINT('Ctrl Pts',(64.6912639521816,-35.4909233302277,5.09405433158418));
#4298=CARTESIAN_POINT('Ctrl Pts',(64.7434563464081,-34.6746686830217,4.99636476417606));
#4299=CARTESIAN_POINT('Ctrl Pts',(64.7956487406346,-33.8584140358154,4.89867519676792));
#4300=CARTESIAN_POINT('Ctrl Pts',(64.8478411348612,-32.9898500262026,5.23831789841048));
#4301=CARTESIAN_POINT('Ctrl Pts',(64.9000335290877,-32.4564271176797,5.86380744422165));
#4302=CARTESIAN_POINT('Ctrl Pts',(64.9374945852278,-32.073563180918,6.31275214848205));
#4303=CARTESIAN_POINT('Ctrl Pts',(64.9749556413679,-31.8633519095215,6.90895488636302));
#4304=CARTESIAN_POINT('Ctrl Pts',(65.012416697508,-31.8585116499557,7.50207022034111));
#4305=CARTESIAN_POINT('Origin',(6.78750000000002,34.375,7.5));
#4306=CARTESIAN_POINT('',(-64.262416697508,36.8959273498011,7.49891251574611));
#4307=CARTESIAN_POINT('',(-64.125,36.8925,7.5));
#4308=CARTESIAN_POINT('',(6.78750000000002,36.8925,7.5));
#4309=CARTESIAN_POINT('',(-64.125,36.0131932518937,9.4170405119857));
#4310=CARTESIAN_POINT('Origin',(-64.125,34.375,7.5));
#4311=CARTESIAN_POINT('Ctrl Pts',(-64.125,36.0132064367312,9.41706187570625));
#4312=CARTESIAN_POINT('Ctrl Pts',(-64.170805565836,36.560060745994,8.94619466158944));
#4313=CARTESIAN_POINT('Ctrl Pts',(-64.216611131672,36.892374808406,8.22095510056698));
#4314=CARTESIAN_POINT('Ctrl Pts',(-64.262416697508,36.8959273498011,7.49891251574611));
#4315=CARTESIAN_POINT('Origin',(6.78750000000002,34.375,7.5));
#4316=CARTESIAN_POINT('',(-65.262416697508,36.8908023392986,7.50192402553667));
#4317=CARTESIAN_POINT('',(-64.987583302492,36.8887916464388,7.49989318113474));
#4318=CARTESIAN_POINT('',(6.78750000000002,36.8925,7.5));
#4319=CARTESIAN_POINT('',(-64.125,36.010987203375,5.58653400333495));
#4320=CARTESIAN_POINT('Ctrl Pts',(-64.987583302492,36.8887916464388,7.49989318113474));
#4321=CARTESIAN_POINT('Ctrl Pts',(-64.9610175061273,36.8886307962876,7.92166155706549));
#4322=CARTESIAN_POINT('Ctrl Pts',(-64.9344517097626,36.7878670830013,8.34350741897944));
#4323=CARTESIAN_POINT('Ctrl Pts',(-64.9078859133979,36.5869640764609,8.71055696270326));
#4324=CARTESIAN_POINT('Ctrl Pts',(-64.8556935191714,36.1922607227683,9.4316795002597));
#4325=CARTESIAN_POINT('Ctrl Pts',(-64.8035011249449,35.4110362014253,9.94129728077665));
#4326=CARTESIAN_POINT('Ctrl Pts',(-64.7513087307184,34.5921097945426,10.0121278502054));
#4327=CARTESIAN_POINT('Ctrl Pts',(-64.6991163364919,33.7731833876598,10.0829584196342));
#4328=CARTESIAN_POINT('Ctrl Pts',(-64.6469239422653,32.9165550952375,9.71500177797481));
#4329=CARTESIAN_POINT('Ctrl Pts',(-64.5947315480388,32.4037996498425,9.07225770659907));
#4330=CARTESIAN_POINT('Ctrl Pts',(-64.5425391538123,31.8910442044476,8.42951363522333));
#4331=CARTESIAN_POINT('Ctrl Pts',(-64.4903467595857,31.72216160608,7.51198213413125));
#4332=CARTESIAN_POINT('Ctrl Pts',(-64.4381543653592,31.9737337853446,6.72938499691481));
#4333=CARTESIAN_POINT('Ctrl Pts',(-64.3859619711327,32.2253059646092,5.94678785969837));
#4334=CARTESIAN_POINT('Ctrl Pts',(-64.3337695769061,32.897332921506,5.29912508635757));
#4335=CARTESIAN_POINT('Ctrl Pts',(-64.2815771826796,33.6868803598671,5.07493746719917));
#4336=CARTESIAN_POINT('Ctrl Pts',(-64.2293847884531,34.4764277982281,4.8507498480408));
#4337=CARTESIAN_POINT('Ctrl Pts',(-64.1771923942265,35.3834957180534,5.05003738306474));
#4338=CARTESIAN_POINT('Ctrl Pts',(-64.125,36.010987203375,5.58653400333494));
#4339=CARTESIAN_POINT('Origin',(-64.125,34.375,7.5));
#4340=CARTESIAN_POINT('Ctrl Pts',(-64.262416697508,36.8959273498011,7.49891251574611));
#4341=CARTESIAN_POINT('Ctrl Pts',(-64.2661860644618,36.896219690522,7.43949520676274));
#4342=CARTESIAN_POINT('Ctrl Pts',(-64.2699554314156,36.8942857434046,7.38009954687387));
#4343=CARTESIAN_POINT('Ctrl Pts',(-64.2737247983693,36.8900618585821,7.32086906672429));
#4344=CARTESIAN_POINT('Ctrl Pts',(-64.3259171925959,36.831576000206,6.50073650650649));
#4345=CARTESIAN_POINT('Ctrl Pts',(-64.3781095868224,36.3340529922733,5.71227294834926));
#4346=CARTESIAN_POINT('Ctrl Pts',(-64.430301981049,35.6190528332681,5.30677067063315));
#4347=CARTESIAN_POINT('Ctrl Pts',(-64.4824943752755,34.9040526742629,4.90126839291705));
#4348=CARTESIAN_POINT('Ctrl Pts',(-64.534686769502,33.9715753641852,4.87872739564206));
#4349=CARTESIAN_POINT('Ctrl Pts',(-64.5868791637285,33.2378258530716,5.24942950021858));
#4350=CARTESIAN_POINT('Ctrl Pts',(-64.6390715579551,32.504076341958,5.6201316047951));
#4351=CARTESIAN_POINT('Ctrl Pts',(-64.6912639521816,31.9690546298085,6.38407681122313));
#4352=CARTESIAN_POINT('Ctrl Pts',(-64.7434563464082,31.8713650885864,7.20033136031137));
#4353=CARTESIAN_POINT('Ctrl Pts',(-64.7956487406347,31.7736755473642,8.01658590939962));
#4354=CARTESIAN_POINT('Ctrl Pts',(-64.8478411348612,32.1133181770694,8.8851498011481));
#4355=CARTESIAN_POINT('Ctrl Pts',(-64.9000335290877,32.7388076383621,9.41857264170542));
#4356=CARTESIAN_POINT('Ctrl Pts',(-64.9522259233143,33.3642970996548,9.95199548226275));
#4357=CARTESIAN_POINT('Ctrl Pts',(-65.0044183175408,34.2756333925351,10.1502772716289));
#4358=CARTESIAN_POINT('Ctrl Pts',(-65.0566107117673,35.0662123325352,9.92493233497991));
#4359=CARTESIAN_POINT('Ctrl Pts',(-65.1088031059939,35.8567912725352,9.69958739833091));
#4360=CARTESIAN_POINT('Ctrl Pts',(-65.1609955002204,36.5266128596551,9.05061573566674));
#4361=CARTESIAN_POINT('Ctrl Pts',(-65.2131878944469,36.7768524278234,8.26756120207432));
#4362=CARTESIAN_POINT('Ctrl Pts',(-65.2295974954673,36.8555292452794,8.02136417157064));
#4363=CARTESIAN_POINT('Ctrl Pts',(-65.2460070964877,36.8927299092868,7.76191289880145));
#4364=CARTESIAN_POINT('Ctrl Pts',(-65.262416697508,36.8908023392986,7.50192402553667));
#4365=CARTESIAN_POINT('Origin',(6.78750000000002,34.375,7.5));
#4366=CARTESIAN_POINT('',(-66.262416697508,36.891124900884,7.49799349712151));
#4367=CARTESIAN_POINT('',(-65.987583302492,36.8954807999817,7.49862543469547));
#4368=CARTESIAN_POINT('',(6.78750000000002,36.8925,7.5));
#4369=CARTESIAN_POINT('Ctrl Pts',(-65.987583302492,36.8954807999817,7.49862543469547));
#4370=CARTESIAN_POINT('Ctrl Pts',(-65.9408385381532,36.8905705786147,8.23569493282706));
#4371=CARTESIAN_POINT('Ctrl Pts',(-65.8940937738143,36.5474050833827,8.97675188871008));
#4372=CARTESIAN_POINT('Ctrl Pts',(-65.8473490094755,35.9794147256374,9.44522722139616));
#4373=CARTESIAN_POINT('Ctrl Pts',(-65.795156615249,35.3452308317273,9.9682986197613));
#4374=CARTESIAN_POINT('Ctrl Pts',(-65.7429642210225,34.4307664745282,10.1515530477983));
#4375=CARTESIAN_POINT('Ctrl Pts',(-65.690771826796,33.6440042093135,9.91323418047634));
#4376=CARTESIAN_POINT('Ctrl Pts',(-65.6385794325694,32.8572419440989,9.67491531315441));
#4377=CARTESIAN_POINT('Ctrl Pts',(-65.5863870383429,32.1981817708687,9.01502315047357));
#4378=CARTESIAN_POINT('Ctrl Pts',(-65.5341946441163,31.9608500849827,8.22796026477481));
#4379=CARTESIAN_POINT('Ctrl Pts',(-65.4820022498898,31.7235183990967,7.44089737907605));
#4380=CARTESIAN_POINT('Ctrl Pts',(-65.4298098556633,31.9079152005549,6.52666377035938));
#4381=CARTESIAN_POINT('Ctrl Pts',(-65.3776174614367,32.4317881451277,5.89313981047086));
#4382=CARTESIAN_POINT('Ctrl Pts',(-65.3254250672102,32.9556610897004,5.25961585058234));
#4383=CARTESIAN_POINT('Ctrl Pts',(-65.2732326729837,33.8190101773876,4.90680153952198));
#4384=CARTESIAN_POINT('Ctrl Pts',(-65.2210402787571,34.6366301440917,4.99209315190735));
#4385=CARTESIAN_POINT('Ctrl Pts',(-65.1688478845306,35.4542501107958,5.07738476429273));
#4386=CARTESIAN_POINT('Ctrl Pts',(-65.1166554903041,36.2261409565168,5.60078230012383));
#4387=CARTESIAN_POINT('Ctrl Pts',(-65.0644630960776,36.6079952863562,6.32879471533736));
#4388=CARTESIAN_POINT('Ctrl Pts',(-65.0388364982157,36.7954867302269,6.68625065656398));
#4389=CARTESIAN_POINT('Ctrl Pts',(-65.0132099003538,36.8889468099461,7.09303586684777));
#4390=CARTESIAN_POINT('Ctrl Pts',(-64.987583302492,36.8887916464388,7.49989318113474));
#4391=CARTESIAN_POINT('Ctrl Pts',(-65.262416697508,36.8908023392986,7.50192402553667));
#4392=CARTESIAN_POINT('Ctrl Pts',(-65.2981994907142,36.8865990781592,6.93499201564918));
#4393=CARTESIAN_POINT('Ctrl Pts',(-65.3339822839203,36.696340245147,6.36550370414948));
#4394=CARTESIAN_POINT('Ctrl Pts',(-65.3697650771265,36.344370956042,5.92531545257538));
#4395=CARTESIAN_POINT('Ctrl Pts',(-65.421957471353,35.8309923668759,5.28326164118951));
#4396=CARTESIAN_POINT('Ctrl Pts',(-65.4741498655795,34.9735776393271,4.91629142293844));
#4397=CARTESIAN_POINT('Ctrl Pts',(-65.5263422598061,34.1546561494008,4.9881274967567));
#4398=CARTESIAN_POINT('Ctrl Pts',(-65.5785346540326,33.3357346594745,5.05996357057496));
#4399=CARTESIAN_POINT('Ctrl Pts',(-65.6307270482592,32.5553064071708,5.57060593646257));
#4400=CARTESIAN_POINT('Ctrl Pts',(-65.6829194424857,32.1615508388594,6.29223542187549));
#4401=CARTESIAN_POINT('Ctrl Pts',(-65.7351118367122,31.7677952705481,7.01386490728841));
#4402=CARTESIAN_POINT('Ctrl Pts',(-65.7873042309387,31.7607123862291,7.94648151222665));
#4403=CARTESIAN_POINT('Ctrl Pts',(-65.8394966251653,32.1434625440489,8.67400768267115));
#4404=CARTESIAN_POINT('Ctrl Pts',(-65.8916890193918,32.5262127018687,9.40153385311566));
#4405=CARTESIAN_POINT('Ctrl Pts',(-65.9438814136183,33.2987959018274,9.92396958906643));
#4406=CARTESIAN_POINT('Ctrl Pts',(-65.9960738078449,34.1165316633644,10.0082357512967));
#4407=CARTESIAN_POINT('Ctrl Pts',(-66.0482662020714,34.9342674249014,10.092501913527));
#4408=CARTESIAN_POINT('Ctrl Pts',(-66.1004585962979,35.7971557480167,9.73859850203687));
#4409=CARTESIAN_POINT('Ctrl Pts',(-66.1526509905244,36.3202271188222,9.10441464130852));
#4410=CARTESIAN_POINT('Ctrl Pts',(-66.189239559519,36.6869171935621,8.65983109063326));
#4411=CARTESIAN_POINT('Ctrl Pts',(-66.2258281285135,36.8866053539368,8.07750464260179));
#4412=CARTESIAN_POINT('Ctrl Pts',(-66.262416697508,36.891124900884,7.49799349712151));
#4413=CARTESIAN_POINT('Origin',(6.78750000000002,34.375,7.5));
#4414=CARTESIAN_POINT('',(-67.2624166975081,36.895749937536,7.50113842051716));
#4415=CARTESIAN_POINT('',(-66.987583302492,36.8914881718883,7.50207021951269));
#4416=CARTESIAN_POINT('',(6.78750000000002,36.8925,7.5));
#4417=CARTESIAN_POINT('',(-67.875,32.4615340033347,9.13598720337463));
#4418=CARTESIAN_POINT('Ctrl Pts',(-67.2624166975081,36.895749937536,7.50113842051716));
#4419=CARTESIAN_POINT('Ctrl Pts',(-67.3100339489925,36.8913372065876,6.75064312844926));
#4420=CARTESIAN_POINT('Ctrl Pts',(-67.3576512004768,36.5336591842213,5.99660752964848));
#4421=CARTESIAN_POINT('Ctrl Pts',(-67.4052684519612,35.9472575791277,5.5287998202552));
#4422=CARTESIAN_POINT('Ctrl Pts',(-67.4574608461877,35.3045135568662,5.01604438751319));
#4423=CARTESIAN_POINT('Ctrl Pts',(-67.5096532404143,34.3869821839196,4.84716168745838));
#4424=CARTESIAN_POINT('Ctrl Pts',(-67.5618456346408,33.6043849446919,5.09873397137264));
#4425=CARTESIAN_POINT('Ctrl Pts',(-67.6140380288674,32.8217877054642,5.3503062552869));
#4426=CARTESIAN_POINT('Ctrl Pts',(-67.6662304230939,32.1741245999554,6.02233352317022));
#4427=CARTESIAN_POINT('Ctrl Pts',(-67.7184228173204,31.9499370193555,6.81188088886176));
#4428=CARTESIAN_POINT('Ctrl Pts',(-67.7706152115469,31.7257494387556,7.60142825455329));
#4429=CARTESIAN_POINT('Ctrl Pts',(-67.8228076057735,31.9250373830646,8.50849571805304));
#4430=CARTESIAN_POINT('Ctrl Pts',(-67.875,32.4615340033347,9.13598720337469));
#4431=CARTESIAN_POINT('',(-67.875,36.292040583962,9.13819341857442));
#4432=CARTESIAN_POINT('Origin',(-67.875,34.375,7.5));
#4433=CARTESIAN_POINT('Ctrl Pts',(-67.875,36.2920619412323,9.1382066001617));
#4434=CARTESIAN_POINT('Ctrl Pts',(-67.8254250672102,35.7824468039052,9.7300617629411));
#4435=CARTESIAN_POINT('Ctrl Pts',(-67.7758501344204,34.9748718136022,10.0706148328649));
#4436=CARTESIAN_POINT('Ctrl Pts',(-67.7262752016306,34.1958690582025,10.0150620712245));
#4437=CARTESIAN_POINT('Ctrl Pts',(-67.6740828074041,33.3757364503425,9.95657623024104));
#4438=CARTESIAN_POINT('Ctrl Pts',(-67.6218904131776,32.5872728449061,9.45905310070646));
#4439=CARTESIAN_POINT('Ctrl Pts',(-67.5696980189511,32.1817705474597,8.74405287957287));
#4440=CARTESIAN_POINT('Ctrl Pts',(-67.5175056247245,31.7762682500132,8.02905265843928));
#4441=CARTESIAN_POINT('Ctrl Pts',(-67.465313230498,31.7537272605568,7.09657534570668));
#4442=CARTESIAN_POINT('Ctrl Pts',(-67.4131208362714,32.1244293857656,6.36282580672646));
#4443=CARTESIAN_POINT('Ctrl Pts',(-67.3609284420449,32.4951315109744,5.62907626774624));
#4444=CARTESIAN_POINT('Ctrl Pts',(-67.3087360478184,33.2590767508485,5.09405450251839));
#4445=CARTESIAN_POINT('Ctrl Pts',(-67.2565436535919,34.0753313418147,4.99636495011511));
#4446=CARTESIAN_POINT('Ctrl Pts',(-67.2043512593654,34.8915859327809,4.89867539771184));
#4447=CARTESIAN_POINT('Ctrl Pts',(-67.1521588651388,35.7601498748392,5.23831805813314));
#4448=CARTESIAN_POINT('Ctrl Pts',(-67.0999664709123,36.293572744406,5.86380755550273));
#4449=CARTESIAN_POINT('Ctrl Pts',(-67.0625054147722,36.676436653207,6.31275222499426));
#4450=CARTESIAN_POINT('Ctrl Pts',(-67.0250443586321,36.8866479113756,6.90895492438673));
#4451=CARTESIAN_POINT('Ctrl Pts',(-66.987583302492,36.8914881718883,7.50207021951269));
#4452=CARTESIAN_POINT('Origin',(6.78750000000002,34.375,7.5));
#4453=CARTESIAN_POINT('',(67.7375833024919,36.8959275566658,7.49891251752497));
#4454=CARTESIAN_POINT('',(67.875,36.8925,7.5));
#4455=CARTESIAN_POINT('',(6.78750000000002,36.8925,7.5));
#4456=CARTESIAN_POINT('',(67.875,36.0131934185741,9.41704058396232));
#4457=CARTESIAN_POINT('Origin',(67.875,34.375,7.5));
#4458=CARTESIAN_POINT('Ctrl Pts',(67.875,36.0132066001613,9.41706194123259));
#4459=CARTESIAN_POINT('Ctrl Pts',(67.829194434164,36.5600608084977,8.94619474262539));
#4460=CARTESIAN_POINT('Ctrl Pts',(67.7833888683279,36.892374984398,8.22095514386935));
#4461=CARTESIAN_POINT('Ctrl Pts',(67.7375833024919,36.8959275566658,7.49891251752497));
#4462=CARTESIAN_POINT('Origin',(6.78750000000002,34.375,7.5));
#4463=CARTESIAN_POINT('',(66.7375833024919,36.8908024729458,7.50192402614513));
#4464=CARTESIAN_POINT('',(67.012416697508,36.8887915226518,7.4998931769497));
#4465=CARTESIAN_POINT('',(6.78750000000002,36.8925,7.5));
#4466=CARTESIAN_POINT('',(67.875,36.0109872033749,5.58653400333492));
#4467=CARTESIAN_POINT('Ctrl Pts',(67.012416697508,36.8887915226518,7.4998931769497));
#4468=CARTESIAN_POINT('Ctrl Pts',(67.0389824938726,36.8886306782804,7.92166152880923));
#4469=CARTESIAN_POINT('Ctrl Pts',(67.0655482902373,36.787866974237,8.3435073675987));
#4470=CARTESIAN_POINT('Ctrl Pts',(67.092114086602,36.5869639734371,8.71055689463373));
#4471=CARTESIAN_POINT('Ctrl Pts',(67.1443064808285,36.1922606310226,9.43167939940228));
#4472=CARTESIAN_POINT('Ctrl Pts',(67.1964988750551,35.4110361074388,9.94129717197225));
#4473=CARTESIAN_POINT('Ctrl Pts',(67.2486912692816,34.5921097629324,10.0121277224689));
#4474=CARTESIAN_POINT('Ctrl Pts',(67.3008836635081,33.7731834184259,10.0829582729656));
#4475=CARTESIAN_POINT('Ctrl Pts',(67.3530760577347,32.9165552529967,9.71500160138887));
#4476=CARTESIAN_POINT('Ctrl Pts',(67.4052684519612,32.4037998202548,9.07225757912716));
#4477=CARTESIAN_POINT('Ctrl Pts',(67.4574608461878,31.891044387513,8.42951355686553));
#4478=CARTESIAN_POINT('Ctrl Pts',(67.5096532404143,31.7221616874584,7.51198218391898));
#4479=CARTESIAN_POINT('Ctrl Pts',(67.5618456346408,31.9737339713728,6.72938494469139));
#4480=CARTESIAN_POINT('Ctrl Pts',(67.6140380288673,32.2253062552873,5.9467877054637));
#4481=CARTESIAN_POINT('Ctrl Pts',(67.6662304230939,32.8973335231708,5.299124599955));
#4482=CARTESIAN_POINT('Ctrl Pts',(67.7184228173204,33.6868808888625,5.07493701935529));
#4483=CARTESIAN_POINT('Ctrl Pts',(67.7706152115469,34.476428254554,4.85074943875561));
#4484=CARTESIAN_POINT('Ctrl Pts',(67.8228076057735,35.3834957180537,5.05003738306482));
#4485=CARTESIAN_POINT('Ctrl Pts',(67.875,36.0109872033752,5.5865340033351));
#4486=CARTESIAN_POINT('Origin',(67.875,34.375,7.5));
#4487=CARTESIAN_POINT('Ctrl Pts',(67.7375833024919,36.8959275566658,7.49891251752497));
#4488=CARTESIAN_POINT('Ctrl Pts',(67.7338139355382,36.8962198999272,7.43949520512481));
#4489=CARTESIAN_POINT('Ctrl Pts',(67.7300445685844,36.8942859547909,7.38009954179349));
#4490=CARTESIAN_POINT('Ctrl Pts',(67.7262752016306,36.8900620712245,7.32086905820334));
#4491=CARTESIAN_POINT('Ctrl Pts',(67.6740828074041,36.8315762302414,6.50073645034324));
#4492=CARTESIAN_POINT('Ctrl Pts',(67.6218904131776,36.334053100707,5.7122728449066));
#4493=CARTESIAN_POINT('Ctrl Pts',(67.569698018951,35.6190528795734,5.30677054745996));
#4494=CARTESIAN_POINT('Ctrl Pts',(67.5175056247245,34.90405265844,4.90126825001336));
#4495=CARTESIAN_POINT('Ctrl Pts',(67.465313230498,33.9715753457074,4.87872726055668));
#4496=CARTESIAN_POINT('Ctrl Pts',(67.4131208362715,33.2378258067272,5.24942938576525));
#4497=CARTESIAN_POINT('Ctrl Pts',(67.360928442045,32.5040762677468,5.62013151097387));
#4498=CARTESIAN_POINT('Ctrl Pts',(67.3087360478184,31.9690545025187,6.38407675084785));
#4499=CARTESIAN_POINT('Ctrl Pts',(67.2565436535918,31.8713649501152,7.20033134181407));
#4500=CARTESIAN_POINT('Ctrl Pts',(67.2043512593653,31.7736753977117,8.0165859327801));
#4501=CARTESIAN_POINT('Ctrl Pts',(67.1521588651388,32.1133180581327,8.88514987483835));
#4502=CARTESIAN_POINT('Ctrl Pts',(67.0999664709123,32.7388075555019,9.41857274440529));
#4503=CARTESIAN_POINT('Ctrl Pts',(67.0477740766858,33.3642970528714,9.95199561397242));
#4504=CARTESIAN_POINT('Ctrl Pts',(66.9955816824592,34.2756333871894,10.150277411048));
#4505=CARTESIAN_POINT('Ctrl Pts',(66.9433892882327,35.0662123672537,9.924932461939));
#4506=CARTESIAN_POINT('Ctrl Pts',(66.8911968940061,35.8567913473177,9.69958751283008));
#4507=CARTESIAN_POINT('Ctrl Pts',(66.8390044997796,36.5266129731281,9.05061581753684));
#4508=CARTESIAN_POINT('Ctrl Pts',(66.7868121055531,36.7768525553177,8.26756124301765));
#4509=CARTESIAN_POINT('Ctrl Pts',(66.7704025045327,36.8555293771822,8.02136419964618));
#4510=CARTESIAN_POINT('Ctrl Pts',(66.7539929035123,36.8927300431595,7.76191291318894));
#4511=CARTESIAN_POINT('Ctrl Pts',(66.7375833024919,36.8908024729458,7.50192402614513));
#4512=CARTESIAN_POINT('Origin',(6.78750000000002,34.375,7.5));
#4513=CARTESIAN_POINT('',(65.7375833024919,36.8911250334684,7.49799349761305));
#4514=CARTESIAN_POINT('',(66.012416697508,36.8954806670483,7.49862543480096));
#4515=CARTESIAN_POINT('',(6.78750000000002,36.8925,7.5));
#4516=CARTESIAN_POINT('Ctrl Pts',(66.012416697508,36.8954806670483,7.49862543480096));
#4517=CARTESIAN_POINT('Ctrl Pts',(66.0591614618468,36.8905704461194,8.23569489407308));
#4518=CARTESIAN_POINT('Ctrl Pts',(66.1059062261857,36.5474049693351,8.97675181081956));
#4519=CARTESIAN_POINT('Ctrl Pts',(66.1526509905244,35.9794146413083,9.44522711882244));
#4520=CARTESIAN_POINT('Ctrl Pts',(66.204843384751,35.3452307805798,9.96829848962792));
#4521=CARTESIAN_POINT('Ctrl Pts',(66.2570357789775,34.4307664706132,10.1515529081235));
#4522=CARTESIAN_POINT('Ctrl Pts',(66.309228173204,33.6440042473436,9.91323405329816));
#4523=CARTESIAN_POINT('Ctrl Pts',(66.3614205674306,32.8572420240739,9.67491519847284));
#4524=CARTESIAN_POINT('Ctrl Pts',(66.4136129616571,32.1981818875013,9.01502307032666));
#4525=CARTESIAN_POINT('Ctrl Pts',(66.4658053558837,31.960850213243,8.22796022629801));
#4526=CARTESIAN_POINT('Ctrl Pts',(66.5179977501102,31.7235185389846,7.44089738226936));
#4527=CARTESIAN_POINT('Ctrl Pts',(66.5701901443367,31.9079153270405,6.52666382235824));
#4528=CARTESIAN_POINT('Ctrl Pts',(66.6223825385633,32.4317882456543,5.89313989543191));
#4529=CARTESIAN_POINT('Ctrl Pts',(66.6745749327898,32.955661164268,5.25961596850565));
#4530=CARTESIAN_POINT('Ctrl Pts',(66.7267673270163,33.8190102134396,4.90680167456409));
#4531=CARTESIAN_POINT('Ctrl Pts',(66.7789597212428,34.6366301339805,4.99209328347799));
#4532=CARTESIAN_POINT('Ctrl Pts',(66.8311521154694,35.4542500545213,5.07738489239188));
#4533=CARTESIAN_POINT('Ctrl Pts',(66.8833445096959,36.2261408464314,5.60078240416114));
#4534=CARTESIAN_POINT('Ctrl Pts',(66.9355369039224,36.607995161764,6.32879477852925));
#4535=CARTESIAN_POINT('Ctrl Pts',(66.9611635017842,36.7954865985119,6.68625069970073));
#4536=CARTESIAN_POINT('Ctrl Pts',(66.9867900996461,36.8889466805838,7.09303588588313));
#4537=CARTESIAN_POINT('Ctrl Pts',(67.012416697508,36.8887915226518,7.4998931769497));
#4538=CARTESIAN_POINT('Ctrl Pts',(66.7375833024919,36.8908024729458,7.50192402614513));
#4539=CARTESIAN_POINT('Ctrl Pts',(66.7018005092858,36.8865992113147,6.93499198621156));
#4540=CARTESIAN_POINT('Ctrl Pts',(66.6660177160797,36.6963403673724,6.3655036442332));
#4541=CARTESIAN_POINT('Ctrl Pts',(66.6302349228735,36.3443710594215,5.92531536930928));
#4542=CARTESIAN_POINT('Ctrl Pts',(66.578042528647,35.830992442767,5.28326152386553));
#4543=CARTESIAN_POINT('Ctrl Pts',(66.5258501344204,34.9735776708891,4.91629128672317));
#4544=CARTESIAN_POINT('Ctrl Pts',(66.4736577401939,34.1546561380068,4.98812736445798));
#4545=CARTESIAN_POINT('Ctrl Pts',(66.4214653459673,33.3357346051244,5.0599634421928));
#4546=CARTESIAN_POINT('Ctrl Pts',(66.3692729517408,32.5553063112376,5.5706058348049));
#4547=CARTESIAN_POINT('Ctrl Pts',(66.3170805575143,32.1615507220601,6.29223535816602));
#4548=CARTESIAN_POINT('Ctrl Pts',(66.2648881632878,31.7677951328827,7.01386488152707));
#4549=CARTESIAN_POINT('Ctrl Pts',(66.2126957690613,31.7607122484146,7.9464815356371));
#4550=CARTESIAN_POINT('Ctrl Pts',(66.1605033748347,32.1434624264634,8.67400774453257));
#4551=CARTESIAN_POINT('Ctrl Pts',(66.1083109806082,32.5262126045122,9.40153395342803));
#4552=CARTESIAN_POINT('Ctrl Pts',(66.0561185863816,33.2987958450778,9.92396971710894));
#4553=CARTESIAN_POINT('Ctrl Pts',(66.0039261921551,34.1165316497073,10.0082358836389));
#4554=CARTESIAN_POINT('Ctrl Pts',(65.9517337979286,34.9342674543369,10.092502050169));
#4555=CARTESIAN_POINT('Ctrl Pts',(65.899541403702,35.7971558230304,9.738598619548));
#4556=CARTESIAN_POINT('Ctrl Pts',(65.8473490094755,36.3202272213957,9.10441472563793));
#4557=CARTESIAN_POINT('Ctrl Pts',(65.810760440481,36.686917315456,8.65983115170117));
#4558=CARTESIAN_POINT('Ctrl Pts',(65.7741718714865,36.8866054862959,8.07750467350292));
#4559=CARTESIAN_POINT('Ctrl Pts',(65.7375833024919,36.8911250334684,7.49799349761305));
#4560=CARTESIAN_POINT('Origin',(6.78750000000002,34.375,7.5));
#4561=CARTESIAN_POINT('',(64.7375833024919,36.8957500704438,7.50113843435454));
#4562=CARTESIAN_POINT('',(65.012416697508,36.8914880392246,7.5020702188953));
#4563=CARTESIAN_POINT('',(6.78750000000002,36.8925,7.5));
#4564=CARTESIAN_POINT('',(64.125,32.4615340033346,9.13598720337454));
#4565=CARTESIAN_POINT('Ctrl Pts',(64.7375833024919,36.8957500704438,7.50113843435454));
#4566=CARTESIAN_POINT('Ctrl Pts',(64.6899660510075,36.8913373578939,6.75064307629734));
#4567=CARTESIAN_POINT('Ctrl Pts',(64.6423487995232,36.5336593565018,5.99660737077978));
#4568=CARTESIAN_POINT('Ctrl Pts',(64.5947315480388,35.9472577065993,5.52879964984266));
#4569=CARTESIAN_POINT('Ctrl Pts',(64.5425391538122,35.3045136352236,5.0160442044477));
#4570=CARTESIAN_POINT('Ctrl Pts',(64.4903467595857,34.3869821341316,4.84716160608005));
#4571=CARTESIAN_POINT('Ctrl Pts',(64.4381543653592,33.6043849969152,5.09873378534451));
#4572=CARTESIAN_POINT('Ctrl Pts',(64.3859619711326,32.8217878596988,5.35030596460898));
#4573=CARTESIAN_POINT('Ctrl Pts',(64.3337695769061,32.174125086358,6.02233292150536));
#4574=CARTESIAN_POINT('Ctrl Pts',(64.2815771826796,31.9499374671994,6.8118803598663));
#4575=CARTESIAN_POINT('Ctrl Pts',(64.2293847884531,31.7257498480407,7.60142779822734));
#4576=CARTESIAN_POINT('Ctrl Pts',(64.1771923942265,31.9250373830645,8.50849571805296));
#4577=CARTESIAN_POINT('Ctrl Pts',(64.125,32.4615340033347,9.13598720337465));
#4578=CARTESIAN_POINT('',(64.125,36.2920405119854,9.138193251894));
#4579=CARTESIAN_POINT('Origin',(64.125,34.375,7.5));
#4580=CARTESIAN_POINT('Ctrl Pts',(64.125,36.2920618757059,9.13820643673162));
#4581=CARTESIAN_POINT('Ctrl Pts',(64.1745749327898,35.7824467215928,9.73006170874275));
#4582=CARTESIAN_POINT('Ctrl Pts',(64.2241498655795,34.9748717768704,10.0706146367429));
#4583=CARTESIAN_POINT('Ctrl Pts',(64.2737247983693,34.1958690667239,10.015061858582));
#4584=CARTESIAN_POINT('Ctrl Pts',(64.3259171925959,33.3757365065059,9.9565760002058));
#4585=CARTESIAN_POINT('Ctrl Pts',(64.3781095868224,32.5872729483487,9.45905299227286));
#4586=CARTESIAN_POINT('Ctrl Pts',(64.430301981049,32.1817706706327,8.74405283326739));
#4587=CARTESIAN_POINT('Ctrl Pts',(64.4824943752755,31.776268392917,8.02905267426217));
#4588=CARTESIAN_POINT('Ctrl Pts',(64.534686769502,31.7537273956422,7.0965753641846));
#4589=CARTESIAN_POINT('Ctrl Pts',(64.5868791637285,32.1244295002188,6.36282585307118));
#4590=CARTESIAN_POINT('Ctrl Pts',(64.639071557955,32.4951316047955,5.6290763419576));
#4591=CARTESIAN_POINT('Ctrl Pts',(64.6912639521816,33.2590768112237,5.09405462980827));
#4592=CARTESIAN_POINT('Ctrl Pts',(64.7434563464081,34.075331360312,4.99636508858631));
#4593=CARTESIAN_POINT('Ctrl Pts',(64.7956487406347,34.8915859094002,4.89867554736435));
#4594=CARTESIAN_POINT('Ctrl Pts',(64.8478411348612,35.7601498011486,5.23831817706965));
#4595=CARTESIAN_POINT('Ctrl Pts',(64.9000335290877,36.2935726417057,5.86380763836243));
#4596=CARTESIAN_POINT('Ctrl Pts',(64.9374945852278,36.6764365296851,6.3127522819599));
#4597=CARTESIAN_POINT('Ctrl Pts',(64.9749556413679,36.8866477780053,6.90895495269667));
#4598=CARTESIAN_POINT('Ctrl Pts',(65.012416697508,36.8914880392246,7.5020702188953));
#4599=CARTESIAN_POINT('Origin',(-70.0834234471775,-34.375,7.5));
#4600=CARTESIAN_POINT('',(-64.6665765528226,-31.3060277199024,7.4998695775274));
#4601=CARTESIAN_POINT('',(-64.5834234471775,-31.2973141625883,7.49867235325011));
#4602=CARTESIAN_POINT('',(-70.0834234471775,-31.3015,7.5));
#4603=CARTESIAN_POINT('',(-64.125,-37.3442229537458,8.29379928253264));
#4604=CARTESIAN_POINT('Ctrl Pts',(-64.5834234471775,-31.2973141625883,7.49867235325011));
#4605=CARTESIAN_POINT('Ctrl Pts',(-64.5350004199047,-31.3018993752167,8.43055320380013));
#4606=CARTESIAN_POINT('Ctrl Pts',(-64.4343849984054,-32.2434470148648,10.3759179576237));
#4607=CARTESIAN_POINT('Ctrl Pts',(-64.2815771826796,-35.5343158765151,10.9230703743306));
#4608=CARTESIAN_POINT('Ctrl Pts',(-64.1771923942265,-37.0839087951918,9.2675098813852));
#4609=CARTESIAN_POINT('Ctrl Pts',(-64.125,-37.3442229537458,8.29379928253258));
#4610=CARTESIAN_POINT('',(-64.125,-37.3489141036322,6.70412988513718));
#4611=CARTESIAN_POINT('Origin',(-64.125,-34.375,7.5));
#4612=CARTESIAN_POINT('Ctrl Pts',(-64.6665765528225,-31.3060277199024,7.4998695775274));
#4613=CARTESIAN_POINT('Ctrl Pts',(-64.6400107564579,-31.3062240775609,8.01478712525698));
#4614=CARTESIAN_POINT('Ctrl Pts',(-64.5612525658667,-31.6709282207143,9.54161600235811));
#4615=CARTESIAN_POINT('Ctrl Pts',(-64.4303019810489,-34.0639124168375,11.1026361798287));
#4616=CARTESIAN_POINT('Ctrl Pts',(-64.2763422598061,-37.1489175749757,9.77750044551405));
#4617=CARTESIAN_POINT('Ctrl Pts',(-64.1745749327898,-37.5919922369121,7.62613861545054));
#4618=CARTESIAN_POINT('Ctrl Pts',(-64.125,-37.3489421536583,6.70411750290633));
#4619=CARTESIAN_POINT('Origin',(-70.0834234471775,-34.375,7.5));
#4620=CARTESIAN_POINT('',(-65.6665765528226,-31.2978612666301,7.498321856728));
#4621=CARTESIAN_POINT('',(-65.5834234471774,-31.3035715990514,7.50234895884383));
#4622=CARTESIAN_POINT('',(-70.0834234471775,-31.3015,7.5));
#4623=CARTESIAN_POINT('Ctrl Pts',(-65.5834234471774,-31.3035715990514,7.50234895884383));
#4624=CARTESIAN_POINT('Ctrl Pts',(-65.5670138461571,-31.3012183158012,7.81975752317908));
#4625=CARTESIAN_POINT('Ctrl Pts',(-65.4984118509101,-31.4910869803618,9.14397223640625));
#4626=CARTESIAN_POINT('Ctrl Pts',(-65.3776174614368,-33.3837032745458,10.9776758835813));
#4627=CARTESIAN_POINT('Ctrl Pts',(-65.2210402787571,-36.7215299375803,10.2514563508722));
#4628=CARTESIAN_POINT('Ctrl Pts',(-65.0644630960776,-37.96549283531,7.07028606394663));
#4629=CARTESIAN_POINT('Ctrl Pts',(-64.907885913398,-36.0059414221983,4.27228858192435));
#4630=CARTESIAN_POINT('Ctrl Pts',(-64.7513087307184,-32.5906853364367,4.35484620888123));
#4631=CARTESIAN_POINT('Ctrl Pts',(-64.6431545753116,-31.3320105125859,6.34956423922774));
#4632=CARTESIAN_POINT('Ctrl Pts',(-64.5871928141313,-31.2969572384155,7.42613246715155));
#4633=CARTESIAN_POINT('Ctrl Pts',(-64.5834234471775,-31.2973141625883,7.49867235325011));
#4634=CARTESIAN_POINT('Ctrl Pts',(-65.6665765528226,-31.2978612666301,7.498321856728));
#4635=CARTESIAN_POINT('Ctrl Pts',(-65.6198317884838,-31.3038559288537,8.39817600440106));
#4636=CARTESIAN_POINT('Ctrl Pts',(-65.5208946299184,-32.1905907332719,10.3130567411172));
#4637=CARTESIAN_POINT('Ctrl Pts',(-65.3697650771265,-35.4233446370937,10.9608856722016));
#4638=CARTESIAN_POINT('Ctrl Pts',(-65.2131878944469,-37.8371931052463,8.54398997242493));
#4639=CARTESIAN_POINT('Ctrl Pts',(-65.0566107117673,-37.1618284926886,5.19555306576276));
#4640=CARTESIAN_POINT('Ctrl Pts',(-64.9000335290877,-33.9997592122403,3.90334890387898));
#4641=CARTESIAN_POINT('Ctrl Pts',(-64.7700221427728,-31.6523234009725,5.495079387281));
#4642=CARTESIAN_POINT('Ctrl Pts',(-64.6922031506844,-31.3058383042086,7.0031562568898));
#4643=CARTESIAN_POINT('Ctrl Pts',(-64.6665765528225,-31.3060277199024,7.4998695775274));
#4644=CARTESIAN_POINT('Origin',(-70.0834234471775,-34.375,7.5));
#4645=CARTESIAN_POINT('',(-66.6665765528226,-31.3027356819075,7.50252743401402));
#4646=CARTESIAN_POINT('',(-66.5834234471775,-31.3031778063373,7.4975503565421));
#4647=CARTESIAN_POINT('',(-70.0834234471775,-31.3015,7.5));
#4648=CARTESIAN_POINT('Ctrl Pts',(-66.5834234471775,-31.3031778063373,7.4975503565421));
#4649=CARTESIAN_POINT('Ctrl Pts',(-66.5468348781829,-31.3086955150864,8.20504909603532));
#4650=CARTESIAN_POINT('Ctrl Pts',(-66.4580539149619,-31.9002443749773,9.93011153590231));
#4651=CARTESIAN_POINT('Ctrl Pts',(-66.3170805575143,-34.7456769151012,11.097131952932));
#4652=CARTESIAN_POINT('Ctrl Pts',(-66.1605033748347,-37.5753117444209,9.18367802425779));
#4653=CARTESIAN_POINT('Ctrl Pts',(-66.0039261921551,-37.549370237641,5.7679107249992));
#4654=CARTESIAN_POINT('Ctrl Pts',(-65.8473490094755,-34.6910023954159,3.89765076861441));
#4655=CARTESIAN_POINT('Ctrl Pts',(-65.7071814278163,-31.8797801867417,5.10084310124465));
#4656=CARTESIAN_POINT('Ctrl Pts',(-65.6192062403836,-31.3087031709766,6.81020751034866));
#4657=CARTESIAN_POINT('Ctrl Pts',(-65.5834234471774,-31.3035715990514,7.50234895884383));
#4658=CARTESIAN_POINT('Ctrl Pts',(-66.6665765528226,-31.3027356819075,7.50252743401402));
#4659=CARTESIAN_POINT('Ctrl Pts',(-66.6518452147361,-31.3004119029944,7.78727825880137));
#4660=CARTESIAN_POINT('Ctrl Pts',(-66.5849214824232,-31.4659979798366,9.07823900721491));
#4661=CARTESIAN_POINT('Ctrl Pts',(-66.4658053558836,-33.2742242909135,10.9445593330386));
#4662=CARTESIAN_POINT('Ctrl Pts',(-66.3092281732041,-36.6332967065516,10.3243321510317));
#4663=CARTESIAN_POINT('Ctrl Pts',(-66.1526509905245,-37.9773478107602,7.18399772154147));
#4664=CARTESIAN_POINT('Ctrl Pts',(-65.9960738078449,-36.1070885886927,4.32563102185246));
#4665=CARTESIAN_POINT('Ctrl Pts',(-65.8394966251653,-32.6913226405246,4.29968951918959));
#4666=CARTESIAN_POINT('Ctrl Pts',(-65.7296642068245,-31.3491143756315,6.28456054866759));
#4667=CARTESIAN_POINT('Ctrl Pts',(-65.6720241827103,-31.2971626493292,7.39345294961545));
#4668=CARTESIAN_POINT('Ctrl Pts',(-65.6665765528226,-31.2978612666301,7.498321856728));
#4669=CARTESIAN_POINT('Origin',(-70.0834234471775,-34.375,7.5));
#4670=CARTESIAN_POINT('',(-67.6665765528226,-31.304878668235,7.49752185693473));
#4671=CARTESIAN_POINT('',(-67.5834234471775,-31.297531308886,7.50138994777457));
#4672=CARTESIAN_POINT('',(-70.0834234471775,-31.3015,7.5));
#4673=CARTESIAN_POINT('',(-67.875,-33.5812007174669,4.53077704625437));
#4674=CARTESIAN_POINT('Ctrl Pts',(-67.875,-33.581200717467,4.53077704625436));
#4675=CARTESIAN_POINT('Ctrl Pts',(-67.8228076057735,-32.6074901186144,4.79109120480852));
#4676=CARTESIAN_POINT('Ctrl Pts',(-67.753333123381,-31.5056120559572,5.82243297961479));
#4677=CARTESIAN_POINT('Ctrl Pts',(-67.6838586409885,-31.3026701669474,7.16317158505989));
#4678=CARTESIAN_POINT('Ctrl Pts',(-67.6665765528226,-31.304878668235,7.49752185693473));
#4679=CARTESIAN_POINT('',(-67.875,-35.1708697903763,4.52608426168327));
#4680=CARTESIAN_POINT('Origin',(-67.875,-34.375,7.5));
#4681=CARTESIAN_POINT('Ctrl Pts',(-67.875,-35.1708821406547,4.52605626990525));
#4682=CARTESIAN_POINT('Ctrl Pts',(-67.8254250672102,-34.2488617209072,4.28300692362675));
#4683=CARTESIAN_POINT('Ctrl Pts',(-67.728232882936,-32.1942163192659,4.70616069432449));
#4684=CARTESIAN_POINT('Ctrl Pts',(-67.6310406986618,-31.3029184722157,6.58514426022337));
#4685=CARTESIAN_POINT('Ctrl Pts',(-67.5834234471775,-31.297531308886,7.50138994777457));
#4686=CARTESIAN_POINT('Origin',(-70.0834234471779,34.375,7.5));
#4687=CARTESIAN_POINT('',(67.333423447177,37.4439724905146,7.49986958464276));
#4688=CARTESIAN_POINT('',(67.4165765528221,37.4526845463406,7.49867234263971));
#4689=CARTESIAN_POINT('',(-70.0834234471779,37.4485,7.49999999999256));
#4690=CARTESIAN_POINT('',(67.875,31.4057770462542,8.29379928253234));
#4691=CARTESIAN_POINT('Ctrl Pts',(67.4165765528221,37.4526845463406,7.49867234263971));
#4692=CARTESIAN_POINT('Ctrl Pts',(67.464999580095,37.4480995357433,8.43055291972693));
#4693=CARTESIAN_POINT('Ctrl Pts',(67.5656150015944,36.5065535083889,10.375917160541));
#4694=CARTESIAN_POINT('Ctrl Pts',(67.7184228173204,33.2156765499636,10.9230713553036));
#4695=CARTESIAN_POINT('Ctrl Pts',(67.8228076057735,31.6660912048081,9.26750988138493));
#4696=CARTESIAN_POINT('Ctrl Pts',(67.875,31.4057770462542,8.29379928253233));
#4697=CARTESIAN_POINT('',(67.875,31.4010855939282,6.70412994444283));
#4698=CARTESIAN_POINT('Origin',(67.875,34.375,7.5));
#4699=CARTESIAN_POINT('Ctrl Pts',(67.333423447177,37.4439724905146,7.49986958464276));
#4700=CARTESIAN_POINT('Ctrl Pts',(67.3599892435418,37.4437761230179,8.0147871733006));
#4701=CARTESIAN_POINT('Ctrl Pts',(67.3865550399066,37.3207583496804,8.52979936218847));
#4702=CARTESIAN_POINT('Ctrl Pts',(67.4131208362714,37.0754851131515,8.97791325348828));
#4703=CARTESIAN_POINT('Ctrl Pts',(67.465313230498,36.5936099501283,9.85829856367939));
#4704=CARTESIAN_POINT('Ctrl Pts',(67.5175056247246,35.639848848545,10.4804674709264));
#4705=CARTESIAN_POINT('Ctrl Pts',(67.5696980189511,34.6400593272579,10.5669412333697));
#4706=CARTESIAN_POINT('Ctrl Pts',(67.6218904131776,33.6402698059708,10.6534149958131));
#4707=CARTESIAN_POINT('Ctrl Pts',(67.6740828074041,32.5944518649794,10.2041936134534));
#4708=CARTESIAN_POINT('Ctrl Pts',(67.7262752016306,31.9684523326926,9.4194969888572));
#4709=CARTESIAN_POINT('Ctrl Pts',(67.7758501344204,31.3738468312691,8.67415309342516));
#4710=CARTESIAN_POINT('Ctrl Pts',(67.8254250672102,31.158007608297,7.62613855187597));
#4711=CARTESIAN_POINT('Ctrl Pts',(67.875,31.4010575546369,6.70411756810304));
#4712=CARTESIAN_POINT('Origin',(-70.0834234471779,34.375,7.5));
#4713=CARTESIAN_POINT('',(66.333423447177,37.4521389593537,7.4983218565408));
#4714=CARTESIAN_POINT('',(66.4165765528221,37.4464275672686,7.50234895505007));
#4715=CARTESIAN_POINT('',(-70.0834234471779,37.4485,7.49999999999256));
#4716=CARTESIAN_POINT('Ctrl Pts',(66.4165765528221,37.4464275672686,7.50234895505007));
#4717=CARTESIAN_POINT('Ctrl Pts',(66.4329861538426,37.4487808491172,7.8197574334355));
#4718=CARTESIAN_POINT('Ctrl Pts',(66.5015881490897,37.2589122359299,9.14397178969937));
#4719=CARTESIAN_POINT('Ctrl Pts',(66.6223825385632,35.3662965001202,10.977674965707));
#4720=CARTESIAN_POINT('Ctrl Pts',(66.7789597212428,32.0284706130984,10.251455577451));
#4721=CARTESIAN_POINT('Ctrl Pts',(66.9355369039224,30.7845082892007,7.0702862317709));
#4722=CARTESIAN_POINT('Ctrl Pts',(67.092114086602,32.7440587107639,4.27228937605792));
#4723=CARTESIAN_POINT('Ctrl Pts',(67.2486912692816,36.1593147433561,4.35484714896175));
#4724=CARTESIAN_POINT('Ctrl Pts',(67.3568454246883,37.4179879987641,6.34956456833958));
#4725=CARTESIAN_POINT('Ctrl Pts',(67.4128071858685,37.4530414547869,7.42613247783095));
#4726=CARTESIAN_POINT('Ctrl Pts',(67.4165765528221,37.4526845463406,7.49867234263971));
#4727=CARTESIAN_POINT('Ctrl Pts',(66.333423447177,37.4521389593537,7.4983218565408));
#4728=CARTESIAN_POINT('Ctrl Pts',(66.380168211516,37.4461442963869,8.39817607027647));
#4729=CARTESIAN_POINT('Ctrl Pts',(66.4269129758549,37.0271893438952,9.3028983875076));
#4730=CARTESIAN_POINT('Ctrl Pts',(66.4736577401939,36.3337560675513,9.87483835142059));
#4731=CARTESIAN_POINT('Ctrl Pts',(66.5258501344204,35.5595101505904,10.5134321381814));
#4732=CARTESIAN_POINT('Ctrl Pts',(66.5780425286469,34.4430827199322,10.7371590320228));
#4733=CARTESIAN_POINT('Ctrl Pts',(66.6302349228735,33.4825608954162,10.4462064996274));
#4734=CARTESIAN_POINT('Ctrl Pts',(66.6824273171,32.5220390709002,10.1552539672319));
#4735=CARTESIAN_POINT('Ctrl Pts',(66.7346197113266,31.7174228525265,9.34962200859943));
#4736=CARTESIAN_POINT('Ctrl Pts',(66.7868121055531,31.4276755234965,8.38873317002063));
#4737=CARTESIAN_POINT('Ctrl Pts',(66.8390044997797,31.1379281944665,7.42784433144204));
#4738=CARTESIAN_POINT('Ctrl Pts',(66.8911968940062,31.3630497547801,6.31169861291699));
#4739=CARTESIAN_POINT('Ctrl Pts',(66.9433892882327,32.0026221144063,5.53825837879271));
#4740=CARTESIAN_POINT('Ctrl Pts',(66.9955816824592,32.6421944740327,4.76481814466825));
#4741=CARTESIAN_POINT('Ctrl Pts',(67.0477740766858,33.6962176329717,4.33408339494447));
#4742=CARTESIAN_POINT('Ctrl Pts',(67.0999664709123,34.6944122013065,4.43821199871683));
#4743=CARTESIAN_POINT('Ctrl Pts',(67.1521588651388,35.6926067696412,4.54234060248919));
#4744=CARTESIAN_POINT('Ctrl Pts',(67.2043512593653,36.6349727473716,5.18133255975769));
#4745=CARTESIAN_POINT('Ctrl Pts',(67.2565436535918,37.101161124005,6.07012939495977));
#4746=CARTESIAN_POINT('Ctrl Pts',(67.2821702514536,37.3300607986193,6.50653089395292));
#4747=CARTESIAN_POINT('Ctrl Pts',(67.3077968493153,37.4441619156987,7.00315622452878));
#4748=CARTESIAN_POINT('Ctrl Pts',(67.333423447177,37.4439724905146,7.49986958464276));
#4749=CARTESIAN_POINT('Origin',(-70.0834234471779,34.375,7.5));
#4750=CARTESIAN_POINT('',(65.3334234471771,37.4472645436173,7.50252743505708));
#4751=CARTESIAN_POINT('',(65.4165765528221,37.4468213665801,7.49755035348405));
#4752=CARTESIAN_POINT('',(-70.0834234471779,37.4485,7.49999999999256));
#4753=CARTESIAN_POINT('Ctrl Pts',(65.4165765528221,37.4468213665801,7.49755035348405));
#4754=CARTESIAN_POINT('Ctrl Pts',(65.4531651218168,37.4413036592392,8.20504890327683));
#4755=CARTESIAN_POINT('Ctrl Pts',(65.5419460850379,36.8497549577654,9.93011088648883));
#4756=CARTESIAN_POINT('Ctrl Pts',(65.6829194424857,34.004323185591,11.0971309812146));
#4757=CARTESIAN_POINT('Ctrl Pts',(65.8394966251653,31.1746891162223,9.1836775714748));
#4758=CARTESIAN_POINT('Ctrl Pts',(65.9960738078449,31.2006306201897,5.76791119243931));
#4759=CARTESIAN_POINT('Ctrl Pts',(66.1526509905244,34.0589976842546,3.89765173620118));
#4760=CARTESIAN_POINT('Ctrl Pts',(66.2928185721835,36.870219150205,5.10084375231273));
#4761=CARTESIAN_POINT('Ctrl Pts',(66.3807937596161,37.4412959983999,6.81020769398564));
#4762=CARTESIAN_POINT('Ctrl Pts',(66.4165765528221,37.4464275672686,7.50234895505007));
#4763=CARTESIAN_POINT('Ctrl Pts',(65.3334234471771,37.4472645436173,7.50252743505709));
#4764=CARTESIAN_POINT('Ctrl Pts',(65.3481547852636,37.4495883220579,7.78727827918243));
#4765=CARTESIAN_POINT('Ctrl Pts',(65.4150785175767,37.2840022304625,9.07823911576427));
#4766=CARTESIAN_POINT('Ctrl Pts',(65.5341946441164,35.475775792799,10.9445595917235));
#4767=CARTESIAN_POINT('Ctrl Pts',(65.690771826796,32.1167031261128,10.3243323553974));
#4768=CARTESIAN_POINT('Ctrl Pts',(65.8473490094755,30.7726519255637,7.18399769984047));
#4769=CARTESIAN_POINT('Ctrl Pts',(66.0039261921551,32.6429112839226,4.32563078807657));
#4770=CARTESIAN_POINT('Ctrl Pts',(66.1605033748347,36.0586774828631,4.29968928465606));
#4771=CARTESIAN_POINT('Ctrl Pts',(66.2703357931753,37.4008858469573,6.28456045939757));
#4772=CARTESIAN_POINT('Ctrl Pts',(66.3279758172895,37.4528375767413,7.39345294173219));
#4773=CARTESIAN_POINT('Ctrl Pts',(66.333423447177,37.4521389593537,7.4983218565408));
#4774=CARTESIAN_POINT('Origin',(-70.0834234471779,34.375,7.5));
#4775=CARTESIAN_POINT('',(64.333423447177,37.4451212689235,7.4975229243165));
#4776=CARTESIAN_POINT('',(64.4165765528221,37.4524678615725,7.50138986215339));
#4777=CARTESIAN_POINT('',(-70.0834234471779,37.4485,7.49999999999256));
#4778=CARTESIAN_POINT('',(64.125,35.1687992825331,4.53077704625437));
#4779=CARTESIAN_POINT('Ctrl Pts',(64.125,35.1687992825334,4.53077704625446));
#4780=CARTESIAN_POINT('Ctrl Pts',(64.1771923942265,36.1425098813857,4.79109120480869));
#4781=CARTESIAN_POINT('Ctrl Pts',(64.2293847884531,36.9702907145611,5.56588313523525));
#4782=CARTESIAN_POINT('Ctrl Pts',(64.2815771826796,37.2907392299443,6.51528841149642));
#4783=CARTESIAN_POINT('Ctrl Pts',(64.2988592708454,37.3968470178228,6.82965808034578));
#4784=CARTESIAN_POINT('Ctrl Pts',(64.3161413590112,37.4473297419578,7.16317275169537));
#4785=CARTESIAN_POINT('Ctrl Pts',(64.333423447177,37.4451212689235,7.4975229243165));
#4786=CARTESIAN_POINT('',(64.125,33.5791299872941,4.52608537645448));
#4787=CARTESIAN_POINT('Origin',(64.125,34.375,7.5));
#4788=CARTESIAN_POINT('Ctrl Pts',(64.125,33.5791176151962,4.52605734489402));
#4789=CARTESIAN_POINT('Ctrl Pts',(64.1745749327898,34.5011385065422,4.28300749684529));
#4790=CARTESIAN_POINT('Ctrl Pts',(64.2717671170638,36.555782470906,4.70616237649183));
#4791=CARTESIAN_POINT('Ctrl Pts',(64.3689593013379,37.4470805837066,6.58514458589409));
#4792=CARTESIAN_POINT('Ctrl Pts',(64.4165765528221,37.4524678615725,7.50138986215339));
#4793=CARTESIAN_POINT('Origin',(-70.0834234471779,34.375,7.5));
#4794=CARTESIAN_POINT('',(-64.6665765528229,37.4439726416404,7.49986958975122));
#4795=CARTESIAN_POINT('',(-64.5834234471779,37.452684293789,7.49867234046753));
#4796=CARTESIAN_POINT('',(-70.0834234471779,37.4485,7.49999999999256));
#4797=CARTESIAN_POINT('',(-64.125,31.4057770462542,8.29379928253258));
#4798=CARTESIAN_POINT('Ctrl Pts',(-64.5834234471779,37.452684293789,7.49867234046753));
#4799=CARTESIAN_POINT('Ctrl Pts',(-64.535000419905,37.4480993230367,8.43055286396396));
#4800=CARTESIAN_POINT('Ctrl Pts',(-64.4343849984055,36.5065536126837,10.3759170041692));
#4801=CARTESIAN_POINT('Ctrl Pts',(-64.2815771826796,33.2156750656616,10.9230715477368));
#4802=CARTESIAN_POINT('Ctrl Pts',(-64.1771923942265,31.6660912048082,9.26750988138512));
#4803=CARTESIAN_POINT('Ctrl Pts',(-64.125,31.4057770462542,8.29379928253249));
#4804=CARTESIAN_POINT('',(-64.125,31.4010853764547,6.70412998729332));
#4805=CARTESIAN_POINT('Origin',(-64.125,34.375,7.5));
#4806=CARTESIAN_POINT('Ctrl Pts',(-64.6665765528229,37.4439726416404,7.49986958975122));
#4807=CARTESIAN_POINT('Ctrl Pts',(-64.6400107564581,37.4437762670876,8.01478720779669));
#4808=CARTESIAN_POINT('Ctrl Pts',(-64.5612525658668,37.0790720438702,9.54161628514908));
#4809=CARTESIAN_POINT('Ctrl Pts',(-64.430301981049,34.686087864442,11.1026365207094));
#4810=CARTESIAN_POINT('Ctrl Pts',(-64.2763422598061,31.6010816116739,9.77750104443788));
#4811=CARTESIAN_POINT('Ctrl Pts',(-64.1745749327898,31.1580074968453,7.62613850654137));
#4812=CARTESIAN_POINT('Ctrl Pts',(-64.125,31.4010573448942,6.70411761519544));
#4813=CARTESIAN_POINT('Origin',(-70.0834234471779,34.375,7.5));
#4814=CARTESIAN_POINT('',(-65.666576552823,37.4521391216461,7.49832185641238));
#4815=CARTESIAN_POINT('',(-65.5834234471778,37.4464274041049,7.50234895430714));
#4816=CARTESIAN_POINT('',(-70.0834234471779,37.4485,7.49999999999256));
#4817=CARTESIAN_POINT('Ctrl Pts',(-65.5834234471779,37.4464274041049,7.50234895430714));
#4818=CARTESIAN_POINT('Ctrl Pts',(-65.5670138461573,37.4487806856782,7.81975741587043));
#4819=CARTESIAN_POINT('Ctrl Pts',(-65.4984118509103,37.2589120825447,9.14397170227254));
#4820=CARTESIAN_POINT('Ctrl Pts',(-65.3776174614368,35.3662964560572,10.9776747860848));
#4821=CARTESIAN_POINT('Ctrl Pts',(-65.2210402787572,32.0284707208029,10.2514554260646));
#4822=CARTESIAN_POINT('Ctrl Pts',(-65.0644630960776,30.7845085094043,7.07028626464778));
#4823=CARTESIAN_POINT('Ctrl Pts',(-64.907885913398,32.7440587365637,4.27228953143246));
#4824=CARTESIAN_POINT('Ctrl Pts',(-64.7513087307184,36.1593147594324,4.35484733297129));
#4825=CARTESIAN_POINT('Ctrl Pts',(-64.6431545753117,37.4179877072028,6.34956463273811));
#4826=CARTESIAN_POINT('Ctrl Pts',(-64.5871928141315,37.4530411991336,7.42613247983031));
#4827=CARTESIAN_POINT('Ctrl Pts',(-64.5834234471779,37.452684293789,7.49867234046753));
#4828=CARTESIAN_POINT('Ctrl Pts',(-65.666576552823,37.4521391216461,7.49832185641238));
#4829=CARTESIAN_POINT('Ctrl Pts',(-65.619831788484,37.4461444581441,8.39817611758954));
#4830=CARTESIAN_POINT('Ctrl Pts',(-65.5208946299185,36.5594095396803,10.3130570962542));
#4831=CARTESIAN_POINT('Ctrl Pts',(-65.3697650771265,33.3266552363897,10.9608861080356));
#4832=CARTESIAN_POINT('Ctrl Pts',(-65.2131878944469,30.9128064470077,8.54399010565282));
#4833=CARTESIAN_POINT('Ctrl Pts',(-65.0566107117673,31.5881711770358,5.19555277132426));
#4834=CARTESIAN_POINT('Ctrl Pts',(-64.9000335290877,34.7502407949185,3.90334845945455));
#4835=CARTESIAN_POINT('Ctrl Pts',(-64.7700221427729,37.0976769977866,5.4950791178927));
#4836=CARTESIAN_POINT('Ctrl Pts',(-64.6922031506847,37.4441620736312,7.00315620128858));
#4837=CARTESIAN_POINT('Ctrl Pts',(-64.6665765528229,37.4439726416404,7.49986958975122));
#4838=CARTESIAN_POINT('Origin',(-70.0834234471779,34.375,7.5));
#4839=CARTESIAN_POINT('',(-66.666576552823,37.4472647055804,7.50252743581067));
#4840=CARTESIAN_POINT('',(-66.5834234471779,37.4468212047138,7.49755035288348));
#4841=CARTESIAN_POINT('',(-70.0834234471779,37.4485,7.49999999999256));
#4842=CARTESIAN_POINT('Ctrl Pts',(-66.5834234471779,37.4468212047138,7.49755035288348));
#4843=CARTESIAN_POINT('Ctrl Pts',(-66.5468348781832,37.4413034976481,8.20504886555075));
#4844=CARTESIAN_POINT('Ctrl Pts',(-66.458053914962,36.8497548271764,9.93011075939812));
#4845=CARTESIAN_POINT('Ctrl Pts',(-66.3170805575143,34.0043232052987,11.0971307910389));
#4846=CARTESIAN_POINT('Ctrl Pts',(-66.1605033748347,31.1746892846556,9.18367748286247));
#4847=CARTESIAN_POINT('Ctrl Pts',(-66.0039261921551,31.200630788077,5.76791128392184));
#4848=CARTESIAN_POINT('Ctrl Pts',(-65.8473490094755,34.0589976998414,3.8976519255637));
#4849=CARTESIAN_POINT('Ctrl Pts',(-65.7071814278164,36.8702190204492,5.100843879736));
#4850=CARTESIAN_POINT('Ctrl Pts',(-65.6192062403839,37.4412958358364,6.81020772992461));
#4851=CARTESIAN_POINT('Ctrl Pts',(-65.5834234471779,37.4464274041049,7.50234895430714));
#4852=CARTESIAN_POINT('Ctrl Pts',(-66.666576552823,37.4472647055804,7.50252743581067));
#4853=CARTESIAN_POINT('Ctrl Pts',(-66.6518452147364,37.4495884836818,7.7872782938239));
#4854=CARTESIAN_POINT('Ctrl Pts',(-66.5849214824233,37.2840023814929,9.07823919373058));
#4855=CARTESIAN_POINT('Ctrl Pts',(-66.4658053558836,35.4757758529149,10.9445597774929));
#4856=CARTESIAN_POINT('Ctrl Pts',(-66.3092281732041,32.1167030059409,10.3243325021687));
#4857=CARTESIAN_POINT('Ctrl Pts',(-66.1526509905244,30.7726517362012,7.18399768425375));
#4858=CARTESIAN_POINT('Ctrl Pts',(-65.9960738078449,32.6429111924401,4.32563062018927));
#4859=CARTESIAN_POINT('Ctrl Pts',(-65.8394966251652,36.0586775714757,4.29968911622267));
#4860=CARTESIAN_POINT('Ctrl Pts',(-65.7296642068247,37.4008860068123,6.28456039528945));
#4861=CARTESIAN_POINT('Ctrl Pts',(-65.6720241827105,37.452837739096,7.39345293607487));
#4862=CARTESIAN_POINT('Ctrl Pts',(-65.666576552823,37.4521391216461,7.49832185641238));
#4863=CARTESIAN_POINT('Origin',(-70.0834234471779,34.375,7.5));
#4864=CARTESIAN_POINT('',(-67.6665765528229,37.4451212238326,7.49752369070575));
#4865=CARTESIAN_POINT('',(-67.5834234471779,37.4524676993115,7.50138984525951));
#4866=CARTESIAN_POINT('',(-70.0834234471779,37.4485,7.49999999999256));
#4867=CARTESIAN_POINT('',(-67.875,35.1687992825332,4.5307770462544));
#4868=CARTESIAN_POINT('Ctrl Pts',(-67.875,35.1687992825332,4.53077704625438));
#4869=CARTESIAN_POINT('Ctrl Pts',(-67.8228076057735,36.1425098813857,4.79109120480858));
#4870=CARTESIAN_POINT('Ctrl Pts',(-67.7533331233811,37.2443876374623,5.82243534386285));
#4871=CARTESIAN_POINT('Ctrl Pts',(-67.6838586409888,37.4473296765962,7.16317358927163));
#4872=CARTESIAN_POINT('Ctrl Pts',(-67.6665765528229,37.4451212238326,7.49752369070575));
#4873=CARTESIAN_POINT('',(-67.875,33.5791299444437,4.52608559392795));
#4874=CARTESIAN_POINT('Origin',(-67.875,34.375,7.5));
#4875=CARTESIAN_POINT('Ctrl Pts',(-67.875,33.5791175681038,4.52605755463668));
#4876=CARTESIAN_POINT('Ctrl Pts',(-67.8254250672102,34.5011385518767,4.2830076082971));
#4877=CARTESIAN_POINT('Ctrl Pts',(-67.7282328829361,36.5557822339172,4.70616270608893));
#4878=CARTESIAN_POINT('Ctrl Pts',(-67.6310406986621,37.4470803989836,6.58514464956357));
#4879=CARTESIAN_POINT('Ctrl Pts',(-67.5834234471779,37.4524676993115,7.50138984525951));
#4880=CARTESIAN_POINT('Origin',(-70.0834234471779,-34.375,7.5));
#4881=CARTESIAN_POINT('',(67.3334234471771,-31.3060271553943,7.49986959660374));
#4882=CARTESIAN_POINT('',(67.4165765528221,-31.2973149265152,7.49867234707022));
#4883=CARTESIAN_POINT('',(-70.0834234471779,-31.3015,7.49999999999256));
#4884=CARTESIAN_POINT('',(67.875,-37.3442229537458,8.29379928253267));
#4885=CARTESIAN_POINT('Ctrl Pts',(67.4165765528221,-31.2973149265152,7.49867234707022));
#4886=CARTESIAN_POINT('Ctrl Pts',(67.464999580095,-31.3019000199363,8.43055303591345));
#4887=CARTESIAN_POINT('Ctrl Pts',(67.5656150015945,-32.2434467072544,10.3759174864552));
#4888=CARTESIAN_POINT('Ctrl Pts',(67.7184228173204,-35.5343203548611,10.923070954214));
#4889=CARTESIAN_POINT('Ctrl Pts',(67.8228076057735,-37.0839087951917,9.26750988138524));
#4890=CARTESIAN_POINT('Ctrl Pts',(67.875,-37.3442229537458,8.29379928253267));
#4891=CARTESIAN_POINT('',(67.875,-37.3489149159523,6.70413004517909));
#4892=CARTESIAN_POINT('Origin',(67.875,-34.375,7.5));
#4893=CARTESIAN_POINT('Ctrl Pts',(67.3334234471771,-31.3060271553943,7.49986959660374));
#4894=CARTESIAN_POINT('Ctrl Pts',(67.3599892435419,-31.3062235394096,8.0147872541095));
#4895=CARTESIAN_POINT('Ctrl Pts',(67.4387474341332,-31.6709278075264,9.54161644385453));
#4896=CARTESIAN_POINT('Ctrl Pts',(67.5696980189511,-34.0639119779975,11.1026367122458));
#4897=CARTESIAN_POINT('Ctrl Pts',(67.7236577401939,-37.1489188445111,9.77750138040305));
#4898=CARTESIAN_POINT('Ctrl Pts',(67.8254250672102,-37.591992653202,7.62613844608444));
#4899=CARTESIAN_POINT('Ctrl Pts',(67.875,-37.3489429371026,6.70411767879232));
#4900=CARTESIAN_POINT('Origin',(-70.0834234471779,-34.375,7.5));
#4901=CARTESIAN_POINT('',(66.3334234471771,-31.2978606604098,7.49832185623927));
#4902=CARTESIAN_POINT('',(66.4165765528221,-31.3035720922527,7.50234895659864));
#4903=CARTESIAN_POINT('',(-70.0834234471779,-31.3015,7.49999999999256));
#4904=CARTESIAN_POINT('Ctrl Pts',(66.4165765528221,-31.3035720922527,7.50234895659864));
#4905=CARTESIAN_POINT('Ctrl Pts',(66.4329861538426,-31.3012188098306,7.81975747008713));
#4906=CARTESIAN_POINT('Ctrl Pts',(66.5015881490897,-31.4910874439979,9.14397197213545));
#4907=CARTESIAN_POINT('Ctrl Pts',(66.6223825385632,-33.3837034078913,10.9776753405507));
#4908=CARTESIAN_POINT('Ctrl Pts',(66.7789597212428,-36.7215296117272,10.2514558933369));
#4909=CARTESIAN_POINT('Ctrl Pts',(66.9355369039224,-37.9654921701782,7.07028616319914));
#4910=CARTESIAN_POINT('Ctrl Pts',(67.092114086602,-36.0059413433094,4.27228905178125));
#4911=CARTESIAN_POINT('Ctrl Pts',(67.2486912692816,-32.590685289706,4.35484676500599));
#4912=CARTESIAN_POINT('Ctrl Pts',(67.3568454246883,-31.3320113930488,6.34956443394217));
#4913=CARTESIAN_POINT('Ctrl Pts',(67.4128071858685,-31.2969580116217,7.42613247356197));
#4914=CARTESIAN_POINT('Ctrl Pts',(67.4165765528221,-31.2973149265152,7.49867234707022));
#4915=CARTESIAN_POINT('Ctrl Pts',(66.333423447177,-31.2978606604098,7.49832185623927));
#4916=CARTESIAN_POINT('Ctrl Pts',(66.380168211516,-31.3038553246296,8.39817618112643));
#4917=CARTESIAN_POINT('Ctrl Pts',(66.4791053700815,-32.1905903071052,10.3130572955966));
#4918=CARTESIAN_POINT('Ctrl Pts',(66.6302349228735,-35.4233448346346,10.9608863526768));
#4919=CARTESIAN_POINT('Ctrl Pts',(66.7868121055531,-37.8371938043012,8.54399018043198));
#4920=CARTESIAN_POINT('Ctrl Pts',(66.9433892882327,-37.1618290083836,5.19555260606007));
#4921=CARTESIAN_POINT('Ctrl Pts',(67.0999664709123,-33.9997592010071,3.90334820997621));
#4922=CARTESIAN_POINT('Ctrl Pts',(67.2299778572271,-31.6523227784582,5.49507896671085));
#4923=CARTESIAN_POINT('Ctrl Pts',(67.3077968493153,-31.3058377142754,7.00315617007579));
#4924=CARTESIAN_POINT('Ctrl Pts',(67.3334234471771,-31.3060271553943,7.49986959660374));
#4925=CARTESIAN_POINT('Origin',(-70.0834234471779,-34.375,7.5));
#4926=CARTESIAN_POINT('',(65.3334234471771,-31.3027350769172,7.50252743682221));
#4927=CARTESIAN_POINT('',(65.4165765528222,-31.303178295642,7.49755035473339));
#4928=CARTESIAN_POINT('',(-70.0834234471779,-31.3015,7.49999999999256));
#4929=CARTESIAN_POINT('Ctrl Pts',(65.4165765528221,-31.303178295642,7.49755035473339));
#4930=CARTESIAN_POINT('Ctrl Pts',(65.4531651218168,-31.3086960035572,8.20504898199937));
#4931=CARTESIAN_POINT('Ctrl Pts',(65.541946085038,-31.9002447697262,9.93011115170214));
#4932=CARTESIAN_POINT('Ctrl Pts',(65.6829194424857,-34.7456768555322,11.0971313780644));
#4933=CARTESIAN_POINT('Ctrl Pts',(65.8394966251653,-37.5753112352605,9.18367775638967));
#4934=CARTESIAN_POINT('Ctrl Pts',(65.9960738078448,-37.5493697301493,5.76791100153762));
#4935=CARTESIAN_POINT('Ctrl Pts',(66.1526509905245,-34.6910023482775,3.89765134104338));
#4936=CARTESIAN_POINT('Ctrl Pts',(66.2928185721835,-31.8797805790158,5.10084348641365));
#4937=CARTESIAN_POINT('Ctrl Pts',(66.3807937596161,-31.3087036623721,6.81020761898809));
#4938=CARTESIAN_POINT('Ctrl Pts',(66.4165765528221,-31.3035720922527,7.50234895659864));
#4939=CARTESIAN_POINT('Ctrl Pts',(65.3334234471771,-31.3027350769172,7.50252743682221));
#4940=CARTESIAN_POINT('Ctrl Pts',(65.3481547852636,-31.3004112992704,7.78727831348793));
#4941=CARTESIAN_POINT('Ctrl Pts',(65.4150785175767,-31.4659974156824,9.07823929844432));
#4942=CARTESIAN_POINT('Ctrl Pts',(65.5341946441164,-33.2742240663584,10.9445600269549));
#4943=CARTESIAN_POINT('Ctrl Pts',(65.6907718267959,-36.6332971554371,10.3243326992752));
#4944=CARTESIAN_POINT('Ctrl Pts',(65.8473490094755,-37.9773485180971,7.18399766331948));
#4945=CARTESIAN_POINT('Ctrl Pts',(66.0039261921552,-36.1070889304128,4.32563039473295));
#4946=CARTESIAN_POINT('Ctrl Pts',(66.1605033748347,-32.6913223095254,4.29968889003051));
#4947=CARTESIAN_POINT('Ctrl Pts',(66.2703357931753,-31.3491137785176,6.28456030919751));
#4948=CARTESIAN_POINT('Ctrl Pts',(66.3279758172895,-31.2971620428762,7.39345292847707));
#4949=CARTESIAN_POINT('Ctrl Pts',(66.333423447177,-31.2978606604098,7.49832185623927));
#4950=CARTESIAN_POINT('Origin',(-70.0834234471779,-34.375,7.5));
#4951=CARTESIAN_POINT('',(64.333423447177,-31.3048788366687,7.49752471967901));
#4952=CARTESIAN_POINT('',(64.4165765528221,-31.2975317997347,7.50138989726034));
#4953=CARTESIAN_POINT('',(-70.0834234471779,-31.3015,7.49999999999256));
#4954=CARTESIAN_POINT('',(64.125,-33.5812007174672,4.53077704625429));
#4955=CARTESIAN_POINT('Ctrl Pts',(64.125,-33.5812007174672,4.53077704625428));
#4956=CARTESIAN_POINT('Ctrl Pts',(64.1771923942265,-32.6074901186147,4.79109120480834));
#4957=CARTESIAN_POINT('Ctrl Pts',(64.229384788453,-31.7797095107503,5.5658848734879));
#4958=CARTESIAN_POINT('Ctrl Pts',(64.2815771826796,-31.4592609685323,6.51529038360175));
#4959=CARTESIAN_POINT('Ctrl Pts',(64.2988592708454,-31.3531531717683,6.82966012988497));
#4960=CARTESIAN_POINT('Ctrl Pts',(64.3161413590112,-31.3026704111019,7.16317471372257));
#4961=CARTESIAN_POINT('Ctrl Pts',(64.333423447177,-31.3048788366687,7.49752471967901));
#4962=CARTESIAN_POINT('',(64.125,-35.1708699225894,4.52608492190295));
#4963=CARTESIAN_POINT('Origin',(64.125,-34.375,7.5));
#4964=CARTESIAN_POINT('Ctrl Pts',(64.125,-35.1708822858055,4.52605690653295));
#4965=CARTESIAN_POINT('Ctrl Pts',(64.1745749327898,-34.2488615871947,4.28300726349904));
#4966=CARTESIAN_POINT('Ctrl Pts',(64.2241498655795,-33.2008466016943,4.4988461436081));
#4967=CARTESIAN_POINT('Ctrl Pts',(64.2737247983693,-32.4555025306615,5.09345169049352));
#4968=CARTESIAN_POINT('Ctrl Pts',(64.3213420498536,-31.7395916040007,5.66457665762242));
#4969=CARTESIAN_POINT('Ctrl Pts',(64.3689593013379,-31.3029190307773,6.58514445295883));
#4970=CARTESIAN_POINT('Ctrl Pts',(64.4165765528221,-31.2975317997347,7.50138989726034));
#4971=CARTESIAN_POINT('Origin',(-65.375,-44.375,0.));
#4972=CARTESIAN_POINT('',(-65.375,-46.875,13.5));
#4973=CARTESIAN_POINT('',(-67.875,-44.375,13.5));
#4974=CARTESIAN_POINT('Origin',(-65.375,-44.375,13.5));
#4975=CARTESIAN_POINT('',(-67.875,-44.375,0.));
#4976=CARTESIAN_POINT('',(-67.875,-44.375,0.));
#4977=CARTESIAN_POINT('',(-65.375,-46.875,0.));
#4978=CARTESIAN_POINT('Origin',(-65.375,-44.375,0.));
#4979=CARTESIAN_POINT('',(-65.375,-46.875,0.));
#4980=CARTESIAN_POINT('Origin',(-67.875,46.875,0.));
#4981=CARTESIAN_POINT('',(-67.875,44.375,13.5));
#4982=CARTESIAN_POINT('',(-67.875,-46.875,13.5));
#4983=CARTESIAN_POINT('',(-67.875,44.375,0.));
#4984=CARTESIAN_POINT('',(-67.875,44.375,0.));
#4985=CARTESIAN_POINT('',(-67.875,-46.875,0.));
#4986=CARTESIAN_POINT('Ctrl Pts',(-67.875,-33.581200717467,4.53077704625436));
#4987=CARTESIAN_POINT('Ctrl Pts',(-67.875,-33.4881477968562,4.56481622027845));
#4988=CARTESIAN_POINT('Ctrl Pts',(-67.875,-33.3971567443042,4.60362155894793));
#4989=CARTESIAN_POINT('Ctrl Pts',(-67.875,-33.3084373397203,4.64686577670501));
#4990=CARTESIAN_POINT('Ctrl Pts',(-67.875,-33.2177602512641,4.69106422209777));
#4991=CARTESIAN_POINT('Ctrl Pts',(-67.875,-33.1294554996924,4.73990021990541));
#4992=CARTESIAN_POINT('Ctrl Pts',(-67.875,-33.0437759499854,4.79306985136184));
#4993=CARTESIAN_POINT('Ctrl Pts',(-67.875,-32.9621960098392,4.84369541331509));
#4994=CARTESIAN_POINT('Ctrl Pts',(-67.875,-32.8829958414265,4.89825071344966));
#4995=CARTESIAN_POINT('Ctrl Pts',(-67.875,-32.8064254925722,4.95650241082779));
#4996=CARTESIAN_POINT('Ctrl Pts',(-67.875,-32.7394264373247,5.00747264603366));
#4997=CARTESIAN_POINT('Ctrl Pts',(-67.875,-32.6744411173597,5.0612736010707));
#4998=CARTESIAN_POINT('Ctrl Pts',(-67.875,-32.6116606362192,5.11776121090526));
#4999=CARTESIAN_POINT('Ctrl Pts',(-67.875,-32.596028670817,5.13182628888087));
#5000=CARTESIAN_POINT('Ctrl Pts',(-67.875,-32.5805293760207,5.14606200477847));
#5001=CARTESIAN_POINT('Ctrl Pts',(-67.875,-32.5651896976364,5.16044350037834));
#5002=CARTESIAN_POINT('Ctrl Pts',(-67.875,-32.4927721440383,5.22833753976648));
#5003=CARTESIAN_POINT('Ctrl Pts',(-67.875,-32.4238208150472,5.29955347848741));
#5004=CARTESIAN_POINT('Ctrl Pts',(-67.875,-32.3585768413991,5.3738018822174));
#5005=CARTESIAN_POINT('Ctrl Pts',(-67.875,-32.2936923184215,5.44764122688773));
#5006=CARTESIAN_POINT('Ctrl Pts',(-67.875,-32.2324739251126,5.52448050916952));
#5007=CARTESIAN_POINT('Ctrl Pts',(-67.875,-32.1752024436949,5.60406182498384));
#5008=CARTESIAN_POINT('Ctrl Pts',(-67.875,-32.1212319448014,5.67905627616256));
#5009=CARTESIAN_POINT('Ctrl Pts',(-67.875,-32.070766493465,5.75648651303432));
#5010=CARTESIAN_POINT('Ctrl Pts',(-67.875,-32.0240826560862,5.83614939951688));
#5011=CARTESIAN_POINT('Ctrl Pts',(-67.875,-31.9877868684902,5.89808576485012));
#5012=CARTESIAN_POINT('Ctrl Pts',(-67.875,-31.9537777280819,5.96137203409285));
#5013=CARTESIAN_POINT('Ctrl Pts',(-67.875,-31.9222043516941,6.02591463766692));
#5014=CARTESIAN_POINT('Ctrl Pts',(-67.875,-31.9157826603961,6.03904192157305));
#5015=CARTESIAN_POINT('Ctrl Pts',(-67.875,-31.9094617251126,6.05222148536077));
#5016=CARTESIAN_POINT('Ctrl Pts',(-67.875,-31.9032490827255,6.06543885205925));
#5017=CARTESIAN_POINT('Ctrl Pts',(-67.875,-31.8626964018215,6.15171448498838));
#5018=CARTESIAN_POINT('Ctrl Pts',(-67.875,-31.8266836020021,6.23974066797982));
#5019=CARTESIAN_POINT('Ctrl Pts',(-67.875,-31.7954699930782,6.32927554112542));
#5020=CARTESIAN_POINT('Ctrl Pts',(-67.875,-31.7642563841543,6.41881041427101));
#5021=CARTESIAN_POINT('Ctrl Pts',(-67.875,-31.737841509492,6.50985469778084));
#5022=CARTESIAN_POINT('Ctrl Pts',(-67.875,-31.7165397959064,6.60217636902152));
#5023=CARTESIAN_POINT('Ctrl Pts',(-67.875,-31.6951240993628,6.69499204264034));
#5024=CARTESIAN_POINT('Ctrl Pts',(-67.875,-31.678877140165,6.78909997993286));
#5025=CARTESIAN_POINT('Ctrl Pts',(-67.875,-31.6677244730343,6.88409360460402));
#5026=CARTESIAN_POINT('Ctrl Pts',(-67.875,-31.6620343255669,6.932559834834));
#5027=CARTESIAN_POINT('Ctrl Pts',(-67.875,-31.6576710937284,6.9812564505928));
#5028=CARTESIAN_POINT('Ctrl Pts',(-67.875,-31.654629802153,7.03012770383714));
#5029=CARTESIAN_POINT('Ctrl Pts',(-67.875,-31.6536705612098,7.04554197961221));
#5030=CARTESIAN_POINT('Ctrl Pts',(-67.875,-31.6528428516258,7.06097361640331));
#5031=CARTESIAN_POINT('Ctrl Pts',(-67.875,-31.6521465818192,7.07642082895718));
#5032=CARTESIAN_POINT('Ctrl Pts',(-67.875,-31.6515255414096,7.09019902689054));
#5033=CARTESIAN_POINT('Ctrl Pts',(-67.875,-31.6510093285024,7.10398479873537));
#5034=CARTESIAN_POINT('Ctrl Pts',(-67.875,-31.6505977919783,7.11776914747655));
#5035=CARTESIAN_POINT('Ctrl Pts',(-67.875,-31.6478134980459,7.21102861852325));
#5036=CARTESIAN_POINT('Ctrl Pts',(-67.875,-31.6498111636335,7.30433166085093));
#5037=CARTESIAN_POINT('Ctrl Pts',(-67.875,-31.6564635165177,7.39730266910909));
#5038=CARTESIAN_POINT('Ctrl Pts',(-67.875,-31.663121442413,7.49035156386242));
#5039=CARTESIAN_POINT('Ctrl Pts',(-67.875,-31.6744422288704,7.58306884380596));
#5040=CARTESIAN_POINT('Ctrl Pts',(-67.875,-31.6903489311794,7.67506548906881));
#5041=CARTESIAN_POINT('Ctrl Pts',(-67.875,-31.7060201258719,7.76570007258992));
#5042=CARTESIAN_POINT('Ctrl Pts',(-67.875,-31.7261428982046,7.855636038975));
#5043=CARTESIAN_POINT('Ctrl Pts',(-67.875,-31.7506865263865,7.94447593289491));
#5044=CARTESIAN_POINT('Ctrl Pts',(-67.875,-31.7595596989606,7.97659391090418));
#5045=CARTESIAN_POINT('Ctrl Pts',(-67.875,-31.7690110616465,8.00856832624364));
#5046=CARTESIAN_POINT('Ctrl Pts',(-67.875,-31.7790404007452,8.04037924227923));
#5047=CARTESIAN_POINT('Ctrl Pts',(-67.875,-31.7859864474031,8.06241061491898));
#5048=CARTESIAN_POINT('Ctrl Pts',(-67.875,-31.79320973783,8.08436355035936));
#5049=CARTESIAN_POINT('Ctrl Pts',(-67.875,-31.8007103735897,8.10623122063406));
#5050=CARTESIAN_POINT('Ctrl Pts',(-67.875,-31.8053051615078,8.119627059386));
#5051=CARTESIAN_POINT('Ctrl Pts',(-67.875,-31.8100032672785,8.13298853969222));
#5052=CARTESIAN_POINT('Ctrl Pts',(-67.875,-31.8148015926212,8.14630605399076));
#5053=CARTESIAN_POINT('Ctrl Pts',(-67.875,-31.8452682160638,8.23086465815983));
#5054=CARTESIAN_POINT('Ctrl Pts',(-67.875,-31.8798045196078,8.31374883534648));
#5055=CARTESIAN_POINT('Ctrl Pts',(-67.875,-31.9183587462787,8.39458985311177));
#5056=CARTESIAN_POINT('Ctrl Pts',(-67.875,-31.947121808706,8.45490062683131));
#5057=CARTESIAN_POINT('Ctrl Pts',(-67.875,-31.9781220560152,8.51407378708227));
#5058=CARTESIAN_POINT('Ctrl Pts',(-67.875,-32.0113515682071,8.57194325451947));
#5059=CARTESIAN_POINT('Ctrl Pts',(-67.875,-32.0308222658749,8.6058516338587));
#5060=CARTESIAN_POINT('Ctrl Pts',(-67.875,-32.0510585525638,8.63931218496482));
#5061=CARTESIAN_POINT('Ctrl Pts',(-67.875,-32.0720605024418,8.67228929327111));
#5062=CARTESIAN_POINT('Ctrl Pts',(-67.875,-32.0813897941544,8.68693807897972));
#5063=CARTESIAN_POINT('Ctrl Pts',(-67.875,-32.090865498924,8.7014840569284));
#5064=CARTESIAN_POINT('Ctrl Pts',(-67.875,-32.1004858543143,8.71592229995603));
#5065=CARTESIAN_POINT('Ctrl Pts',(-67.875,-32.1481204821764,8.78741241707799));
#5066=CARTESIAN_POINT('Ctrl Pts',(-67.875,-32.1993099958601,8.85628171653024));
#5067=CARTESIAN_POINT('Ctrl Pts',(-67.875,-32.2540290633495,8.92217544987649));
#5068=CARTESIAN_POINT('Ctrl Pts',(-67.875,-32.2907549749804,8.96640148549686));
#5069=CARTESIAN_POINT('Ctrl Pts',(-67.875,-32.3290715533143,9.0092864032612));
#5070=CARTESIAN_POINT('Ctrl Pts',(-67.875,-32.368978728892,9.05071206804408));
#5071=CARTESIAN_POINT('Ctrl Pts',(-67.875,-32.3978139870473,9.08064452307188));
#5072=CARTESIAN_POINT('Ctrl Pts',(-67.875,-32.4274798657031,9.10981488919299));
#5073=CARTESIAN_POINT('Ctrl Pts',(-67.875,-32.4579382156275,9.13820620957518));
#5074=CARTESIAN_POINT('Ctrl Pts',(-67.875,-36.2884659966653,9.13598720337469));
#5075=CARTESIAN_POINT('Ctrl Pts',(-67.875,-36.3500755472879,9.07808935416037));
#5076=CARTESIAN_POINT('Ctrl Pts',(-67.875,-36.4083196837631,9.01704092430318));
#5077=CARTESIAN_POINT('Ctrl Pts',(-67.875,-36.4631993087993,8.9532266218709));
#5078=CARTESIAN_POINT('Ctrl Pts',(-67.875,-36.5195315181764,8.88772324710294));
#5079=CARTESIAN_POINT('Ctrl Pts',(-67.875,-36.5723191904704,8.81930521310042));
#5080=CARTESIAN_POINT('Ctrl Pts',(-67.875,-36.6215378700115,8.74834004501331));
#5081=CARTESIAN_POINT('Ctrl Pts',(-67.875,-36.6715333101238,8.67625491708547));
#5082=CARTESIAN_POINT('Ctrl Pts',(-67.875,-36.7178466715514,8.60154101285201));
#5083=CARTESIAN_POINT('Ctrl Pts',(-67.875,-36.7604196478823,8.52454220237432));
#5084=CARTESIAN_POINT('Ctrl Pts',(-67.875,-36.7799627580236,8.48919592490895));
#5085=CARTESIAN_POINT('Ctrl Pts',(-67.875,-36.7987171787341,8.45336764668362));
#5086=CARTESIAN_POINT('Ctrl Pts',(-67.875,-36.816674608537,8.41708834732244));
#5087=CARTESIAN_POINT('Ctrl Pts',(-67.875,-36.8268856275125,8.39645908031368));
#5088=CARTESIAN_POINT('Ctrl Pts',(-67.875,-36.8368389212115,8.37568395989474));
#5089=CARTESIAN_POINT('Ctrl Pts',(-67.875,-36.8465327006361,8.35476851558213));
#5090=CARTESIAN_POINT('Ctrl Pts',(-67.875,-36.8546144681129,8.33733117249817));
#5091=CARTESIAN_POINT('Ctrl Pts',(-67.875,-36.8625178616771,8.31979142998788));
#5092=CARTESIAN_POINT('Ctrl Pts',(-67.875,-36.8702294570856,8.30218130803656));
#5093=CARTESIAN_POINT('Ctrl Pts',(-67.875,-36.9068033439555,8.21866154670377));
#5094=CARTESIAN_POINT('Ctrl Pts',(-67.875,-36.9391166491654,8.13345813927984));
#5095=CARTESIAN_POINT('Ctrl Pts',(-67.875,-36.9671427616152,8.04696952673141));
#5096=CARTESIAN_POINT('Ctrl Pts',(-67.875,-36.9956320797083,7.95905146107943));
#5097=CARTESIAN_POINT('Ctrl Pts',(-67.875,-37.0196918155524,7.86980460252701));
#5098=CARTESIAN_POINT('Ctrl Pts',(-67.875,-37.0392549989518,7.77961036401475));
#5099=CARTESIAN_POINT('Ctrl Pts',(-67.875,-37.0578130076461,7.69405039004139));
#5100=CARTESIAN_POINT('Ctrl Pts',(-67.875,-37.0723246701765,7.60763696276662));
#5101=CARTESIAN_POINT('Ctrl Pts',(-67.875,-37.082695144128,7.52067535320068));
#5102=CARTESIAN_POINT('Ctrl Pts',(-67.875,-37.0873051691836,7.48201798798785));
#5103=CARTESIAN_POINT('Ctrl Pts',(-67.875,-37.09109633871,7.443252099404));
#5104=CARTESIAN_POINT('Ctrl Pts',(-67.875,-37.0940577335239,7.40440380957961));
#5105=CARTESIAN_POINT('Ctrl Pts',(-67.875,-37.095805634779,7.3814744202838));
#5106=CARTESIAN_POINT('Ctrl Pts',(-67.875,-37.0972644359855,7.35851631895004));
#5107=CARTESIAN_POINT('Ctrl Pts',(-67.875,-37.0984316137668,7.33553484476228));
#5108=CARTESIAN_POINT('Ctrl Pts',(-67.875,-37.0990631567109,7.32309990288789));
#5109=CARTESIAN_POINT('Ctrl Pts',(-67.875,-37.0996092115893,7.31065927454924));
#5110=CARTESIAN_POINT('Ctrl Pts',(-67.875,-37.1000691687972,7.29822380765278));
#5111=CARTESIAN_POINT('Ctrl Pts',(-67.875,-37.1035933214794,7.20294432674042));
#5112=CARTESIAN_POINT('Ctrl Pts',(-67.875,-37.1020753618956,7.10781177659981));
#5113=CARTESIAN_POINT('Ctrl Pts',(-67.875,-37.0954540224386,7.01322604736061));
#5114=CARTESIAN_POINT('Ctrl Pts',(-67.875,-37.088981060098,6.92075988287929));
#5115=CARTESIAN_POINT('Ctrl Pts',(-67.875,-37.0776310737481,6.82881535599556));
#5116=CARTESIAN_POINT('Ctrl Pts',(-67.875,-37.061301739081,6.73774914786568));
#5117=CARTESIAN_POINT('Ctrl Pts',(-67.875,-37.0450433311966,6.64707848758241));
#5118=CARTESIAN_POINT('Ctrl Pts',(-67.875,-37.0238492311028,6.55727762795241));
#5119=CARTESIAN_POINT('Ctrl Pts',(-67.875,-36.9979931038737,6.46858846199657));
#5120=CARTESIAN_POINT('Ctrl Pts',(-67.875,-36.9828651213397,6.41669793169229));
#5121=CARTESIAN_POINT('Ctrl Pts',(-67.875,-36.9661402081279,6.36518797102216));
#5122=CARTESIAN_POINT('Ctrl Pts',(-67.875,-36.9478651413503,6.31410812196978));
#5123=CARTESIAN_POINT('Ctrl Pts',(-67.875,-36.9432051886812,6.30108328973108));
#5124=CARTESIAN_POINT('Ctrl Pts',(-67.875,-36.9384444169862,6.28808643012103));
#5125=CARTESIAN_POINT('Ctrl Pts',(-67.875,-36.933583544194,6.27511838026305));
#5126=CARTESIAN_POINT('Ctrl Pts',(-67.875,-36.9284326982575,6.26137672731919));
#5127=CARTESIAN_POINT('Ctrl Pts',(-67.875,-36.923172526182,6.24767567921044));
#5128=CARTESIAN_POINT('Ctrl Pts',(-67.875,-36.9178056660571,6.23401954948389));
#5129=CARTESIAN_POINT('Ctrl Pts',(-67.875,-36.8818674672428,6.14257377044002));
#5130=CARTESIAN_POINT('Ctrl Pts',(-67.875,-36.8411321010912,6.05309329079022));
#5131=CARTESIAN_POINT('Ctrl Pts',(-67.875,-36.7959736815991,5.96585308972453));
#5132=CARTESIAN_POINT('Ctrl Pts',(-67.875,-36.7513126457155,5.87957376918791));
#5133=CARTESIAN_POINT('Ctrl Pts',(-67.875,-36.7023248614311,5.79548488290807));
#5134=CARTESIAN_POINT('Ctrl Pts',(-67.875,-36.6493153162256,5.71385625362616));
#5135=CARTESIAN_POINT('Ctrl Pts',(-67.875,-36.5957937469142,5.63143916585516));
#5136=CARTESIAN_POINT('Ctrl Pts',(-67.875,-36.538171931688,5.55152926220436));
#5137=CARTESIAN_POINT('Ctrl Pts',(-67.875,-36.4767127409934,5.47442019669738));
#5138=CARTESIAN_POINT('Ctrl Pts',(-67.875,-36.4531735729126,5.4448870506698));
#5139=CARTESIAN_POINT('Ctrl Pts',(-67.875,-36.4290709945651,5.41576499853));
#5140=CARTESIAN_POINT('Ctrl Pts',(-67.875,-36.4044180230367,5.38707155236438));
#5141=CARTESIAN_POINT('Ctrl Pts',(-67.875,-36.387129397298,5.36694942423301));
#5142=CARTESIAN_POINT('Ctrl Pts',(-67.875,-36.3695700723529,5.34703809413358));
#5143=CARTESIAN_POINT('Ctrl Pts',(-67.875,-36.3517442789387,5.32734380932223));
#5144=CARTESIAN_POINT('Ctrl Pts',(-67.875,-36.3402635712266,5.31465969915318));
#5145=CARTESIAN_POINT('Ctrl Pts',(-67.875,-36.3286773957517,5.30207127822066));
#5146=CARTESIAN_POINT('Ctrl Pts',(-67.875,-36.3169918340272,5.28958487500836));
#5147=CARTESIAN_POINT('Ctrl Pts',(-67.875,-36.2461434898408,5.21388111225463));
#5148=CARTESIAN_POINT('Ctrl Pts',(-67.875,-36.1715946020863,5.14186845324139));
#5149=CARTESIAN_POINT('Ctrl Pts',(-67.875,-36.0936732515744,5.07386758839396));
#5150=CARTESIAN_POINT('Ctrl Pts',(-67.875,-36.0352322386904,5.0228669397584));
#5151=CARTESIAN_POINT('Ctrl Pts',(-67.875,-35.97489297138,4.97412317158498));
#5152=CARTESIAN_POINT('Ctrl Pts',(-67.875,-35.9127757247919,4.92778249528975));
#5153=CARTESIAN_POINT('Ctrl Pts',(-67.875,-35.8914462698974,4.91187030633885));
#5154=CARTESIAN_POINT('Ctrl Pts',(-67.875,-35.8699070584322,4.89624155555774));
#5155=CARTESIAN_POINT('Ctrl Pts',(-67.875,-35.8481625922563,4.88090250138022));
#5156=CARTESIAN_POINT('Ctrl Pts',(-67.875,-35.8256377514206,4.86501295269586));
#5157=CARTESIAN_POINT('Ctrl Pts',(-67.875,-35.8028874574139,4.84943098325031));
#5158=CARTESIAN_POINT('Ctrl Pts',(-67.875,-35.779945273212,4.83418235793625));
#5159=CARTESIAN_POINT('Ctrl Pts',(-67.875,-35.6949969016577,4.77772104294229));
#5160=CARTESIAN_POINT('Ctrl Pts',(-67.875,-35.6073642223627,4.72578470933179));
#5161=CARTESIAN_POINT('Ctrl Pts',(-67.875,-35.5173320178199,4.67868585351387));
#5162=CARTESIAN_POINT('Ctrl Pts',(-67.875,-35.4500745558791,4.64350122687146));
#5163=CARTESIAN_POINT('Ctrl Pts',(-67.875,-35.3814770357434,4.61101668190523));
#5164=CARTESIAN_POINT('Ctrl Pts',(-67.875,-35.3116448704959,4.58137610438628));
#5165=CARTESIAN_POINT('Ctrl Pts',(-67.875,-35.2652533163251,4.56168499996829));
#5166=CARTESIAN_POINT('Ctrl Pts',(-67.875,-35.2183166461444,4.54324927959962));
#5167=CARTESIAN_POINT('Ctrl Pts',(-67.875,-35.1708821406549,4.52605626990528));
#5168=CARTESIAN_POINT('Ctrl Pts',(-67.875,32.4615340033347,9.13598720337469));
#5169=CARTESIAN_POINT('Ctrl Pts',(-67.875,32.3999242879502,9.07808919932462));
#5170=CARTESIAN_POINT('Ctrl Pts',(-67.875,32.3416799788587,9.01704062662364));
#5171=CARTESIAN_POINT('Ctrl Pts',(-67.875,32.2868001785148,8.95322619081572));
#5172=CARTESIAN_POINT('Ctrl Pts',(-67.875,32.2304678063512,8.88772269909722));
#5173=CARTESIAN_POINT('Ctrl Pts',(-67.875,32.1776799662647,8.81930455989393));
#5174=CARTESIAN_POINT('Ctrl Pts',(-67.875,32.1284611193782,8.74833929523312));
#5175=CARTESIAN_POINT('Ctrl Pts',(-67.875,32.0784656583587,8.6762542841547));
#5176=CARTESIAN_POINT('Ctrl Pts',(-67.875,32.0321522545308,8.60154052133286));
#5177=CARTESIAN_POINT('Ctrl Pts',(-67.875,31.989579219497,8.52454187051407));
#5178=CARTESIAN_POINT('Ctrl Pts',(-67.875,31.9700361911519,8.48919586301669));
#5179=CARTESIAN_POINT('Ctrl Pts',(-67.875,31.9512818400228,8.45336786397288));
#5180=CARTESIAN_POINT('Ctrl Pts',(-67.875,31.9333244679283,8.41708885190528));
#5181=CARTESIAN_POINT('Ctrl Pts',(-67.875,31.9231134826384,8.39645975001865));
#5182=CARTESIAN_POINT('Ctrl Pts',(-67.875,31.913160218741,8.37568479737038));
#5183=CARTESIAN_POINT('Ctrl Pts',(-67.875,31.9034664652896,8.35476952327799));
#5184=CARTESIAN_POINT('Ctrl Pts',(-67.875,31.8953846600797,8.33733219397368));
#5185=CARTESIAN_POINT('Ctrl Pts',(-67.875,31.8874812287569,8.31979246550536));
#5186=CARTESIAN_POINT('Ctrl Pts',(-67.875,31.8797695956942,8.30218235782138));
#5187=CARTESIAN_POINT('Ctrl Pts',(-67.875,31.8431955049601,8.21866260642241));
#5188=CARTESIAN_POINT('Ctrl Pts',(-67.875,31.810882003908,8.13345921176512));
#5189=CARTESIAN_POINT('Ctrl Pts',(-67.875,31.782855709372,8.04697061091557));
#5190=CARTESIAN_POINT('Ctrl Pts',(-67.875,31.75436623089,7.95905263340062));
#5191=CARTESIAN_POINT('Ctrl Pts',(-67.875,31.7303063411806,7.86980586418588));
#5192=CARTESIAN_POINT('Ctrl Pts',(-67.875,31.7107430163393,7.77961171114294));
#5193=CARTESIAN_POINT('Ctrl Pts',(-67.875,31.6921849036155,7.6940519572272));
#5194=CARTESIAN_POINT('Ctrl Pts',(-67.875,31.6776731350907,7.60763874930455));
#5195=CARTESIAN_POINT('Ctrl Pts',(-67.875,31.6673025578219,7.52067735260346));
#5196=CARTESIAN_POINT('Ctrl Pts',(-67.875,31.662692487498,7.4820200875486));
#5197=CARTESIAN_POINT('Ctrl Pts',(-67.875,31.6589012729968,7.44325429787275));
#5198=CARTESIAN_POINT('Ctrl Pts',(-67.875,31.6559398339018,7.40440610518743));
#5199=CARTESIAN_POINT('Ctrl Pts',(-67.875,31.6541919379452,7.38147718558655));
#5200=CARTESIAN_POINT('Ctrl Pts',(-67.875,31.6527331318814,7.35851955436413));
#5201=CARTESIAN_POINT('Ctrl Pts',(-67.875,31.6515659390309,7.3355385503089));
#5202=CARTESIAN_POINT('Ctrl Pts',(-67.875,31.6509343756788,7.32310362154035));
#5203=CARTESIAN_POINT('Ctrl Pts',(-67.875,31.6503883006976,7.31066300560166));
#5204=CARTESIAN_POINT('Ctrl Pts',(-67.875,31.6499283237518,7.2982275508969));
#5205=CARTESIAN_POINT('Ctrl Pts',(-67.875,31.6464040220569,7.20294822332364));
#5206=CARTESIAN_POINT('Ctrl Pts',(-67.875,31.647921847161,7.10781581003741));
#5207=CARTESIAN_POINT('Ctrl Pts',(-67.875,31.6545430723151,7.01323019493627));
#5208=CARTESIAN_POINT('Ctrl Pts',(-67.875,31.661015942677,6.92076385971866));
#5209=CARTESIAN_POINT('Ctrl Pts',(-67.875,31.672365886077,6.8288191435905));
#5210=CARTESIAN_POINT('Ctrl Pts',(-67.875,31.6886952330924,6.73775272510257));
#5211=CARTESIAN_POINT('Ctrl Pts',(-67.875,31.7049535867224,6.64708222650833));
#5212=CARTESIAN_POINT('Ctrl Pts',(-67.875,31.7261476469905,6.55728150052114));
#5213=CARTESIAN_POINT('Ctrl Pts',(-67.875,31.7520037456976,6.46859244331016));
#5214=CARTESIAN_POINT('Ctrl Pts',(-67.875,31.767131730077,6.41670191306002));
#5215=CARTESIAN_POINT('Ctrl Pts',(-67.875,31.7838566529164,6.36519194484741));
#5216=CARTESIAN_POINT('Ctrl Pts',(-67.875,31.8021317363118,6.31411208142482));
#5217=CARTESIAN_POINT('Ctrl Pts',(-67.875,31.8067916861421,6.30108726530006));
#5218=CARTESIAN_POINT('Ctrl Pts',(-67.875,31.8115524551467,6.28809042127494));
#5219=CARTESIAN_POINT('Ctrl Pts',(-67.875,31.8164133253874,6.27512238648158));
#5220=CARTESIAN_POINT('Ctrl Pts',(-67.875,31.8215642081959,6.26138064391929));
#5221=CARTESIAN_POINT('Ctrl Pts',(-67.875,31.8268244190966,6.2476795059203));
#5222=CARTESIAN_POINT('Ctrl Pts',(-67.875,31.8321913197825,6.23402328653145));
#5223=CARTESIAN_POINT('Ctrl Pts',(-67.875,31.8681295654776,6.14257747890597));
#5224=CARTESIAN_POINT('Ctrl Pts',(-67.875,31.9088649987019,6.05309694981529));
#5225=CARTESIAN_POINT('Ctrl Pts',(-67.875,31.9540235005694,5.96585668326495));
#5226=CARTESIAN_POINT('Ctrl Pts',(-67.875,31.9986845892509,5.87957735335189));
#5227=CARTESIAN_POINT('Ctrl Pts',(-67.875,32.0476724357592,5.79548843918424));
#5228=CARTESIAN_POINT('Ctrl Pts',(-67.875,32.1006820487513,5.71385976734202));
#5229=CARTESIAN_POINT('Ctrl Pts',(-67.875,32.154203711705,5.631442597793));
#5230=CARTESIAN_POINT('Ctrl Pts',(-67.875,32.2118256301079,5.55153259976138));
#5231=CARTESIAN_POINT('Ctrl Pts',(-67.875,32.2732849292373,5.47442343140358));
#5232=CARTESIAN_POINT('Ctrl Pts',(-67.875,32.2968240727053,5.44489032897025));
#5233=CARTESIAN_POINT('Ctrl Pts',(-67.875,32.3209266240465,5.41576831687063));
#5234=CARTESIAN_POINT('Ctrl Pts',(-67.875,32.3455795660458,5.38707490726994));
#5235=CARTESIAN_POINT('Ctrl Pts',(-67.875,32.3628683226422,5.36695262837438));
#5236=CARTESIAN_POINT('Ctrl Pts',(-67.875,32.3804277819501,5.34704114949724));
#5237=CARTESIAN_POINT('Ctrl Pts',(-67.875,32.3982537130744,5.32734671808416));
#5238=CARTESIAN_POINT('Ctrl Pts',(-67.875,32.4097344649009,5.31466256274665));
#5239=CARTESIAN_POINT('Ctrl Pts',(-67.875,32.4213206850708,5.30207409679381));
#5240=CARTESIAN_POINT('Ctrl Pts',(-67.875,32.4330062919021,5.28958764888949));
#5241=CARTESIAN_POINT('Ctrl Pts',(-67.875,32.503854775855,5.21388375804813));
#5242=CARTESIAN_POINT('Ctrl Pts',(-67.875,32.578403806003,5.14187096746421));
#5243=CARTESIAN_POINT('Ctrl Pts',(-67.875,32.6563252965383,5.07386997247626));
#5244=CARTESIAN_POINT('Ctrl Pts',(-67.875,32.7147664144399,5.0228692262353));
#5245=CARTESIAN_POINT('Ctrl Pts',(-67.875,32.7751057854404,4.97412536125544));
#5246=CARTESIAN_POINT('Ctrl Pts',(-67.875,32.8372231323175,4.92778459099054));
#5247=CARTESIAN_POINT('Ctrl Pts',(-67.875,32.8585525842515,4.91187239767188));
#5248=CARTESIAN_POINT('Ctrl Pts',(-67.875,32.8800917916198,4.89624364186356));
#5249=CARTESIAN_POINT('Ctrl Pts',(-67.875,32.901836252502,4.8809045820488));
#5250=CARTESIAN_POINT('Ctrl Pts',(-67.875,32.9243611735091,4.86501496710176));
#5251=CARTESIAN_POINT('Ctrl Pts',(-67.875,32.9471115481223,4.8494329330719));
#5252=CARTESIAN_POINT('Ctrl Pts',(-67.875,32.9700538130868,4.83418424510115));
#5253=CARTESIAN_POINT('Ctrl Pts',(-67.875,33.055002310206,4.77772281340912));
#5254=CARTESIAN_POINT('Ctrl Pts',(-67.875,33.142635106276,4.72578637095405));
#5255=CARTESIAN_POINT('Ctrl Pts',(-67.875,33.2326674142053,4.67868741867907));
#5256=CARTESIAN_POINT('Ctrl Pts',(-67.875,33.2999249435637,4.64350272511473));
#5257=CARTESIAN_POINT('Ctrl Pts',(-67.875,33.368522523257,4.61101811934918));
#5258=CARTESIAN_POINT('Ctrl Pts',(-67.875,33.4383547383206,4.58137748898975));
#5259=CARTESIAN_POINT('Ctrl Pts',(-67.875,33.4847463299088,4.5616863476333));
#5260=CARTESIAN_POINT('Ctrl Pts',(-67.875,33.5316830333089,4.54325059407268));
#5261=CARTESIAN_POINT('Ctrl Pts',(-67.875,33.5791175681036,4.52605755463673));
#5262=CARTESIAN_POINT('Ctrl Pts',(-67.875,35.1687992825332,4.53077704625438));
#5263=CARTESIAN_POINT('Ctrl Pts',(-67.875,35.2618521331177,4.56481619466258));
#5264=CARTESIAN_POINT('Ctrl Pts',(-67.875,35.3528431165378,4.60362151756086));
#5265=CARTESIAN_POINT('Ctrl Pts',(-67.875,35.4415624538466,4.64686572683225));
#5266=CARTESIAN_POINT('Ctrl Pts',(-67.875,35.5322395078289,4.69106418026381));
#5267=CARTESIAN_POINT('Ctrl Pts',(-67.875,35.6205442250711,4.73990019722873));
#5268=CARTESIAN_POINT('Ctrl Pts',(-67.875,35.7062237414033,4.79306985590383));
#5269=CARTESIAN_POINT('Ctrl Pts',(-67.875,35.7878036922139,4.84369547011151));
#5270=CARTESIAN_POINT('Ctrl Pts',(-67.875,35.8670038696819,4.89825083390006));
#5271=CARTESIAN_POINT('Ctrl Pts',(-67.875,35.9435742263346,4.9565026033427));
#5272=CARTESIAN_POINT('Ctrl Pts',(-67.875,36.0105732884058,5.00747290160502));
#5273=CARTESIAN_POINT('Ctrl Pts',(-67.875,36.0755586142319,5.06127392614101));
#5274=CARTESIAN_POINT('Ctrl Pts',(-67.875,36.1383391005015,5.11776160990755));
#5275=CARTESIAN_POINT('Ctrl Pts',(-67.875,36.1539711395946,5.13182677144718));
#5276=CARTESIAN_POINT('Ctrl Pts',(-67.875,36.169470506832,5.14606257279305));
#5277=CARTESIAN_POINT('Ctrl Pts',(-67.875,36.1848102561475,5.16044415542309));
#5278=CARTESIAN_POINT('Ctrl Pts',(-67.875,36.2572277965423,5.22833827935135));
#5279=CARTESIAN_POINT('Ctrl Pts',(-67.875,36.3261791122356,5.29955430611481));
#5280=CARTESIAN_POINT('Ctrl Pts',(-67.875,36.3914230729875,5.37380279815479));
#5281=CARTESIAN_POINT('Ctrl Pts',(-67.875,36.4563075965721,5.44764224593469));
#5282=CARTESIAN_POINT('Ctrl Pts',(-67.875,36.5175259893679,5.52448163283792));
#5283=CARTESIAN_POINT('Ctrl Pts',(-67.875,36.5747974694696,5.60406305142723));
#5284=CARTESIAN_POINT('Ctrl Pts',(-67.875,36.628767953241,5.67905758016738));
#5285=CARTESIAN_POINT('Ctrl Pts',(-67.875,36.6792333905429,5.75648789171262));
#5286=CARTESIAN_POINT('Ctrl Pts',(-67.875,36.7259172154424,5.83615084725003));
#5287=CARTESIAN_POINT('Ctrl Pts',(-67.875,36.7622130099025,5.89808729454194));
#5288=CARTESIAN_POINT('Ctrl Pts',(-67.875,36.7962221560294,5.9613736435781));
#5289=CARTESIAN_POINT('Ctrl Pts',(-67.875,36.8277955370165,6.02591632330837));
#5290=CARTESIAN_POINT('Ctrl Pts',(-67.875,36.8342172102963,6.03904358395858));
#5291=CARTESIAN_POINT('Ctrl Pts',(-67.875,36.8405381280876,6.05222312398462));
#5292=CARTESIAN_POINT('Ctrl Pts',(-67.875,36.8467507535756,6.0654404665151));
#5293=CARTESIAN_POINT('Ctrl Pts',(-67.875,36.8873034261325,6.15171615861136));
#5294=CARTESIAN_POINT('Ctrl Pts',(-67.875,36.9233162196712,6.23974239175749));
#5295=CARTESIAN_POINT('Ctrl Pts',(-67.875,36.9545298248771,6.32927730302116));
#5296=CARTESIAN_POINT('Ctrl Pts',(-67.875,36.9857434300829,6.41881221428482));
#5297=CARTESIAN_POINT('Ctrl Pts',(-67.875,37.0121583035888,6.5098565238814));
#5298=CARTESIAN_POINT('Ctrl Pts',(-67.875,37.0334600191127,6.60217820600411));
#5299=CARTESIAN_POINT('Ctrl Pts',(-67.875,37.0548757179658,6.69499389212721));
#5300=CARTESIAN_POINT('Ctrl Pts',(-67.875,37.0711226824288,6.78910182658918));
#5301=CARTESIAN_POINT('Ctrl Pts',(-67.875,37.0822753573048,6.88409543556962));
#5302=CARTESIAN_POINT('Ctrl Pts',(-67.875,37.0879655089937,6.93256166009237));
#5303=CARTESIAN_POINT('Ctrl Pts',(-67.875,37.0923287455737,6.98125826681701));
#5304=CARTESIAN_POINT('Ctrl Pts',(-67.875,37.0953700423493,7.03012950801717));
#5305=CARTESIAN_POINT('Ctrl Pts',(-67.875,37.0963292848577,7.04554377878894));
#5306=CARTESIAN_POINT('Ctrl Pts',(-67.875,37.097156996073,7.06097541027457));
#5307=CARTESIAN_POINT('Ctrl Pts',(-67.875,37.0978532675753,7.07642261723119));
#5308=CARTESIAN_POINT('Ctrl Pts',(-67.875,37.0984743095404,7.09020081112701));
#5309=CARTESIAN_POINT('Ctrl Pts',(-67.875,37.0989905240394,7.10398657871661));
#5310=CARTESIAN_POINT('Ctrl Pts',(-67.875,37.0994020621889,7.11777092297973));
#5311=CARTESIAN_POINT('Ctrl Pts',(-67.875,37.1021863670305,7.21103036081802));
#5312=CARTESIAN_POINT('Ctrl Pts',(-67.875,37.1001887141973,7.30433335989812));
#5313=CARTESIAN_POINT('Ctrl Pts',(-67.875,37.0935363754416,7.39730431733006));
#5314=CARTESIAN_POINT('Ctrl Pts',(-67.875,37.0868784636427,7.49035316183087));
#5315=CARTESIAN_POINT('Ctrl Pts',(-67.875,37.0755576925974,7.58307038392108));
#5316=CARTESIAN_POINT('Ctrl Pts',(-67.875,37.0596510065598,7.67506696612583));
#5317=CARTESIAN_POINT('Ctrl Pts',(-67.875,37.0439798256046,7.76570150078545));
#5318=CARTESIAN_POINT('Ctrl Pts',(-67.875,37.0238570665422,7.85563741304894));
#5319=CARTESIAN_POINT('Ctrl Pts',(-67.875,36.9993134507366,7.94447724971188));
#5320=CARTESIAN_POINT('Ctrl Pts',(-67.875,36.9904402817409,7.97659521026441));
#5321=CARTESIAN_POINT('Ctrl Pts',(-67.875,36.9809889223993,8.00856960770861));
#5322=CARTESIAN_POINT('Ctrl Pts',(-67.875,36.9709595863899,8.04038050550608));
#5323=CARTESIAN_POINT('Ctrl Pts',(-67.875,36.9640135215092,8.06241193009961));
#5324=CARTESIAN_POINT('Ctrl Pts',(-67.875,36.9567902111118,8.08436491686951));
#5325=CARTESIAN_POINT('Ctrl Pts',(-67.875,36.9492895536251,8.10623263782128));
#5326=CARTESIAN_POINT('Ctrl Pts',(-67.875,36.9446947469729,8.11962852343228));
#5327=CARTESIAN_POINT('Ctrl Pts',(-67.875,36.9399966216206,8.13299005011247));
#5328=CARTESIAN_POINT('Ctrl Pts',(-67.875,36.9351982758117,8.14630761041234));
#5329=CARTESIAN_POINT('Ctrl Pts',(-67.875,36.9047316503023,8.23086615173184));
#5330=CARTESIAN_POINT('Ctrl Pts',(-67.875,36.8701953434708,8.31375026429091));
#5331=CARTESIAN_POINT('Ctrl Pts',(-67.875,36.8316411118239,8.39459121764251));
#5332=CARTESIAN_POINT('Ctrl Pts',(-67.875,36.8028780659821,8.45490190074582));
#5333=CARTESIAN_POINT('Ctrl Pts',(-67.875,36.7718778374746,8.51407497210277));
#5334=CARTESIAN_POINT('Ctrl Pts',(-67.875,36.7386483460832,8.57194435355898));
#5335=CARTESIAN_POINT('Ctrl Pts',(-67.875,36.7191776539217,8.60585269415425));
#5336=CARTESIAN_POINT('Ctrl Pts',(-67.875,36.6989413729004,8.63931320721014));
#5337=CARTESIAN_POINT('Ctrl Pts',(-67.875,36.6779394288103,8.67229027837199));
#5338=CARTESIAN_POINT('Ctrl Pts',(-67.875,36.6686101825923,8.68693898018259));
#5339=CARTESIAN_POINT('Ctrl Pts',(-67.875,36.6591345248111,8.70148487517578));
#5340=CARTESIAN_POINT('Ctrl Pts',(-67.875,36.6495142176997,8.7159230365546));
#5341=CARTESIAN_POINT('Ctrl Pts',(-67.875,36.6018795829457,8.78741311850686));
#5342=CARTESIAN_POINT('Ctrl Pts',(-67.875,36.5506900587975,8.85628238532508));
#5343=CARTESIAN_POINT('Ctrl Pts',(-67.875,36.4959709768858,8.92217609024248));
#5344=CARTESIAN_POINT('Ctrl Pts',(-67.875,36.4592450998465,8.96640205346973));
#5345=CARTESIAN_POINT('Ctrl Pts',(-67.875,36.4209285581539,9.00928690396691));
#5346=CARTESIAN_POINT('Ctrl Pts',(-67.875,36.3810214211383,9.05071250755749));
#5347=CARTESIAN_POINT('Ctrl Pts',(-67.875,36.3521861656979,9.08064494447572));
#5348=CARTESIAN_POINT('Ctrl Pts',(-67.875,36.3225202893114,9.10981529433172));
#5349=CARTESIAN_POINT('Ctrl Pts',(-67.875,36.2920619412322,9.13820660016176));
#5350=CARTESIAN_POINT('Origin',(8.88178419700125E-15,0.,13.5));
#5351=CARTESIAN_POINT('',(65.375,-46.875,13.5));
#5352=CARTESIAN_POINT('',(67.875,-46.875,13.5));
#5353=CARTESIAN_POINT('',(67.875,-44.375,13.5));
#5354=CARTESIAN_POINT('Origin',(65.375,-44.375,13.5));
#5355=CARTESIAN_POINT('',(67.875,44.375,13.5));
#5356=CARTESIAN_POINT('',(67.875,46.875,13.5));
#5357=CARTESIAN_POINT('',(65.375,46.875,13.5));
#5358=CARTESIAN_POINT('Origin',(65.375,44.375,13.5));
#5359=CARTESIAN_POINT('',(-65.375,46.875,13.5));
#5360=CARTESIAN_POINT('',(-67.875,46.875,13.5));
#5361=CARTESIAN_POINT('Origin',(-65.375,44.375,13.5));
#5362=CARTESIAN_POINT('',(64.125,43.125,13.5));
#5363=CARTESIAN_POINT('',(64.125,-43.125,13.5));
#5364=CARTESIAN_POINT('',(64.125,21.4375,13.5));
#5365=CARTESIAN_POINT('',(-64.125,-43.125,13.5));
#5366=CARTESIAN_POINT('',(31.9375,-43.125,13.5));
#5367=CARTESIAN_POINT('',(-64.125,43.125,13.5));
#5368=CARTESIAN_POINT('',(-64.125,-21.4375,13.5));
#5369=CARTESIAN_POINT('',(-31.9375,43.125,13.5));
#5370=CARTESIAN_POINT('Origin',(-65.375,44.375,0.));
#5371=CARTESIAN_POINT('',(-65.375,46.875,0.));
#5372=CARTESIAN_POINT('',(-65.375,46.875,0.));
#5373=CARTESIAN_POINT('Origin',(-65.375,44.375,0.));
#5374=CARTESIAN_POINT('Origin',(67.875,46.875,0.));
#5375=CARTESIAN_POINT('',(65.375,46.875,0.));
#5376=CARTESIAN_POINT('',(65.375,46.875,0.));
#5377=CARTESIAN_POINT('',(-67.875,46.875,0.));
#5378=CARTESIAN_POINT('Ctrl Pts',(-54.5812007174677,46.875,4.53077704625417));
#5379=CARTESIAN_POINT('Ctrl Pts',(-54.4881477968201,46.875,4.56481622029171));
#5380=CARTESIAN_POINT('Ctrl Pts',(-54.3971567442323,46.875,4.6036215589786));
#5381=CARTESIAN_POINT('Ctrl Pts',(-54.3084373396152,46.875,4.64686577675626));
#5382=CARTESIAN_POINT('Ctrl Pts',(-54.2177602512584,46.875,4.69106422210508));
#5383=CARTESIAN_POINT('Ctrl Pts',(-54.129455499781,46.875,4.7399002198587));
#5384=CARTESIAN_POINT('Ctrl Pts',(-54.0437759501625,46.875,4.79306985125201));
#5385=CARTESIAN_POINT('Ctrl Pts',(-53.9621960100054,46.875,4.84369541320412));
#5386=CARTESIAN_POINT('Ctrl Pts',(-53.8829958415827,46.875,4.8982507133382));
#5387=CARTESIAN_POINT('Ctrl Pts',(-53.8064254927182,46.875,4.95650241071685));
#5388=CARTESIAN_POINT('Ctrl Pts',(-53.7394264374618,46.875,5.00747264592316));
#5389=CARTESIAN_POINT('Ctrl Pts',(-53.6744411174876,46.875,5.06127360096161));
#5390=CARTESIAN_POINT('Ctrl Pts',(-53.6116606363386,46.875,5.11776121079791));
#5391=CARTESIAN_POINT('Ctrl Pts',(-53.5960286715909,46.875,5.13182628818314));
#5392=CARTESIAN_POINT('Ctrl Pts',(-53.5805293774376,46.875,5.14606200347635));
#5393=CARTESIAN_POINT('Ctrl Pts',(-53.5651896996824,46.875,5.16044349846016));
#5394=CARTESIAN_POINT('Ctrl Pts',(-53.4927721459988,46.875,5.22833753780462));
#5395=CARTESIAN_POINT('Ctrl Pts',(-53.4238208169225,46.875,5.29955347648617));
#5396=CARTESIAN_POINT('Ctrl Pts',(-53.3585768431883,46.875,5.37380188018145));
#5397=CARTESIAN_POINT('Ctrl Pts',(-53.2936923201077,46.875,5.44764122483699));
#5398=CARTESIAN_POINT('Ctrl Pts',(-53.2324739266972,46.875,5.52448050710999));
#5399=CARTESIAN_POINT('Ctrl Pts',(-53.17520244518,46.875,5.60406182292038));
#5400=CARTESIAN_POINT('Ctrl Pts',(-53.1212319460983,46.875,5.67905627422635));
#5401=CARTESIAN_POINT('Ctrl Pts',(-53.0707664945876,46.875,5.75648651123834));
#5402=CARTESIAN_POINT('Ctrl Pts',(-53.0240826570497,46.875,5.83614939787282));
#5403=CARTESIAN_POINT('Ctrl Pts',(-52.9877868697818,46.875,5.89808576255324));
#5404=CARTESIAN_POINT('Ctrl Pts',(-52.953777729654,46.875,5.96137203111636));
#5405=CARTESIAN_POINT('Ctrl Pts',(-52.9222043534942,46.875,6.02591463398722));
#5406=CARTESIAN_POINT('Ctrl Pts',(-52.9157826616162,46.875,6.03904191903086));
#5407=CARTESIAN_POINT('Ctrl Pts',(-52.9094617257697,46.875,6.05222148396633));
#5408=CARTESIAN_POINT('Ctrl Pts',(-52.9032490828383,46.875,6.06543885181943));
#5409=CARTESIAN_POINT('Ctrl Pts',(-52.8626964019072,46.875,6.15171448478522));
#5410=CARTESIAN_POINT('Ctrl Pts',(-52.8266836020644,46.875,6.23974066781544));
#5411=CARTESIAN_POINT('Ctrl Pts',(-52.7954699931217,46.875,6.32927554100083));
#5412=CARTESIAN_POINT('Ctrl Pts',(-52.764256384179,46.875,6.41881041418622));
#5413=CARTESIAN_POINT('Ctrl Pts',(-52.7378415095021,46.875,6.50985469773748));
#5414=CARTESIAN_POINT('Ctrl Pts',(-52.7165397959066,46.875,6.60217636902075));
#5415=CARTESIAN_POINT('Ctrl Pts',(-52.6951240993259,46.875,6.69499204280057));
#5416=CARTESIAN_POINT('Ctrl Pts',(-52.6788771401089,46.875,6.78909998025847));
#5417=CARTESIAN_POINT('Ctrl Pts',(-52.6677244729764,46.875,6.8840936050974));
#5418=CARTESIAN_POINT('Ctrl Pts',(-52.6620343255193,46.875,6.93255983531859));
#5419=CARTESIAN_POINT('Ctrl Pts',(-52.6576710936904,46.875,6.98125645106874));
#5420=CARTESIAN_POINT('Ctrl Pts',(-52.654629802124,46.875,7.03012770430377));
#5421=CARTESIAN_POINT('Ctrl Pts',(-52.653670561066,46.875,7.04554198196739));
#5422=CARTESIAN_POINT('Ctrl Pts',(-52.6528428513994,46.875,7.06097362065132));
#5423=CARTESIAN_POINT('Ctrl Pts',(-52.6521465815423,46.875,7.07642083510157));
#5424=CARTESIAN_POINT('Ctrl Pts',(-52.6515255411267,46.875,7.09019903386146));
#5425=CARTESIAN_POINT('Ctrl Pts',(-52.6510093282263,46.875,7.10398480652806));
#5426=CARTESIAN_POINT('Ctrl Pts',(-52.6505977917211,46.875,7.11776915609286));
#5427=CARTESIAN_POINT('Ctrl Pts',(-52.6478134980832,46.875,7.2110286271545));
#5428=CARTESIAN_POINT('Ctrl Pts',(-52.6498111639618,46.875,7.3043316694851));
#5429=CARTESIAN_POINT('Ctrl Pts',(-52.6564635171351,46.875,7.39730267773492));
#5430=CARTESIAN_POINT('Ctrl Pts',(-52.6631214433184,46.875,7.49035157246327));
#5431=CARTESIAN_POINT('Ctrl Pts',(-52.6744422300604,46.875,7.58306885237054));
#5432=CARTESIAN_POINT('Ctrl Pts',(-52.6903489326519,46.875,7.6750654975845));
#5433=CARTESIAN_POINT('Ctrl Pts',(-52.7060201276219,46.875,7.76570008105313));
#5434=CARTESIAN_POINT('Ctrl Pts',(-52.7261429002297,46.875,7.85563604737369));
#5435=CARTESIAN_POINT('Ctrl Pts',(-52.7506865286855,46.875,7.94447594121644));
#5436=CARTESIAN_POINT('Ctrl Pts',(-52.7595597021048,46.875,7.97659392189879));
#5437=CARTESIAN_POINT('Ctrl Pts',(-52.7690110657331,46.875,8.00856833988555));
#5438=CARTESIAN_POINT('Ctrl Pts',(-52.7790404058712,46.875,8.04037925853753));
#5439=CARTESIAN_POINT('Ctrl Pts',(-52.7859864659895,46.875,8.06241067339947));
#5440=CARTESIAN_POINT('Ctrl Pts',(-52.7932097709403,46.875,8.08436365075948));
#5441=CARTESIAN_POINT('Ctrl Pts',(-52.8007104222884,46.875,8.10623136261182));
#5442=CARTESIAN_POINT('Ctrl Pts',(-52.8053052217915,46.875,8.11962723276912));
#5443=CARTESIAN_POINT('Ctrl Pts',(-52.8100033396038,46.875,8.13298874422311));
#5444=CARTESIAN_POINT('Ctrl Pts',(-52.8148016774677,46.875,8.14630628947786));
#5445=CARTESIAN_POINT('Ctrl Pts',(-52.8452683079755,46.875,8.23086488915487));
#5446=CARTESIAN_POINT('Ctrl Pts',(-52.8798046183856,46.875,8.31374906157564));
#5447=CARTESIAN_POINT('Ctrl Pts',(-52.9183588517623,46.875,8.39459007429121));
#5448=CARTESIAN_POINT('Ctrl Pts',(-52.9471219108713,46.875,8.45490082679516));
#5449=CARTESIAN_POINT('Ctrl Pts',(-52.9781221534787,46.875,8.51407396632987));
#5450=CARTESIAN_POINT('Ctrl Pts',(-53.0113516596047,46.875,8.57194341368887));
#5451=CARTESIAN_POINT('Ctrl Pts',(-53.0308223529976,46.875,8.60585178000866));
#5452=CARTESIAN_POINT('Ctrl Pts',(-53.0510586348866,46.875,8.63931231834826));
#5453=CARTESIAN_POINT('Ctrl Pts',(-53.0720605794407,46.875,8.67228941417418));
#5454=CARTESIAN_POINT('Ctrl Pts',(-53.0813898503182,46.875,8.68693816533718));
#5455=CARTESIAN_POINT('Ctrl Pts',(-53.0908655335156,46.875,8.7014841091219));
#5456=CARTESIAN_POINT('Ctrl Pts',(-53.1004858666878,46.875,8.71592231852617));
#5457=CARTESIAN_POINT('Ctrl Pts',(-53.148120495111,46.875,8.78741243511114));
#5458=CARTESIAN_POINT('Ctrl Pts',(-53.1993100093438,46.875,8.85628173400319));
#5459=CARTESIAN_POINT('Ctrl Pts',(-53.2540290773735,46.875,8.92217546676437));
#5460=CARTESIAN_POINT('Ctrl Pts',(-53.2907549847346,46.875,8.96640149641361));
#5461=CARTESIAN_POINT('Ctrl Pts',(-53.3290715583934,46.875,9.00928640853355));
#5462=CARTESIAN_POINT('Ctrl Pts',(-53.3689787288914,46.875,9.05071206804343));
#5463=CARTESIAN_POINT('Ctrl Pts',(-53.3978139870468,46.875,9.08064452307141));
#5464=CARTESIAN_POINT('Ctrl Pts',(-53.4274798657027,46.875,9.10981488919251));
#5465=CARTESIAN_POINT('Ctrl Pts',(-53.4579382156272,46.875,9.13820620957482));
#5466=CARTESIAN_POINT('Ctrl Pts',(-57.2884659966649,46.875,9.13598720337512));
#5467=CARTESIAN_POINT('Ctrl Pts',(-57.3500755472874,46.875,9.07808935416096));
#5468=CARTESIAN_POINT('Ctrl Pts',(-57.4083196837623,46.875,9.01704092430415));
#5469=CARTESIAN_POINT('Ctrl Pts',(-57.4631993087984,46.875,8.953226621872));
#5470=CARTESIAN_POINT('Ctrl Pts',(-57.5195315181005,46.875,8.88772324719134));
#5471=CARTESIAN_POINT('Ctrl Pts',(-57.572319190329,46.875,8.81930521328384));
#5472=CARTESIAN_POINT('Ctrl Pts',(-57.6215378698139,46.875,8.74834004529826));
#5473=CARTESIAN_POINT('Ctrl Pts',(-57.6715333099441,46.875,8.67625491736553));
#5474=CARTESIAN_POINT('Ctrl Pts',(-57.7178466713887,46.875,8.60154101312556));
#5475=CARTESIAN_POINT('Ctrl Pts',(-57.7604196477352,46.875,8.52454220264035));
#5476=CARTESIAN_POINT('Ctrl Pts',(-57.7799627579109,46.875,8.48919592512238));
#5477=CARTESIAN_POINT('Ctrl Pts',(-57.7987171786532,46.875,8.45336764684319));
#5478=CARTESIAN_POINT('Ctrl Pts',(-57.8166746084855,46.875,8.41708834742648));
#5479=CARTESIAN_POINT('Ctrl Pts',(-57.8268856274698,46.875,8.39645908040217));
#5480=CARTESIAN_POINT('Ctrl Pts',(-57.8368389211771,46.875,8.37568395996784));
#5481=CARTESIAN_POINT('Ctrl Pts',(-57.8465327006097,46.875,8.35476851563926));
#5482=CARTESIAN_POINT('Ctrl Pts',(-57.8546144679212,46.875,8.33733117291293));
#5483=CARTESIAN_POINT('Ctrl Pts',(-57.8625178613279,46.875,8.31979143076341));
#5484=CARTESIAN_POINT('Ctrl Pts',(-57.8702294565865,46.875,8.30218130917626));
#5485=CARTESIAN_POINT('Ctrl Pts',(-57.9068033434812,46.875,8.21866154789089));
#5486=CARTESIAN_POINT('Ctrl Pts',(-57.9391166487191,46.875,8.13345814051408));
#5487=CARTESIAN_POINT('Ctrl Pts',(-57.9671427612004,46.875,8.04696952801136));
#5488=CARTESIAN_POINT('Ctrl Pts',(-57.9956320793256,46.875,7.9590514624064));
#5489=CARTESIAN_POINT('Ctrl Pts',(-58.0196918152052,46.875,7.86980460390059));
#5490=CARTESIAN_POINT('Ctrl Pts',(-58.0392549986442,46.875,7.77961036543333));
#5491=CARTESIAN_POINT('Ctrl Pts',(-58.0578130074089,46.875,7.69405039135123));
#5492=CARTESIAN_POINT('Ctrl Pts',(-58.0723246699989,46.875,7.60763696396319));
#5493=CARTESIAN_POINT('Ctrl Pts',(-58.0826951439991,46.875,7.52067535428174));
#5494=CARTESIAN_POINT('Ctrl Pts',(-58.0873051690686,46.875,7.48201798908227));
#5495=CARTESIAN_POINT('Ctrl Pts',(-58.0910963386096,46.875,7.44325210051135));
#5496=CARTESIAN_POINT('Ctrl Pts',(-58.0940577334385,46.875,7.40440381069988));
#5497=CARTESIAN_POINT('Ctrl Pts',(-58.0958056347588,46.875,7.38147442067476));
#5498=CARTESIAN_POINT('Ctrl Pts',(-58.0972644360119,46.875,7.35851631860999));
#5499=CARTESIAN_POINT('Ctrl Pts',(-58.0984316138214,46.875,7.33553484368962));
#5500=CARTESIAN_POINT('Ctrl Pts',(-58.0990631568395,46.875,7.32309990025921));
#5501=CARTESIAN_POINT('Ctrl Pts',(-58.0996092117706,46.875,7.31065927036468));
#5502=CARTESIAN_POINT('Ctrl Pts',(-58.1000691690096,46.875,7.29822380191326));
#5503=CARTESIAN_POINT('Ctrl Pts',(-58.1035933214892,46.875,7.20294432100304));
#5504=CARTESIAN_POINT('Ctrl Pts',(-58.1020753617018,46.875,7.10781177087331));
#5505=CARTESIAN_POINT('Ctrl Pts',(-58.0954540220391,46.875,7.01322604165249));
#5506=CARTESIAN_POINT('Ctrl Pts',(-58.0889810596308,46.875,6.92075987909536));
#5507=CARTESIAN_POINT('Ctrl Pts',(-58.0776310734122,46.875,6.82881535412186));
#5508=CARTESIAN_POINT('Ctrl Pts',(-58.0613017390811,46.875,6.7377491478661));
#5509=CARTESIAN_POINT('Ctrl Pts',(-58.045043331179,46.875,6.64707848748359));
#5510=CARTESIAN_POINT('Ctrl Pts',(-58.0238492310564,46.875,6.5572776277558));
#5511=CARTESIAN_POINT('Ctrl Pts',(-57.9979931037888,46.875,6.46858846170526));
#5512=CARTESIAN_POINT('Ctrl Pts',(-57.9828651212507,46.875,6.41669793140849));
#5513=CARTESIAN_POINT('Ctrl Pts',(-57.9661402080351,46.875,6.36518797074591));
#5514=CARTESIAN_POINT('Ctrl Pts',(-57.9478651412542,46.875,6.31410812170102));
#5515=CARTESIAN_POINT('Ctrl Pts',(-57.9432051882434,46.875,6.30108328851161));
#5516=CARTESIAN_POINT('Ctrl Pts',(-57.9384444161922,46.875,6.28808642795514));
#5517=CARTESIAN_POINT('Ctrl Pts',(-57.933583543029,46.875,6.27511837715481));
#5518=CARTESIAN_POINT('Ctrl Pts',(-57.9284326973908,46.875,6.26137672505684));
#5519=CARTESIAN_POINT('Ctrl Pts',(-57.9231725256281,46.875,6.24767567779183));
#5520=CARTESIAN_POINT('Ctrl Pts',(-57.9178056658286,46.875,6.23401954890228));
#5521=CARTESIAN_POINT('Ctrl Pts',(-57.8818674670034,46.875,6.14257376989081));
#5522=CARTESIAN_POINT('Ctrl Pts',(-57.8411321008445,46.875,6.05309329027329));
#5523=CARTESIAN_POINT('Ctrl Pts',(-57.7959736813478,46.875,5.96585308923899));
#5524=CARTESIAN_POINT('Ctrl Pts',(-57.751312645448,46.875,5.87957376871066));
#5525=CARTESIAN_POINT('Ctrl Pts',(-57.7023248611478,46.875,5.79548488243922));
#5526=CARTESIAN_POINT('Ctrl Pts',(-57.6493153159271,46.875,5.71385625316659));
#5527=CARTESIAN_POINT('Ctrl Pts',(-57.5957937466148,46.875,5.6314391654269));
#5528=CARTESIAN_POINT('Ctrl Pts',(-57.5381719313905,46.875,5.55152926180688));
#5529=CARTESIAN_POINT('Ctrl Pts',(-57.4767127407002,46.875,5.47442019632942));
#5530=CARTESIAN_POINT('Ctrl Pts',(-57.4531735725083,46.875,5.44488705017175));
#5531=CARTESIAN_POINT('Ctrl Pts',(-57.4290709940447,46.875,5.41576499790566));
#5532=CARTESIAN_POINT('Ctrl Pts',(-57.4044180223953,46.875,5.38707155161774));
#5533=CARTESIAN_POINT('Ctrl Pts',(-57.3871293969876,46.875,5.36694942388482));
#5534=CARTESIAN_POINT('Ctrl Pts',(-57.3695700723847,46.875,5.34703809417597));
#5535=CARTESIAN_POINT('Ctrl Pts',(-57.3517442793227,46.875,5.3273438097464));
#5536=CARTESIAN_POINT('Ctrl Pts',(-57.3402635714902,46.875,5.31465969943959));
#5537=CARTESIAN_POINT('Ctrl Pts',(-57.3286773958922,46.875,5.30207127837093));
#5538=CARTESIAN_POINT('Ctrl Pts',(-57.3169918340427,46.875,5.28958487502491));
#5539=CARTESIAN_POINT('Ctrl Pts',(-57.2461434898557,46.875,5.21388111226929));
#5540=CARTESIAN_POINT('Ctrl Pts',(-57.1715946021003,46.875,5.14186845325431));
#5541=CARTESIAN_POINT('Ctrl Pts',(-57.0936732515873,46.875,5.0738675884052));
#5542=CARTESIAN_POINT('Ctrl Pts',(-57.0352322387026,46.875,5.02286693976837));
#5543=CARTESIAN_POINT('Ctrl Pts',(-56.9748929713913,46.875,4.97412317159382));
#5544=CARTESIAN_POINT('Ctrl Pts',(-56.9127757248025,46.875,4.92778249529758));
#5545=CARTESIAN_POINT('Ctrl Pts',(-56.8914462698823,46.875,4.91187030632739));
#5546=CARTESIAN_POINT('Ctrl Pts',(-56.8699070583911,46.875,4.89624155552771));
#5547=CARTESIAN_POINT('Ctrl Pts',(-56.8481625921884,46.875,4.88090250133229));
#5548=CARTESIAN_POINT('Ctrl Pts',(-56.8256377518343,46.875,4.86501295298857));
#5549=CARTESIAN_POINT('Ctrl Pts',(-56.8028874583184,46.875,4.84943098387024));
#5550=CARTESIAN_POINT('Ctrl Pts',(-56.7799452746154,46.875,4.83418235886899));
#5551=CARTESIAN_POINT('Ctrl Pts',(-56.6949969030947,46.875,4.77772104382787));
#5552=CARTESIAN_POINT('Ctrl Pts',(-56.6073642238315,46.875,4.72578471016793));
#5553=CARTESIAN_POINT('Ctrl Pts',(-56.51733201932,46.875,4.67868585429861));
#5554=CARTESIAN_POINT('Ctrl Pts',(-56.4500745568993,46.875,4.64350122735456));
#5555=CARTESIAN_POINT('Ctrl Pts',(-56.3814770362632,46.875,4.61101668212582));
#5556=CARTESIAN_POINT('Ctrl Pts',(-56.3116448704965,46.875,4.58137610438649));
#5557=CARTESIAN_POINT('Ctrl Pts',(-56.2652533163258,46.875,4.56168499996848));
#5558=CARTESIAN_POINT('Ctrl Pts',(-56.2183166461452,46.875,4.54324927959985));
#5559=CARTESIAN_POINT('Ctrl Pts',(-56.1708821406557,46.875,4.5260562699055));
#5560=CARTESIAN_POINT('Ctrl Pts',(56.1687992825324,46.875,4.53077704625417));
#5561=CARTESIAN_POINT('Ctrl Pts',(56.2618521331533,46.875,4.56481619467566));
#5562=CARTESIAN_POINT('Ctrl Pts',(56.3528431166082,46.875,4.60362151759094));
#5563=CARTESIAN_POINT('Ctrl Pts',(56.4415624539499,46.875,4.64686572688268));
#5564=CARTESIAN_POINT('Ctrl Pts',(56.532239507972,46.875,4.69106418033807));
#5565=CARTESIAN_POINT('Ctrl Pts',(56.620544225252,46.875,4.739900197331));
#5566=CARTESIAN_POINT('Ctrl Pts',(56.7062237416192,46.875,4.79306985603787));
#5567=CARTESIAN_POINT('Ctrl Pts',(56.7878036924168,46.875,4.84369547024697));
#5568=CARTESIAN_POINT('Ctrl Pts',(56.8670038698714,46.875,4.89825083403551));
#5569=CARTESIAN_POINT('Ctrl Pts',(56.9435742265116,46.875,4.95650260347736));
#5570=CARTESIAN_POINT('Ctrl Pts',(57.0105732885717,46.875,5.00747290173897));
#5571=CARTESIAN_POINT('Ctrl Pts',(57.0755586143876,46.875,5.06127392627391));
#5572=CARTESIAN_POINT('Ctrl Pts',(57.1383391006469,46.875,5.11776161003836));
#5573=CARTESIAN_POINT('Ctrl Pts',(57.1539711398576,46.875,5.13182677168563));
#5574=CARTESIAN_POINT('Ctrl Pts',(57.1694705072103,46.875,5.14606257314143));
#5575=CARTESIAN_POINT('Ctrl Pts',(57.1848102566387,46.875,5.16044415588367));
#5576=CARTESIAN_POINT('Ctrl Pts',(57.2572277969678,46.875,5.22833827978006));
#5577=CARTESIAN_POINT('Ctrl Pts',(57.3261791125994,46.875,5.29955430650618));
#5578=CARTESIAN_POINT('Ctrl Pts',(57.3914230732946,46.875,5.37380279850436));
#5579=CARTESIAN_POINT('Ctrl Pts',(57.4563075968471,46.875,5.44764224627037));
#5580=CARTESIAN_POINT('Ctrl Pts',(57.5175259896128,46.875,5.52448163315741));
#5581=CARTESIAN_POINT('Ctrl Pts',(57.5747974696863,46.875,5.60406305172838));
#5582=CARTESIAN_POINT('Ctrl Pts',(57.6287679534301,46.875,5.67905758044982));
#5583=CARTESIAN_POINT('Ctrl Pts',(57.6792333907067,46.875,5.75648789197476));
#5584=CARTESIAN_POINT('Ctrl Pts',(57.7259172155829,46.875,5.8361508474899));
#5585=CARTESIAN_POINT('Ctrl Pts',(57.7622130100807,46.875,5.89808729485956));
#5586=CARTESIAN_POINT('Ctrl Pts',(57.7962221562394,46.875,5.96137364397643));
#5587=CARTESIAN_POINT('Ctrl Pts',(57.8277955372522,46.875,6.02591632379029));
#5588=CARTESIAN_POINT('Ctrl Pts',(57.8342172106779,46.875,6.03904358474518));
#5589=CARTESIAN_POINT('Ctrl Pts',(57.840538128611,46.875,6.05222312507893));
#5590=CARTESIAN_POINT('Ctrl Pts',(57.846750754235,46.875,6.0654404679178));
#5591=CARTESIAN_POINT('Ctrl Pts',(57.8873034266327,46.875,6.15171615979914));
#5592=CARTESIAN_POINT('Ctrl Pts',(57.9233162200354,46.875,6.23974239271914));
#5593=CARTESIAN_POINT('Ctrl Pts',(57.9545298251306,46.875,6.32927730374837));
#5594=CARTESIAN_POINT('Ctrl Pts',(57.9857434302258,46.875,6.4188122147776));
#5595=CARTESIAN_POINT('Ctrl Pts',(58.0121583036463,46.875,6.50985652413074));
#5596=CARTESIAN_POINT('Ctrl Pts',(58.0334600191125,46.875,6.60217820600325));
#5597=CARTESIAN_POINT('Ctrl Pts',(58.0548757180022,46.875,6.69499389228506));
#5598=CARTESIAN_POINT('Ctrl Pts',(58.0711226824842,46.875,6.78910182691009));
#5599=CARTESIAN_POINT('Ctrl Pts',(58.0822753573619,46.875,6.88409543605597));
#5600=CARTESIAN_POINT('Ctrl Pts',(58.0879655090407,46.875,6.93256166057009));
#5601=CARTESIAN_POINT('Ctrl Pts',(58.0923287456112,46.875,6.98125826728589));
#5602=CARTESIAN_POINT('Ctrl Pts',(58.0953700423779,46.875,7.03012950847695));
#5603=CARTESIAN_POINT('Ctrl Pts',(58.0963292849697,46.875,7.04554378063126));
#5604=CARTESIAN_POINT('Ctrl Pts',(58.0971569962448,46.875,7.06097541350253));
#5605=CARTESIAN_POINT('Ctrl Pts',(58.0978532677834,46.875,7.07642262184736));
#5606=CARTESIAN_POINT('Ctrl Pts',(58.0984743097342,46.875,7.09020081594862));
#5607=CARTESIAN_POINT('Ctrl Pts',(58.0989905242159,46.875,7.10398658374058));
#5608=CARTESIAN_POINT('Ctrl Pts',(58.099402062345,46.875,7.11777092820669));
#5609=CARTESIAN_POINT('Ctrl Pts',(58.1021863670075,46.875,7.21103036604101));
#5610=CARTESIAN_POINT('Ctrl Pts',(58.1001887139987,46.8750000000001,7.30433336510897));
#5611=CARTESIAN_POINT('Ctrl Pts',(58.0935363750699,46.875,7.3973043225232));
#5612=CARTESIAN_POINT('Ctrl Pts',(58.0868784630956,46.875,7.49035316703598));
#5613=CARTESIAN_POINT('Ctrl Pts',(58.0755576918744,46.875,7.58307038913146));
#5614=CARTESIAN_POINT('Ctrl Pts',(58.0596510056594,46.875,7.67506697133295));
#5615=CARTESIAN_POINT('Ctrl Pts',(58.0439798245297,46.875,7.76570150598837));
#5616=CARTESIAN_POINT('Ctrl Pts',(58.0238570652915,46.875,7.85563741824011));
#5617=CARTESIAN_POINT('Ctrl Pts',(57.9993134493081,46.875,7.94447725488266));
#5618=CARTESIAN_POINT('Ctrl Pts',(57.9904402797779,46.875,7.97659521712956));
#5619=CARTESIAN_POINT('Ctrl Pts',(57.9809889198404,46.875,8.00856961625207));
#5620=CARTESIAN_POINT('Ctrl Pts',(57.9709595831735,46.875,8.04038051570801));
#5621=CARTESIAN_POINT('Ctrl Pts',(57.9640135101471,46.875,8.06241196584221));
#5622=CARTESIAN_POINT('Ctrl Pts',(57.9567901909607,46.875,8.08436497796927));
#5623=CARTESIAN_POINT('Ctrl Pts',(57.9492895240411,46.875,8.10623272407173));
#5624=CARTESIAN_POINT('Ctrl Pts',(57.9446947100867,46.875,8.11962862953184));
#5625=CARTESIAN_POINT('Ctrl Pts',(57.9399965771431,46.875,8.13299017590048));
#5626=CARTESIAN_POINT('Ctrl Pts',(57.9351982234399,46.875,8.14630775576733));
#5627=CARTESIAN_POINT('Ctrl Pts',(57.9047315935797,46.875,8.23086629428604));
#5628=CARTESIAN_POINT('Ctrl Pts',(57.870195282523,46.875,8.313750403876));
#5629=CARTESIAN_POINT('Ctrl Pts',(57.8316410467524,46.875,8.39459135408516));
#5630=CARTESIAN_POINT('Ctrl Pts',(57.8028780029577,46.875,8.45490202410073));
#5631=CARTESIAN_POINT('Ctrl Pts',(57.7718777773505,46.875,8.51407508267845));
#5632=CARTESIAN_POINT('Ctrl Pts',(57.7386482897012,46.875,8.57194445174861));
#5633=CARTESIAN_POINT('Ctrl Pts',(57.7191776002024,46.875,8.60585278426777));
#5634=CARTESIAN_POINT('Ctrl Pts',(57.6989413221698,46.875,8.63931328940441));
#5635=CARTESIAN_POINT('Ctrl Pts',(57.6779393813937,46.875,8.67229035282512));
#5636=CARTESIAN_POINT('Ctrl Pts',(57.6686101479876,46.875,8.68693903339123));
#5637=CARTESIAN_POINT('Ctrl Pts',(57.6591345034717,46.875,8.70148490737459));
#5638=CARTESIAN_POINT('Ctrl Pts',(57.6495142100227,46.875,8.71592304807605));
#5639=CARTESIAN_POINT('Ctrl Pts',(57.6018795749136,46.875,8.78741312970579));
#5640=CARTESIAN_POINT('Ctrl Pts',(57.5506900504163,46.875,8.8562823961868));
#5641=CARTESIAN_POINT('Ctrl Pts',(57.4959709681601,46.875,8.92217610075004));
#5642=CARTESIAN_POINT('Ctrl Pts',(57.4592450937776,46.875,8.96640206026202));
#5643=CARTESIAN_POINT('Ctrl Pts',(57.420928554994,46.875,9.00928690724703));
#5644=CARTESIAN_POINT('Ctrl Pts',(57.381021421139,46.875,9.05071250755676));
#5645=CARTESIAN_POINT('Ctrl Pts',(57.3521861656984,46.875,9.08064494447517));
#5646=CARTESIAN_POINT('Ctrl Pts',(57.3225202893119,46.875,9.10981529433118));
#5647=CARTESIAN_POINT('Ctrl Pts',(57.2920619412327,46.875,9.13820660016133));
#5648=CARTESIAN_POINT('Ctrl Pts',(53.4615340033352,46.875,9.13598720337512));
#5649=CARTESIAN_POINT('Ctrl Pts',(53.3999242879503,46.875,9.07808919932479));
#5650=CARTESIAN_POINT('Ctrl Pts',(53.3416799788586,46.875,9.01704062662358));
#5651=CARTESIAN_POINT('Ctrl Pts',(53.2868001785144,46.875,8.95322619081532));
#5652=CARTESIAN_POINT('Ctrl Pts',(53.2304678063768,46.875,8.88772269912693));
#5653=CARTESIAN_POINT('Ctrl Pts',(53.177679966313,46.875,8.81930455995643));
#5654=CARTESIAN_POINT('Ctrl Pts',(53.1284611194458,46.875,8.74833929533063));
#5655=CARTESIAN_POINT('Ctrl Pts',(53.0784656584202,46.875,8.67625428425053));
#5656=CARTESIAN_POINT('Ctrl Pts',(53.0321522545865,46.875,8.60154052142637));
#5657=CARTESIAN_POINT('Ctrl Pts',(52.9895792195474,46.875,8.52454187060505));
#5658=CARTESIAN_POINT('Ctrl Pts',(52.9700361911884,46.875,8.48919586308604));
#5659=CARTESIAN_POINT('Ctrl Pts',(52.9512818400466,46.875,8.45336786402));
#5660=CARTESIAN_POINT('Ctrl Pts',(52.9333244679403,46.875,8.4170888519295));
#5661=CARTESIAN_POINT('Ctrl Pts',(52.9231134826417,46.875,8.39645975002587));
#5662=CARTESIAN_POINT('Ctrl Pts',(52.9131602187362,46.875,8.37568479736056));
#5663=CARTESIAN_POINT('Ctrl Pts',(52.903466465277,46.875,8.35476952325074));
#5664=CARTESIAN_POINT('Ctrl Pts',(52.8953846595252,46.875,8.33733219277695));
#5665=CARTESIAN_POINT('Ctrl Pts',(52.8874812276848,46.875,8.31979246312574));
#5666=CARTESIAN_POINT('Ctrl Pts',(52.8797695941306,46.875,8.30218235425066));
#5667=CARTESIAN_POINT('Ctrl Pts',(52.8431955034943,46.875,8.21866260274945));
#5668=CARTESIAN_POINT('Ctrl Pts',(52.8108820025455,46.875,8.1334592079934));
#5669=CARTESIAN_POINT('Ctrl Pts',(52.7828557081192,46.875,8.04697060704939));
#5670=CARTESIAN_POINT('Ctrl Pts',(52.7543662297504,46.875,7.95905262944364));
#5671=CARTESIAN_POINT('Ctrl Pts',(52.7303063401601,46.875,7.86980586014236));
#5672=CARTESIAN_POINT('Ctrl Pts',(52.7107430154444,46.875,7.77961170701714));
#5673=CARTESIAN_POINT('Ctrl Pts',(52.6921849029254,46.875,7.69405195341762));
#5674=CARTESIAN_POINT('Ctrl Pts',(52.6776731345741,46.875,7.60763874582356));
#5675=CARTESIAN_POINT('Ctrl Pts',(52.6673025574468,46.875,7.52067734945856));
#5676=CARTESIAN_POINT('Ctrl Pts',(52.6626924871632,46.875,7.48202008436241));
#5677=CARTESIAN_POINT('Ctrl Pts',(52.6589012727039,46.875,7.4432542946463));
#5678=CARTESIAN_POINT('Ctrl Pts',(52.6559398336527,46.875,7.40440610192086));
#5679=CARTESIAN_POINT('Ctrl Pts',(52.6541919379609,46.875,7.38147718542895));
#5680=CARTESIAN_POINT('Ctrl Pts',(52.6527331320834,46.875,7.35851955732324));
#5681=CARTESIAN_POINT('Ctrl Pts',(52.6515659393398,46.875,7.33553855639087));
#5682=CARTESIAN_POINT('Ctrl Pts',(52.6509343760246,46.875,7.32310362889921));
#5683=CARTESIAN_POINT('Ctrl Pts',(52.6503883010625,46.875,7.31066301423463));
#5684=CARTESIAN_POINT('Ctrl Pts',(52.6499283241182,46.875,7.29822756080326));
#5685=CARTESIAN_POINT('Ctrl Pts',(52.6464040220732,46.875,7.20294823320923));
#5686=CARTESIAN_POINT('Ctrl Pts',(52.6479218468269,46.875,7.10781581988809));
#5687=CARTESIAN_POINT('Ctrl Pts',(52.6545430716289,46.875,7.01323020473869));
#5688=CARTESIAN_POINT('Ctrl Pts',(52.6610159418746,46.875,6.92076386621689));
#5689=CARTESIAN_POINT('Ctrl Pts',(52.6723658854999,46.875,6.82881914680876));
#5690=CARTESIAN_POINT('Ctrl Pts',(52.6886952330923,46.875,6.737752725103));
#5691=CARTESIAN_POINT('Ctrl Pts',(52.7049535867397,46.875,6.64708222641165));
#5692=CARTESIAN_POINT('Ctrl Pts',(52.7261476470358,46.875,6.55728150032894));
#5693=CARTESIAN_POINT('Ctrl Pts',(52.7520037457806,46.875,6.46859244302531));
#5694=CARTESIAN_POINT('Ctrl Pts',(52.7671317301641,46.875,6.41670191278251));
#5695=CARTESIAN_POINT('Ctrl Pts',(52.7838566530072,46.875,6.36519194457716));
#5696=CARTESIAN_POINT('Ctrl Pts',(52.8021317364058,46.875,6.31411208116192));
#5697=CARTESIAN_POINT('Ctrl Pts',(52.8067916856448,46.875,6.30108726669407));
#5698=CARTESIAN_POINT('Ctrl Pts',(52.8115524540326,46.875,6.28809042431859));
#5699=CARTESIAN_POINT('Ctrl Pts',(52.8164133236309,46.875,6.2751223911676));
#5700=CARTESIAN_POINT('Ctrl Pts',(52.8215642068883,46.875,6.26138064733223));
#5701=CARTESIAN_POINT('Ctrl Pts',(52.8268244182596,46.875,6.24767950806366));
#5702=CARTESIAN_POINT('Ctrl Pts',(52.8321913194352,46.875,6.23402328741506));
#5703=CARTESIAN_POINT('Ctrl Pts',(52.8681295651139,46.875,6.14257747973995));
#5704=CARTESIAN_POINT('Ctrl Pts',(52.9088649983269,46.875,6.05309695060054));
#5705=CARTESIAN_POINT('Ctrl Pts',(52.9540235001876,46.875,5.96585668400242));
#5706=CARTESIAN_POINT('Ctrl Pts',(52.99868458885,46.875,5.87957735406618));
#5707=CARTESIAN_POINT('Ctrl Pts',(53.0476724353412,46.875,5.79548843987513));
#5708=CARTESIAN_POINT('Ctrl Pts',(53.1006820483179,46.875,5.71385976800943));
#5709=CARTESIAN_POINT('Ctrl Pts',(53.154203711261,46.875,5.63144259842902));
#5710=CARTESIAN_POINT('Ctrl Pts',(53.2118256296558,46.875,5.55153260036637));
#5711=CARTESIAN_POINT('Ctrl Pts',(53.2732849287795,46.875,5.47442343197795));
#5712=CARTESIAN_POINT('Ctrl Pts',(53.2968240720803,46.875,5.44489032973982));
#5713=CARTESIAN_POINT('Ctrl Pts',(53.3209266232474,46.875,5.41576831782914));
#5714=CARTESIAN_POINT('Ctrl Pts',(53.3455795650648,46.875,5.38707490841186));
#5715=CARTESIAN_POINT('Ctrl Pts',(53.3628683217343,46.875,5.36695262941129));
#5716=CARTESIAN_POINT('Ctrl Pts',(53.3804277811177,46.875,5.34704115043131));
#5717=CARTESIAN_POINT('Ctrl Pts',(53.3982537123205,46.875,5.32734671891717));
#5718=CARTESIAN_POINT('Ctrl Pts',(53.4097344643595,46.875,5.31466256333549));
#5719=CARTESIAN_POINT('Ctrl Pts',(53.4213206847464,46.875,5.30207409714161));
#5720=CARTESIAN_POINT('Ctrl Pts',(53.4330062917985,46.875,5.28958764900021));
#5721=CARTESIAN_POINT('Ctrl Pts',(53.5038547757564,46.875,5.21388375814601));
#5722=CARTESIAN_POINT('Ctrl Pts',(53.5784038059105,46.875,5.14187096754995));
#5723=CARTESIAN_POINT('Ctrl Pts',(53.6563252964529,46.875,5.0738699725508));
#5724=CARTESIAN_POINT('Ctrl Pts',(53.7147664143598,46.875,5.02286922630143));
#5725=CARTESIAN_POINT('Ctrl Pts',(53.775105785366,46.875,4.97412536131369));
#5726=CARTESIAN_POINT('Ctrl Pts',(53.8372231322492,46.875,4.92778459104146));
#5727=CARTESIAN_POINT('Ctrl Pts',(53.8585525841689,46.875,4.91187239773257));
#5728=CARTESIAN_POINT('Ctrl Pts',(53.8800917915227,46.875,4.89624364193358));
#5729=CARTESIAN_POINT('Ctrl Pts',(53.90183625239,46.875,4.88090458212783));
#5730=CARTESIAN_POINT('Ctrl Pts',(53.9243611738485,46.875,4.8650149668608));
#5731=CARTESIAN_POINT('Ctrl Pts',(53.9471115489223,46.875,4.84943293252325));
#5732=CARTESIAN_POINT('Ctrl Pts',(53.9700538143545,46.875,4.83418424425856));
#5733=CARTESIAN_POINT('Ctrl Pts',(54.0550023114977,46.875,4.77772281261342));
#5734=CARTESIAN_POINT('Ctrl Pts',(54.1426351075894,46.875,4.72578637020662));
#5735=CARTESIAN_POINT('Ctrl Pts',(54.2326674155399,46.875,4.67868741798081));
#5736=CARTESIAN_POINT('Ctrl Pts',(54.299924944471,46.875,4.64350272468506));
#5737=CARTESIAN_POINT('Ctrl Pts',(54.3685225237187,46.875,4.61101811915323));
#5738=CARTESIAN_POINT('Ctrl Pts',(54.43835473832,46.875,4.58137748898996));
#5739=CARTESIAN_POINT('Ctrl Pts',(54.4847463299082,46.875,4.56168634763349));
#5740=CARTESIAN_POINT('Ctrl Pts',(54.5316830333082,46.875,4.54325059407292));
#5741=CARTESIAN_POINT('Ctrl Pts',(54.5791175681028,46.875,4.52605755463695));
#5742=CARTESIAN_POINT('Origin',(65.375,44.375,0.));
#5743=CARTESIAN_POINT('',(67.875,44.375,0.));
#5744=CARTESIAN_POINT('',(67.875,44.375,0.));
#5745=CARTESIAN_POINT('Origin',(65.375,44.375,0.));
#5746=CARTESIAN_POINT('Origin',(67.875,-46.875,0.));
#5747=CARTESIAN_POINT('',(67.875,-44.375,0.));
#5748=CARTESIAN_POINT('',(67.875,-44.375,0.));
#5749=CARTESIAN_POINT('',(67.875,46.875,0.));
#5750=CARTESIAN_POINT('Ctrl Pts',(67.875,31.4057770462542,8.29379928253233));
#5751=CARTESIAN_POINT('Ctrl Pts',(67.875,31.4398161946497,8.38685213308222));
#5752=CARTESIAN_POINT('Ctrl Pts',(67.875,31.4786215175317,8.47784311646916));
#5753=CARTESIAN_POINT('Ctrl Pts',(67.875,31.5218657267836,8.56656245374664));
#5754=CARTESIAN_POINT('Ctrl Pts',(67.875,31.5660641802253,8.65723950775834));
#5755=CARTESIAN_POINT('Ctrl Pts',(67.875,31.6149001972032,8.74554422502852));
#5756=CARTESIAN_POINT('Ctrl Pts',(67.875,31.6680698558938,8.83122374138695));
#5757=CARTESIAN_POINT('Ctrl Pts',(67.875,31.7186954701013,8.91280369219836));
#5758=CARTESIAN_POINT('Ctrl Pts',(67.875,31.7732508338898,8.9920038696674));
#5759=CARTESIAN_POINT('Ctrl Pts',(67.875,31.8315026033325,9.06857422632102));
#5760=CARTESIAN_POINT('Ctrl Pts',(67.875,31.8824729015948,9.13557328839293));
#5761=CARTESIAN_POINT('Ctrl Pts',(67.875,31.9362739261312,9.20055861422026));
#5762=CARTESIAN_POINT('Ctrl Pts',(67.875,31.9927616098979,9.26333910049063));
#5763=CARTESIAN_POINT('Ctrl Pts',(67.875,32.0068267721229,9.27897114034559));
#5764=CARTESIAN_POINT('Ctrl Pts',(67.875,32.0210625741704,9.29447050833152));
#5765=CARTESIAN_POINT('Ctrl Pts',(67.875,32.0354441575157,9.3098102583794));
#5766=CARTESIAN_POINT('Ctrl Pts',(67.875,32.1033382815088,9.38222779869914));
#5767=CARTESIAN_POINT('Ctrl Pts',(67.875,32.1745543083336,9.4511791143156));
#5768=CARTESIAN_POINT('Ctrl Pts',(67.875,32.2488028004318,9.51642307498824));
#5769=CARTESIAN_POINT('Ctrl Pts',(67.875,32.3226422482946,9.5813075985161));
#5770=CARTESIAN_POINT('Ctrl Pts',(67.875,32.3994816352795,9.6425259912501));
#5771=CARTESIAN_POINT('Ctrl Pts',(67.875,32.4790630539496,9.6997974712847));
#5772=CARTESIAN_POINT('Ctrl Pts',(67.875,32.554057582534,9.75376795482599));
#5773=CARTESIAN_POINT('Ctrl Pts',(67.875,32.6314878939081,9.80423339191506));
#5774=CARTESIAN_POINT('Ctrl Pts',(67.875,32.7111508492596,9.85091721661992));
#5775=CARTESIAN_POINT('Ctrl Pts',(67.875,32.7730872973194,9.8872130114634));
#5776=CARTESIAN_POINT('Ctrl Pts',(67.875,32.8363736471549,9.92122215791781));
#5777=CARTESIAN_POINT('Ctrl Pts',(67.875,32.9009163277121,9.95279553917069));
#5778=CARTESIAN_POINT('Ctrl Pts',(67.875,32.9140435891516,9.95921721280828));
#5779=CARTESIAN_POINT('Ctrl Pts',(67.875,32.9272231299704,9.96553813094419));
#5780=CARTESIAN_POINT('Ctrl Pts',(67.875,32.9404404732979,9.9717507567637));
#5781=CARTESIAN_POINT('Ctrl Pts',(67.875,33.0267161643554,10.012303428551));
#5782=CARTESIAN_POINT('Ctrl Pts',(67.875,33.1147423964105,10.048316221433));
#5783=CARTESIAN_POINT('Ctrl Pts',(67.875,33.2042773065404,10.0795298261039));
#5784=CARTESIAN_POINT('Ctrl Pts',(67.875,33.2938122166702,10.1107434307748));
#5785=CARTESIAN_POINT('Ctrl Pts',(67.875,33.3848565250904,10.1371583038676));
#5786=CARTESIAN_POINT('Ctrl Pts',(67.875,33.4771782060033,10.1584600191124));
#5787=CARTESIAN_POINT('Ctrl Pts',(67.875,33.5699938920232,10.1798757179417));
#5788=CARTESIAN_POINT('Ctrl Pts',(67.875,33.6641018263793,10.1961226823924));
#5789=CARTESIAN_POINT('Ctrl Pts',(67.875,33.7590954352522,10.2072753572675));
#5790=CARTESIAN_POINT('Ctrl Pts',(67.875,33.8075616597806,10.2129655089629));
#5791=CARTESIAN_POINT('Ctrl Pts',(67.875,33.8562582665113,10.2173287455492));
#5792=CARTESIAN_POINT('Ctrl Pts',(67.875,33.9051295077175,10.2203700423306));
#5793=CARTESIAN_POINT('Ctrl Pts',(67.875,33.9205437779047,10.2213292848044));
#5794=CARTESIAN_POINT('Ctrl Pts',(67.875,33.9359754088044,10.222156995995));
#5795=CARTESIAN_POINT('Ctrl Pts',(67.875,33.9514226151741,10.2228532674825));
#5796=CARTESIAN_POINT('Ctrl Pts',(67.875,33.9652008067333,10.2234743093527));
#5797=CARTESIAN_POINT('Ctrl Pts',(67.875,33.9789865719853,10.2239905237924));
#5798=CARTESIAN_POINT('Ctrl Pts',(67.875,33.9927709139116,10.224402061918));
#5799=CARTESIAN_POINT('Ctrl Pts',(67.875,34.0860303517411,10.2271863670697));
#5800=CARTESIAN_POINT('Ctrl Pts',(67.875,34.1793333508254,10.2251887145423));
#5801=CARTESIAN_POINT('Ctrl Pts',(67.875,34.2723043082728,10.2185363760897));
#5802=CARTESIAN_POINT('Ctrl Pts',(67.875,34.365353152798,10.2118784645934));
#5803=CARTESIAN_POINT('Ctrl Pts',(67.875,34.4580703749246,10.2005576938472));
#5804=CARTESIAN_POINT('Ctrl Pts',(67.875,34.5500669571789,10.1846510081067));
#5805=CARTESIAN_POINT('Ctrl Pts',(67.875,34.6407014919895,10.1689798274265));
#5806=CARTESIAN_POINT('Ctrl Pts',(67.875,34.730637404415,10.1488570686272));
#5807=CARTESIAN_POINT('Ctrl Pts',(67.875,34.8194772412507,10.1243134530741));
#5808=CARTESIAN_POINT('Ctrl Pts',(67.875,34.8515951990923,10.1154402849359));
#5809=CARTESIAN_POINT('Ctrl Pts',(67.875,34.8835695938514,10.1059889265503));
#5810=CARTESIAN_POINT('Ctrl Pts',(67.875,34.9153804889954,10.0959595915954));
#5811=CARTESIAN_POINT('Ctrl Pts',(67.875,34.9374118709466,10.0890135403098));
#5812=CARTESIAN_POINT('Ctrl Pts',(67.875,34.95936481538,10.0817902445816));
#5813=CARTESIAN_POINT('Ctrl Pts',(67.875,34.9812324943405,10.0742896028392));
#5814=CARTESIAN_POINT('Ctrl Pts',(67.875,34.9946283501035,10.0696948072464));
#5815=CARTESIAN_POINT('Ctrl Pts',(67.875,35.0079898471851,10.0649966933863));
#5816=CARTESIAN_POINT('Ctrl Pts',(67.875,35.0213073780681,10.0601983595257));
#5817=CARTESIAN_POINT('Ctrl Pts',(67.875,35.1058659238435,10.0297317409787));
#5818=CARTESIAN_POINT('Ctrl Pts',(67.875,35.1887500411281,9.99519544091065));
#5819=CARTESIAN_POINT('Ctrl Pts',(67.875,35.2695909994834,9.95664121586713));
#5820=CARTESIAN_POINT('Ctrl Pts',(67.875,35.3299017035124,9.92787816675227));
#5821=CARTESIAN_POINT('Ctrl Pts',(67.875,35.3890747953022,9.89687793360749));
#5822=CARTESIAN_POINT('Ctrl Pts',(67.875,35.4469441965622,9.86364843623306));
#5823=CARTESIAN_POINT('Ctrl Pts',(67.875,35.4808525499454,9.84417773988598));
#5824=CARTESIAN_POINT('Ctrl Pts',(67.875,35.5143130755423,9.82394145416299));
#5825=CARTESIAN_POINT('Ctrl Pts',(67.875,35.5472901589635,9.80293950485732));
#5826=CARTESIAN_POINT('Ctrl Pts',(67.875,35.5619388948615,9.79361023808165));
#5827=CARTESIAN_POINT('Ctrl Pts',(67.875,35.5764848235651,9.78413455901555));
#5828=CARTESIAN_POINT('Ctrl Pts',(67.875,35.5909230181214,9.77451422998191));
#5829=CARTESIAN_POINT('Ctrl Pts',(67.875,35.6624131005746,9.72687959580619));
#5830=CARTESIAN_POINT('Ctrl Pts',(67.875,35.7312823679189,9.67569007222778));
#5831=CARTESIAN_POINT('Ctrl Pts',(67.875,35.7971760733901,9.62097099088006));
#5832=CARTESIAN_POINT('Ctrl Pts',(67.875,35.8414020425755,9.5842451095804));
#5833=CARTESIAN_POINT('Ctrl Pts',(67.875,35.884286898705,9.54592856322289));
#5834=CARTESIAN_POINT('Ctrl Pts',(67.875,35.9257125075572,9.50602142113853));
#5835=CARTESIAN_POINT('Ctrl Pts',(67.875,35.9556449444754,9.47718616569814));
#5836=CARTESIAN_POINT('Ctrl Pts',(67.875,35.9848152943313,9.44752028931172));
#5837=CARTESIAN_POINT('Ctrl Pts',(67.875,36.0132066001613,9.41706194123259));
#5838=CARTESIAN_POINT('Ctrl Pts',(67.875,36.0109872033752,5.5865340033351));
#5839=CARTESIAN_POINT('Ctrl Pts',(67.875,35.9530891993254,5.52492428795083));
#5840=CARTESIAN_POINT('Ctrl Pts',(67.875,35.8920406266245,5.46667997885948));
#5841=CARTESIAN_POINT('Ctrl Pts',(67.875,35.8282261908169,5.41180017851572));
#5842=CARTESIAN_POINT('Ctrl Pts',(67.875,35.7627226991677,5.35546780641164));
#5843=CARTESIAN_POINT('Ctrl Pts',(67.875,35.6943045600404,5.30267996637758));
#5844=CARTESIAN_POINT('Ctrl Pts',(67.875,35.6233392954602,5.25346111953551));
#5845=CARTESIAN_POINT('Ctrl Pts',(67.875,35.5512542843779,5.20346565850181));
#5846=CARTESIAN_POINT('Ctrl Pts',(67.875,35.4765405215506,5.15715225466036));
#5847=CARTESIAN_POINT('Ctrl Pts',(67.875,35.3995418707259,5.11457921961411));
#5848=CARTESIAN_POINT('Ctrl Pts',(67.875,35.3641958631881,5.09503619124236));
#5849=CARTESIAN_POINT('Ctrl Pts',(67.875,35.3283678641027,5.07628184008862));
#5850=CARTESIAN_POINT('Ctrl Pts',(67.875,35.2920888519923,5.05832446797125));
#5851=CARTESIAN_POINT('Ctrl Pts',(67.875,35.2714597500797,5.04811348266758));
#5852=CARTESIAN_POINT('Ctrl Pts',(67.875,35.2506847974049,5.03816021875708));
#5853=CARTESIAN_POINT('Ctrl Pts',(67.875,35.2297695232859,5.02846646529322));
#5854=CARTESIAN_POINT('Ctrl Pts',(67.875,35.2123321945159,5.02038466033086));
#5855=CARTESIAN_POINT('Ctrl Pts',(67.875,35.1947924665884,5.01248122924475));
#5856=CARTESIAN_POINT('Ctrl Pts',(67.875,35.1771823594487,5.00476959640673));
#5857=CARTESIAN_POINT('Ctrl Pts',(67.875,35.0936626081327,4.96819550564394));
#5858=CARTESIAN_POINT('Ctrl Pts',(67.875,35.0084592135586,4.93588200455707));
#5859=CARTESIAN_POINT('Ctrl Pts',(67.875,34.9219706127909,4.90785570997956));
#5860=CARTESIAN_POINT('Ctrl Pts',(67.875,34.8340526353057,4.87936623143808));
#5861=CARTESIAN_POINT('Ctrl Pts',(67.875,34.7448058661183,4.85530634166775));
#5862=CARTESIAN_POINT('Ctrl Pts',(67.875,34.6546117131005,4.83574301676379));
#5863=CARTESIAN_POINT('Ctrl Pts',(67.875,34.5690519590348,4.8171849039429));
#5864=CARTESIAN_POINT('Ctrl Pts',(67.875,34.4826387509562,4.80267313533578));
#5865=CARTESIAN_POINT('Ctrl Pts',(67.875,34.3956773540958,4.79230255799974));
#5866=CARTESIAN_POINT('Ctrl Pts',(67.875,34.3570200890658,4.78769248765743));
#5867=CARTESIAN_POINT('Ctrl Pts',(67.875,34.3182542994144,4.7839012731367));
#5868=CARTESIAN_POINT('Ctrl Pts',(67.875,34.2794061067535,4.78093983402108));
#5869=CARTESIAN_POINT('Ctrl Pts',(67.875,34.2564771864096,4.77919193799466));
#5870=CARTESIAN_POINT('Ctrl Pts',(67.875,34.2335195544423,4.77773313187963));
#5871=CARTESIAN_POINT('Ctrl Pts',(67.875,34.2105385496405,4.77656593899684));
#5872=CARTESIAN_POINT('Ctrl Pts',(67.875,34.1981036219626,4.7759343757032));
#5873=CARTESIAN_POINT('Ctrl Pts',(67.875,34.1856630071155,4.77538830076545));
#5874=CARTESIAN_POINT('Ctrl Pts',(67.875,34.1732275535013,4.77492832384802));
#5875=CARTESIAN_POINT('Ctrl Pts',(67.875,34.0779482259487,4.77140402206206));
#5876=CARTESIAN_POINT('Ctrl Pts',(67.875,33.9828158126789,4.77292184707229));
#5877=CARTESIAN_POINT('Ctrl Pts',(67.875,33.8882301975908,4.77954307212921));
#5878=CARTESIAN_POINT('Ctrl Pts',(67.875,33.7957638614786,4.78601594245963));
#5879=CARTESIAN_POINT('Ctrl Pts',(67.875,33.7038191444624,4.79736588592059));
#5880=CARTESIAN_POINT('Ctrl Pts',(67.875,33.612752725103,4.81369523309222));
#5881=CARTESIAN_POINT('Ctrl Pts',(67.875,33.522082226549,4.82995358671509));
#5882=CARTESIAN_POINT('Ctrl Pts',(67.875,33.4322815006017,4.85114764697137));
#5883=CARTESIAN_POINT('Ctrl Pts',(67.875,33.3435924434291,4.87700374566282));
#5884=CARTESIAN_POINT('Ctrl Pts',(67.875,33.2917019131759,4.89213173004051));
#5885=CARTESIAN_POINT('Ctrl Pts',(67.875,33.2401919449602,4.90885665287841));
#5886=CARTESIAN_POINT('Ctrl Pts',(67.875,33.1891120815346,4.92713173627242));
#5887=CARTESIAN_POINT('Ctrl Pts',(67.875,33.1760872651576,4.93179168619237));
#5888=CARTESIAN_POINT('Ctrl Pts',(67.875,33.163090420881,4.93655245529067));
#5889=CARTESIAN_POINT('Ctrl Pts',(67.875,33.1501223858376,4.94141332562878));
#5890=CARTESIAN_POINT('Ctrl Pts',(67.875,33.1363806434516,4.94656420837503));
#5891=CARTESIAN_POINT('Ctrl Pts',(67.875,33.122679505629,4.95182441921032));
#5892=CARTESIAN_POINT('Ctrl Pts',(67.875,33.1090232864146,4.95719131982831));
#5893=CARTESIAN_POINT('Ctrl Pts',(67.875,33.0175774787955,4.99312956552567));
#5894=CARTESIAN_POINT('Ctrl Pts',(67.875,32.9280969497111,5.03386499875159));
#5895=CARTESIAN_POINT('Ctrl Pts',(67.875,32.840856683167,5.07902350062004));
#5896=CARTESIAN_POINT('Ctrl Pts',(67.875,32.7545773532826,5.1236845892909));
#5897=CARTESIAN_POINT('Ctrl Pts',(67.875,32.6704884391427,5.17267243578539));
#5898=CARTESIAN_POINT('Ctrl Pts',(67.875,32.5888597673265,5.22568204876131));
#5899=CARTESIAN_POINT('Ctrl Pts',(67.875,32.5064425977449,5.27920371173682));
#5900=CARTESIAN_POINT('Ctrl Pts',(67.875,32.4265325996825,5.33682563016505));
#5901=CARTESIAN_POINT('Ctrl Pts',(67.875,32.3494234312965,5.39828492932254));
#5902=CARTESIAN_POINT('Ctrl Pts',(67.875,32.3198903288724,5.42182407278535));
#5903=CARTESIAN_POINT('Ctrl Pts',(67.875,32.2907683167811,5.44592662412167));
#5904=CARTESIAN_POINT('Ctrl Pts',(67.875,32.2620749071891,5.47057956611527));
#5905=CARTESIAN_POINT('Ctrl Pts',(67.875,32.2419526278565,5.48786832308837));
#5906=CARTESIAN_POINT('Ctrl Pts',(67.875,32.2220411485518,5.50542778278442));
#5907=CARTESIAN_POINT('Ctrl Pts',(67.875,32.2023467167204,5.52325371430875));
#5908=CARTESIAN_POINT('Ctrl Pts',(67.875,32.1896625617943,5.53473446577659));
#5909=CARTESIAN_POINT('Ctrl Pts',(67.875,32.1770740962484,5.54632068557958));
#5910=CARTESIAN_POINT('Ctrl Pts',(67.875,32.1645876487435,5.55800629203864));
#5911=CARTESIAN_POINT('Ctrl Pts',(67.875,32.088883757919,5.62885477598497));
#5912=CARTESIAN_POINT('Ctrl Pts',(67.875,32.0168709673508,5.70340380612514));
#5913=CARTESIAN_POINT('Ctrl Pts',(67.875,31.9488699723775,5.78132529665149));
#5914=CARTESIAN_POINT('Ctrl Pts',(67.8749999999999,31.8978692261475,5.83976641454626));
#5915=CARTESIAN_POINT('Ctrl Pts',(67.875,31.8491253611784,5.90010578553877));
#5916=CARTESIAN_POINT('Ctrl Pts',(67.875,31.8027845909233,5.96222313240752));
#5917=CARTESIAN_POINT('Ctrl Pts',(67.875,31.7868723975876,5.98355258436607));
#5918=CARTESIAN_POINT('Ctrl Pts',(67.8749999999999,31.7712436417626,6.00509179175976));
#5919=CARTESIAN_POINT('Ctrl Pts',(67.8749999999999,31.7559045819321,6.02683625266746));
#5920=CARTESIAN_POINT('Ctrl Pts',(67.8749999999999,31.7400149665761,6.04936117425753));
#5921=CARTESIAN_POINT('Ctrl Pts',(67.875,31.7244329321538,6.07211154946436));
#5922=CARTESIAN_POINT('Ctrl Pts',(67.875,31.7091842438077,6.09505381503271));
#5923=CARTESIAN_POINT('Ctrl Pts',(67.875,31.6527228122226,6.18000231213612));
#5924=CARTESIAN_POINT('Ctrl Pts',(67.875,31.6007863698709,6.26763510818405));
#5925=CARTESIAN_POINT('Ctrl Pts',(67.875,31.5536874176948,6.35766741608667));
#5926=CARTESIAN_POINT('Ctrl Pts',(67.875,31.518502724509,6.42492494484272));
#5927=CARTESIAN_POINT('Ctrl Pts',(67.875,31.486018119073,6.49352252390774));
#5928=CARTESIAN_POINT('Ctrl Pts',(67.875,31.45637748899,6.56335473831995));
#5929=CARTESIAN_POINT('Ctrl Pts',(67.875,31.4366863476335,6.60974632990827));
#5930=CARTESIAN_POINT('Ctrl Pts',(67.875,31.4182505940729,6.6566830333083));
#5931=CARTESIAN_POINT('Ctrl Pts',(67.875,31.4010575546369,6.70411756810304));
#5932=CARTESIAN_POINT('Ctrl Pts',(67.875,-37.3442229537458,8.29379928253267));
#5933=CARTESIAN_POINT('Ctrl Pts',(67.875,-37.3101838276211,8.38685207220074));
#5934=CARTESIAN_POINT('Ctrl Pts',(67.875,-37.2713785184181,8.47784299548101));
#5935=CARTESIAN_POINT('Ctrl Pts',(67.875,-37.2281343164847,8.56656227426326));
#5936=CARTESIAN_POINT('Ctrl Pts',(67.875,-37.183935856092,8.65723929809544));
#5937=CARTESIAN_POINT('Ctrl Pts',(67.8749999999999,-37.1350998224892,8.74554398532029));
#5938=CARTESIAN_POINT('Ctrl Pts',(67.8749999999999,-37.0819301401617,8.83122347247381));
#5939=CARTESIAN_POINT('Ctrl Pts',(67.8749999999999,-37.031304480422,8.91280343258315));
#5940=CARTESIAN_POINT('Ctrl Pts',(67.875,-36.9767490611683,8.99200361794754));
#5941=CARTESIAN_POINT('Ctrl Pts',(67.875,-36.9184972289302,9.06857398140294));
#5942=CARTESIAN_POINT('Ctrl Pts',(67.875,-36.8675268757218,9.13557304942642));
#5943=CARTESIAN_POINT('Ctrl Pts',(67.875,-36.8137257906252,9.20055838036617));
#5944=CARTESIAN_POINT('Ctrl Pts',(67.875,-36.7572380424342,9.26333887111181));
#5945=CARTESIAN_POINT('Ctrl Pts',(67.875,-36.7431728088243,9.27897097358992));
#5946=CARTESIAN_POINT('Ctrl Pts',(67.875,-36.7289369337835,9.29447040313838));
#5947=CARTESIAN_POINT('Ctrl Pts',(67.875,-36.7145552760953,9.30981021346611));
#5948=CARTESIAN_POINT('Ctrl Pts',(67.875,-36.6466610785749,9.38222774243907));
#5949=CARTESIAN_POINT('Ctrl Pts',(67.875,-36.5754449751627,9.45117904663101));
#5950=CARTESIAN_POINT('Ctrl Pts',(67.875,-36.5011964062357,9.51642299623434));
#5951=CARTESIAN_POINT('Ctrl Pts',(67.875,-36.4273568686985,9.58130752041349));
#5952=CARTESIAN_POINT('Ctrl Pts',(67.875,-36.3505173907177,9.64252591283325));
#5953=CARTESIAN_POINT('Ctrl Pts',(67.875,-36.2709358826561,9.69979739186544));
#5954=CARTESIAN_POINT('Ctrl Pts',(67.875,-36.1959412861465,9.75376786272153));
#5955=CARTESIAN_POINT('Ctrl Pts',(67.875,-36.1185109093278,9.80423328803705));
#5956=CARTESIAN_POINT('Ctrl Pts',(67.875,-36.0388478933943,9.85091710228359));
#5957=CARTESIAN_POINT('Ctrl Pts',(67.875,-35.9769113755723,9.88721290227556));
#5958=CARTESIAN_POINT('Ctrl Pts',(67.875,-35.9136249579275,9.92122205300136));
#5959=CARTESIAN_POINT('Ctrl Pts',(67.875,-35.8490822127886,9.95279543768381));
#5960=CARTESIAN_POINT('Ctrl Pts',(67.875,-35.8359549720208,9.95921709548114));
#5961=CARTESIAN_POINT('Ctrl Pts',(67.875,-35.8227754523123,9.9655379982437));
#5962=CARTESIAN_POINT('Ctrl Pts',(67.875,-35.8095581304508,9.97175060921319));
#5963=CARTESIAN_POINT('Ctrl Pts',(67.875,-35.723282386178,10.0123032749415));
#5964=CARTESIAN_POINT('Ctrl Pts',(67.875,-35.6352561086748,10.0483160633866));
#5965=CARTESIAN_POINT('Ctrl Pts',(67.875,-35.5457211635137,10.0795296656603));
#5966=CARTESIAN_POINT('Ctrl Pts',(67.875,-35.4561862183526,10.1107432679341));
#5967=CARTESIAN_POINT('Ctrl Pts',(67.875,-35.3651418853129,10.1371581406691));
#5968=CARTESIAN_POINT('Ctrl Pts',(67.875,-35.2728201929723,10.1584598580399));
#5969=CARTESIAN_POINT('Ctrl Pts',(67.8749999999999,-35.1800044958581,10.1798755589156));
#5970=CARTESIAN_POINT('Ctrl Pts',(67.875,-35.085896563761,10.1961225279691));
#5971=CARTESIAN_POINT('Ctrl Pts',(67.875,-34.990902968347,10.2072752095895));
#5972=CARTESIAN_POINT('Ctrl Pts',(67.875,-34.9424367487751,10.2129653649507));
#5973=CARTESIAN_POINT('Ctrl Pts',(67.8749999999999,-34.8937401498993,10.2173286056561));
#5974=CARTESIAN_POINT('Ctrl Pts',(67.8749999999999,-34.8448689191703,10.2203699069566));
#5975=CARTESIAN_POINT('Ctrl Pts',(67.8749999999999,-34.8294546551123,10.2213291506799));
#5976=CARTESIAN_POINT('Ctrl Pts',(67.8749999999999,-34.8140230306086,10.2221568632081));
#5977=CARTESIAN_POINT('Ctrl Pts',(67.8749999999999,-34.7985758308929,10.2228531361195));
#5978=CARTESIAN_POINT('Ctrl Pts',(67.8749999999999,-34.784797638839,10.2234741795494));
#5979=CARTESIAN_POINT('Ctrl Pts',(67.875,-34.7710118732751,10.2239903955197));
#5980=CARTESIAN_POINT('Ctrl Pts',(67.875,-34.7572275312329,10.2244019351441));
#5981=CARTESIAN_POINT('Ctrl Pts',(67.875,-34.6639681222808,10.2271862495506));
#5982=CARTESIAN_POINT('Ctrl Pts',(67.875,-34.5706651608299,10.2251886078883));
#5983=CARTESIAN_POINT('Ctrl Pts',(67.875,-34.4776942476283,10.2185362814996));
#5984=CARTESIAN_POINT('Ctrl Pts',(67.875,-34.3846454468659,10.2118783820402));
#5985=CARTESIAN_POINT('Ctrl Pts',(67.875,-34.2919282751338,10.2005576244804));
#5986=CARTESIAN_POINT('Ctrl Pts',(67.875,-34.1999317478206,10.1846509526773));
#5987=CARTESIAN_POINT('Ctrl Pts',(67.875,-34.1092972558144,10.1689797837703));
#5988=CARTESIAN_POINT('Ctrl Pts',(67.875,-34.0193613907837,10.1488570363625));
#5989=CARTESIAN_POINT('Ctrl Pts',(67.875,-33.9305216040808,10.1243134314457));
#5990=CARTESIAN_POINT('Ctrl Pts',(67.875,-33.8984036594215,10.1154402657875));
#5991=CARTESIAN_POINT('Ctrl Pts',(67.875,-33.8664292782464,10.1059889096051));
#5992=CARTESIAN_POINT('Ctrl Pts',(67.875,-33.8346183970087,10.0959595765579));
#5993=CARTESIAN_POINT('Ctrl Pts',(67.875,-33.8125869374155,10.0890134990781));
#5994=CARTESIAN_POINT('Ctrl Pts',(67.875,-33.7906339161155,10.0817901748174));
#5995=CARTESIAN_POINT('Ctrl Pts',(67.875,-33.7687661611198,10.0742895021967));
#5996=CARTESIAN_POINT('Ctrl Pts',(67.875,-33.7553702430825,10.0696946823045));
#5997=CARTESIAN_POINT('Ctrl Pts',(67.875,-33.7420086843325,10.0649965430968));
#5998=CARTESIAN_POINT('Ctrl Pts',(67.875,-33.7286910922349,10.0601981827896));
#5999=CARTESIAN_POINT('Ctrl Pts',(67.875,-33.6441326045127,10.0297315572798));
#6000=CARTESIAN_POINT('Ctrl Pts',(67.875,-33.5612485470327,9.9951952493356));
#6001=CARTESIAN_POINT('Ctrl Pts',(67.875,-33.4804076485052,9.95664101506654));
#6002=CARTESIAN_POINT('Ctrl Pts',(67.875,-33.4200970389166,9.92787798282246));
#6003=CARTESIAN_POINT('Ctrl Pts',(67.875,-33.3609240397037,9.89687776949062));
#6004=CARTESIAN_POINT('Ctrl Pts',(67.875,-33.3030547280191,9.86364829466863));
#6005=CARTESIAN_POINT('Ctrl Pts',(67.875,-33.2691464179498,9.84417760626909));
#6006=CARTESIAN_POINT('Ctrl Pts',(67.875,-33.2356859348781,9.82394132902081));
#6007=CARTESIAN_POINT('Ctrl Pts',(67.875,-33.2027088929826,9.80293938867977));
#6008=CARTESIAN_POINT('Ctrl Pts',(67.875,-33.1880602553586,9.79361017672587));
#6009=CARTESIAN_POINT('Ctrl Pts',(67.875,-33.1735144238294,9.78413455432026));
#6010=CARTESIAN_POINT('Ctrl Pts',(67.875,-33.1590763249158,9.77451428354238));
#6011=CARTESIAN_POINT('Ctrl Pts',(67.875,-33.0875862734726,9.72687964293454));
#6012=CARTESIAN_POINT('Ctrl Pts',(67.875,-33.0187170349524,9.67569010981916));
#6013=CARTESIAN_POINT('Ctrl Pts',(67.875,-32.9528233546674,9.6209710154924));
#6014=CARTESIAN_POINT('Ctrl Pts',(67.875,-32.9085974529609,9.58424516747934));
#6015=CARTESIAN_POINT('Ctrl Pts',(67.875,-32.8657126596064,9.5459286564941));
#6016=CARTESIAN_POINT('Ctrl Pts',(67.875,-32.8242871079652,9.50602155175446));
#6017=CARTESIAN_POINT('Ctrl Pts',(67.875,-32.7943546868282,9.47718629867745));
#6018=CARTESIAN_POINT('Ctrl Pts',(67.875,-32.7651843511479,9.44752042426634));
#6019=CARTESIAN_POINT('Ctrl Pts',(67.875,-32.736793058003,9.41706207779335));
#6020=CARTESIAN_POINT('Ctrl Pts',(67.875,-32.7390127966249,5.5865340033351));
#6021=CARTESIAN_POINT('Ctrl Pts',(67.875,-32.7969107413457,5.52492435108326));
#6022=CARTESIAN_POINT('Ctrl Pts',(67.875,-32.8579592593297,5.46668010815183));
#6023=CARTESIAN_POINT('Ctrl Pts',(67.875,-32.9217736440633,5.41180037501254));
#6024=CARTESIAN_POINT('Ctrl Pts',(67.875,-32.9872770909097,5.3554680653358));
#6025=CARTESIAN_POINT('Ctrl Pts',(67.875,-33.0556951897502,5.30268028965867));
#6026=CARTESIAN_POINT('Ctrl Pts',(67.875,-33.1266604173579,5.25346150701098));
#6027=CARTESIAN_POINT('Ctrl Pts',(67.875,-33.1987454732749,5.20346605404162));
#6028=CARTESIAN_POINT('Ctrl Pts',(67.875,-33.2734592903599,5.15715266651165));
#6029=CARTESIAN_POINT('Ctrl Pts',(67.875,-33.3504580024424,5.1145796540312));
#6030=CARTESIAN_POINT('Ctrl Pts',(67.875,-33.3858041134944,5.09503659433249));
#6031=CARTESIAN_POINT('Ctrl Pts',(67.875,-33.4216322196271,5.07628221653516));
#6032=CARTESIAN_POINT('Ctrl Pts',(67.875,-33.457911341895,5.05832482232647));
#6033=CARTESIAN_POINT('Ctrl Pts',(67.875,-33.4785405070755,5.04811382414947));
#6034=CARTESIAN_POINT('Ctrl Pts',(67.875,-33.499315524033,5.03816054885359));
#6035=CARTESIAN_POINT('Ctrl Pts',(67.875,-33.5202308633735,5.02846678547102));
#6036=CARTESIAN_POINT('Ctrl Pts',(67.875,-33.5376681974381,5.02038499498732));
#6037=CARTESIAN_POINT('Ctrl Pts',(67.875,-33.5552079307619,5.01248157838945));
#6038=CARTESIAN_POINT('Ctrl Pts',(67.875,-33.5728180433835,5.00476995999999));
#6039=CARTESIAN_POINT('Ctrl Pts',(67.875,-33.6563377986601,4.96819594741348));
#6040=CARTESIAN_POINT('Ctrl Pts',(67.875,-33.7415411982869,4.93588252143912));
#6041=CARTESIAN_POINT('Ctrl Pts',(67.875,-33.8280298037002,4.90785629670932));
#6042=CARTESIAN_POINT('Ctrl Pts',(67.875,-33.9159478150114,4.87936687973899));
#6043=CARTESIAN_POINT('Ctrl Pts',(67.875,-34.0051946184835,4.85530704903527));
#6044=CARTESIAN_POINT('Ctrl Pts',(67.875,-34.095388804299,4.8357437784286));
#6045=CARTESIAN_POINT('Ctrl Pts',(67.875,-34.1809486427756,4.81718570555453));
#6046=CARTESIAN_POINT('Ctrl Pts',(67.875,-34.2673619349908,4.80267397764339));
#6047=CARTESIAN_POINT('Ctrl Pts',(67.875,-34.3543234134955,4.79230343997021));
#6048=CARTESIAN_POINT('Ctrl Pts',(67.875,-34.3929807169718,4.78769338700265));
#6049=CARTESIAN_POINT('Ctrl Pts',(67.875,-34.4317465445892,4.78390218974416));
#6050=CARTESIAN_POINT('Ctrl Pts',(67.875,-34.4705947745369,4.78094076762469));
#6051=CARTESIAN_POINT('Ctrl Pts',(67.875,-34.4935238751883,4.77919286956241));
#6052=CARTESIAN_POINT('Ctrl Pts',(67.875,-34.5164816876224,4.77773406531031));
#6053=CARTESIAN_POINT('Ctrl Pts',(67.875,-34.5394628728993,4.7765668782107));
#6054=CARTESIAN_POINT('Ctrl Pts',(67.875,-34.5518978056747,4.77593532274718));
#6055=CARTESIAN_POINT('Ctrl Pts',(67.875,-34.5643384253491,4.77538925552343));
#6056=CARTESIAN_POINT('Ctrl Pts',(67.875,-34.5767738837095,4.77492928618075));
#6057=CARTESIAN_POINT('Ctrl Pts',(67.875,-34.6720532700804,4.77140504160127));
#6058=CARTESIAN_POINT('Ctrl Pts',(67.875,-34.7671857358374,4.77292291823617));
#6059=CARTESIAN_POINT('Ctrl Pts',(67.875,-34.8617713946913,4.77954418716959));
#6060=CARTESIAN_POINT('Ctrl Pts',(67.875,-34.9542376650168,4.78601709279306));
#6061=CARTESIAN_POINT('Ctrl Pts',(67.875,-35.046182309141,4.79736705270237));
#6062=CARTESIAN_POINT('Ctrl Pts',(67.875,-35.1372486475068,4.81369639507046));
#6063=CARTESIAN_POINT('Ctrl Pts',(67.875,-35.227919208162,4.82995476950622));
#6064=CARTESIAN_POINT('Ctrl Pts',(67.875,-35.3177199854428,4.85114884504264));
#6065=CARTESIAN_POINT('Ctrl Pts',(67.875,-35.406409084388,4.87700495468037));
#6066=CARTESIAN_POINT('Ctrl Pts',(67.875,-35.4582996146345,4.89213293833529));
#6067=CARTESIAN_POINT('Ctrl Pts',(67.875,-35.5098095799272,4.90885785746231));
#6068=CARTESIAN_POINT('Ctrl Pts',(67.875,-35.5608894378087,4.92713293446141));
#6069=CARTESIAN_POINT('Ctrl Pts',(67.875,-35.5739142615286,4.9317928858836));
#6070=CARTESIAN_POINT('Ctrl Pts',(67.875,-35.5869111129396,4.93655365644492));
#6071=CARTESIAN_POINT('Ctrl Pts',(67.875,-35.5998791549128,4.94141452821076));
#6072=CARTESIAN_POINT('Ctrl Pts',(67.875,-35.6136208618911,4.94656539644542));
#6073=CARTESIAN_POINT('Ctrl Pts',(67.875,-35.6273219642049,4.95182559200238));
#6074=CARTESIAN_POINT('Ctrl Pts',(67.875,-35.6409781480053,4.95719247666059));
#6075=CARTESIAN_POINT('Ctrl Pts',(67.875,-35.7324239445739,4.99313070434083));
#6076=CARTESIAN_POINT('Ctrl Pts',(67.875,-35.8219044546006,5.03386611179349));
#6077=CARTESIAN_POINT('Ctrl Pts',(67.875,-35.9091446959303,5.07902458201099));
#6078=CARTESIAN_POINT('Ctrl Pts',(67.875,-35.9954240222077,5.12368565042049));
#6079=CARTESIAN_POINT('Ctrl Pts',(67.875,-36.0795129256337,5.17267347303934));
#6080=CARTESIAN_POINT('Ctrl Pts',(67.875,-36.1611415811012,5.22568306000735));
#6081=CARTESIAN_POINT('Ctrl Pts',(67.875,-36.2435587191562,5.27920468696991));
#6082=CARTESIAN_POINT('Ctrl Pts',(67.875,-36.3234686808591,5.33682656571594));
#6083=CARTESIAN_POINT('Ctrl Pts',(67.875,-36.4005778096419,5.39828582316633));
#6084=CARTESIAN_POINT('Ctrl Pts',(67.875,-36.4301109290106,5.42182497625033));
#6085=CARTESIAN_POINT('Ctrl Pts',(67.875,-36.4592329566754,5.44592753813482));
#6086=CARTESIAN_POINT('Ctrl Pts',(67.875,-36.487926380501,5.47058049165403));
#6087=CARTESIAN_POINT('Ctrl Pts',(67.875,-36.5080486022926,5.4878691986953));
#6088=CARTESIAN_POINT('Ctrl Pts',(67.875,-36.5279600248121,5.50542860712389));
#6089=CARTESIAN_POINT('Ctrl Pts',(67.875,-36.5476544006855,5.52325448610453));
#6090=CARTESIAN_POINT('Ctrl Pts',(67.875,-36.5603385376577,5.53473522010166));
#6091=CARTESIAN_POINT('Ctrl Pts',(67.875,-36.572926985315,5.54632142220049));
#6092=CARTESIAN_POINT('Ctrl Pts',(67.875,-36.5854134150668,5.55800701078768));
#6093=CARTESIAN_POINT('Ctrl Pts',(67.875,-36.6611172566632,5.62885544103948));
#6094=CARTESIAN_POINT('Ctrl Pts',(67.875,-36.7331299966701,5.70340441647585));
#6095=CARTESIAN_POINT('Ctrl Pts',(67.875,-36.8011309416371,5.78132585320969));
#6096=CARTESIAN_POINT('Ctrl Pts',(67.875,-36.8521316503623,5.83976693076007));
#6097=CARTESIAN_POINT('Ctrl Pts',(67.875,-36.9008754781364,5.90010626191832));
#6098=CARTESIAN_POINT('Ctrl Pts',(67.875,-36.9472162122888,5.96222357025907));
#6099=CARTESIAN_POINT('Ctrl Pts',(67.875,-36.9631284039374,5.98355302334374));
#6100=CARTESIAN_POINT('Ctrl Pts',(67.875,-36.9787571578221,6.00509223229938));
#6101=CARTESIAN_POINT('Ctrl Pts',(67.875,-36.994096215479,6.02683669522904));
#6102=CARTESIAN_POINT('Ctrl Pts',(67.875,-37.0099858044064,6.0493615846407));
#6103=CARTESIAN_POINT('Ctrl Pts',(67.875,-37.0255678130837,6.07211192747566));
#6104=CARTESIAN_POINT('Ctrl Pts',(67.875,-37.0408164764666,6.09505416058884));
#6105=CARTESIAN_POINT('Ctrl Pts',(67.875,-37.097277863436,6.18000260946007));
#6106=CARTESIAN_POINT('Ctrl Pts',(67.875,-37.1492142641882,6.2676353606636));
#6107=CARTESIAN_POINT('Ctrl Pts',(67.875,-37.1963131795212,6.35766762887322));
#6108=CARTESIAN_POINT('Ctrl Pts',(67.875,-37.2314978478483,6.42492513307049));
#6109=CARTESIAN_POINT('Ctrl Pts',(67.875,-37.2639824306707,6.49352269065401));
#6110=CARTESIAN_POINT('Ctrl Pts',(67.875,-37.2936230410811,6.56335488737747));
#6111=CARTESIAN_POINT('Ctrl Pts',(67.875,-37.3133141682588,6.60974646460018));
#6112=CARTESIAN_POINT('Ctrl Pts',(67.875,-37.3317499090801,6.65668315524694));
#6113=CARTESIAN_POINT('Ctrl Pts',(67.875,-37.3489429371026,6.70411767879232));
#6114=CARTESIAN_POINT('Origin',(65.375,-44.375,0.));
#6115=CARTESIAN_POINT('',(65.375,-46.875,0.));
#6116=CARTESIAN_POINT('',(65.375,-46.875,0.));
#6117=CARTESIAN_POINT('Origin',(65.375,-44.375,0.));
#6118=CARTESIAN_POINT('Origin',(-67.875,-46.875,0.));
#6119=CARTESIAN_POINT('',(67.875,-46.875,0.));
#6120=CARTESIAN_POINT('Ctrl Pts',(-58.3442229537458,-46.875,8.29379928253241));
#6121=CARTESIAN_POINT('Ctrl Pts',(-58.3101838276565,-46.875,8.38685207210378));
#6122=CARTESIAN_POINT('Ctrl Pts',(-58.271378518499,-46.875,8.47784299529117));
#6123=CARTESIAN_POINT('Ctrl Pts',(-58.2281343166198,-46.875,8.56656227398601));
#6124=CARTESIAN_POINT('Ctrl Pts',(-58.1839358561857,-46.875,8.65723929792729));
#6125=CARTESIAN_POINT('Ctrl Pts',(-58.1350998225307,-46.875,8.74554398525579));
#6126=CARTESIAN_POINT('Ctrl Pts',(-58.081930140141,-46.875,8.83122347250699));
#6127=CARTESIAN_POINT('Ctrl Pts',(-58.0313044804011,-46.875,8.91280343261416));
#6128=CARTESIAN_POINT('Ctrl Pts',(-57.9767490611469,-46.875,8.99200361797759));
#6129=CARTESIAN_POINT('Ctrl Pts',(-57.9184972289089,-46.875,9.06857398143093));
#6130=CARTESIAN_POINT('Ctrl Pts',(-57.8675268757007,-46.875,9.1355730494526));
#6131=CARTESIAN_POINT('Ctrl Pts',(-57.8137257906043,-46.875,9.20055838039074));
#6132=CARTESIAN_POINT('Ctrl Pts',(-57.7572380424134,-46.875,9.26333887113483));
#6133=CARTESIAN_POINT('Ctrl Pts',(-57.7431728080711,-46.875,9.27897097442675));
#6134=CARTESIAN_POINT('Ctrl Pts',(-57.7289369322807,-46.875,9.29447040477423));
#6135=CARTESIAN_POINT('Ctrl Pts',(-57.7145552738281,-46.875,9.30981021588429));
#6136=CARTESIAN_POINT('Ctrl Pts',(-57.6466610762341,-46.875,9.38222774477958));
#6137=CARTESIAN_POINT('Ctrl Pts',(-57.5754449727516,-46.875,9.45117904889154));
#6138=CARTESIAN_POINT('Ctrl Pts',(-57.5011964037575,-46.875,9.51642299841197));
#6139=CARTESIAN_POINT('Ctrl Pts',(-57.4273568661348,-46.875,9.58130752252517));
#6140=CARTESIAN_POINT('Ctrl Pts',(-57.3505173880698,-46.875,9.64252591487432));
#6141=CARTESIAN_POINT('Ctrl Pts',(-57.2709358799256,-46.875,9.6997973938304));
#6142=CARTESIAN_POINT('Ctrl Pts',(-57.1959412835844,-46.875,9.75376786443758));
#6143=CARTESIAN_POINT('Ctrl Pts',(-57.1185109069516,-46.875,9.80423328952222));
#6144=CARTESIAN_POINT('Ctrl Pts',(-57.0388478912191,-46.875,9.85091710355828));
#6145=CARTESIAN_POINT('Ctrl Pts',(-56.9769113725315,-46.875,9.88721290398538));
#6146=CARTESIAN_POINT('Ctrl Pts',(-56.913624953986,-46.875,9.92122205508308));
#6147=CARTESIAN_POINT('Ctrl Pts',(-56.8490822079149,-46.875,9.95279544006794));
#6148=CARTESIAN_POINT('Ctrl Pts',(-56.8359549673765,-46.875,9.95921709772181));
#6149=CARTESIAN_POINT('Ctrl Pts',(-56.8227754479016,-46.875,9.96553800034337));
#6150=CARTESIAN_POINT('Ctrl Pts',(-56.8095581262754,-46.875,9.97175061117575));
#6151=CARTESIAN_POINT('Ctrl Pts',(-56.723282382642,-46.875,10.0123032764304));
#6152=CARTESIAN_POINT('Ctrl Pts',(-56.6352561058104,-46.875,10.0483160644711));
#6153=CARTESIAN_POINT('Ctrl Pts',(-56.5457211613471,-46.875,10.0795296664157));
#6154=CARTESIAN_POINT('Ctrl Pts',(-56.4561862168838,-46.875,10.1107432683602));
#6155=CARTESIAN_POINT('Ctrl Pts',(-56.3651418845688,-46.875,10.1371581408407));
#6156=CARTESIAN_POINT('Ctrl Pts',(-56.272820192973,-46.875,10.1584598580397));
#6157=CARTESIAN_POINT('Ctrl Pts',(-56.180004495929,-46.875,10.1798755588992));
#6158=CARTESIAN_POINT('Ctrl Pts',(-56.0858965639039,-46.875,10.1961225279444));
#6159=CARTESIAN_POINT('Ctrl Pts',(-55.990902968563,-46.875,10.207275209564));
#6160=CARTESIAN_POINT('Ctrl Pts',(-55.9424367489873,-46.875,10.2129653649297));
#6161=CARTESIAN_POINT('Ctrl Pts',(-55.8937401501077,-46.875,10.2173286056394));
#6162=CARTESIAN_POINT('Ctrl Pts',(-55.8448689193747,-46.875,10.2203699069438));
#6163=CARTESIAN_POINT('Ctrl Pts',(-55.8294546530998,-46.875,10.2213291508063));
#6164=CARTESIAN_POINT('Ctrl Pts',(-55.8140230263746,-46.875,10.2221568634357));
#6165=CARTESIAN_POINT('Ctrl Pts',(-55.7985758244329,-46.875,10.2228531364105));
#6166=CARTESIAN_POINT('Ctrl Pts',(-55.784797634111,-46.875,10.2234741797296));
#6167=CARTESIAN_POINT('Ctrl Pts',(-55.7710118702846,-46.875,10.2239903956154));
#6168=CARTESIAN_POINT('Ctrl Pts',(-55.757227529979,-46.875,10.2244019351816));
#6169=CARTESIAN_POINT('Ctrl Pts',(-55.6639681210304,-46.875,10.227186249545));
#6170=CARTESIAN_POINT('Ctrl Pts',(-55.5706651595849,-46.875,10.2251886078408));
#6171=CARTESIAN_POINT('Ctrl Pts',(-55.47769424639,-46.875,10.2185362814109));
#6172=CARTESIAN_POINT('Ctrl Pts',(-55.3846454456274,-46.875,10.2118783819099));
#6173=CARTESIAN_POINT('Ctrl Pts',(-55.2919282738971,-46.875,10.2005576243086));
#6174=CARTESIAN_POINT('Ctrl Pts',(-55.1999317465872,-46.875,10.184650952464));
#6175=CARTESIAN_POINT('Ctrl Pts',(-55.1092972544628,-46.875,10.1689797834951));
#6176=CARTESIAN_POINT('Ctrl Pts',(-55.0193613893176,-46.875,10.1488570360133));
#6177=CARTESIAN_POINT('Ctrl Pts',(-54.9305216025057,-46.875,10.1243134310105));
#6178=CARTESIAN_POINT('Ctrl Pts',(-54.898403657383,-46.875,10.1154402652041));
#6179=CARTESIAN_POINT('Ctrl Pts',(-54.8664292757487,-46.875,10.1059889088566));
#6180=CARTESIAN_POINT('Ctrl Pts',(-54.8346183940575,-46.875,10.0959595756274));
#6181=CARTESIAN_POINT('Ctrl Pts',(-54.8125869276827,-46.875,10.0890134959826));
#6182=CARTESIAN_POINT('Ctrl Pts',(-54.7906338996505,-46.875,10.0817901693861));
#6183=CARTESIAN_POINT('Ctrl Pts',(-54.7687661379768,-46.875,10.0742894942585));
#6184=CARTESIAN_POINT('Ctrl Pts',(-54.7553702142358,-46.875,10.0696946722774));
#6185=CARTESIAN_POINT('Ctrl Pts',(-54.7420086498264,-46.875,10.0649965308973));
#6186=CARTESIAN_POINT('Ctrl Pts',(-54.7286910521055,-46.875,10.0601981683309));
#6187=CARTESIAN_POINT('Ctrl Pts',(-54.6441325651435,-46.875,10.0297315416151));
#6188=CARTESIAN_POINT('Ctrl Pts',(-54.5612485084705,-46.875,9.99519523249848));
#6189=CARTESIAN_POINT('Ctrl Pts',(-54.4804076107982,-46.875,9.9566409970835));
#6190=CARTESIAN_POINT('Ctrl Pts',(-54.4200970048264,-46.875,9.92787796540511));
#6191=CARTESIAN_POINT('Ctrl Pts',(-54.3609240091452,-46.875,9.89687775287481));
#6192=CARTESIAN_POINT('Ctrl Pts',(-54.3030547008837,-46.875,9.86364827908698));
#6193=CARTESIAN_POINT('Ctrl Pts',(-54.2691463929345,-46.875,9.84417759135913));
#6194=CARTESIAN_POINT('Ctrl Pts',(-54.2356859119426,-46.875,9.82394131486764));
#6195=CARTESIAN_POINT('Ctrl Pts',(-54.2027088720808,-46.875,9.80293937536812));
#6196=CARTESIAN_POINT('Ctrl Pts',(-54.1880602404425,-46.875,9.7936101670247));
#6197=CARTESIAN_POINT('Ctrl Pts',(-54.1735144148329,-46.875,9.78413454835737));
#6198=CARTESIAN_POINT('Ctrl Pts',(-54.1590763217451,-46.875,9.77451428142959));
#6199=CARTESIAN_POINT('Ctrl Pts',(-54.0875862703938,-46.875,9.72687964072615));
#6200=CARTESIAN_POINT('Ctrl Pts',(-54.0187170319695,-46.875,9.67569010751724));
#6201=CARTESIAN_POINT('Ctrl Pts',(-53.9528233517848,-46.875,9.6209710130986));
#6202=CARTESIAN_POINT('Ctrl Pts',(-53.9085974510976,-46.875,9.58424516581441));
#6203=CARTESIAN_POINT('Ctrl Pts',(-53.8657126587065,-46.875,9.5459286556271));
#6204=CARTESIAN_POINT('Ctrl Pts',(-53.8242871079655,-46.875,9.50602155175463));
#6205=CARTESIAN_POINT('Ctrl Pts',(-53.7943546868284,-46.875,9.4771862986776));
#6206=CARTESIAN_POINT('Ctrl Pts',(-53.7651843511482,-46.875,9.44752042426657));
#6207=CARTESIAN_POINT('Ctrl Pts',(-53.7367930580032,-46.875,9.41706207779356));
#6208=CARTESIAN_POINT('Ctrl Pts',(-53.7390127966249,-46.875,5.58653400333507));
#6209=CARTESIAN_POINT('Ctrl Pts',(-53.7969107412436,-46.875,5.52492435119189));
#6210=CARTESIAN_POINT('Ctrl Pts',(-53.8579592591149,-46.875,5.46668010835688));
#6211=CARTESIAN_POINT('Ctrl Pts',(-53.9217736437261,-46.875,5.41180037530254));
#6212=CARTESIAN_POINT('Ctrl Pts',(-53.9872770905564,-46.875,5.35546806561895));
#6213=CARTESIAN_POINT('Ctrl Pts',(-54.0556951893805,-46.875,5.30268028993442));
#6214=CARTESIAN_POINT('Ctrl Pts',(-54.1266604169723,-46.875,5.25346150727842));
#6215=CARTESIAN_POINT('Ctrl Pts',(-54.1987454728959,-46.875,5.20346605428479));
#6216=CARTESIAN_POINT('Ctrl Pts',(-54.2734592899893,-46.875,5.15715266673219));
#6217=CARTESIAN_POINT('Ctrl Pts',(-54.3504580020819,-46.875,5.11457965423055));
#6218=CARTESIAN_POINT('Ctrl Pts',(-54.3858041131997,-46.875,5.09503659448829));
#6219=CARTESIAN_POINT('Ctrl Pts',(-54.4216322194001,-46.875,5.07628221665047));
#6220=CARTESIAN_POINT('Ctrl Pts',(-54.4579113417376,-46.875,5.0583248224044));
#6221=CARTESIAN_POINT('Ctrl Pts',(-54.4785405069959,-46.875,5.04811382418716));
#6222=CARTESIAN_POINT('Ctrl Pts',(-54.4993155240323,-46.875,5.03816054885307));
#6223=CARTESIAN_POINT('Ctrl Pts',(-54.5202308634529,-46.875,5.02846678543421));
#6224=CARTESIAN_POINT('Ctrl Pts',(-54.5376681980428,-46.875,5.02038499470775));
#6225=CARTESIAN_POINT('Ctrl Pts',(-54.5552079318973,-46.875,5.01248157787812));
#6226=CARTESIAN_POINT('Ctrl Pts',(-54.5728180450538,-46.875,5.00476995926848));
#6227=CARTESIAN_POINT('Ctrl Pts',(-54.6563378002569,-46.875,4.96819594678086));
#6228=CARTESIAN_POINT('Ctrl Pts',(-54.7415411998042,-46.875,4.93588252089551));
#6229=CARTESIAN_POINT('Ctrl Pts',(-54.8280298051322,-46.875,4.90785629624532));
#6230=CARTESIAN_POINT('Ctrl Pts',(-54.9159478164705,-46.875,4.87936687931901));
#6231=CARTESIAN_POINT('Ctrl Pts',(-55.0051946199679,-46.875,4.85530704866086));
#6232=CARTESIAN_POINT('Ctrl Pts',(-55.0953888058069,-46.875,4.83574377810152));
#6233=CARTESIAN_POINT('Ctrl Pts',(-55.1809486441678,-46.875,4.8171857053023));
#6234=CARTESIAN_POINT('Ctrl Pts',(-55.2673619362631,-46.875,4.80267397745455));
#6235=CARTESIAN_POINT('Ctrl Pts',(-55.354323414645,-46.875,4.79230343983313));
#6236=CARTESIAN_POINT('Ctrl Pts',(-55.392980718141,-46.875,4.7876933868797));
#6237=CARTESIAN_POINT('Ctrl Pts',(-55.4317465457779,-46.875,4.7839021896362));
#6238=CARTESIAN_POINT('Ctrl Pts',(-55.470594775745,-46.875,4.78094076753258));
#6239=CARTESIAN_POINT('Ctrl Pts',(-55.4935238755585,-46.875,4.77919286954441));
#6240=CARTESIAN_POINT('Ctrl Pts',(-55.5164816871531,-46.875,4.77773406534532));
#6241=CARTESIAN_POINT('Ctrl Pts',(-55.5394628715884,-46.875,4.77656687827733));
#6242=CARTESIAN_POINT('Ctrl Pts',(-55.5518978054285,-46.875,4.77593532275371));
#6243=CARTESIAN_POINT('Ctrl Pts',(-55.5643384261679,-46.875,4.77538925548441));
#6244=CARTESIAN_POINT('Ctrl Pts',(-55.5767738855933,-46.875,4.77492928611101));
#6245=CARTESIAN_POINT('Ctrl Pts',(-55.672053272007,-46.875,4.77140504159638));
#6246=CARTESIAN_POINT('Ctrl Pts',(-55.7671857378043,-46.875,4.77292291830117));
#6247=CARTESIAN_POINT('Ctrl Pts',(-55.861771396695,-46.875,4.77954418730982));
#6248=CARTESIAN_POINT('Ctrl Pts',(-55.9542376663449,-46.875,4.78601709295704));
#6249=CARTESIAN_POINT('Ctrl Pts',(-56.0461823097993,-46.875,4.79736705282045));
#6250=CARTESIAN_POINT('Ctrl Pts',(-56.1372486475073,-46.875,4.8136963950706));
#6251=CARTESIAN_POINT('Ctrl Pts',(-56.2279192081404,-46.875,4.82995476950242));
#6252=CARTESIAN_POINT('Ctrl Pts',(-56.317719985399,-46.875,4.85114884503231));
#6253=CARTESIAN_POINT('Ctrl Pts',(-56.406409084323,-46.875,4.87700495466143));
#6254=CARTESIAN_POINT('Ctrl Pts',(-56.4582996145711,-46.875,4.8921329383154));
#6255=CARTESIAN_POINT('Ctrl Pts',(-56.5098095798654,-46.875,4.90885785744151));
#6256=CARTESIAN_POINT('Ctrl Pts',(-56.5608894377485,-46.875,4.92713293443988));
#6257=CARTESIAN_POINT('Ctrl Pts',(-56.5739142600253,-46.875,4.93179288534543));
#6258=CARTESIAN_POINT('Ctrl Pts',(-56.5869111099995,-46.875,4.93655365536779));
#6259=CARTESIAN_POINT('Ctrl Pts',(-56.5998791505423,-46.875,4.94141452657255));
#6260=CARTESIAN_POINT('Ctrl Pts',(-56.6136208587169,-46.875,4.9465653952292));
#6261=CARTESIAN_POINT('Ctrl Pts',(-56.6273219622238,-46.875,4.95182559122865));
#6262=CARTESIAN_POINT('Ctrl Pts',(-56.6409781472079,-46.875,4.95719247634721));
#6263=CARTESIAN_POINT('Ctrl Pts',(-56.732423943821,-46.875,4.99313070401254));
#6264=CARTESIAN_POINT('Ctrl Pts',(-56.8219044538921,-46.875,5.03386611145518));
#6265=CARTESIAN_POINT('Ctrl Pts',(-56.9091446952649,-46.875,5.0790245816666));
#6266=CARTESIAN_POINT('Ctrl Pts',(-56.9954240215433,-46.875,5.12368565004851));
#6267=CARTESIAN_POINT('Ctrl Pts',(-57.0795129249708,-46.875,5.17267347263905));
#6268=CARTESIAN_POINT('Ctrl Pts',(-57.1611415804415,-46.875,5.22568305957892));
#6269=CARTESIAN_POINT('Ctrl Pts',(-57.2435587185608,-46.875,5.27920468655257));
#6270=CARTESIAN_POINT('Ctrl Pts',(-57.3234686803261,-46.875,5.33682656531599));
#6271=CARTESIAN_POINT('Ctrl Pts',(-57.4005778091681,-46.875,5.39828582278864));
#6272=CARTESIAN_POINT('Ctrl Pts',(-57.430110928325,-46.875,5.4218249756943));
#6273=CARTESIAN_POINT('Ctrl Pts',(-57.4592329557841,-46.875,5.44592753739227));
#6274=CARTESIAN_POINT('Ctrl Pts',(-57.4879263794105,-46.875,5.47058049071704));
#6275=CARTESIAN_POINT('Ctrl Pts',(-57.5080486004308,-46.875,5.48786919707929));
#6276=CARTESIAN_POINT('Ctrl Pts',(-57.5279600221952,-46.875,5.50542860480773));
#6277=CARTESIAN_POINT('Ctrl Pts',(-57.5476543973308,-46.875,5.52325448306809));
#6278=CARTESIAN_POINT('Ctrl Pts',(-57.5603385353146,-46.875,5.53473521794688));
#6279=CARTESIAN_POINT('Ctrl Pts',(-57.5729269839707,-46.875,5.54632142094608));
#6280=CARTESIAN_POINT('Ctrl Pts',(-57.5854134147045,-46.875,5.55800701044857));
#6281=CARTESIAN_POINT('Ctrl Pts',(-57.6611172563428,-46.875,5.62885544071678));
#6282=CARTESIAN_POINT('Ctrl Pts',(-57.7331299963896,-46.875,5.70340441617347));
#6283=CARTESIAN_POINT('Ctrl Pts',(-57.801130941393,-46.875,5.78132585292996));
#6284=CARTESIAN_POINT('Ctrl Pts',(-57.8521316501456,-46.875,5.83976693049732));
#6285=CARTESIAN_POINT('Ctrl Pts',(-57.9008754779458,-46.875,5.90010626167472));
#6286=CARTESIAN_POINT('Ctrl Pts',(-57.9472162121224,-46.875,5.96222357003598));
#6287=CARTESIAN_POINT('Ctrl Pts',(-57.9631284037644,-46.875,5.98355302310769));
#6288=CARTESIAN_POINT('Ctrl Pts',(-57.978757157643,-46.875,6.00509223205028));
#6289=CARTESIAN_POINT('Ctrl Pts',(-57.9940962152939,-46.875,6.0268366949666));
#6290=CARTESIAN_POINT('Ctrl Pts',(-58.0099858048003,-46.875,6.049361585194));
#6291=CARTESIAN_POINT('Ctrl Pts',(-58.0255678140342,-46.875,6.07211192886076));
#6292=CARTESIAN_POINT('Ctrl Pts',(-58.0408164779491,-46.875,6.09505416281918));
#6293=CARTESIAN_POINT('Ctrl Pts',(-58.0972778648295,-46.875,6.18000261172276));
#6294=CARTESIAN_POINT('Ctrl Pts',(-58.1492142654916,-46.875,6.26763536295502));
#6295=CARTESIAN_POINT('Ctrl Pts',(-58.1963131807334,-46.875,6.35766763119041));
#6296=CARTESIAN_POINT('Ctrl Pts',(-58.2314978485944,-46.875,6.42492513464602));
#6297=CARTESIAN_POINT('Ctrl Pts',(-58.2639824310109,-46.875,6.49352269145553));
#6298=CARTESIAN_POINT('Ctrl Pts',(-58.2936230410809,-46.875,6.56335488737682));
#6299=CARTESIAN_POINT('Ctrl Pts',(-58.3133141682586,-46.875,6.60974646459936));
#6300=CARTESIAN_POINT('Ctrl Pts',(-58.33174990908,-46.875,6.65668315524656));
#6301=CARTESIAN_POINT('Ctrl Pts',(-58.3489429371025,-46.875,6.70411767879187));
#6302=CARTESIAN_POINT('Ctrl Pts',(52.4057770462543,-46.875,8.29379928253258));
#6303=CARTESIAN_POINT('Ctrl Pts',(52.4398161946627,-46.875,8.3868521331176));
#6304=CARTESIAN_POINT('Ctrl Pts',(52.4786215175612,-46.875,8.4778431165382));
#6305=CARTESIAN_POINT('Ctrl Pts',(52.5218657268328,-46.875,8.56656245384745));
#6306=CARTESIAN_POINT('Ctrl Pts',(52.5660641802637,-46.875,8.6572395078283));
#6307=CARTESIAN_POINT('Ctrl Pts',(52.6149001972278,-46.875,8.74554422506922));
#6308=CARTESIAN_POINT('Ctrl Pts',(52.668069855902,-46.875,8.83122374140007));
#6309=CARTESIAN_POINT('Ctrl Pts',(52.7186954701097,-46.875,8.91280369221085));
#6310=CARTESIAN_POINT('Ctrl Pts',(52.7732508338982,-46.875,8.99200386967907));
#6311=CARTESIAN_POINT('Ctrl Pts',(52.8315026033408,-46.875,9.06857422633196));
#6312=CARTESIAN_POINT('Ctrl Pts',(52.8824729016031,-46.875,9.13557328840325));
#6313=CARTESIAN_POINT('Ctrl Pts',(52.9362739261391,-46.875,9.20055861422946));
#6314=CARTESIAN_POINT('Ctrl Pts',(52.9927616099057,-46.875,9.26333910049919));
#6315=CARTESIAN_POINT('Ctrl Pts',(53.0068267714474,-46.875,9.2789711395947));
#6316=CARTESIAN_POINT('Ctrl Pts',(53.0210625727955,-46.875,9.29447050683452));
#6317=CARTESIAN_POINT('Ctrl Pts',(53.0354441554278,-46.875,9.30981025615228));
#6318=CARTESIAN_POINT('Ctrl Pts',(53.1033382793566,-46.875,9.38222779654739));
#6319=CARTESIAN_POINT('Ctrl Pts',(53.1745543061207,-46.875,9.45117911224098));
#6320=CARTESIAN_POINT('Ctrl Pts',(53.2488027981613,-46.875,9.51642307299306));
#6321=CARTESIAN_POINT('Ctrl Pts',(53.3226422459414,-46.875,9.58130759657746));
#6322=CARTESIAN_POINT('Ctrl Pts',(53.3994816328447,-46.875,9.64252598937303));
#6323=CARTESIAN_POINT('Ctrl Pts',(53.4790630514341,-46.875,9.69979746947445));
#6324=CARTESIAN_POINT('Ctrl Pts',(53.5540575801738,-46.875,9.75376795324515));
#6325=CARTESIAN_POINT('Ctrl Pts',(53.6314878917186,-46.875,9.80423339054648));
#6326=CARTESIAN_POINT('Ctrl Pts',(53.7111508472554,-46.875,9.85091721544543));
#6327=CARTESIAN_POINT('Ctrl Pts',(53.7730872945497,-46.875,9.88721300990676));
#6328=CARTESIAN_POINT('Ctrl Pts',(53.8363736435883,-46.875,9.92122215603469));
#6329=CARTESIAN_POINT('Ctrl Pts',(53.9009163233212,-46.875,9.95279553702269));
#6330=CARTESIAN_POINT('Ctrl Pts',(53.9140435839958,-46.875,9.95921721031432));
#6331=CARTESIAN_POINT('Ctrl Pts',(53.9272231240465,-46.875,9.96553812811718));
#6332=CARTESIAN_POINT('Ctrl Pts',(53.9404404666018,-46.875,9.97175075361626));
#6333=CARTESIAN_POINT('Ctrl Pts',(54.0267161586847,-46.875,10.0123034261633));
#6334=CARTESIAN_POINT('Ctrl Pts',(54.1147423918168,-46.875,10.0483162196936));
#6335=CARTESIAN_POINT('Ctrl Pts',(54.2042773030659,-46.875,10.0795298248926));
#6336=CARTESIAN_POINT('Ctrl Pts',(54.293812214315,-46.875,10.1107434300916));
#6337=CARTESIAN_POINT('Ctrl Pts',(54.3848565238965,-46.875,10.1371583035922));
#6338=CARTESIAN_POINT('Ctrl Pts',(54.4771782060037,-46.875,10.1584600191125));
#6339=CARTESIAN_POINT('Ctrl Pts',(54.5699938921245,-46.875,10.1798757179651));
#6340=CARTESIAN_POINT('Ctrl Pts',(54.6641018265841,-46.875,10.1961226824278));
#6341=CARTESIAN_POINT('Ctrl Pts',(54.7590954355621,-46.875,10.2072753573039));
#6342=CARTESIAN_POINT('Ctrl Pts',(54.807561660085,-46.875,10.2129655089929));
#6343=CARTESIAN_POINT('Ctrl Pts',(54.8562582668097,-46.875,10.2173287455731));
#6344=CARTESIAN_POINT('Ctrl Pts',(54.90512950801,-46.875,10.2203700423488));
#6345=CARTESIAN_POINT('Ctrl Pts',(54.9205437787706,-46.875,10.2213292848566));
#6346=CARTESIAN_POINT('Ctrl Pts',(54.9359754102451,-46.875,10.2221569960714));
#6347=CARTESIAN_POINT('Ctrl Pts',(54.9514226171906,-46.875,10.2228532675734));
#6348=CARTESIAN_POINT('Ctrl Pts',(54.9652008110534,-46.875,10.2234743095372));
#6349=CARTESIAN_POINT('Ctrl Pts',(54.9789865786099,-46.875,10.2239905240355));
#6350=CARTESIAN_POINT('Ctrl Pts',(54.9927709228401,-46.875,10.2244020621847));
#6351=CARTESIAN_POINT('Ctrl Pts',(55.0860303606777,-46.875,10.227186367031));
#6352=CARTESIAN_POINT('Ctrl Pts',(55.1793333597573,-46.875,10.2251887142026));
#6353=CARTESIAN_POINT('Ctrl Pts',(55.2723043171889,-46.875,10.2185363754517));
#6354=CARTESIAN_POINT('Ctrl Pts',(55.3653531616903,-46.875,10.2118784636574));
#6355=CARTESIAN_POINT('Ctrl Pts',(55.4580703837812,-46.875,10.2005576926168));
#6356=CARTESIAN_POINT('Ctrl Pts',(55.5500669659868,-46.875,10.1846510065838));
#6357=CARTESIAN_POINT('Ctrl Pts',(55.6407015006479,-46.875,10.168979825633));
#6358=CARTESIAN_POINT('Ctrl Pts',(55.730637412913,-46.875,10.148857066575));
#6359=CARTESIAN_POINT('Ctrl Pts',(55.8194772495777,-46.875,10.1243134507736));
#6360=CARTESIAN_POINT('Ctrl Pts',(55.8515952100869,-46.875,10.1154402817916));
#6361=CARTESIAN_POINT('Ctrl Pts',(55.8835696074882,-46.875,10.1059889224653));
#6362=CARTESIAN_POINT('Ctrl Pts',(55.9153805052433,-46.875,10.0959595864727));
#6363=CARTESIAN_POINT('Ctrl Pts',(55.9374119291811,-46.875,10.0890135218012));
#6364=CARTESIAN_POINT('Ctrl Pts',(55.9593649152999,-46.875,10.0817902116294));
#6365=CARTESIAN_POINT('Ctrl Pts',(55.981232635606,-46.875,10.0742895543849));
#6366=CARTESIAN_POINT('Ctrl Pts',(55.9946285206573,-46.875,10.0696947479373));
#6367=CARTESIAN_POINT('Ctrl Pts',(56.0079900467823,-46.875,10.0649966227979));
#6368=CARTESIAN_POINT('Ctrl Pts',(56.0213076065304,-46.875,10.0601982772103));
#6369=CARTESIAN_POINT('Ctrl Pts',(56.1058661479239,-46.875,10.0297316518174));
#6370=CARTESIAN_POINT('Ctrl Pts',(56.1887502605615,-46.875,9.99519534509913));
#6371=CARTESIAN_POINT('Ctrl Pts',(56.2695912139964,-46.875,9.95664111356278));
#6372=CARTESIAN_POINT('Ctrl Pts',(56.3299018974493,-46.875,9.92787806766631));
#6373=CARTESIAN_POINT('Ctrl Pts',(56.3890749691477,-46.875,9.89687783908132));
#6374=CARTESIAN_POINT('Ctrl Pts',(56.4469443509348,-46.875,9.86364834758997));
#6375=CARTESIAN_POINT('Ctrl Pts',(56.4808526917528,-46.875,9.84417765535346));
#6376=CARTESIAN_POINT('Ctrl Pts',(56.5143132050269,-46.875,9.823941374248));
#6377=CARTESIAN_POINT('Ctrl Pts',(56.5472902764021,-46.875,9.80293943006484));
#6378=CARTESIAN_POINT('Ctrl Pts',(56.5619389787761,-46.875,9.79361018350698));
#6379=CARTESIAN_POINT('Ctrl Pts',(56.5764848743265,-46.875,9.78413452537391));
#6380=CARTESIAN_POINT('Ctrl Pts',(56.5909230362537,-46.875,9.77451421790014));
#6381=CARTESIAN_POINT('Ctrl Pts',(56.6624131182189,-46.875,9.7268795831525));
#6382=CARTESIAN_POINT('Ctrl Pts',(56.7312823850501,-46.875,9.67569005900991));
#6383=CARTESIAN_POINT('Ctrl Pts',(56.7971760899806,-46.875,9.62097097710323));
#6384=CARTESIAN_POINT('Ctrl Pts',(56.8414020533003,-46.875,9.58424509999785));
#6385=CARTESIAN_POINT('Ctrl Pts',(56.8842869038849,-46.875,9.54592855823291));
#6386=CARTESIAN_POINT('Ctrl Pts',(56.9257125075572,-46.875,9.50602142113861));
#6387=CARTESIAN_POINT('Ctrl Pts',(56.9556449444755,-46.875,9.47718616569814));
#6388=CARTESIAN_POINT('Ctrl Pts',(56.9848152943316,-46.875,9.44752028931157));
#6389=CARTESIAN_POINT('Ctrl Pts',(57.0132066001617,-46.875,9.41706194123234));
#6390=CARTESIAN_POINT('Ctrl Pts',(57.0109872033751,-46.875,5.58653400333497));
#6391=CARTESIAN_POINT('Ctrl Pts',(56.9530891993245,-46.875,5.52492428794989));
#6392=CARTESIAN_POINT('Ctrl Pts',(56.892040626623,-46.875,5.46667997885794));
#6393=CARTESIAN_POINT('Ctrl Pts',(56.8282261908144,-46.875,5.41180017851356));
#6394=CARTESIAN_POINT('Ctrl Pts',(56.762722699095,-46.875,5.35546780634927));
#6395=CARTESIAN_POINT('Ctrl Pts',(56.6943045598908,-46.875,5.30267996626222));
#6396=CARTESIAN_POINT('Ctrl Pts',(56.6233392952289,-46.875,5.25346111937516));
#6397=CARTESIAN_POINT('Ctrl Pts',(56.5512542841506,-46.875,5.20346565835598));
#6398=CARTESIAN_POINT('Ctrl Pts',(56.4765405213289,-46.875,5.15715225452838));
#6399=CARTESIAN_POINT('Ctrl Pts',(56.3995418705102,-46.875,5.11457921949482));
#6400=CARTESIAN_POINT('Ctrl Pts',(56.3641958630133,-46.875,5.09503619114998));
#6401=CARTESIAN_POINT('Ctrl Pts',(56.3283678639699,-46.875,5.07628184002122));
#6402=CARTESIAN_POINT('Ctrl Pts',(56.2920888519028,-46.875,5.05832446792695));
#6403=CARTESIAN_POINT('Ctrl Pts',(56.2714597500173,-46.875,5.04811348263762));
#6404=CARTESIAN_POINT('Ctrl Pts',(56.2506847973701,-46.875,5.03816021874082));
#6405=CARTESIAN_POINT('Ctrl Pts',(56.2297695232788,-46.875,5.02846646528991));
#6406=CARTESIAN_POINT('Ctrl Pts',(56.2123321939752,-46.875,5.02038466008026));
#6407=CARTESIAN_POINT('Ctrl Pts',(56.1947924655075,-46.875,5.01248122875775));
#6408=CARTESIAN_POINT('Ctrl Pts',(56.1771823578242,-46.875,5.00476959569537));
#6409=CARTESIAN_POINT('Ctrl Pts',(56.0936626064247,-46.875,4.9681955049609));
#6410=CARTESIAN_POINT('Ctrl Pts',(56.0084592117669,-46.875,4.93588200390855));
#6411=CARTESIAN_POINT('Ctrl Pts',(55.9219706109169,-46.875,4.90785570937236));
#6412=CARTESIAN_POINT('Ctrl Pts',(55.8340526334004,-46.875,4.87936623088983));
#6413=CARTESIAN_POINT('Ctrl Pts',(55.7448058641841,-46.875,4.85530634118003));
#6414=CARTESIAN_POINT('Ctrl Pts',(55.6546117111396,-46.875,4.8357430163385));
#6415=CARTESIAN_POINT('Ctrl Pts',(55.5690519572241,-46.875,4.8171849036149));
#6416=CARTESIAN_POINT('Ctrl Pts',(55.4826387493018,-46.875,4.80267313509025));
#6417=CARTESIAN_POINT('Ctrl Pts',(55.395677352601,-46.875,4.79230255782151));
#6418=CARTESIAN_POINT('Ctrl Pts',(55.3570200875464,-46.875,4.7876924874977));
#6419=CARTESIAN_POINT('Ctrl Pts',(55.3182542978707,-46.875,4.78390127299653));
#6420=CARTESIAN_POINT('Ctrl Pts',(55.2794061051856,-46.875,4.78093983390156));
#6421=CARTESIAN_POINT('Ctrl Pts',(55.2564771855852,-46.875,4.77919193794511));
#6422=CARTESIAN_POINT('Ctrl Pts',(55.2335195543633,-46.875,4.77773313188132));
#6423=CARTESIAN_POINT('Ctrl Pts',(55.2105385503086,-46.875,4.7765659390308));
#6424=CARTESIAN_POINT('Ctrl Pts',(55.1981036214755,-46.875,4.77593437567543));
#6425=CARTESIAN_POINT('Ctrl Pts',(55.1856630054723,-46.875,4.77538830069184));
#6426=CARTESIAN_POINT('Ctrl Pts',(55.1732275507031,-46.875,4.77492832374457));
#6427=CARTESIAN_POINT('Ctrl Pts',(55.0779482231307,-46.875,4.77140402205656));
#6428=CARTESIAN_POINT('Ctrl Pts',(54.9828158098457,-46.875,4.77292184716745));
#6429=CARTESIAN_POINT('Ctrl Pts',(54.888230194746,-46.875,4.77954307232836));
#6430=CARTESIAN_POINT('Ctrl Pts',(54.7957638595927,-46.875,4.78601594269252));
#6431=CARTESIAN_POINT('Ctrl Pts',(54.7038191435284,-46.875,4.79736588608811));
#6432=CARTESIAN_POINT('Ctrl Pts',(54.6127527251031,-46.875,4.81369523309224));
#6433=CARTESIAN_POINT('Ctrl Pts',(54.5220822265097,-46.875,4.82995358672216));
#6434=CARTESIAN_POINT('Ctrl Pts',(54.4322815005233,-46.875,4.85114764698991));
#6435=CARTESIAN_POINT('Ctrl Pts',(54.3435924433132,-46.875,4.87700374569668));
#6436=CARTESIAN_POINT('Ctrl Pts',(54.291701913063,-46.875,4.89213173007604));
#6437=CARTESIAN_POINT('Ctrl Pts',(54.2401919448503,-46.875,4.90885665291542));
#6438=CARTESIAN_POINT('Ctrl Pts',(54.1891120814276,-46.875,4.92713173631077));
#6439=CARTESIAN_POINT('Ctrl Pts',(54.1760872652873,-46.875,4.93179168614664));
#6440=CARTESIAN_POINT('Ctrl Pts',(54.1630904212467,-46.875,4.93655245515702));
#6441=CARTESIAN_POINT('Ctrl Pts',(54.150122386438,-46.875,4.94141332540375));
#6442=CARTESIAN_POINT('Ctrl Pts',(54.1363806438875,-46.875,4.94656420820804));
#6443=CARTESIAN_POINT('Ctrl Pts',(54.1226795059003,-46.875,4.9518244191044));
#6444=CARTESIAN_POINT('Ctrl Pts',(54.1090232865232,-46.875,4.95719131978569));
#6445=CARTESIAN_POINT('Ctrl Pts',(54.0175774788982,-46.875,4.99312956548097));
#6446=CARTESIAN_POINT('Ctrl Pts',(53.928096949808,-46.875,5.03386499870538));
#6447=CARTESIAN_POINT('Ctrl Pts',(53.8408566832581,-46.875,5.07902350057294));
#6448=CARTESIAN_POINT('Ctrl Pts',(53.754577353345,-46.875,5.12368458925478));
#6449=CARTESIAN_POINT('Ctrl Pts',(53.6704884391773,-46.875,5.17267243576337));
#6450=CARTESIAN_POINT('Ctrl Pts',(53.5888597673351,-46.875,5.22568204875577));
#6451=CARTESIAN_POINT('Ctrl Pts',(53.5064425977849,-46.875,5.27920371171053));
#6452=CARTESIAN_POINT('Ctrl Pts',(53.4265325997522,-46.875,5.33682563011463));
#6453=CARTESIAN_POINT('Ctrl Pts',(53.3494234313934,-46.875,5.3982849292454));
#6454=CARTESIAN_POINT('Ctrl Pts',(53.3198903289573,-46.875,5.42182407271584));
#6455=CARTESIAN_POINT('Ctrl Pts',(53.2907683168549,-46.875,5.44592662405965));
#6456=CARTESIAN_POINT('Ctrl Pts',(53.2620749072515,-46.875,5.47057956606168));
#6457=CARTESIAN_POINT('Ctrl Pts',(53.2419526283436,-46.875,5.48786832266897));
#6458=CARTESIAN_POINT('Ctrl Pts',(53.2220411494544,-46.875,5.505427781988));
#6459=CARTESIAN_POINT('Ctrl Pts',(53.2023467180295,-46.875,5.52325371312393));
#6460=CARTESIAN_POINT('Ctrl Pts',(53.1896625627085,-46.875,5.53473446493603));
#6461=CARTESIAN_POINT('Ctrl Pts',(53.1770740967719,-46.875,5.54632068509117));
#6462=CARTESIAN_POINT('Ctrl Pts',(53.1645876488836,-46.875,5.55800629190762));
#6463=CARTESIAN_POINT('Ctrl Pts',(53.088883758043,-46.875,5.6288547758602));
#6464=CARTESIAN_POINT('Ctrl Pts',(53.0168709674597,-46.875,5.70340380600779));
#6465=CARTESIAN_POINT('Ctrl Pts',(52.9488699724724,-46.875,5.78132529654279));
#6466=CARTESIAN_POINT('Ctrl Pts',(52.8978692262319,-46.875,5.83976641444404));
#6467=CARTESIAN_POINT('Ctrl Pts',(52.8491253612525,-46.875,5.90010578544421));
#6468=CARTESIAN_POINT('Ctrl Pts',(52.802784590988,-46.875,5.96222313232095));
#6469=CARTESIAN_POINT('Ctrl Pts',(52.7868723976688,-46.875,5.98355258425563));
#6470=CARTESIAN_POINT('Ctrl Pts',(52.7712436418601,-46.875,6.00509179162463));
#6471=CARTESIAN_POINT('Ctrl Pts',(52.7559045820449,-46.875,6.02683625250756));
#6472=CARTESIAN_POINT('Ctrl Pts',(52.7400149670998,-46.875,6.04936117351202));
#6473=CARTESIAN_POINT('Ctrl Pts',(52.7244329330717,-46.875,6.07211154812256));
#6474=CARTESIAN_POINT('Ctrl Pts',(52.7091842451027,-46.875,6.09505381308441));
#6475=CARTESIAN_POINT('Ctrl Pts',(52.652722813407,-46.875,6.18000231020897));
#6476=CARTESIAN_POINT('Ctrl Pts',(52.6007863709489,-46.875,6.26763510628465));
#6477=CARTESIAN_POINT('Ctrl Pts',(52.5536874186715,-46.875,6.35766741421987));
#6478=CARTESIAN_POINT('Ctrl Pts',(52.5185027251101,-46.875,6.42492494357346));
#6479=CARTESIAN_POINT('Ctrl Pts',(52.4860181193472,-46.875,6.49352252326182));
#6480=CARTESIAN_POINT('Ctrl Pts',(52.45637748899,-46.875,6.56335473832016));
#6481=CARTESIAN_POINT('Ctrl Pts',(52.4366863476335,-46.875,6.60974632990845));
#6482=CARTESIAN_POINT('Ctrl Pts',(52.4182505940728,-46.875,6.6566830333087));
#6483=CARTESIAN_POINT('Ctrl Pts',(52.4010575546368,-46.875,6.7041175681034));
#6484=CARTESIAN_POINT('Origin',(-70.0834234471779,-34.375,7.5));
#6485=CARTESIAN_POINT('Ctrl Pts',(64.4165765528221,-31.2975317997347,7.50138989726034));
#6486=CARTESIAN_POINT('Ctrl Pts',(64.4211516955644,-31.2970141858398,7.58942424540026));
#6487=CARTESIAN_POINT('Ctrl Pts',(64.4257268383067,-31.3004780593601,7.67741869098712));
#6488=CARTESIAN_POINT('Ctrl Pts',(64.4303019810489,-31.308058285153,7.76505944621894));
#6489=CARTESIAN_POINT('Ctrl Pts',(64.4824943752755,-31.3945321189097,8.76484920252782));
#6490=CARTESIAN_POINT('Ctrl Pts',(64.534686769502,-32.0167010562196,9.71861029587846));
#6491=CARTESIAN_POINT('Ctrl Pts',(64.5868791637285,-32.8970864900053,10.2004855014509));
#6492=CARTESIAN_POINT('Ctrl Pts',(64.6390715579551,-33.7774719237911,10.6823607070234));
#6493=CARTESIAN_POINT('Ctrl Pts',(64.6912639521816,-34.9160738540525,10.6923500248176));
#6494=CARTESIAN_POINT('Ctrl Pts',(64.7434563464081,-35.8048708431674,10.2261615934904));
#6495=CARTESIAN_POINT('Ctrl Pts',(64.7956487406346,-36.6936678322821,9.75997316216332));
#6496=CARTESIAN_POINT('Ctrl Pts',(64.8478411348612,-37.3326598802501,8.81760698171512));
#6497=CARTESIAN_POINT('Ctrl Pts',(64.9000335290877,-37.4367884971109,7.81941223942998));
#6498=CARTESIAN_POINT('Ctrl Pts',(64.9522259233142,-37.5409171139718,6.82121749714485));
#6499=CARTESIAN_POINT('Ctrl Pts',(65.0044183175408,-37.1101822997253,5.76719419302262));
#6500=CARTESIAN_POINT('Ctrl Pts',(65.0566107117673,-36.3367419413803,5.12762173556171));
#6501=CARTESIAN_POINT('Ctrl Pts',(65.1088031059938,-35.5633015830352,4.48804927810079));
#6502=CARTESIAN_POINT('Ctrl Pts',(65.1609955002204,-34.4471556805916,4.26292766730093));
#6503=CARTESIAN_POINT('Ctrl Pts',(65.2131878944469,-33.4862666849806,4.5526750401544));
#6504=CARTESIAN_POINT('Ctrl Pts',(65.2653802886734,-32.5253776893696,4.84242241300786));
#6505=CARTESIAN_POINT('Ctrl Pts',(65.3175726829,-31.7197456005913,5.64703876951465));
#6506=CARTESIAN_POINT('Ctrl Pts',(65.3697650771265,-31.4287930211019,6.60756075209779));
#6507=CARTESIAN_POINT('Ctrl Pts',(65.3853689023584,-31.3418076802606,6.89472552715224));
#6508=CARTESIAN_POINT('Ctrl Pts',(65.4009727275903,-31.3008251740974,7.19582538338306));
#6509=CARTESIAN_POINT('Ctrl Pts',(65.4165765528222,-31.303178295642,7.49755035473339));
#6510=CARTESIAN_POINT('Ctrl Pts',(64.333423447177,-31.3048788366687,7.49752471967901));
#6511=CARTESIAN_POINT('Ctrl Pts',(64.3683337532377,-31.3093399186694,8.17292117219918));
#6512=CARTESIAN_POINT('Ctrl Pts',(64.4032440592985,-31.5288081275437,8.85172657643142));
#6513=CARTESIAN_POINT('Ctrl Pts',(64.4381543653592,-31.9391004616434,9.383020931662));
#6514=CARTESIAN_POINT('Ctrl Pts',(64.4903467595857,-32.5525049735438,10.17732861806));
#6515=CARTESIAN_POINT('Ctrl Pts',(64.5425391538122,-33.5924304739157,10.6419266393077));
#6516=CARTESIAN_POINT('Ctrl Pts',(64.5947315480388,-34.5936927447426,10.5705239935062));
#6517=CARTESIAN_POINT('Ctrl Pts',(64.6469239422653,-35.5949550155694,10.4991213477047));
#6518=CARTESIAN_POINT('Ctrl Pts',(64.6991163364918,-36.5575540568511,9.89171803485426));
#6519=CARTESIAN_POINT('Ctrl Pts',(64.7513087307184,-37.0526131999063,9.01880703742868));
#6520=CARTESIAN_POINT('Ctrl Pts',(64.8035011249449,-37.5476723429615,8.14589604000311));
#6521=CARTESIAN_POINT('Ctrl Pts',(64.8556935191715,-37.5751915877901,7.00747735800219));
#6522=CARTESIAN_POINT('Ctrl Pts',(64.907885913398,-37.122618373495,6.11167623659369));
#6523=CARTESIAN_POINT('Ctrl Pts',(64.9600783076245,-36.6700451591999,5.21587511518518));
#6524=CARTESIAN_POINT('Ctrl Pts',(65.0122707018511,-35.7373794857812,4.56269155436884));
#6525=CARTESIAN_POINT('Ctrl Pts',(65.0644630960776,-34.7408517168883,4.44342685310626));
#6526=CARTESIAN_POINT('Ctrl Pts',(65.1166554903041,-33.7443239479952,4.32416215184366));
#6527=CARTESIAN_POINT('Ctrl Pts',(65.1688478845306,-32.683934083628,4.73881631013497));
#6528=CARTESIAN_POINT('Ctrl Pts',(65.2210402787572,-32.0327025804125,5.50244773776177));
#6529=CARTESIAN_POINT('Ctrl Pts',(65.2585013348971,-31.5652816033984,6.05054368554317));
#6530=CARTESIAN_POINT('Ctrl Pts',(65.2959623910371,-31.3086443272765,6.7784201959183));
#6531=CARTESIAN_POINT('Ctrl Pts',(65.3334234471771,-31.3027350769172,7.50252743682221));
#6532=CARTESIAN_POINT('Ctrl Pts',(64.125,-36.2884659966651,9.13598720337486));
#6533=CARTESIAN_POINT('Ctrl Pts',(64.1771923942265,-36.8249626169353,8.50849571805329));
#6534=CARTESIAN_POINT('Ctrl Pts',(64.2815771826796,-37.2235359801662,6.69435797518889));
#6535=CARTESIAN_POINT('Ctrl Pts',(64.4381543653592,-35.2805497370095,4.67827904886915));
#6536=CARTESIAN_POINT('Ctrl Pts',(64.5947315480388,-32.527954432997,5.18492620899244));
#6537=CARTESIAN_POINT('Ctrl Pts',(64.7513087307183,-31.4240846948682,7.75481188054439));
#6538=CARTESIAN_POINT('Ctrl Pts',(64.907885913398,-32.9529380864522,10.0984854310671));
#6539=CARTESIAN_POINT('Ctrl Pts',(65.0644630960775,-35.7508203308965,10.1230321441435));
#6540=CARTESIAN_POINT('Ctrl Pts',(65.2210402787572,-37.3210130890806,7.80735927027461));
#6541=CARTESIAN_POINT('Ctrl Pts',(65.3776174614367,-36.2625700487045,5.21731176600213));
#6542=CARTESIAN_POINT('Ctrl Pts',(65.5341946441164,-33.5198689170285,4.66412127777497));
#6543=CARTESIAN_POINT('Ctrl Pts',(65.6907718267959,-31.540192212783,6.64130202692684));
#6544=CARTESIAN_POINT('Ctrl Pts',(65.8473490094756,-32.08995555663,9.38469539422834));
#6545=CARTESIAN_POINT('Ctrl Pts',(66.003926192155,-34.6786209480405,10.4464058058491));
#6546=CARTESIAN_POINT('Ctrl Pts',(66.1605033748348,-36.9963709239526,8.87909834121066));
#6547=CARTESIAN_POINT('Ctrl Pts',(66.3170805575142,-36.9751222696115,6.08124807104961));
#6548=CARTESIAN_POINT('Ctrl Pts',(66.4736577401939,-34.6338371276358,4.5493207259075));
#6549=CARTESIAN_POINT('Ctrl Pts',(66.6302349228734,-32.0615925344748,5.6502315556053));
#6550=CARTESIAN_POINT('Ctrl Pts',(66.7868121055531,-31.5535650835482,8.40164422499066));
#6551=CARTESIAN_POINT('Ctrl Pts',(66.9433892882327,-33.563030203145,10.3485595151574));
#6552=CARTESIAN_POINT('Ctrl Pts',(67.0999664709123,-36.2970394656005,9.75371407563871));
#6553=CARTESIAN_POINT('Ctrl Pts',(67.2565436535918,-37.3159676389861,7.14802193455469));
#6554=CARTESIAN_POINT('Ctrl Pts',(67.4131208362715,-35.7109020113165,4.85618600548537));
#6555=CARTESIAN_POINT('Ctrl Pts',(67.569698018951,-32.9134700559085,4.92380892497237));
#6556=CARTESIAN_POINT('Ctrl Pts',(67.7262752016307,-31.4208999068946,7.28920003721513));
#6557=CARTESIAN_POINT('Ctrl Pts',(67.8828523843102,-32.5625552264565,9.84460516827535));
#6558=CARTESIAN_POINT('Ctrl Pts',(68.0394295669898,-35.3245978504516,10.3038331307089));
#6559=CARTESIAN_POINT('Ctrl Pts',(68.1438143554429,-36.5938638008444,8.94776512978276));
#6560=CARTESIAN_POINT('Ctrl Pts',(68.1960067496694,-36.8070868020351,8.15019999797495));
#6561=CARTESIAN_POINT('Ctrl Pts',(64.0179977501102,-36.4293315503422,9.25642532122676));
#6562=CARTESIAN_POINT('Ctrl Pts',(64.0701901443367,-37.0053239827104,8.58273916316916));
#6563=CARTESIAN_POINT('Ctrl Pts',(64.1745749327899,-37.4332395226981,6.63504821473937));
#6564=CARTESIAN_POINT('Ctrl Pts',(64.3311521154693,-35.3472145041432,4.47054957534002));
#6565=CARTESIAN_POINT('Ctrl Pts',(64.487729298149,-32.3919786189945,5.01449508978685));
#6566=CARTESIAN_POINT('Ctrl Pts',(64.6443064808285,-31.2068441904453,7.77357062342194));
#6567=CARTESIAN_POINT('Ctrl Pts',(64.8008836635082,-32.8482487221447,10.2897807504545));
#6568=CARTESIAN_POINT('Ctrl Pts',(64.9574608461878,-35.8521054820356,10.3161345436329));
#6569=CARTESIAN_POINT('Ctrl Pts',(65.1140380288673,-37.5378927021265,7.82998644727198));
#6570=CARTESIAN_POINT('Ctrl Pts',(65.2706152115469,-36.401529194296,5.04926480696833));
#6571=CARTESIAN_POINT('Ctrl Pts',(65.4271923942265,-33.456915870735,4.45534953735032));
#6572=CARTESIAN_POINT('Ctrl Pts',(65.5837695769061,-31.3314993124596,6.5780863932918));
#6573=CARTESIAN_POINT('Ctrl Pts',(65.7403467595857,-31.9217351381575,9.52344291348567));
#6574=CARTESIAN_POINT('Ctrl Pts',(65.8969239422653,-34.7009729172044,10.6633143299208));
#6575=CARTESIAN_POINT('Ctrl Pts',(66.053501124945,-37.1893510277219,8.980624812937));
#6576=CARTESIAN_POINT('Ctrl Pts',(66.2100783076245,-37.1665380897908,5.97680238121228));
#6577=CARTESIAN_POINT('Ctrl Pts',(66.3666554903041,-34.652892201183,4.33209759761947));
#6578=CARTESIAN_POINT('Ctrl Pts',(66.5232326729836,-31.8912840868307,5.51405528879517));
#6579=CARTESIAN_POINT('Ctrl Pts',(66.6798098556633,-31.3458566673221,8.46802147611212));
#6580=CARTESIAN_POINT('Ctrl Pts',(66.8363870383428,-33.5032546047271,10.5582647902885));
#6581=CARTESIAN_POINT('Ctrl Pts',(66.9929642210224,-36.4385361809761,9.91962801487143));
#6582=CARTESIAN_POINT('Ctrl Pts',(67.1495414037021,-37.5324758160501,7.12211001076951));
#6583=CARTESIAN_POINT('Ctrl Pts',(67.3061185863816,-35.8092484553141,4.661553687584));
#6584=CARTESIAN_POINT('Ctrl Pts',(67.4626957690613,-32.805875133841,4.73415487165024));
#6585=CARTESIAN_POINT('Ctrl Pts',(67.6192729517408,-31.2034249447275,7.27368136401972));
#6586=CARTESIAN_POINT('Ctrl Pts',(67.7758501344204,-32.4291266539189,10.0172103286277));
#6587=CARTESIAN_POINT('Ctrl Pts',(67.9324273171,-35.3945053519214,10.510245738544));
#6588=CARTESIAN_POINT('Ctrl Pts',(68.0368121055531,-36.7572121322935,9.05434671365026));
#6589=CARTESIAN_POINT('Ctrl Pts',(68.0890044997796,-36.9861321859387,8.19806642616085));
#6590=CARTESIAN_POINT('Ctrl Pts',(63.9109955002204,-36.5701971040192,9.37686343907865));
#6591=CARTESIAN_POINT('Ctrl Pts',(63.9631878944469,-37.1856853484854,8.65698260828504));
#6592=CARTESIAN_POINT('Ctrl Pts',(64.0675726829,-37.6429430652301,6.57573845428986));
#6593=CARTESIAN_POINT('Ctrl Pts',(64.2241498655795,-35.4138792712769,4.26282010181089));
#6594=CARTESIAN_POINT('Ctrl Pts',(64.3807270482591,-32.256002804992,4.84406397058126));
#6595=CARTESIAN_POINT('Ctrl Pts',(64.5373042309387,-30.9896036860225,7.79232936629949));
#6596=CARTESIAN_POINT('Ctrl Pts',(64.6938814136184,-32.7435593578372,10.4810760698419));
#6597=CARTESIAN_POINT('Ctrl Pts',(64.8504585962979,-35.9533906331748,10.5092369431223));
#6598=CARTESIAN_POINT('Ctrl Pts',(65.0070357789775,-37.7547723151723,7.85261362426935));
#6599=CARTESIAN_POINT('Ctrl Pts',(65.1636129616571,-36.5404883398875,4.88121784793452));
#6600=CARTESIAN_POINT('Ctrl Pts',(65.3201901443367,-33.3939628244415,4.24657779692568));
#6601=CARTESIAN_POINT('Ctrl Pts',(65.4767673270163,-31.1228064121361,6.51487075965676));
#6602=CARTESIAN_POINT('Ctrl Pts',(65.6333445096959,-31.7535147196849,9.66219043274299));
#6603=CARTESIAN_POINT('Ctrl Pts',(65.7899216923754,-34.7233248863683,10.8802228539926));
#6604=CARTESIAN_POINT('Ctrl Pts',(65.9464988750552,-37.3823311314912,9.08215128466333));
#6605=CARTESIAN_POINT('Ctrl Pts',(66.1030760577346,-37.35795390997,5.87235669137495));
#6606=CARTESIAN_POINT('Ctrl Pts',(66.2596532404143,-34.6719472747303,4.11487446933142));
#6607=CARTESIAN_POINT('Ctrl Pts',(66.4162304230938,-31.7209756391866,5.37787902198505));
#6608=CARTESIAN_POINT('Ctrl Pts',(66.5728076057735,-31.1381482510961,8.53439872723358));
#6609=CARTESIAN_POINT('Ctrl Pts',(66.729384788453,-33.4434790063092,10.7679700654196));
#6610=CARTESIAN_POINT('Ctrl Pts',(66.8859619711327,-36.5800328963516,10.0855419541042));
#6611=CARTESIAN_POINT('Ctrl Pts',(67.0425391538122,-37.7489839931142,7.09619808698432));
#6612=CARTESIAN_POINT('Ctrl Pts',(67.1991163364918,-35.9075948993118,4.46692136968263));
#6613=CARTESIAN_POINT('Ctrl Pts',(67.3556935191714,-32.6982802117735,4.54450081832811));
#6614=CARTESIAN_POINT('Ctrl Pts',(67.5122707018511,-30.9859499825605,7.2581626908243));
#6615=CARTESIAN_POINT('Ctrl Pts',(67.6688478845306,-32.2956980813813,10.18981548898));
#6616=CARTESIAN_POINT('Ctrl Pts',(67.8254250672102,-35.4644128533913,10.716658346379));
#6617=CARTESIAN_POINT('Ctrl Pts',(67.9298098556633,-36.9205604637426,9.16092829751775));
#6618=CARTESIAN_POINT('Ctrl Pts',(67.9820022498898,-37.1651775698422,8.24593285434676));
#6619=CARTESIAN_POINT('Ctrl Pts',(63.8039932503305,-36.7110626576962,9.49730155693054));
#6620=CARTESIAN_POINT('Ctrl Pts',(63.8561856445571,-37.3660467142605,8.73122605340091));
#6621=CARTESIAN_POINT('Ctrl Pts',(63.9605704330101,-37.852646607762,6.51642869384034));
#6622=CARTESIAN_POINT('Ctrl Pts',(64.1171476156897,-35.4805440384106,4.05509062828176));
#6623=CARTESIAN_POINT('Ctrl Pts',(64.2737247983693,-32.1200269909895,4.67363285137567));
#6624=CARTESIAN_POINT('Ctrl Pts',(64.4303019810489,-30.7723631815997,7.81108810917703));
#6625=CARTESIAN_POINT('Ctrl Pts',(64.5868791637285,-32.6388699935297,10.6723713892292));
#6626=CARTESIAN_POINT('Ctrl Pts',(64.7434563464081,-36.054675784314,10.7023393426117));
#6627=CARTESIAN_POINT('Ctrl Pts',(64.9000335290877,-37.9716519282182,7.87524080126673));
#6628=CARTESIAN_POINT('Ctrl Pts',(65.0566107117673,-36.679447485479,4.71317088890071));
#6629=CARTESIAN_POINT('Ctrl Pts',(65.2131878944469,-33.3310097781479,4.03780605650103));
#6630=CARTESIAN_POINT('Ctrl Pts',(65.3697650771265,-30.9141135118127,6.45165512602171));
#6631=CARTESIAN_POINT('Ctrl Pts',(65.5263422598061,-31.5852943012124,9.80093795200032));
#6632=CARTESIAN_POINT('Ctrl Pts',(65.6829194424857,-34.7456768555322,11.0971313780644));
#6633=CARTESIAN_POINT('Ctrl Pts',(65.8394966251653,-37.5753112352605,9.18367775638967));
#6634=CARTESIAN_POINT('Ctrl Pts',(65.9960738078448,-37.5493697301493,5.76791100153762));
#6635=CARTESIAN_POINT('Ctrl Pts',(66.1526509905245,-34.6910023482775,3.89765134104338));
#6636=CARTESIAN_POINT('Ctrl Pts',(66.309228173204,-31.5506671915425,5.24170275517493));
#6637=CARTESIAN_POINT('Ctrl Pts',(66.4658053558837,-30.93043983487,8.60077597835504));
#6638=CARTESIAN_POINT('Ctrl Pts',(66.6223825385632,-33.3837034078913,10.9776753405507));
#6639=CARTESIAN_POINT('Ctrl Pts',(66.7789597212428,-36.7215296117272,10.2514558933369));
#6640=CARTESIAN_POINT('Ctrl Pts',(66.9355369039224,-37.9654921701782,7.07028616319914));
#6641=CARTESIAN_POINT('Ctrl Pts',(67.092114086602,-36.0059413433094,4.27228905178125));
#6642=CARTESIAN_POINT('Ctrl Pts',(67.2486912692816,-32.590685289706,4.35484676500599));
#6643=CARTESIAN_POINT('Ctrl Pts',(67.4052684519612,-30.7684750203934,7.24264401762889));
#6644=CARTESIAN_POINT('Ctrl Pts',(67.5618456346408,-32.1622695088437,10.3624206493324));
#6645=CARTESIAN_POINT('Ctrl Pts',(67.7184228173204,-35.5343203548611,10.923070954214));
#6646=CARTESIAN_POINT('Ctrl Pts',(67.8228076057735,-37.0839087951917,9.26750988138524));
#6647=CARTESIAN_POINT('Ctrl Pts',(67.875,-37.3442229537458,8.29379928253267));
#6648=CARTESIAN_POINT('Ctrl Pts',(64.125,-35.1708822858055,4.52605690653295));
#6649=CARTESIAN_POINT('Ctrl Pts',(64.125,-35.2183168057823,4.54324993093391));
#6650=CARTESIAN_POINT('Ctrl Pts',(64.125,-35.2652534923837,4.56168566771341));
#6651=CARTESIAN_POINT('Ctrl Pts',(64.125,-35.3116450650499,4.58137679039308));
#6652=CARTESIAN_POINT('Ctrl Pts',(64.125,-35.4046949007706,4.62087223375057));
#6653=CARTESIAN_POINT('Ctrl Pts',(64.125,-35.4955538509983,4.6654156688662));
#6654=CARTESIAN_POINT('Ctrl Pts',(64.125,-35.5839683673606,4.7146717326911));
#6655=CARTESIAN_POINT('Ctrl Pts',(64.125,-35.6309659833015,4.74085428353959));
#6656=CARTESIAN_POINT('Ctrl Pts',(64.125,-35.677272370439,4.76836913380971));
#6657=CARTESIAN_POINT('Ctrl Pts',(64.125,-35.7228452873759,4.79717008550323));
#6658=CARTESIAN_POINT('Ctrl Pts',(64.125,-35.7478283583509,4.81295876590086));
#6659=CARTESIAN_POINT('Ctrl Pts',(64.125,-35.7725909501811,4.82913399479664));
#6660=CARTESIAN_POINT('Ctrl Pts',(64.125,-35.7971256839401,4.84568845507808));
#6661=CARTESIAN_POINT('Ctrl Pts',(64.125,-35.8129980948557,4.85639813706015));
#6662=CARTESIAN_POINT('Ctrl Pts',(64.125,-35.8287750304905,4.86726658326997));
#6663=CARTESIAN_POINT('Ctrl Pts',(64.125,-35.8444427039334,4.87828326709084));
#6664=CARTESIAN_POINT('Ctrl Pts',(64.125,-35.9269875619357,4.93632446924881));
#6665=CARTESIAN_POINT('Ctrl Pts',(64.125,-36.0065875547361,4.99853383587153));
#6666=CARTESIAN_POINT('Ctrl Pts',(64.125,-36.0829836023674,5.06458294146468));
#6667=CARTESIAN_POINT('Ctrl Pts',(64.125,-36.1454827972702,5.11861735884122));
#6668=CARTESIAN_POINT('Ctrl Pts',(64.125,-36.2058371440901,5.17522259995748));
#6669=CARTESIAN_POINT('Ctrl Pts',(64.125,-36.2638832920679,5.2342333664924));
#6670=CARTESIAN_POINT('Ctrl Pts',(64.125,-36.287023564328,5.25775818685457));
#6671=CARTESIAN_POINT('Ctrl Pts',(64.125,-36.3097967732006,5.28166541985647));
#6672=CARTESIAN_POINT('Ctrl Pts',(64.125,-36.3321915920832,5.305944989305));
#6673=CARTESIAN_POINT('Ctrl Pts',(64.125,-36.3452219720333,5.32007200754963));
#6674=CARTESIAN_POINT('Ctrl Pts',(64.125,-36.3581255677672,5.33432672840158));
#6675=CARTESIAN_POINT('Ctrl Pts',(64.125,-36.3708855190469,5.34869038243516));
#6676=CARTESIAN_POINT('Ctrl Pts',(64.125,-36.4365504057867,5.42260819721448));
#6677=CARTESIAN_POINT('Ctrl Pts',(64.125,-36.498502627611,5.49950203857366));
#6678=CARTESIAN_POINT('Ctrl Pts',(64.125,-36.5565043433198,5.57906384556696));
#6679=CARTESIAN_POINT('Ctrl Pts',(64.125,-36.6140670519735,5.65802346012229));
#6680=CARTESIAN_POINT('Ctrl Pts',(64.125,-36.6677392684838,5.73961164592449));
#6681=CARTESIAN_POINT('Ctrl Pts',(64.125,-36.7172426402592,5.82354956762171));
#6682=CARTESIAN_POINT('Ctrl Pts',(64.125,-36.7652089872713,5.9048813099899));
#6683=CARTESIAN_POINT('Ctrl Pts',(64.125,-36.8092615275098,5.98841988665846));
#6684=CARTESIAN_POINT('Ctrl Pts',(64.125,-36.8490996085077,6.07392099164361));
#6685=CARTESIAN_POINT('Ctrl Pts',(64.125,-36.8737687607908,6.12686630744253));
#6686=CARTESIAN_POINT('Ctrl Pts',(64.125,-36.8968209228029,6.18056429991189));
#6687=CARTESIAN_POINT('Ctrl Pts',(64.125,-36.9181746649139,6.23495702761671));
#6688=CARTESIAN_POINT('Ctrl Pts',(64.125,-36.9236692700014,6.24895300812518));
#6689=CARTESIAN_POINT('Ctrl Pts',(64.125,-36.9290520931635,6.26299689509256));
#6690=CARTESIAN_POINT('Ctrl Pts',(64.125,-36.9343193925699,6.27708161507567));
#6691=CARTESIAN_POINT('Ctrl Pts',(64.125,-36.9669906203888,6.36444423865797));
#6692=CARTESIAN_POINT('Ctrl Pts',(64.125,-36.9951232681468,6.45311089057257));
#6693=CARTESIAN_POINT('Ctrl Pts',(64.125,-37.0184769332185,6.54283118444319));
#6694=CARTESIAN_POINT('Ctrl Pts',(64.125,-37.0352553124393,6.60729049349566));
#6695=CARTESIAN_POINT('Ctrl Pts',(64.125,-37.0495659870833,6.67229401872343));
#6696=CARTESIAN_POINT('Ctrl Pts',(64.125,-37.0613032362387,6.73775091691352));
#6697=CARTESIAN_POINT('Ctrl Pts',(64.125,-37.0779577789068,6.83063083190913));
#6698=CARTESIAN_POINT('Ctrl Pts',(64.125,-37.0894328035159,6.92442442730077));
#6699=CARTESIAN_POINT('Ctrl Pts',(64.125,-37.0958363800885,7.01875316365305));
#6700=CARTESIAN_POINT('Ctrl Pts',(64.125,-37.1024096699086,7.11558188356746));
#6701=CARTESIAN_POINT('Ctrl Pts',(64.125,-37.1036389300665,7.21297560807579));
#6702=CARTESIAN_POINT('Ctrl Pts',(64.125,-37.0995883259915,7.31050473171471));
#6703=CARTESIAN_POINT('Ctrl Pts',(64.125,-37.098995300504,7.32478340596096));
#6704=CARTESIAN_POINT('Ctrl Pts',(64.125,-37.0982889261047,7.33906525553736));
#6705=CARTESIAN_POINT('Ctrl Pts',(64.125,-37.0974704004346,7.35333385905625));
#6706=CARTESIAN_POINT('Ctrl Pts',(64.125,-37.0921688897577,7.44575020794659));
#6707=CARTESIAN_POINT('Ctrl Pts',(64.125,-37.0821613752461,7.53776656853468));
#6708=CARTESIAN_POINT('Ctrl Pts',(64.125,-37.0675886966976,7.62903183310613));
#6709=CARTESIAN_POINT('Ctrl Pts',(64.125,-37.0530105046872,7.72033162719553));
#6710=CARTESIAN_POINT('Ctrl Pts',(64.125,-37.0338632694496,7.81088067455795));
#6711=CARTESIAN_POINT('Ctrl Pts',(64.125,-37.0102387810028,7.90031060833193));
#6712=CARTESIAN_POINT('Ctrl Pts',(64.125,-36.9869516681236,7.98846341499586));
#6713=CARTESIAN_POINT('Ctrl Pts',(64.125,-36.9593137779499,8.07552962220352));
#6714=CARTESIAN_POINT('Ctrl Pts',(64.125,-36.9273721548768,8.16112754792444));
#6715=CARTESIAN_POINT('Ctrl Pts',(64.125,-36.9096334777594,8.2086640792648));
#6716=CARTESIAN_POINT('Ctrl Pts',(64.125,-36.8905667984306,8.25574719569546));
#6717=CARTESIAN_POINT('Ctrl Pts',(64.125,-36.8701754262418,8.30230627201482));
#6718=CARTESIAN_POINT('Ctrl Pts',(64.125,-36.8625153888146,8.31979623119362));
#6719=CARTESIAN_POINT('Ctrl Pts',(64.125,-36.8546661464451,8.33721677671293));
#6720=CARTESIAN_POINT('Ctrl Pts',(64.125,-36.8466409358513,8.35453634537753));
#6721=CARTESIAN_POINT('Ctrl Pts',(64.125,-36.8090831497488,8.43559149622864));
#6722=CARTESIAN_POINT('Ctrl Pts',(64.125,-36.7676314143543,8.51454191796349));
#6723=CARTESIAN_POINT('Ctrl Pts',(64.125,-36.7223740873175,8.59105550198959));
#6724=CARTESIAN_POINT('Ctrl Pts',(64.125,-36.6777944604129,8.66642334300796));
#6725=CARTESIAN_POINT('Ctrl Pts',(64.125,-36.6295218789296,8.73942744936177));
#6726=CARTESIAN_POINT('Ctrl Pts',(64.125,-36.5776040477637,8.809716890446));
#6727=CARTESIAN_POINT('Ctrl Pts',(64.125,-36.5273163130771,8.8777994101725));
#6728=CARTESIAN_POINT('Ctrl Pts',(64.125,-36.4736081609921,8.94333548474627));
#6729=CARTESIAN_POINT('Ctrl Pts',(64.125,-36.4164953158698,9.00596675583443));
#6730=CARTESIAN_POINT('Ctrl Pts',(64.125,-36.3755682906031,9.050848281327));
#6731=CARTESIAN_POINT('Ctrl Pts',(64.125,-36.3328923292436,9.09423735974219));
#6732=CARTESIAN_POINT('Ctrl Pts',(64.125,-36.2884659966651,9.13598720337486));
#6733=CARTESIAN_POINT('Ctrl Pts',(65.7375833024919,-31.8588746898581,7.49799349863638));
#6734=CARTESIAN_POINT('Ctrl Pts',(65.7219794772599,-31.856947250948,7.25085095255535));
#6735=CARTESIAN_POINT('Ctrl Pts',(65.7063756520279,-31.8905159704098,7.00422043748558));
#6736=CARTESIAN_POINT('Ctrl Pts',(65.6907718267959,-31.9617655541317,6.76900412995186));
#6737=CARTESIAN_POINT('Ctrl Pts',(65.6385794325694,-32.2000844475315,5.98224177720956));
#6738=CARTESIAN_POINT('Ctrl Pts',(65.5863870383429,-32.85997668228,5.32318152749224));
#6739=CARTESIAN_POINT('Ctrl Pts',(65.5341946441163,-33.6470396549337,5.08584981733812));
#6740=CARTESIAN_POINT('Ctrl Pts',(65.4820022498898,-34.4341026275873,4.84851810718402));
#6741=CARTESIAN_POINT('Ctrl Pts',(65.4298098556633,-35.3483363381458,5.03291493659305));
#6742=CARTESIAN_POINT('Ctrl Pts',(65.3776174614367,-35.9818603668212,5.55678793534296));
#6743=CARTESIAN_POINT('Ctrl Pts',(65.3254250672102,-36.6153843954965,6.08066093409287));
#6744=CARTESIAN_POINT('Ctrl Pts',(65.2732326729837,-36.9681987422886,6.94401010218388));
#6745=CARTESIAN_POINT('Ctrl Pts',(65.2210402787572,-36.8829071226539,7.76163016520741));
#6746=CARTESIAN_POINT('Ctrl Pts',(65.1688478845306,-36.7976155030192,8.57925022823104));
#6747=CARTESIAN_POINT('Ctrl Pts',(65.1166554903041,-36.274217916958,9.3511411861871));
#6748=CARTESIAN_POINT('Ctrl Pts',(65.0644630960775,-35.5462054165199,9.73299554631921));
#6749=CARTESIAN_POINT('Ctrl Pts',(65.012270701851,-34.8181929160819,10.1148499064513));
#6750=CARTESIAN_POINT('Ctrl Pts',(64.9600783076245,-33.8855655012669,10.1066676687592));
#6751=CARTESIAN_POINT('Ctrl Pts',(64.907885913398,-33.1644428952622,9.71196429149265));
#6752=CARTESIAN_POINT('Ctrl Pts',(64.8556935191715,-32.4433202892576,9.31726091422618));
#6753=CARTESIAN_POINT('Ctrl Pts',(64.8035011249449,-31.933702492063,8.53603639738551));
#6754=CARTESIAN_POINT('Ctrl Pts',(64.7513087307184,-31.8628718831537,7.71710986037321));
#6755=CARTESIAN_POINT('Ctrl Pts',(64.7467335879762,-31.8566629297022,7.64532342754734));
#6756=CARTESIAN_POINT('Ctrl Pts',(64.7421584452341,-31.8538256752406,7.57324728739473));
#6757=CARTESIAN_POINT('Ctrl Pts',(64.7375833024919,-31.8542496521334,7.50113846311089));
#6758=CARTESIAN_POINT('Ctrl Pts',(64.125,-33.5812007174672,4.53077704625428));
#6759=CARTESIAN_POINT('Ctrl Pts',(64.1771923942265,-32.6074901186147,4.79109120480833));
#6760=CARTESIAN_POINT('Ctrl Pts',(64.2815771826796,-30.9519289028857,6.34067854216756));
#6761=CARTESIAN_POINT('Ctrl Pts',(64.4381543653592,-31.5125794731718,9.7127305968123));
#6762=CARTESIAN_POINT('Ctrl Pts',(64.5947315480388,-34.6323559742876,11.1065246605553));
#6763=CARTESIAN_POINT('Ctrl Pts',(64.7513087307183,-37.5201530981327,9.28431472200373));
#6764=CARTESIAN_POINT('Ctrl Pts',(64.907885913398,-37.6027108326188,5.8690586760018));
#6765=CARTESIAN_POINT('Ctrl Pts',(65.0644630960776,-34.8047138123624,3.90950799355234));
#6766=CARTESIAN_POINT('Ctrl Pts',(65.2210402787572,-31.6235442192609,5.15347046842626));
#6767=CARTESIAN_POINT('Ctrl Pts',(65.3776174614367,-30.8973247930696,8.49129655931261));
#6768=CARTESIAN_POINT('Ctrl Pts',(65.5341946441164,-33.2742240663584,10.9445600269549));
#6769=CARTESIAN_POINT('Ctrl Pts',(65.6907718267959,-36.6332971554371,10.3243326992752));
#6770=CARTESIAN_POINT('Ctrl Pts',(65.8473490094755,-37.9773485180971,7.18399766331948));
#6771=CARTESIAN_POINT('Ctrl Pts',(66.0039261921552,-36.1070889304128,4.32563039473295));
#6772=CARTESIAN_POINT('Ctrl Pts',(66.1605033748347,-32.6913223095254,4.29968889003051));
#6773=CARTESIAN_POINT('Ctrl Pts',(66.3170805575143,-30.7778687633973,7.12932315912701));
#6774=CARTESIAN_POINT('Ctrl Pts',(66.4736577401939,-32.074062137346,10.2897055892745));
#6775=CARTESIAN_POINT('Ctrl Pts',(66.6302349228735,-35.4233448346346,10.9608863526768));
#6776=CARTESIAN_POINT('Ctrl Pts',(66.7868121055531,-37.8371938043012,8.54399018043198));
#6777=CARTESIAN_POINT('Ctrl Pts',(66.9433892882327,-37.1618290083836,5.19555260606007));
#6778=CARTESIAN_POINT('Ctrl Pts',(67.0999664709123,-33.9997592010071,3.90334820997621));
#6779=CARTESIAN_POINT('Ctrl Pts',(67.2565436535919,-31.1726608061618,5.82032428829073));
#6780=CARTESIAN_POINT('Ctrl Pts',(67.4131208362715,-31.202628692166,9.23612992214325));
#6781=CARTESIAN_POINT('Ctrl Pts',(67.5696980189511,-34.0639119779975,11.1026367122458));
#6782=CARTESIAN_POINT('Ctrl Pts',(67.7262752016307,-37.2013668902729,9.75497282162428));
#6783=CARTESIAN_POINT('Ctrl Pts',(67.8828523843103,-37.8199093893978,6.39445612239271));
#6784=CARTESIAN_POINT('Ctrl Pts',(68.0394295669898,-35.3585704781431,4.02235264970478));
#6785=CARTESIAN_POINT('Ctrl Pts',(68.1438143554429,-33.1437739465988,4.50895328573964));
#6786=CARTESIAN_POINT('Ctrl Pts',(68.1960067496695,-32.3776984430691,5.16393734230405));
#6787=CARTESIAN_POINT('Ctrl Pts',(64.0179977501102,-33.6290671456532,4.70982243015782));
#6788=CARTESIAN_POINT('Ctrl Pts',(64.0701901443367,-32.7140717024822,4.95443953625745));
#6789=CARTESIAN_POINT('Ctrl Pts',(64.1745749327898,-31.1583415193377,6.41058611014705));
#6790=CARTESIAN_POINT('Ctrl Pts',(64.3311521154693,-31.6851846261371,9.57930201790361));
#6791=CARTESIAN_POINT('Ctrl Pts',(64.4877292981491,-34.6168373015796,10.8890497176272));
#6792=CARTESIAN_POINT('Ctrl Pts',(64.6443064808285,-37.3304990530634,9.17671979923012));
#6793=CARTESIAN_POINT('Ctrl Pts',(64.8008836635082,-37.4080785216882,5.96740511883494));
#6794=CARTESIAN_POINT('Ctrl Pts',(64.9574608461877,-34.7788018900509,4.12601616074338));
#6795=CARTESIAN_POINT('Ctrl Pts',(65.1140380288673,-31.789458151704,5.29496717896853));
#6796=CARTESIAN_POINT('Ctrl Pts',(65.2706152115469,-31.1070300601433,8.43152096287231));
#6797=CARTESIAN_POINT('Ctrl Pts',(65.4271923942265,-33.3406013147836,10.7368516190608));
#6798=CARTESIAN_POINT('Ctrl Pts',(65.5837695769061,-36.4971208940171,10.1540242582149));
#6799=CARTESIAN_POINT('Ctrl Pts',(65.7403467595857,-37.760125398303,7.20305273616741));
#6800=CARTESIAN_POINT('Ctrl Pts',(65.8969239422653,-36.0026432446789,4.51704620738178));
#6801=CARTESIAN_POINT('Ctrl Pts',(66.0535011249449,-32.7928487772771,4.49266898624471));
#6802=CARTESIAN_POINT('Ctrl Pts',(66.2100783076245,-30.9947772789389,7.15167512740697));
#6803=CARTESIAN_POINT('Ctrl Pts',(66.3666554903041,-32.2128096512157,10.1214851774057));
#6804=CARTESIAN_POINT('Ctrl Pts',(66.5232326729837,-35.360129203372,10.7521934605247));
#6805=CARTESIAN_POINT('Ctrl Pts',(66.6798098556633,-37.6284220722703,8.48103713663607));
#6806=CARTESIAN_POINT('Ctrl Pts',(66.8363870383429,-36.9937820555436,5.33451174613172));
#6807=CARTESIAN_POINT('Ctrl Pts',(66.9929642210225,-34.0223863778673,4.12022781468888));
#6808=CARTESIAN_POINT('Ctrl Pts',(67.149541403702,-31.3657631966801,5.92160943505179));
#6809=CARTESIAN_POINT('Ctrl Pts',(67.3061185863817,-31.3939240066452,9.13144056292068));
#6810=CARTESIAN_POINT('Ctrl Pts',(67.4626957690612,-34.0826707156184,10.8853962142241));
#6811=CARTESIAN_POINT('Ctrl Pts',(67.6192729517409,-37.030935786646,9.61899701892128));
#6812=CARTESIAN_POINT('Ctrl Pts',(67.7758501344205,-37.6121799148025,6.46112087982991));
#6813=CARTESIAN_POINT('Ctrl Pts',(67.9324273171,-35.2992607676233,4.23205623701178));
#6814=CARTESIAN_POINT('Ctrl Pts',(68.0368121055531,-33.2180173917147,4.68931465151468));
#6815=CARTESIAN_POINT('Ctrl Pts',(68.0890044997796,-32.498136560921,5.30480289598106));
#6816=CARTESIAN_POINT('Ctrl Pts',(63.9109955002204,-33.6769335738391,4.88886781406136));
#6817=CARTESIAN_POINT('Ctrl Pts',(63.9631878944469,-32.8206532863497,5.11778786770656));
#6818=CARTESIAN_POINT('Ctrl Pts',(64.0675726829,-31.3647541357897,6.48049367812653));
#6819=CARTESIAN_POINT('Ctrl Pts',(64.2241498655795,-31.8577897791024,9.44587343899491));
#6820=CARTESIAN_POINT('Ctrl Pts',(64.3807270482592,-34.6013186288717,10.6715747746991));
#6821=CARTESIAN_POINT('Ctrl Pts',(64.5373042309387,-37.140845007994,9.06912487645651));
#6822=CARTESIAN_POINT('Ctrl Pts',(64.6938814136184,-37.2134462107576,6.06575156166809));
#6823=CARTESIAN_POINT('Ctrl Pts',(64.8504585962979,-34.7528899677393,4.34252432793441));
#6824=CARTESIAN_POINT('Ctrl Pts',(65.0070357789775,-31.955372084147,5.4364638895108));
#6825=CARTESIAN_POINT('Ctrl Pts',(65.1636129616571,-31.316735327217,8.371745366432));
#6826=CARTESIAN_POINT('Ctrl Pts',(65.3201901443367,-33.4069785632088,10.5291432111668));
#6827=CARTESIAN_POINT('Ctrl Pts',(65.4767673270162,-36.3609446325971,9.9837158171545));
#6828=CARTESIAN_POINT('Ctrl Pts',(65.6333445096959,-37.5429022785088,7.22210780901535));
#6829=CARTESIAN_POINT('Ctrl Pts',(65.7899216923755,-35.8981975589449,4.70846202003059));
#6830=CARTESIAN_POINT('Ctrl Pts',(65.9464988750551,-32.8943752450287,4.68564908245891));
#6831=CARTESIAN_POINT('Ctrl Pts',(66.1030760577347,-31.2116857944805,7.17402709568692));
#6832=CARTESIAN_POINT('Ctrl Pts',(66.2596532404143,-32.3515571650854,9.95326476553683));
#6833=CARTESIAN_POINT('Ctrl Pts',(66.4162304230939,-35.2969135721094,10.5435005683726));
#6834=CARTESIAN_POINT('Ctrl Pts',(66.5728076057735,-37.4196503402393,8.41808409284017));
#6835=CARTESIAN_POINT('Ctrl Pts',(66.7293847884531,-36.8257351027036,5.47347088620336));
#6836=CARTESIAN_POINT('Ctrl Pts',(66.8859619711326,-34.0450135547276,4.33710741940157));
#6837=CARTESIAN_POINT('Ctrl Pts',(67.0425391538122,-31.5588655871984,6.02289458181284));
#6838=CARTESIAN_POINT('Ctrl Pts',(67.1991163364919,-31.5852193211244,9.02675120369812));
#6839=CARTESIAN_POINT('Ctrl Pts',(67.3556935191714,-34.1014294532393,10.6681557162024));
#6840=CARTESIAN_POINT('Ctrl Pts',(67.5122707018511,-36.8605046830192,9.48302121621827));
#6841=CARTESIAN_POINT('Ctrl Pts',(67.6688478845306,-37.4044504402073,6.5277856372671));
#6842=CARTESIAN_POINT('Ctrl Pts',(67.8254250672102,-35.2399510571035,4.44175982431877));
#6843=CARTESIAN_POINT('Ctrl Pts',(67.9298098556633,-33.2922608368305,4.86967601728972));
#6844=CARTESIAN_POINT('Ctrl Pts',(67.9820022498898,-32.618574678773,5.44566844965808));
#6845=CARTESIAN_POINT('Ctrl Pts',(63.8039932503305,-33.724800002025,5.06791319796491));
#6846=CARTESIAN_POINT('Ctrl Pts',(63.8561856445571,-32.9272348702172,5.28113619915568));
#6847=CARTESIAN_POINT('Ctrl Pts',(63.9605704330102,-31.5711667522417,6.55040124610601));
#6848=CARTESIAN_POINT('Ctrl Pts',(64.1171476156897,-32.0303949320677,9.31244486008621));
#6849=CARTESIAN_POINT('Ctrl Pts',(64.2737247983694,-34.5857999561637,10.454099831771));
#6850=CARTESIAN_POINT('Ctrl Pts',(64.4303019810489,-36.9511909629247,8.9615299536829));
#6851=CARTESIAN_POINT('Ctrl Pts',(64.5868791637285,-37.0188138998269,6.16409800450123));
#6852=CARTESIAN_POINT('Ctrl Pts',(64.7434563464081,-34.7269780454278,4.55903249512544));
#6853=CARTESIAN_POINT('Ctrl Pts',(64.9000335290877,-32.12128601659,5.57796060005307));
#6854=CARTESIAN_POINT('Ctrl Pts',(65.0566107117673,-31.5264405942908,8.3119697699917));
#6855=CARTESIAN_POINT('Ctrl Pts',(65.2131878944469,-33.473355811634,10.3214348032728));
#6856=CARTESIAN_POINT('Ctrl Pts',(65.3697650771265,-36.2247683711772,9.81340737609415));
#6857=CARTESIAN_POINT('Ctrl Pts',(65.5263422598061,-37.3256791587147,7.24116288186327));
#6858=CARTESIAN_POINT('Ctrl Pts',(65.6829194424857,-35.793751873211,4.89987783267942));
#6859=CARTESIAN_POINT('Ctrl Pts',(65.8394966251653,-32.9959017127803,4.87862917867311));
#6860=CARTESIAN_POINT('Ctrl Pts',(65.9960738078449,-31.428594310022,7.19637906396689));
#6861=CARTESIAN_POINT('Ctrl Pts',(66.1526509905245,-32.4903046789552,9.78504435366799));
#6862=CARTESIAN_POINT('Ctrl Pts',(66.309228173204,-35.2336979408468,10.3348076762205));
#6863=CARTESIAN_POINT('Ctrl Pts',(66.4658053558837,-37.2108786082083,8.35513104904425));
#6864=CARTESIAN_POINT('Ctrl Pts',(66.6223825385632,-36.6576881498636,5.61243002627501));
#6865=CARTESIAN_POINT('Ctrl Pts',(66.7789597212429,-34.0676407315878,4.55398702411424));
#6866=CARTESIAN_POINT('Ctrl Pts',(66.9355369039224,-31.7519679777167,6.12417972857391));
#6867=CARTESIAN_POINT('Ctrl Pts',(67.0921140866021,-31.7765146356036,8.92206184447556));
#6868=CARTESIAN_POINT('Ctrl Pts',(67.2486912692816,-34.1201881908602,10.4509152181808));
#6869=CARTESIAN_POINT('Ctrl Pts',(67.4052684519613,-36.6900735793923,9.34704541351526));
#6870=CARTESIAN_POINT('Ctrl Pts',(67.5618456346408,-37.1967209656121,6.5944503947043));
#6871=CARTESIAN_POINT('Ctrl Pts',(67.7184228173204,-35.1806413465837,4.65146341162577));
#6872=CARTESIAN_POINT('Ctrl Pts',(67.8228076057735,-33.3665042819464,5.05003738306476));
#6873=CARTESIAN_POINT('Ctrl Pts',(67.875,-32.7390127966249,5.5865340033351));
#6874=CARTESIAN_POINT('Ctrl Pts',(64.125,-32.4579379708582,9.13820682002227));
#6875=CARTESIAN_POINT('Ctrl Pts',(64.125,-32.4274796238129,9.10981552235626));
#6876=CARTESIAN_POINT('Ctrl Pts',(64.125,-32.397813748698,9.08064518162407));
#6877=CARTESIAN_POINT('Ctrl Pts',(64.125,-32.3689784947789,9.05071275486305));
#6878=CARTESIAN_POINT('Ctrl Pts',(64.125,-32.3098412976157,8.98932540492305));
#6879=CARTESIAN_POINT('Ctrl Pts',(64.125,-32.2541956731809,8.92473567381108));
#6880=CARTESIAN_POINT('Ctrl Pts',(64.125,-32.2020464258356,8.85732068913704));
#6881=CARTESIAN_POINT('Ctrl Pts',(64.125,-32.1718140410222,8.81823832721226));
#6882=CARTESIAN_POINT('Ctrl Pts',(64.125,-32.1427572397692,8.77820556543849));
#6883=CARTESIAN_POINT('Ctrl Pts',(64.125,-32.1148815520158,8.73728955112774));
#6884=CARTESIAN_POINT('Ctrl Pts',(64.125,-32.1012759255509,8.71731917364086));
#6885=CARTESIAN_POINT('Ctrl Pts',(64.125,-32.0879517227604,8.69713831999222));
#6886=CARTESIAN_POINT('Ctrl Pts',(64.125,-32.074909906001,8.67675445633565));
#6887=CARTESIAN_POINT('Ctrl Pts',(64.125,-32.0653697038488,8.66184348315497));
#6888=CARTESIAN_POINT('Ctrl Pts',(64.1249999999999,-32.055985208191,8.64683101074632));
#6889=CARTESIAN_POINT('Ctrl Pts',(64.1249999999999,-32.0467582898793,8.63172338266649));
#6890=CARTESIAN_POINT('Ctrl Pts',(64.1249999999999,-32.0001733762126,8.55544791061538));
#6891=CARTESIAN_POINT('Ctrl Pts',(64.1249999999999,-31.9575867035404,8.47672579040373));
#6892=CARTESIAN_POINT('Ctrl Pts',(64.1249999999999,-31.9190127651184,8.39596186944801));
#6893=CARTESIAN_POINT('Ctrl Pts',(64.1249999999999,-31.8859720168702,8.32678302774804));
#6894=CARTESIAN_POINT('Ctrl Pts',(64.125,-31.8558757652182,8.25610506134704));
#6895=CARTESIAN_POINT('Ctrl Pts',(64.1249999999999,-31.8287545298675,8.18416069569985));
#6896=CARTESIAN_POINT('Ctrl Pts',(64.1249999999999,-31.8217006246238,8.16544883646719));
#6897=CARTESIAN_POINT('Ctrl Pts',(64.1249999999999,-31.8148480779173,8.14665122357496));
#6898=CARTESIAN_POINT('Ctrl Pts',(64.1249999999999,-31.8081976674145,8.12777178121895));
#6899=CARTESIAN_POINT('Ctrl Pts',(64.1249999999999,-31.8030008029101,8.11301872141898));
#6900=CARTESIAN_POINT('Ctrl Pts',(64.1249999999999,-31.7979277343766,8.09821649299944));
#6901=CARTESIAN_POINT('Ctrl Pts',(64.1249999999999,-31.7929828027797,8.08337957119859));
#6902=CARTESIAN_POINT('Ctrl Pts',(64.1249999999999,-31.7638962247784,7.99610732591004));
#6903=CARTESIAN_POINT('Ctrl Pts',(64.125,-31.7391998705543,7.9075252637598));
#6904=CARTESIAN_POINT('Ctrl Pts',(64.125,-31.718903975052,7.81804521212641));
#6905=CARTESIAN_POINT('Ctrl Pts',(64.125,-31.6982652136195,7.7270535414999));
#6906=CARTESIAN_POINT('Ctrl Pts',(64.125,-31.6821763835332,7.63513246871939));
#6907=CARTESIAN_POINT('Ctrl Pts',(64.125,-31.6706899843523,7.54268135704446));
#6908=CARTESIAN_POINT('Ctrl Pts',(64.125,-31.6609450399002,7.46424677248819));
#6909=CARTESIAN_POINT('Ctrl Pts',(64.125,-31.6545133516343,7.38542979837956));
#6910=CARTESIAN_POINT('Ctrl Pts',(64.125,-31.6514536119936,7.30646269228843));
#6911=CARTESIAN_POINT('Ctrl Pts',(64.125,-31.6491588072631,7.24723736272008));
#6912=CARTESIAN_POINT('Ctrl Pts',(64.125,-31.648761211162,7.18792733094036));
#6913=CARTESIAN_POINT('Ctrl Pts',(64.125,-31.650295496414,7.12862893819941));
#6914=CARTESIAN_POINT('Ctrl Pts',(64.125,-31.6506716253982,7.11409197762074));
#6915=CARTESIAN_POINT('Ctrl Pts',(64.1249999999999,-31.6511638988366,7.09955571473276));
#6916=CARTESIAN_POINT('Ctrl Pts',(64.1249999999999,-31.6517729103442,7.08502156838409));
#6917=CARTESIAN_POINT('Ctrl Pts',(64.1249999999999,-31.6523723872687,7.07071496622224));
#6918=CARTESIAN_POINT('Ctrl Pts',(64.125,-31.6530846338892,7.05641903711029));
#6919=CARTESIAN_POINT('Ctrl Pts',(64.125,-31.6539095710205,7.04213873869992));
#6920=CARTESIAN_POINT('Ctrl Pts',(64.125,-31.6594497414362,6.94623411303428));
#6921=CARTESIAN_POINT('Ctrl Pts',(64.125,-31.6700708373648,6.85098467920563));
#6922=CARTESIAN_POINT('Ctrl Pts',(64.125,-31.6858201564805,6.75680679979347));
#6923=CARTESIAN_POINT('Ctrl Pts',(64.125,-31.6944976917102,6.70491681899781));
#6924=CARTESIAN_POINT('Ctrl Pts',(64.125,-31.7047328701357,6.65335173068734));
#6925=CARTESIAN_POINT('Ctrl Pts',(64.125,-31.716540084573,6.602179236455));
#6926=CARTESIAN_POINT('Ctrl Pts',(64.125,-31.7372876116452,6.5122594069234));
#6927=CARTESIAN_POINT('Ctrl Pts',(64.125,-31.7628859411469,6.42355136378364));
#6928=CARTESIAN_POINT('Ctrl Pts',(64.125,-31.7930438587155,6.33626942680202));
#6929=CARTESIAN_POINT('Ctrl Pts',(64.125,-31.8107606158375,6.2849942392788));
#6930=CARTESIAN_POINT('Ctrl Pts',(64.125,-31.8300519822812,6.2342112560614));
#6931=CARTESIAN_POINT('Ctrl Pts',(64.125,-31.8508670437427,6.18396512368731));
#6932=CARTESIAN_POINT('Ctrl Pts',(64.125,-31.8642597147821,6.15163613330042));
#6933=CARTESIAN_POINT('Ctrl Pts',(64.1249999999999,-31.8782832832906,6.11952941063516));
#6934=CARTESIAN_POINT('Ctrl Pts',(64.1249999999999,-31.8929254026369,6.08765720203747));
#6935=CARTESIAN_POINT('Ctrl Pts',(64.1249999999999,-31.8995234627345,6.07329488584553));
#6936=CARTESIAN_POINT('Ctrl Pts',(64.125,-31.9062471382804,6.0589801944726));
#6937=CARTESIAN_POINT('Ctrl Pts',(64.125,-31.9130953595275,6.04471427189702));
#6938=CARTESIAN_POINT('Ctrl Pts',(64.125,-31.9198423502746,6.03065922838382));
#6939=CARTESIAN_POINT('Ctrl Pts',(64.125,-31.9267072026039,6.01665793580572));
#6940=CARTESIAN_POINT('Ctrl Pts',(64.125,-31.9336848483892,6.00271856854636));
#6941=CARTESIAN_POINT('Ctrl Pts',(64.125,-31.9766414576819,5.91690338509172));
#6942=CARTESIAN_POINT('Ctrl Pts',(64.125,-32.023909124498,5.83335004450009));
#6943=CARTESIAN_POINT('Ctrl Pts',(64.125,-32.0751442870599,5.75228215964185));
#6944=CARTESIAN_POINT('Ctrl Pts',(64.125,-32.1273513143533,5.66967652191599));
#6945=CARTESIAN_POINT('Ctrl Pts',(64.125,-32.1836781050655,5.58965079892169));
#6946=CARTESIAN_POINT('Ctrl Pts',(64.125,-32.2438160263953,5.51245018557109));
#6947=CARTESIAN_POINT('Ctrl Pts',(64.125,-32.3044523274861,5.43460978916198));
#6948=CARTESIAN_POINT('Ctrl Pts',(64.125,-32.3689636482973,5.35964073537779));
#6949=CARTESIAN_POINT('Ctrl Pts',(64.125,-32.4370827675542,5.28781451780525));
#6950=CARTESIAN_POINT('Ctrl Pts',(64.125,-32.4767823291473,5.24595447352358));
#6951=CARTESIAN_POINT('Ctrl Pts',(64.125,-32.5177081666833,5.20516233314781));
#6952=CARTESIAN_POINT('Ctrl Pts',(64.125,-32.5598140146764,5.16549660532877));
#6953=CARTESIAN_POINT('Ctrl Pts',(64.125,-32.5707663749092,5.15517895681491));
#6954=CARTESIAN_POINT('Ctrl Pts',(64.125,-32.5818006110539,5.14493570688831));
#6955=CARTESIAN_POINT('Ctrl Pts',(64.125,-32.5929092913376,5.13477401363011));
#6956=CARTESIAN_POINT('Ctrl Pts',(64.125,-32.6679666855776,5.06611507327513));
#6957=CARTESIAN_POINT('Ctrl Pts',(64.125,-32.7462488345455,5.00133039716146));
#6958=CARTESIAN_POINT('Ctrl Pts',(64.125,-32.8274221778145,4.94067158602981));
#6959=CARTESIAN_POINT('Ctrl Pts',(64.125,-32.9088380428493,4.87983154444242));
#6960=CARTESIAN_POINT('Ctrl Pts',(64.125,-32.9931629674658,4.82314126788682));
#6961=CARTESIAN_POINT('Ctrl Pts',(64.125,-33.0801066992266,4.77087951825254));
#6962=CARTESIAN_POINT('Ctrl Pts',(64.125,-33.1654180783518,4.71959897339322));
#6963=CARTESIAN_POINT('Ctrl Pts',(64.125,-33.2532515197395,4.67258158635749));
#6964=CARTESIAN_POINT('Ctrl Pts',(64.125,-33.3433679780355,4.63012507482061));
#6965=CARTESIAN_POINT('Ctrl Pts',(64.125,-33.4209962777749,4.5935521017389));
#6966=CARTESIAN_POINT('Ctrl Pts',(64.125,-33.5003194440184,4.56036377737615));
#6967=CARTESIAN_POINT('Ctrl Pts',(64.125,-33.5812007174672,4.53077704625428));
#6968=CARTESIAN_POINT('Ctrl Pts',(65.012416697508,-31.8585116499557,7.50207022034111));
#6969=CARTESIAN_POINT('Ctrl Pts',(65.0271480355944,-31.8566082465967,7.73530930672464));
#6970=CARTESIAN_POINT('Ctrl Pts',(65.0418793736809,-31.8864636006351,7.96807095420057));
#6971=CARTESIAN_POINT('Ctrl Pts',(65.0566107117673,-31.9500673675645,8.19121241388211));
#6972=CARTESIAN_POINT('Ctrl Pts',(65.1088031059938,-32.1754123334052,8.98179144775204));
#6973=CARTESIAN_POINT('Ctrl Pts',(65.1609955002204,-32.8243840725196,9.65161312551237));
#6974=CARTESIAN_POINT('Ctrl Pts',(65.2131878944469,-33.6074387020006,9.90185272652947));
#6975=CARTESIAN_POINT('Ctrl Pts',(65.2653802886735,-34.3904933314817,10.1520923275466));
#6976=CARTESIAN_POINT('Ctrl Pts',(65.3175726829,-35.3076308513296,9.98274985182032));
#6977=CARTESIAN_POINT('Ctrl Pts',(65.3697650771265,-35.9496847425098,9.46937119825192));
#6978=CARTESIAN_POINT('Ctrl Pts',(65.421957471353,-36.5917386336898,8.95599254468362));
#6979=CARTESIAN_POINT('Ctrl Pts',(65.4741498655796,-36.9587088962022,8.0985777132734));
#6980=CARTESIAN_POINT('Ctrl Pts',(65.5263422598061,-36.8868728132078,7.27965612270433));
#6981=CARTESIAN_POINT('Ctrl Pts',(65.5785346540326,-36.8150367302134,6.46073453213526));
#6982=CARTESIAN_POINT('Ctrl Pts',(65.6307270482591,-36.3043943017122,5.68030618240734));
#6983=CARTESIAN_POINT('Ctrl Pts',(65.6829194424857,-35.5827647273899,5.286550565209));
#6984=CARTESIAN_POINT('Ctrl Pts',(65.7351118367122,-34.8611351530675,4.89279494801065));
#6985=CARTESIAN_POINT('Ctrl Pts',(65.7873042309388,-33.928518432924,4.88571206334188));
#6986=CARTESIAN_POINT('Ctrl Pts',(65.8394966251653,-33.2009921723925,5.26846226855641));
#6987=CARTESIAN_POINT('Ctrl Pts',(65.8916890193918,-32.4734659118609,5.65121247377098));
#6988=CARTESIAN_POINT('Ctrl Pts',(65.9438814136183,-31.9510301109415,6.42379576886893));
#6989=CARTESIAN_POINT('Ctrl Pts',(65.9960738078449,-31.8667639386373,7.24153163136811));
#6990=CARTESIAN_POINT('Ctrl Pts',(66.0015214377326,-31.8579685782103,7.32688357566615));
#6991=CARTESIAN_POINT('Ctrl Pts',(66.0069690676203,-31.8539467847536,7.41272742718526));
#6992=CARTESIAN_POINT('Ctrl Pts',(66.012416697508,-31.8545190215005,7.49862543455398));
#6993=CARTESIAN_POINT('Origin',(64.125,42.875,3.5));
#6994=CARTESIAN_POINT('',(64.125,-43.125,3.5));
#6995=CARTESIAN_POINT('',(64.125,43.125,3.5));
#6996=CARTESIAN_POINT('',(64.125,21.4375,3.5));
#6997=CARTESIAN_POINT('',(64.125,-43.125,3.5));
#6998=CARTESIAN_POINT('',(64.125,43.125,3.5));
#6999=CARTESIAN_POINT('Ctrl Pts',(64.125,33.5791176151962,4.52605734489402));
#7000=CARTESIAN_POINT('Ctrl Pts',(64.125,33.5316830852048,4.54325037945721));
#7001=CARTESIAN_POINT('Ctrl Pts',(64.125,33.4847463872502,4.56168612757877));
#7002=CARTESIAN_POINT('Ctrl Pts',(64.125,33.4383548017961,4.58137726288137));
#7003=CARTESIAN_POINT('Ctrl Pts',(64.125,33.3453049397481,4.62087273184496));
#7004=CARTESIAN_POINT('Ctrl Pts',(64.125,33.2544459574529,4.66541619779253));
#7005=CARTESIAN_POINT('Ctrl Pts',(64.125,33.1660314048303,4.71467229615371));
#7006=CARTESIAN_POINT('Ctrl Pts',(64.125,33.1190337699973,4.74085486514726));
#7007=CARTESIAN_POINT('Ctrl Pts',(64.125,33.0727273627711,4.76836973458805));
#7008=CARTESIAN_POINT('Ctrl Pts',(64.125,33.02715442478,4.79717070625074));
#7009=CARTESIAN_POINT('Ctrl Pts',(64.125,33.0021713547228,4.81295938972129));
#7010=CARTESIAN_POINT('Ctrl Pts',(64.125,32.9774087632996,4.82913462154471));
#7011=CARTESIAN_POINT('Ctrl Pts',(64.125,32.952874029465,4.84568908458137));
#7012=CARTESIAN_POINT('Ctrl Pts',(64.125,32.9370016101136,4.85639877400483));
#7013=CARTESIAN_POINT('Ctrl Pts',(64.125,32.9212246659288,4.8672672277605));
#7014=CARTESIAN_POINT('Ctrl Pts',(64.125,32.9055569838518,4.8782839192068));
#7015=CARTESIAN_POINT('Ctrl Pts',(64.125,32.8230120836412,4.93632515923304));
#7016=CARTESIAN_POINT('Ctrl Pts',(64.125,32.7434120460295,4.99853456563439));
#7017=CARTESIAN_POINT('Ctrl Pts',(64.125,32.6670159525195,5.06458371139991));
#7018=CARTESIAN_POINT('Ctrl Pts',(64.125,32.6045167180151,5.11861816342955));
#7019=CARTESIAN_POINT('Ctrl Pts',(64.125,32.5441623310204,5.17522343963331));
#7020=CARTESIAN_POINT('Ctrl Pts',(64.125,32.4861161431602,5.23423424083157));
#7021=CARTESIAN_POINT('Ctrl Pts',(64.125,32.4629758848235,5.25775904469425));
#7022=CARTESIAN_POINT('Ctrl Pts',(64.125,32.4402026889744,5.28166626014376));
#7023=CARTESIAN_POINT('Ctrl Pts',(64.125,32.4178078822281,5.30594581096996));
#7024=CARTESIAN_POINT('Ctrl Pts',(64.125,32.4047774662598,5.3200728650844));
#7025=CARTESIAN_POINT('Ctrl Pts',(64.125,32.3918738350171,5.33432762231905));
#7026=CARTESIAN_POINT('Ctrl Pts',(64.125,32.3791138488538,5.34869131312619));
#7027=CARTESIAN_POINT('Ctrl Pts',(64.125,32.3134489184889,5.42260916417716));
#7028=CARTESIAN_POINT('Ctrl Pts',(64.125,32.2514966540601,5.49950303995271));
#7029=CARTESIAN_POINT('Ctrl Pts',(64.125,32.1934948982094,5.57906487808458));
#7030=CARTESIAN_POINT('Ctrl Pts',(64.125,32.1359321584023,5.65802451163));
#7031=CARTESIAN_POINT('Ctrl Pts',(64.125,32.0822599119881,5.73961271240432));
#7032=CARTESIAN_POINT('Ctrl Pts',(64.125,32.0327565128679,5.82355064374954));
#7033=CARTESIAN_POINT('Ctrl Pts',(64.125,31.9847901522198,5.90488237366131));
#7034=CARTESIAN_POINT('Ctrl Pts',(64.125,31.9407375986497,5.98842093169299));
#7035=CARTESIAN_POINT('Ctrl Pts',(64.125,31.9008995056,6.07392201079373));
#7036=CARTESIAN_POINT('Ctrl Pts',(64.125,31.8762303265142,6.12686735207114));
#7037=CARTESIAN_POINT('Ctrl Pts',(64.125,31.8531781407241,6.18056536841855));
#7038=CARTESIAN_POINT('Ctrl Pts',(64.125,31.8318243782854,6.23495811799356));
#7039=CARTESIAN_POINT('Ctrl Pts',(64.125,31.8263297609463,6.24895412201382));
#7040=CARTESIAN_POINT('Ctrl Pts',(64.125,31.8209469260596,6.2629980324464));
#7041=CARTESIAN_POINT('Ctrl Pts',(64.125,31.8156796154299,6.27708277594638));
#7042=CARTESIAN_POINT('Ctrl Pts',(64.125,31.7830083814762,6.36444537565085));
#7043=CARTESIAN_POINT('Ctrl Pts',(64.125,31.7548757309205,6.45311199621114));
#7044=CARTESIAN_POINT('Ctrl Pts',(64.125,31.7315220674534,6.54283225018326));
#7045=CARTESIAN_POINT('Ctrl Pts',(64.125,31.7147436675017,6.60729161464368));
#7046=CARTESIAN_POINT('Ctrl Pts',(64.125,31.700432980833,6.6722951922867));
#7047=CARTESIAN_POINT('Ctrl Pts',(64.125,31.6886957291805,6.73775213912099));
#7048=CARTESIAN_POINT('Ctrl Pts',(64.125,31.6720412019859,6.830632017087));
#7049=CARTESIAN_POINT('Ctrl Pts',(64.125,31.6605662002089,6.92442556576906));
#7050=CARTESIAN_POINT('Ctrl Pts',(64.125,31.6541626519113,7.01875424803279));
#7051=CARTESIAN_POINT('Ctrl Pts',(64.125,31.647589389879,7.11558293064283));
#7052=CARTESIAN_POINT('Ctrl Pts',(64.125,31.6463601652578,7.21297661027903));
#7053=CARTESIAN_POINT('Ctrl Pts',(64.125,31.6504108104847,7.31050568373805));
#7054=CARTESIAN_POINT('Ctrl Pts',(64.125,31.6510038423858,7.32478435999769));
#7055=CARTESIAN_POINT('Ctrl Pts',(64.125,31.6517102234686,7.33906621149389));
#7056=CARTESIAN_POINT('Ctrl Pts',(64.125,31.6525287560761,7.35333481681556));
#7057=CARTESIAN_POINT('Ctrl Pts',(64.125,31.6578303075816,7.44575110582486));
#7058=CARTESIAN_POINT('Ctrl Pts',(64.125,31.6678378663482,7.53776740236582));
#7059=CARTESIAN_POINT('Ctrl Pts',(64.125,31.682410590692,7.62903260088787));
#7060=CARTESIAN_POINT('Ctrl Pts',(64.125,31.6969888333944,7.72033235946079));
#7061=CARTESIAN_POINT('Ctrl Pts',(64.125,31.716136123925,7.81088136879664));
#7062=CARTESIAN_POINT('Ctrl Pts',(64.125,31.739760670286,7.90031126382808));
#7063=CARTESIAN_POINT('Ctrl Pts',(64.125,31.7630478477287,7.9884640606037));
#7064=CARTESIAN_POINT('Ctrl Pts',(64.125,31.7906858078083,8.07553025652786));
#7065=CARTESIAN_POINT('Ctrl Pts',(64.125,31.8226275041895,8.16112817093696));
#7066=CARTESIAN_POINT('Ctrl Pts',(64.125,31.8403662309665,8.20866471997523));
#7067=CARTESIAN_POINT('Ctrl Pts',(64.125,31.8594329623447,8.25574785363854));
#7068=CARTESIAN_POINT('Ctrl Pts',(64.125,31.8798243886336,8.30230694685031));
#7069=CARTESIAN_POINT('Ctrl Pts',(64.125,31.8874843904741,8.31979678471833));
#7070=CARTESIAN_POINT('Ctrl Pts',(64.125,31.8953335947678,8.33721720984587));
#7071=CARTESIAN_POINT('Ctrl Pts',(64.125,31.9033587649279,8.35453665949385));
#7072=CARTESIAN_POINT('Ctrl Pts',(64.125,31.9409166133461,8.43559179621839));
#7073=CARTESIAN_POINT('Ctrl Pts',(64.125,31.9823684116888,8.51454220547675));
#7074=CARTESIAN_POINT('Ctrl Pts',(64.125,32.0276258004185,8.59105578011425));
#7075=CARTESIAN_POINT('Ctrl Pts',(64.125,32.0722054977846,8.66642362827085));
#7076=CARTESIAN_POINT('Ctrl Pts',(64.125,32.1204781501201,8.73942774373088));
#7077=CARTESIAN_POINT('Ctrl Pts',(64.125,32.1723960506979,8.80971719703754));
#7078=CARTESIAN_POINT('Ctrl Pts',(64.125,32.222683862523,8.87779974201406));
#7079=CARTESIAN_POINT('Ctrl Pts',(64.1250000000001,32.2763920917456,8.94333584375918));
#7080=CARTESIAN_POINT('Ctrl Pts',(64.1250000000001,32.3335050123049,9.00596714475937));
#7081=CARTESIAN_POINT('Ctrl Pts',(64.1250000000001,32.3744319420566,9.05084852766166));
#7082=CARTESIAN_POINT('Ctrl Pts',(64.125,32.4171077942483,9.09423747579421));
#7083=CARTESIAN_POINT('Ctrl Pts',(64.125,32.4615340033347,9.13598720337465));
#7084=CARTESIAN_POINT('Ctrl Pts',(64.125,36.2920618757059,9.13820643673161));
#7085=CARTESIAN_POINT('Ctrl Pts',(64.125,36.322520224556,9.10981512482008));
#7086=CARTESIAN_POINT('Ctrl Pts',(64.125,36.3521861018906,9.08064476816711));
#7087=CARTESIAN_POINT('Ctrl Pts',(64.125,36.3810213584651,9.05071232368151));
#7088=CARTESIAN_POINT('Ctrl Pts',(64.125,36.4401585392448,8.98932496005091));
#7089=CARTESIAN_POINT('Ctrl Pts',(64.125,36.4958041517031,8.92473521003202));
#7090=CARTESIAN_POINT('Ctrl Pts',(64.125,36.5479533910915,8.8573202028569));
#7091=CARTESIAN_POINT('Ctrl Pts',(64.125,36.578185783655,8.81823781190572));
#7092=CARTESIAN_POINT('Ctrl Pts',(64.125,36.6072425930495,8.77820501911878));
#7093=CARTESIAN_POINT('Ctrl Pts',(64.125,36.6351182892628,8.73728897220039));
#7094=CARTESIAN_POINT('Ctrl Pts',(64.125,36.6487238300843,8.71731871056671));
#7095=CARTESIAN_POINT('Ctrl Pts',(64.125,36.6620479510204,8.69713797516929));
#7096=CARTESIAN_POINT('Ctrl Pts',(64.125,36.6750896897268,8.6767542320581));
#7097=CARTESIAN_POINT('Ctrl Pts',(64.125,36.6846299817094,8.66184311741624));
#7098=CARTESIAN_POINT('Ctrl Pts',(64.1249999999999,36.6940145647079,8.64683050121597));
#7099=CARTESIAN_POINT('Ctrl Pts',(64.1249999999999,36.7032415675175,8.63172272766895));
#7100=CARTESIAN_POINT('Ctrl Pts',(64.1249999999999,36.7498264878832,8.55544720872521));
#7101=CARTESIAN_POINT('Ctrl Pts',(64.125,36.7924131697106,8.47672503871687));
#7102=CARTESIAN_POINT('Ctrl Pts',(64.125,36.8309871193362,8.3959610670729));
#7103=CARTESIAN_POINT('Ctrl Pts',(64.1249999999999,36.8640278853896,8.32678216476882));
#7104=CARTESIAN_POINT('Ctrl Pts',(64.125,36.8941241548884,8.25610413636313));
#7105=CARTESIAN_POINT('Ctrl Pts',(64.125,36.9212454078725,8.18415970871904));
#7106=CARTESIAN_POINT('Ctrl Pts',(64.125,36.9282992603201,8.16544798557971));
#7107=CARTESIAN_POINT('Ctrl Pts',(64.125,36.935151757492,8.14665051017528));
#7108=CARTESIAN_POINT('Ctrl Pts',(64.125,36.9418021217365,8.1277712066325));
#7109=CARTESIAN_POINT('Ctrl Pts',(64.125,36.9469990059621,8.11301809670252));
#7110=CARTESIAN_POINT('Ctrl Pts',(64.125,36.952072093655,8.09821581762131));
#7111=CARTESIAN_POINT('Ctrl Pts',(64.125,36.9570170437109,8.08337884502628));
#7112=CARTESIAN_POINT('Ctrl Pts',(64.125,36.9861036466579,7.99610655189432));
#7113=CARTESIAN_POINT('Ctrl Pts',(64.125,37.0108000275019,7.90752444324696));
#7114=CARTESIAN_POINT('Ctrl Pts',(64.125,37.0310959509373,7.81804434852969));
#7115=CARTESIAN_POINT('Ctrl Pts',(64.125,37.0517347443762,7.72705261821302));
#7116=CARTESIAN_POINT('Ctrl Pts',(64.125,37.0678236062407,7.63513148894418));
#7117=CARTESIAN_POINT('Ctrl Pts',(64.125,37.0793100366138,7.54268032631674));
#7118=CARTESIAN_POINT('Ctrl Pts',(64.125,37.0890550130772,7.46424565387591));
#7119=CARTESIAN_POINT('Ctrl Pts',(64.125,37.0954867291629,7.38542859543046));
#7120=CARTESIAN_POINT('Ctrl Pts',(64.125,37.0985464921124,7.30646141036912));
#7121=CARTESIAN_POINT('Ctrl Pts',(64.125,37.1008413143245,7.24723602157311));
#7122=CARTESIAN_POINT('Ctrl Pts',(64.125,37.1012389253689,7.18792593358431));
#7123=CARTESIAN_POINT('Ctrl Pts',(64.125,37.0997046523641,7.12862748842734));
#7124=CARTESIAN_POINT('Ctrl Pts',(64.125,37.0993285303218,7.11409066725564));
#7125=CARTESIAN_POINT('Ctrl Pts',(64.125,37.0988362660961,7.09955454398854));
#7126=CARTESIAN_POINT('Ctrl Pts',(64.125,37.0982272660881,7.08502053744075));
#7127=CARTESIAN_POINT('Ctrl Pts',(64.125,37.0976277860202,7.07071372772267));
#7128=CARTESIAN_POINT('Ctrl Pts',(64.1249999999999,37.0969155329877,7.05641759091823));
#7129=CARTESIAN_POINT('Ctrl Pts',(64.1249999999999,37.096090586214,7.04213708580435));
#7130=CARTESIAN_POINT('Ctrl Pts',(64.125,37.0905504295091,6.94623243027966));
#7131=CARTESIAN_POINT('Ctrl Pts',(64.125,37.0799293450288,6.85098297773256));
#7132=CARTESIAN_POINT('Ctrl Pts',(64.125,37.0641800346548,6.75680509316226));
#7133=CARTESIAN_POINT('Ctrl Pts',(64.125,37.0555024988324,6.70491507717916));
#7134=CARTESIAN_POINT('Ctrl Pts',(64.125,37.0452673170513,6.65334995820384));
#7135=CARTESIAN_POINT('Ctrl Pts',(64.125,37.0334600963907,6.60217743836499));
#7136=CARTESIAN_POINT('Ctrl Pts',(64.125,37.0127125764143,6.51225764198638));
#7137=CARTESIAN_POINT('Ctrl Pts',(64.125,36.9871142535889,6.42354964550112));
#7138=CARTESIAN_POINT('Ctrl Pts',(64.125,36.9569563425446,6.33626776564019));
#7139=CARTESIAN_POINT('Ctrl Pts',(64.125,36.9392395854293,6.28499260060001));
#7140=CARTESIAN_POINT('Ctrl Pts',(64.1249999999999,36.9199482182596,6.23420964369254));
#7141=CARTESIAN_POINT('Ctrl Pts',(64.1249999999999,36.8991331554297,6.18396354089265));
#7142=CARTESIAN_POINT('Ctrl Pts',(64.1249999999999,36.8857404941689,6.15163459526468));
#7143=CARTESIAN_POINT('Ctrl Pts',(64.125,36.8717169361777,6.11952791835684));
#7144=CARTESIAN_POINT('Ctrl Pts',(64.125,36.8570748280802,6.08765575633562));
#7145=CARTESIAN_POINT('Ctrl Pts',(64.125,36.8504768198367,6.07329356297165));
#7146=CARTESIAN_POINT('Ctrl Pts',(64.125,36.843753198075,6.05897899391784));
#7147=CARTESIAN_POINT('Ctrl Pts',(64.125,36.8369050325192,6.0447131931119));
#7148=CARTESIAN_POINT('Ctrl Pts',(64.125,36.8301579748256,6.03065801580961));
#7149=CARTESIAN_POINT('Ctrl Pts',(64.125,36.8232930529208,6.01665659038704));
#7150=CARTESIAN_POINT('Ctrl Pts',(64.125,36.8163153352901,6.0027170918841));
#7151=CARTESIAN_POINT('Ctrl Pts',(64.125,36.7733587305619,5.91690199316697));
#7152=CARTESIAN_POINT('Ctrl Pts',(64.125,36.7260910687127,5.83334874392161));
#7153=CARTESIAN_POINT('Ctrl Pts',(64.125,36.6748559117811,5.75228095372694));
#7154=CARTESIAN_POINT('Ctrl Pts',(64.125,36.6226488895803,5.66967541144081));
#7155=CARTESIAN_POINT('Ctrl Pts',(64.125,36.5663221045475,5.58964978739974));
#7156=CARTESIAN_POINT('Ctrl Pts',(64.125,36.5061841897914,5.51244927318166));
#7157=CARTESIAN_POINT('Ctrl Pts',(64.125,36.445547884808,5.43460896322101));
#7158=CARTESIAN_POINT('Ctrl Pts',(64.125,36.3810365596691,5.35963999706903));
#7159=CARTESIAN_POINT('Ctrl Pts',(64.1249999999999,36.3129174361229,5.28781386508477));
#7160=CARTESIAN_POINT('Ctrl Pts',(64.1249999999999,36.2732178663455,5.24595386468981));
#7161=CARTESIAN_POINT('Ctrl Pts',(64.125,36.2322920202884,5.20516176781394));
#7162=CARTESIAN_POINT('Ctrl Pts',(64.125,36.1901861635476,5.1654960824891));
#7163=CARTESIAN_POINT('Ctrl Pts',(64.125,36.1792338105051,5.15517845394577));
#7164=CARTESIAN_POINT('Ctrl Pts',(64.1249999999999,36.1681995817076,5.1449352238233));
#7165=CARTESIAN_POINT('Ctrl Pts',(64.1249999999999,36.1570909087938,5.13477355005931));
#7166=CARTESIAN_POINT('Ctrl Pts',(64.125,36.0820335173346,5.06611469841213));
#7167=CARTESIAN_POINT('Ctrl Pts',(64.125,36.0037513721152,5.00133010521614));
#7168=CARTESIAN_POINT('Ctrl Pts',(64.125,35.9225780339615,4.94067136779728));
#7169=CARTESIAN_POINT('Ctrl Pts',(64.125,35.8411621552528,4.87983138609091));
#7170=CARTESIAN_POINT('Ctrl Pts',(64.125,35.7568372169954,4.82314116207932));
#7171=CARTESIAN_POINT('Ctrl Pts',(64.125,35.6698934722373,4.77087945441903));
#7172=CARTESIAN_POINT('Ctrl Pts',(64.125,35.5845820368613,4.71959892459937));
#7173=CARTESIAN_POINT('Ctrl Pts',(64.125,35.4967485372711,4.67258154677528));
#7174=CARTESIAN_POINT('Ctrl Pts',(64.125,35.4066320197413,4.63012503598531));
#7175=CARTESIAN_POINT('Ctrl Pts',(64.125,35.3290037192192,4.59355208721777));
#7176=CARTESIAN_POINT('Ctrl Pts',(64.125,35.2496805536181,4.56036377651156));
#7177=CARTESIAN_POINT('Ctrl Pts',(64.125,35.1687992825331,4.53077704625437));
#7178=CARTESIAN_POINT('Ctrl Pts',(-67.875,32.4615340033347,9.13598720337469));
#7179=CARTESIAN_POINT('Ctrl Pts',(-67.8228076057735,31.9250373830646,8.50849571805304));
#7180=CARTESIAN_POINT('Ctrl Pts',(-67.7184228173204,31.5264614944466,6.69436079105355));
#7181=CARTESIAN_POINT('Ctrl Pts',(-67.5618456346409,33.4694508109731,4.67827898740358));
#7182=CARTESIAN_POINT('Ctrl Pts',(-67.4052684519612,36.2220449298128,5.18492708756799));
#7183=CARTESIAN_POINT('Ctrl Pts',(-67.2486912692817,37.3259149445422,7.75481158385566));
#7184=CARTESIAN_POINT('Ctrl Pts',(-67.092114086602,35.7970616268316,10.0984851546068));
#7185=CARTESIAN_POINT('Ctrl Pts',(-66.9355369039225,32.9991799159301,10.1230316383416));
#7186=CARTESIAN_POINT('Ctrl Pts',(-66.7789597212428,31.4289873806224,7.80735926261041));
#7187=CARTESIAN_POINT('Ctrl Pts',(-66.6223825385633,32.4874302624479,5.21731211509588));
#7188=CARTESIAN_POINT('Ctrl Pts',(-66.4658053558837,35.2301309421811,4.66412175092902));
#7189=CARTESIAN_POINT('Ctrl Pts',(-66.3092281732041,37.2098073266191,6.64130216064704));
#7190=CARTESIAN_POINT('Ctrl Pts',(-66.1526509905244,36.6600440711321,9.3846950905467));
#7191=CARTESIAN_POINT('Ctrl Pts',(-65.9960738078449,34.0713791017861,10.4464053250172));
#7192=CARTESIAN_POINT('Ctrl Pts',(-65.8394966251652,31.7536295019101,8.87909811716488));
#7193=CARTESIAN_POINT('Ctrl Pts',(-65.6829194424857,31.7748781548671,6.08124830235016));
#7194=CARTESIAN_POINT('Ctrl Pts',(-65.526342259806,34.1161629117783,4.54932120468737));
#7195=CARTESIAN_POINT('Ctrl Pts',(-65.3697650771265,36.6884070944247,5.65023185944058));
#7196=CARTESIAN_POINT('Ctrl Pts',(-65.2131878944469,37.196434446775,8.40164407300257));
#7197=CARTESIAN_POINT('Ctrl Pts',(-65.0566107117673,35.1869696854153,10.3485590609951));
#7198=CARTESIAN_POINT('Ctrl Pts',(-64.9000335290877,32.4529608067745,9.75371369289658));
#7199=CARTESIAN_POINT('Ctrl Pts',(-64.7434563464082,31.4340329176591,7.14802201765115));
#7200=CARTESIAN_POINT('Ctrl Pts',(-64.5868791637285,33.0390980541075,4.85618639836708));
#7201=CARTESIAN_POINT('Ctrl Pts',(-64.430301981049,35.8365299843407,4.92380939019204));
#7202=CARTESIAN_POINT('Ctrl Pts',(-64.2737247983693,37.3290990081386,7.2892000646637));
#7203=CARTESIAN_POINT('Ctrl Pts',(-64.1171476156898,36.1874451345972,9.84460475149879));
#7204=CARTESIAN_POINT('Ctrl Pts',(-63.9605704330101,33.4253983985043,10.3038336168627));
#7205=CARTESIAN_POINT('Ctrl Pts',(-63.8561856445571,32.1561361991556,8.94776512978267));
#7206=CARTESIAN_POINT('Ctrl Pts',(-63.8039932503306,31.9429131979649,8.1501999979748));
#7207=CARTESIAN_POINT('Ctrl Pts',(-67.9820022498898,32.3206684496577,9.25642532122657));
#7208=CARTESIAN_POINT('Ctrl Pts',(-67.9298098556633,31.7446760172895,8.58273916316889));
#7209=CARTESIAN_POINT('Ctrl Pts',(-67.8254250672102,31.3167577660007,6.63505123790238));
#7210=CARTESIAN_POINT('Ctrl Pts',(-67.6688478845306,33.4027860841808,4.47054950934947));
#7211=CARTESIAN_POINT('Ctrl Pts',(-67.512270701851,36.3580206969065,5.01449603304139));
#7212=CARTESIAN_POINT('Ctrl Pts',(-67.3556935191715,37.5431554224192,7.77357030489158));
#7213=CARTESIAN_POINT('Ctrl Pts',(-67.1991163364918,35.9017509700317,10.2897804536417));
#7214=CARTESIAN_POINT('Ctrl Pts',(-67.0425391538123,32.8978947829618,10.3161340005949));
#7215=CARTESIAN_POINT('Ctrl Pts',(-66.8859619711327,31.2121078021552,7.82998643904356));
#7216=CARTESIAN_POINT('Ctrl Pts',(-66.729384788453,32.3484711397628,5.04926518176166));
#7217=CARTESIAN_POINT('Ctrl Pts',(-66.5728076057735,35.29308397811,4.45535004533703));
#7218=CARTESIAN_POINT('Ctrl Pts',(-66.4162304230939,37.4185001930342,6.57808653685621));
#7219=CARTESIAN_POINT('Ctrl Pts',(-66.2596532404143,36.8282644622012,9.5234425874476));
#7220=CARTESIAN_POINT('Ctrl Pts',(-66.1030760577347,34.0490271362903,10.6633138136911));
#7221=CARTESIAN_POINT('Ctrl Pts',(-65.9464988750551,31.5606494294919,8.98062457239742));
#7222=CARTESIAN_POINT('Ctrl Pts',(-65.7899216923755,31.583462365937,5.97680262954071));
#7223=CARTESIAN_POINT('Ctrl Pts',(-65.6333445096959,34.0971078411326,4.33209811164615));
#7224=CARTESIAN_POINT('Ctrl Pts',(-65.4767673270163,36.8587155147491,5.5140556149982));
#7225=CARTESIAN_POINT('Ctrl Pts',(-65.3201901443367,37.4041428284244,8.46802131293496));
#7226=CARTESIAN_POINT('Ctrl Pts',(-65.1636129616571,35.2467452756293,10.5582643026917));
#7227=CARTESIAN_POINT('Ctrl Pts',(-65.0070357789776,32.3114641114507,9.91962760395258));
#7228=CARTESIAN_POINT('Ctrl Pts',(-64.8504585962979,31.2175247815741,7.12211009998336));
#7229=CARTESIAN_POINT('Ctrl Pts',(-64.6938814136183,32.9407516149262,4.66155410938888));
#7230=CARTESIAN_POINT('Ctrl Pts',(-64.5373042309388,35.9441249093713,4.73415537111845));
#7231=CARTESIAN_POINT('Ctrl Pts',(-64.3807270482591,37.5465738904326,7.27368139348899));
#7232=CARTESIAN_POINT('Ctrl Pts',(-64.2241498655796,36.3208737337148,10.0172098811689));
#7233=CARTESIAN_POINT('Ctrl Pts',(-64.0675726828999,33.35549062089,10.5102462604874));
#7234=CARTESIAN_POINT('Ctrl Pts',(-63.9631878944469,31.9927878677064,9.05434671365015));
#7235=CARTESIAN_POINT('Ctrl Pts',(-63.9109955002204,31.7638678140613,8.1980664261607));
#7236=CARTESIAN_POINT('Ctrl Pts',(-68.0890044997796,32.1798028959806,9.37686343907845));
#7237=CARTESIAN_POINT('Ctrl Pts',(-68.0368121055531,31.5643146515145,8.65698260828474));
#7238=CARTESIAN_POINT('Ctrl Pts',(-67.9324273171,31.1070540375548,6.57574168475121));
#7239=CARTESIAN_POINT('Ctrl Pts',(-67.7758501344204,33.3361213573884,4.26282003129537));
#7240=CARTESIAN_POINT('Ctrl Pts',(-67.6192729517409,36.4939964640003,4.84406497851478));
#7241=CARTESIAN_POINT('Ctrl Pts',(-67.4626957690613,37.7603959002961,7.79232902592749));
#7242=CARTESIAN_POINT('Ctrl Pts',(-67.3061185863817,36.0064403132318,10.4810757526766));
#7243=CARTESIAN_POINT('Ctrl Pts',(-67.149541403702,32.7966096499935,10.5092363628482));
#7244=CARTESIAN_POINT('Ctrl Pts',(-66.9929642210225,30.9952282236879,7.85261361547672));
#7245=CARTESIAN_POINT('Ctrl Pts',(-66.8363870383428,32.2095120170777,4.88121824842743));
#7246=CARTESIAN_POINT('Ctrl Pts',(-66.6798098556633,35.3560370140389,4.24657833974504));
#7247=CARTESIAN_POINT('Ctrl Pts',(-66.5232326729836,37.6271930594494,6.51487091306538));
#7248=CARTESIAN_POINT('Ctrl Pts',(-66.3666554903042,36.9964848532703,9.66219008434848));
#7249=CARTESIAN_POINT('Ctrl Pts',(-66.2100783076245,34.0266751707945,10.880222302365));
#7250=CARTESIAN_POINT('Ctrl Pts',(-66.053501124945,31.3676693570738,9.08215102762995));
#7251=CARTESIAN_POINT('Ctrl Pts',(-65.8969239422653,31.392046577007,5.87235695673128));
#7252=CARTESIAN_POINT('Ctrl Pts',(-65.7403467595857,34.078052770487,4.11487501860492));
#7253=CARTESIAN_POINT('Ctrl Pts',(-65.5837695769061,37.0290239350735,5.37787937055583));
#7254=CARTESIAN_POINT('Ctrl Pts',(-65.4271923942265,37.6118512100738,8.53439855286736));
#7255=CARTESIAN_POINT('Ctrl Pts',(-65.2706152115469,35.3065208658433,10.7679695443882));
#7256=CARTESIAN_POINT('Ctrl Pts',(-65.1140380288674,32.1699674161268,10.0855415150086));
#7257=CARTESIAN_POINT('Ctrl Pts',(-64.9574608461877,31.0010166454892,7.09619818231557));
#7258=CARTESIAN_POINT('Ctrl Pts',(-64.8008836635082,32.842405175745,4.46692182041067));
#7259=CARTESIAN_POINT('Ctrl Pts',(-64.6443064808286,36.0517198344018,4.54450135204487));
#7260=CARTESIAN_POINT('Ctrl Pts',(-64.487729298149,37.7640487727265,7.25816272231428));
#7261=CARTESIAN_POINT('Ctrl Pts',(-64.3311521154694,36.4543023328325,10.189815010839));
#7262=CARTESIAN_POINT('Ctrl Pts',(-64.1745749327898,33.2855828432758,10.7166589041121));
#7263=CARTESIAN_POINT('Ctrl Pts',(-64.0701901443367,31.8294395362573,9.16092829751764));
#7264=CARTESIAN_POINT('Ctrl Pts',(-64.0179977501102,31.5848224301578,8.24593285434659));
#7265=CARTESIAN_POINT('Ctrl Pts',(-68.1960067496694,32.0389373423036,9.49730155693033));
#7266=CARTESIAN_POINT('Ctrl Pts',(-68.1438143554429,31.3839532857394,8.7312260534006));
#7267=CARTESIAN_POINT('Ctrl Pts',(-68.0394295669898,30.8973503091089,6.51643213160003));
#7268=CARTESIAN_POINT('Ctrl Pts',(-67.8828523843103,33.2694566305961,4.05509055324127));
#7269=CARTESIAN_POINT('Ctrl Pts',(-67.7262752016306,36.6299722310941,4.67363392398817));
#7270=CARTESIAN_POINT('Ctrl Pts',(-67.5696980189512,37.977636378173,7.81108774696341));
#7271=CARTESIAN_POINT('Ctrl Pts',(-67.4131208362714,36.1111296564318,10.6723710517116));
#7272=CARTESIAN_POINT('Ctrl Pts',(-67.2565436535919,32.6953245170253,10.7023387251015));
#7273=CARTESIAN_POINT('Ctrl Pts',(-67.0999664709123,30.7783486452207,7.87524079190987));
#7274=CARTESIAN_POINT('Ctrl Pts',(-66.9433892882327,32.0705528943926,4.71317131509322));
#7275=CARTESIAN_POINT('Ctrl Pts',(-66.7868121055531,35.4189900499677,4.03780663415306));
#7276=CARTESIAN_POINT('Ctrl Pts',(-66.6302349228735,37.8358859258645,6.45165528927455));
#7277=CARTESIAN_POINT('Ctrl Pts',(-66.4736577401939,37.1647052443394,9.80093758124937));
#7278=CARTESIAN_POINT('Ctrl Pts',(-66.3170805575143,34.0043232052987,11.0971307910389));
#7279=CARTESIAN_POINT('Ctrl Pts',(-66.1605033748347,31.1746892846556,9.18367748286247));
#7280=CARTESIAN_POINT('Ctrl Pts',(-66.0039261921551,31.200630788077,5.76791128392184));
#7281=CARTESIAN_POINT('Ctrl Pts',(-65.8473490094755,34.0589976998414,3.8976519255637));
#7282=CARTESIAN_POINT('Ctrl Pts',(-65.6907718267959,37.1993323553979,5.24170312611346));
#7283=CARTESIAN_POINT('Ctrl Pts',(-65.5341946441163,37.8195595917232,8.60077579279976));
#7284=CARTESIAN_POINT('Ctrl Pts',(-65.3776174614368,35.3662964560572,10.9776747860848));
#7285=CARTESIAN_POINT('Ctrl Pts',(-65.2210402787572,32.0284707208029,10.2514554260646));
#7286=CARTESIAN_POINT('Ctrl Pts',(-65.0644630960776,30.7845085094043,7.07028626464778));
#7287=CARTESIAN_POINT('Ctrl Pts',(-64.907885913398,32.7440587365637,4.27228953143246));
#7288=CARTESIAN_POINT('Ctrl Pts',(-64.7513087307184,36.1593147594324,4.35484733297129));
#7289=CARTESIAN_POINT('Ctrl Pts',(-64.5947315480388,37.9815236550205,7.24264405113957));
#7290=CARTESIAN_POINT('Ctrl Pts',(-64.4381543653592,36.5877309319501,10.3624201405091));
#7291=CARTESIAN_POINT('Ctrl Pts',(-64.2815771826796,33.2156750656616,10.9230715477368));
#7292=CARTESIAN_POINT('Ctrl Pts',(-64.1771923942265,31.6660912048082,9.26750988138512));
#7293=CARTESIAN_POINT('Ctrl Pts',(-64.125,31.4057770462542,8.29379928253249));
#7294=CARTESIAN_POINT('Ctrl Pts',(-64.125,36.0132064367312,9.41706187570632));
#7295=CARTESIAN_POINT('Ctrl Pts',(-64.125,35.9848151248197,9.44752022455626));
#7296=CARTESIAN_POINT('Ctrl Pts',(-64.125,35.9556447681669,9.47718610189074));
#7297=CARTESIAN_POINT('Ctrl Pts',(-64.125,35.9257123236813,9.50602135846522));
#7298=CARTESIAN_POINT('Ctrl Pts',(-64.125,35.8643249600775,9.56515853921903));
#7299=CARTESIAN_POINT('Ctrl Pts',(-64.125,35.7997352100887,9.62080415165428));
#7300=CARTESIAN_POINT('Ctrl Pts',(-64.125,35.7323202029453,9.6729533910231));
#7301=CARTESIAN_POINT('Ctrl Pts',(-64.125,35.6932378119937,9.70318578358978));
#7302=CARTESIAN_POINT('Ctrl Pts',(-64.125,35.6532050192066,9.73224259298715));
#7303=CARTESIAN_POINT('Ctrl Pts',(-64.125,35.6122889722876,9.76011828920341));
#7304=CARTESIAN_POINT('Ctrl Pts',(-64.125,35.5923187119647,9.77372382913308));
#7305=CARTESIAN_POINT('Ctrl Pts',(-64.125,35.5721379779049,9.78704794921478));
#7306=CARTESIAN_POINT('Ctrl Pts',(-64.125,35.5517542361582,9.80008968710342));
#7307=CARTESIAN_POINT('Ctrl Pts',(-64.125,35.536843120372,9.80962997985863));
#7308=CARTESIAN_POINT('Ctrl Pts',(-64.125,35.5218305030094,9.8190145636068));
#7309=CARTESIAN_POINT('Ctrl Pts',(-64.125,35.5067227282854,9.82824156714099));
#7310=CARTESIAN_POINT('Ctrl Pts',(-64.125,35.4304472093598,9.87482648752535));
#7311=CARTESIAN_POINT('Ctrl Pts',(-64.125,35.3517250393684,9.91741316937196));
#7312=CARTESIAN_POINT('Ctrl Pts',(-64.125,35.270961067741,9.95598711901716));
#7313=CARTESIAN_POINT('Ctrl Pts',(-64.125,35.2017821654189,9.98902788510274));
#7314=CARTESIAN_POINT('Ctrl Pts',(-64.125,35.1311041369925,10.0191241546317));
#7315=CARTESIAN_POINT('Ctrl Pts',(-64.125,35.0591597093264,10.0462454076434));
#7316=CARTESIAN_POINT('Ctrl Pts',(-64.125,35.0404479866858,10.0532992599081));
#7317=CARTESIAN_POINT('Ctrl Pts',(-64.125,35.0216505117853,10.0601517569076));
#7318=CARTESIAN_POINT('Ctrl Pts',(-64.125,35.00277120875,10.0668021209906));
#7319=CARTESIAN_POINT('Ctrl Pts',(-64.125,34.9880181004642,10.0719990046505));
#7320=CARTESIAN_POINT('Ctrl Pts',(-64.125,34.9732158230361,10.0770720918059));
#7321=CARTESIAN_POINT('Ctrl Pts',(-64.125,34.9583788521018,10.0820170413527));
#7322=CARTESIAN_POINT('Ctrl Pts',(-64.125,34.8711065590531,10.1111036445331));
#7323=CARTESIAN_POINT('Ctrl Pts',(-64.125,34.7825244504777,10.1358000256115));
#7324=CARTESIAN_POINT('Ctrl Pts',(-64.125,34.6930443558218,10.1560959492833));
#7325=CARTESIAN_POINT('Ctrl Pts',(-64.125,34.6020526255776,10.1767347429603));
#7326=CARTESIAN_POINT('Ctrl Pts',(-64.125,34.5101314963704,10.1928236050661));
#7327=CARTESIAN_POINT('Ctrl Pts',(-64.125,34.4176803337947,10.2043100356847));
#7328=CARTESIAN_POINT('Ctrl Pts',(-64.125,34.3392456607551,10.2140550124363));
#7329=CARTESIAN_POINT('Ctrl Pts',(-64.125,34.2604286016972,10.2204867287589));
#7330=CARTESIAN_POINT('Ctrl Pts',(-64.125,34.1814614160156,10.2235464918936));
#7331=CARTESIAN_POINT('Ctrl Pts',(-64.125,34.1222360267543,10.2258413142446));
#7332=CARTESIAN_POINT('Ctrl Pts',(-64.125,34.062925938296,10.2262389253986));
#7333=CARTESIAN_POINT('Ctrl Pts',(-64.125,34.0036274926674,10.2247046524738));
#7334=CARTESIAN_POINT('Ctrl Pts',(-64.125,33.9890906744954,10.2243285305317));
#7335=CARTESIAN_POINT('Ctrl Pts',(-64.125,33.9745545542274,10.2238362664542));
#7336=CARTESIAN_POINT('Ctrl Pts',(-64.125,33.9600205506777,10.2232272666427));
#7337=CARTESIAN_POINT('Ctrl Pts',(-64.125,33.9457137372624,10.2226277864897));
#7338=CARTESIAN_POINT('Ctrl Pts',(-64.125,33.9314175967546,10.2219155333135));
#7339=CARTESIAN_POINT('Ctrl Pts',(-64.125,33.9171370879501,10.221090586338));
#7340=CARTESIAN_POINT('Ctrl Pts',(-64.125,33.8212324324951,10.2155504297135));
#7341=CARTESIAN_POINT('Ctrl Pts',(-64.125,33.7259829800133,10.2049293453222));
#7342=CARTESIAN_POINT('Ctrl Pts',(-64.125,33.6318050955035,10.1891800350463));
#7343=CARTESIAN_POINT('Ctrl Pts',(-64.125,33.5799150787302,10.1805024991403));
#7344=CARTESIAN_POINT('Ctrl Pts',(-64.125,33.5283499589728,10.1702673172286));
#7345=CARTESIAN_POINT('Ctrl Pts',(-64.125,33.4771774383643,10.1584600963905));
#7346=CARTESIAN_POINT('Ctrl Pts',(-64.125,33.3872576420143,10.1377125764207));
#7347=CARTESIAN_POINT('Ctrl Pts',(-64.125,33.2985496455567,10.1121142536049));
#7348=CARTESIAN_POINT('Ctrl Pts',(-64.125,33.2112677657225,10.081956342573));
#7349=CARTESIAN_POINT('Ctrl Pts',(-64.125,33.15999260068,10.0642395854587));
#7350=CARTESIAN_POINT('Ctrl Pts',(-64.125,33.1092096437711,10.0449482182903));
#7351=CARTESIAN_POINT('Ctrl Pts',(-64.125,33.058963540969,10.0241331554613));
#7352=CARTESIAN_POINT('Ctrl Pts',(-64.125,33.0266345954525,10.0107404942479));
#7353=CARTESIAN_POINT('Ctrl Pts',(-64.125,32.9945279186543,9.99671693630824));
#7354=CARTESIAN_POINT('Ctrl Pts',(-64.125,32.9626557567413,9.98207482826655));
#7355=CARTESIAN_POINT('Ctrl Pts',(-64.125,32.9482935631353,9.97547681991465));
#7356=CARTESIAN_POINT('Ctrl Pts',(-64.125,32.9339789938407,9.96875319804015));
#7357=CARTESIAN_POINT('Ctrl Pts',(-64.125,32.919713192796,9.96190503236748));
#7358=CARTESIAN_POINT('Ctrl Pts',(-64.125,32.9056580156019,9.95515797472368));
#7359=CARTESIAN_POINT('Ctrl Pts',(-64.125,32.891656590287,9.94829305287064));
#7360=CARTESIAN_POINT('Ctrl Pts',(-64.125,32.8777170918907,9.94131533529334));
#7361=CARTESIAN_POINT('Ctrl Pts',(-64.125,32.7919019931734,9.89835873056539));
#7362=CARTESIAN_POINT('Ctrl Pts',(-64.125,32.708348743928,9.85109106871641));
#7363=CARTESIAN_POINT('Ctrl Pts',(-64.125,32.6272809537332,9.79985591178493));
#7364=CARTESIAN_POINT('Ctrl Pts',(-64.125,32.5446754114096,9.74764888956084));
#7365=CARTESIAN_POINT('Ctrl Pts',(-64.125,32.4646497873335,9.69132210450099));
#7366=CARTESIAN_POINT('Ctrl Pts',(-64.125,32.387449273083,9.63118418971455));
#7367=CARTESIAN_POINT('Ctrl Pts',(-64.125,32.3096089631015,9.57054788470975));
#7368=CARTESIAN_POINT('Ctrl Pts',(-64.125,32.2346399969306,9.50603655954732));
#7369=CARTESIAN_POINT('Ctrl Pts',(-64.125,32.1628138649294,9.4379174359756));
#7370=CARTESIAN_POINT('Ctrl Pts',(-64.125,32.1209538645437,9.39821786620142));
#7371=CARTESIAN_POINT('Ctrl Pts',(-64.125,32.080161767676,9.35729202014701));
#7372=CARTESIAN_POINT('Ctrl Pts',(-64.125,32.0404960823597,9.31518616341022));
#7373=CARTESIAN_POINT('Ctrl Pts',(-64.125,32.0301784536093,9.30423381014658));
#7374=CARTESIAN_POINT('Ctrl Pts',(-64.125,32.0199352232832,9.2931995811252));
#7375=CARTESIAN_POINT('Ctrl Pts',(-64.125,32.0097735493188,9.2820909079843));
#7376=CARTESIAN_POINT('Ctrl Pts',(-64.125,31.9411146977111,9.20703351651445));
#7377=CARTESIAN_POINT('Ctrl Pts',(-64.125,31.8763301045538,9.12875137128641));
#7378=CARTESIAN_POINT('Ctrl Pts',(-64.125,31.8156713671735,9.04757803312663));
#7379=CARTESIAN_POINT('Ctrl Pts',(-64.125,31.7548313854942,8.96616215439621));
#7380=CARTESIAN_POINT('Ctrl Pts',(-64.125,31.6981411615108,8.88183721611817));
#7381=CARTESIAN_POINT('Ctrl Pts',(-64.125,31.6458794538799,8.79489347134012));
#7382=CARTESIAN_POINT('Ctrl Pts',(-64.125,31.5945989241011,8.70958203596468));
#7383=CARTESIAN_POINT('Ctrl Pts',(-64.125,31.5475815463173,8.62174853637777));
#7384=CARTESIAN_POINT('Ctrl Pts',(-64.125,31.5051250355665,8.53163201885237));
#7385=CARTESIAN_POINT('Ctrl Pts',(-64.125,31.4685520869644,8.45400371861355));
#7386=CARTESIAN_POINT('Ctrl Pts',(-64.125,31.4353637763985,8.37468055330895));
#7387=CARTESIAN_POINT('Ctrl Pts',(-64.125,31.4057770462542,8.29379928253258));
#7388=CARTESIAN_POINT('Ctrl Pts',(-67.5834234471779,37.4524676993115,7.50138984525951));
#7389=CARTESIAN_POINT('Ctrl Pts',(-67.5788483044356,37.4529853198634,7.58942416951301));
#7390=CARTESIAN_POINT('Ctrl Pts',(-67.5220807674668,37.4100062902815,8.68124292767528));
#7391=CARTESIAN_POINT('Ctrl Pts',(-67.4131208362714,36.1111296564318,10.6723710517116));
#7392=CARTESIAN_POINT('Ctrl Pts',(-67.2565436535919,32.6953245170253,10.7023387251015));
#7393=CARTESIAN_POINT('Ctrl Pts',(-67.0999664709123,30.7783486452207,7.87524079190987));
#7394=CARTESIAN_POINT('Ctrl Pts',(-66.9433892882327,32.0705528943926,4.71317131509322));
#7395=CARTESIAN_POINT('Ctrl Pts',(-66.7868121055531,35.4189900499677,4.03780663415306));
#7396=CARTESIAN_POINT('Ctrl Pts',(-66.6668234918682,37.2711116720762,5.88759310250437));
#7397=CARTESIAN_POINT('Ctrl Pts',(-66.5990272724097,37.4491743258962,7.19582543040603));
#7398=CARTESIAN_POINT('Ctrl Pts',(-66.5834234471779,37.4468212047138,7.49755035288348));
#7399=CARTESIAN_POINT('Ctrl Pts',(-66.262416697508,36.891124900884,7.49799349712151));
#7400=CARTESIAN_POINT('Ctrl Pts',(-66.2780205227401,36.8930523394974,7.25085099107196));
#7401=CARTESIAN_POINT('Ctrl Pts',(-66.293624347972,36.8594836254877,7.00422051616965));
#7402=CARTESIAN_POINT('Ctrl Pts',(-66.3092281732041,36.7882340532983,6.76900424734397));
#7403=CARTESIAN_POINT('Ctrl Pts',(-66.3614205674306,36.5499151984731,5.98224202407436));
#7404=CARTESIAN_POINT('Ctrl Pts',(-66.4136129616571,35.8900230703271,5.32318188750169));
#7405=CARTESIAN_POINT('Ctrl Pts',(-66.4658053558837,35.1029602262986,5.08585021324316));
#7406=CARTESIAN_POINT('Ctrl Pts',(-66.5179977501102,34.31589738227,4.84851853898464));
#7407=CARTESIAN_POINT('Ctrl Pts',(-66.5701901443367,33.401663822359,5.03291532704026));
#7408=CARTESIAN_POINT('Ctrl Pts',(-66.6223825385633,32.7681398954325,5.55678824565382));
#7409=CARTESIAN_POINT('Ctrl Pts',(-66.6745749327898,32.1346159685061,6.08066116426739));
#7410=CARTESIAN_POINT('Ctrl Pts',(-66.7267673270163,31.7818016745642,6.9440102134389));
#7411=CARTESIAN_POINT('Ctrl Pts',(-66.7789597212429,31.8670932834779,7.76163013397985));
#7412=CARTESIAN_POINT('Ctrl Pts',(-66.8311521154694,31.9523848923916,8.57925005452081));
#7413=CARTESIAN_POINT('Ctrl Pts',(-66.8833445096959,32.4757824041609,9.35114084643121));
#7414=CARTESIAN_POINT('Ctrl Pts',(-66.9355369039225,33.2037947785291,9.73299516176393));
#7415=CARTESIAN_POINT('Ctrl Pts',(-66.987729298149,33.9318071528973,10.1148494770967));
#7416=CARTESIAN_POINT('Ctrl Pts',(-67.0399216923755,34.8644343898644,10.1066673158517));
#7417=CARTESIAN_POINT('Ctrl Pts',(-67.092114086602,35.5855568946331,9.71196397343738));
#7418=CARTESIAN_POINT('Ctrl Pts',(-67.1443064808285,36.3066793994018,9.31726063102306));
#7419=CARTESIAN_POINT('Ctrl Pts',(-67.1964988750551,36.816297171972,8.53603610743936));
#7420=CARTESIAN_POINT('Ctrl Pts',(-67.2486912692817,36.8871277224689,7.7171097629329));
#7421=CARTESIAN_POINT('Ctrl Pts',(-67.2532664120238,36.8933366708,7.64532334698207));
#7422=CARTESIAN_POINT('Ctrl Pts',(-67.2578415547659,36.8961739198815,7.57324722523555));
#7423=CARTESIAN_POINT('Ctrl Pts',(-67.2624166975081,36.895749937536,7.50113842051716));
#7424=CARTESIAN_POINT('Origin',(-70.0834234471779,34.375,7.5));
#7425=CARTESIAN_POINT('Ctrl Pts',(-67.6665765528229,37.4451212238326,7.49752369070575));
#7426=CARTESIAN_POINT('Ctrl Pts',(-67.6316662467622,37.4406600868936,8.17292033609378));
#7427=CARTESIAN_POINT('Ctrl Pts',(-67.544563546475,36.8930773587664,9.86656966979031));
#7428=CARTESIAN_POINT('Ctrl Pts',(-67.4052684519612,34.1176440402926,11.1065240843179));
#7429=CARTESIAN_POINT('Ctrl Pts',(-67.2486912692817,31.2298471489613,9.28431474335521));
#7430=CARTESIAN_POINT('Ctrl Pts',(-67.092114086602,31.1472893760583,5.869058710763));
#7431=CARTESIAN_POINT('Ctrl Pts',(-66.9355369039225,33.9452862317719,3.90950828920059));
#7432=CARTESIAN_POINT('Ctrl Pts',(-66.7936910593294,36.8271598541551,5.0364342145212));
#7433=CARTESIAN_POINT('Ctrl Pts',(-66.7040376089629,37.4413554540649,6.7784202423396));
#7434=CARTESIAN_POINT('Ctrl Pts',(-66.666576552823,37.4472647055804,7.50252743581067));
#7435=CARTESIAN_POINT('Origin',(-70.0834234471779,34.375,7.5));
#7436=CARTESIAN_POINT('Ctrl Pts',(64.4165765528221,37.4524678615725,7.50138986215339));
#7437=CARTESIAN_POINT('Ctrl Pts',(64.4211516955644,37.4529854799663,7.58942419414753));
#7438=CARTESIAN_POINT('Ctrl Pts',(64.4779192325332,37.4100064239662,8.68124304265888));
#7439=CARTESIAN_POINT('Ctrl Pts',(64.5868791637285,36.1111297698619,10.672371160984));
#7440=CARTESIAN_POINT('Ctrl Pts',(64.7434563464081,32.6953244193865,10.7023389251943));
#7441=CARTESIAN_POINT('Ctrl Pts',(64.9000335290877,30.7783484594544,7.87524079491756));
#7442=CARTESIAN_POINT('Ctrl Pts',(65.0566107117673,32.070552771325,4.71317117703518));
#7443=CARTESIAN_POINT('Ctrl Pts',(65.2131878944469,35.4189901056538,4.03780644700796));
#7444=CARTESIAN_POINT('Ctrl Pts',(65.3331765081318,37.2711118246908,5.88759301824659));
#7445=CARTESIAN_POINT('Ctrl Pts',(65.4009727275903,37.4491744878798,7.19582541517378));
#7446=CARTESIAN_POINT('Ctrl Pts',(65.4165765528221,37.4468213665801,7.49755035348405));
#7447=CARTESIAN_POINT('Ctrl Pts',(64.333423447177,37.4451212689235,7.4975229243165));
#7448=CARTESIAN_POINT('Ctrl Pts',(64.3683337532377,37.4406600910371,8.17291971350417));
#7449=CARTESIAN_POINT('Ctrl Pts',(64.4032440592984,37.2211917416522,8.85172577738758));
#7450=CARTESIAN_POINT('Ctrl Pts',(64.4381543653592,36.8108993601517,9.38302040808092));
#7451=CARTESIAN_POINT('Ctrl Pts',(64.4903467595857,36.1974947773853,10.1773285063072));
#7452=CARTESIAN_POINT('Ctrl Pts',(64.5425391538122,35.1575694142622,10.6419260806638));
#7453=CARTESIAN_POINT('Ctrl Pts',(64.5947315480388,34.1563072796726,10.570523385244));
#7454=CARTESIAN_POINT('Ctrl Pts',(64.6469239422653,33.155045145083,10.4991206898242));
#7455=CARTESIAN_POINT('Ctrl Pts',(64.6991163364918,32.1924462390271,9.89171772462815));
#7456=CARTESIAN_POINT('Ctrl Pts',(64.7513087307184,31.6973871524094,9.01880690488533));
#7457=CARTESIAN_POINT('Ctrl Pts',(64.8035011249449,31.2023280657916,8.14589608514251));
#7458=CARTESIAN_POINT('Ctrl Pts',(64.8556935191715,31.1748087986122,7.00747741085271));
#7459=CARTESIAN_POINT('Ctrl Pts',(64.907885913398,31.6273819538917,6.11167636918145));
#7460=CARTESIAN_POINT('Ctrl Pts',(64.9600783076245,32.0799551091713,5.21587532751008));
#7461=CARTESIAN_POINT('Ctrl Pts',(65.012270701851,33.0126206869099,4.5626919184571));
#7462=CARTESIAN_POINT('Ctrl Pts',(65.0644630960775,34.0091483360154,4.44342724916386));
#7463=CARTESIAN_POINT('Ctrl Pts',(65.1166554903041,35.0056759851208,4.32416257987064));
#7464=CARTESIAN_POINT('Ctrl Pts',(65.1688478845306,36.0660657055929,4.73881665033706));
#7465=CARTESIAN_POINT('Ctrl Pts',(65.2210402787572,36.7172971258322,5.50244797477931));
#7466=CARTESIAN_POINT('Ctrl Pts',(65.2585013348971,37.1847180432903,6.05054384850015));
#7467=CARTESIAN_POINT('Ctrl Pts',(65.2959623910371,37.4413552912393,6.778420276902));
#7468=CARTESIAN_POINT('Ctrl Pts',(65.3334234471771,37.4472645436173,7.50252743505708));
#7469=CARTESIAN_POINT('Ctrl Pts',(-67.875,35.1687992825332,4.53077704625438));
#7470=CARTESIAN_POINT('Ctrl Pts',(-67.8228076057735,36.1425098813857,4.79109120480858));
#7471=CARTESIAN_POINT('Ctrl Pts',(-67.7184228173204,37.7980713553039,6.34067654996457));
#7472=CARTESIAN_POINT('Ctrl Pts',(-67.5618456346408,37.2374203054843,9.71273078846957));
#7473=CARTESIAN_POINT('Ctrl Pts',(-67.4052684519612,34.1176440402926,11.1065240843179));
#7474=CARTESIAN_POINT('Ctrl Pts',(-67.2486912692817,31.2298471489613,9.28431474335521));
#7475=CARTESIAN_POINT('Ctrl Pts',(-67.092114086602,31.1472893760583,5.869058710763));
#7476=CARTESIAN_POINT('Ctrl Pts',(-66.9355369039225,33.9452862317719,3.90950828920059));
#7477=CARTESIAN_POINT('Ctrl Pts',(-66.7789597212429,37.1264555774517,5.15347061309914));
#7478=CARTESIAN_POINT('Ctrl Pts',(-66.6223825385633,37.8526749657067,8.49129650012113));
#7479=CARTESIAN_POINT('Ctrl Pts',(-66.4658053558836,35.4757758529149,10.9445597774929));
#7480=CARTESIAN_POINT('Ctrl Pts',(-66.3092281732041,32.1167030059409,10.3243325021687));
#7481=CARTESIAN_POINT('Ctrl Pts',(-66.1526509905244,30.7726517362012,7.18399768425375));
#7482=CARTESIAN_POINT('Ctrl Pts',(-65.9960738078449,32.6429111924401,4.32563062018927));
#7483=CARTESIAN_POINT('Ctrl Pts',(-65.8394966251652,36.0586775714757,4.29968911622267));
#7484=CARTESIAN_POINT('Ctrl Pts',(-65.6829194424858,37.9721309812147,7.12932318559204));
#7485=CARTESIAN_POINT('Ctrl Pts',(-65.526342259806,36.6759377013566,10.2897053915649));
#7486=CARTESIAN_POINT('Ctrl Pts',(-65.3697650771265,33.3266552363897,10.9608861080356));
#7487=CARTESIAN_POINT('Ctrl Pts',(-65.2131878944469,30.9128064470077,8.54399010565282));
#7488=CARTESIAN_POINT('Ctrl Pts',(-65.0566107117673,31.5881711770358,5.19555277132426));
#7489=CARTESIAN_POINT('Ctrl Pts',(-64.9000335290877,34.7502407949185,3.90334845945455));
#7490=CARTESIAN_POINT('Ctrl Pts',(-64.7434563464081,37.5773389251947,5.82032441938729));
#7491=CARTESIAN_POINT('Ctrl Pts',(-64.5868791637285,37.5473711609836,9.23612976986271));
#7492=CARTESIAN_POINT('Ctrl Pts',(-64.430301981049,34.686087864442,11.1026365207094));
#7493=CARTESIAN_POINT('Ctrl Pts',(-64.2737247983693,31.5486335763464,9.75497248320375));
#7494=CARTESIAN_POINT('Ctrl Pts',(-64.1171476156898,30.9300905780355,6.39445641336479));
#7495=CARTESIAN_POINT('Ctrl Pts',(-63.9605704330101,33.3914310173866,4.02235130846359));
#7496=CARTESIAN_POINT('Ctrl Pts',(-63.8561856445571,35.6062260534013,4.50895328573966));
#7497=CARTESIAN_POINT('Ctrl Pts',(-63.8039932503306,36.3723015569309,5.16393734230402));
#7498=CARTESIAN_POINT('Ctrl Pts',(-67.9820022498898,35.1209328543472,4.70982243015792));
#7499=CARTESIAN_POINT('Ctrl Pts',(-67.9298098556633,36.0359282975182,4.95443953625768));
#7500=CARTESIAN_POINT('Ctrl Pts',(-67.8254250672103,37.591658723283,6.41058423807473));
#7501=CARTESIAN_POINT('Ctrl Pts',(-67.6688478845306,37.0648151658662,9.57930219800387));
#7502=CARTESIAN_POINT('Ctrl Pts',(-67.512270701851,34.1331627121214,10.8890491761372));
#7503=CARTESIAN_POINT('Ctrl Pts',(-67.3556935191714,31.4195011791307,9.17671981929409));
#7504=CARTESIAN_POINT('Ctrl Pts',(-67.1991163364918,31.3419216744057,5.96740515150003));
#7505=CARTESIAN_POINT('Ctrl Pts',(-67.0425391538123,33.9711981514221,4.1260164385639));
#7506=CARTESIAN_POINT('Ctrl Pts',(-66.8859619711327,36.9605416572669,5.29496731491757));
#7507=CARTESIAN_POINT('Ctrl Pts',(-66.729384788453,37.6429697131788,8.4315209072501));
#7508=CARTESIAN_POINT('Ctrl Pts',(-66.5728076057735,35.4093986093576,10.7368513846415));
#7509=CARTESIAN_POINT('Ctrl Pts',(-66.4162304230939,32.2528792576297,10.1540240729939));
#7510=CARTESIAN_POINT('Ctrl Pts',(-66.2596532404143,30.9898748406611,7.20305275583934));
#7511=CARTESIAN_POINT('Ctrl Pts',(-66.1030760577347,32.7473568707659,4.51704641924298));
#7512=CARTESIAN_POINT('Ctrl Pts',(-65.9464988750551,35.9571511108997,4.4926691987974));
#7513=CARTESIAN_POINT('Ctrl Pts',(-65.7899216923755,37.7552224810732,7.15167515227615));
#7514=CARTESIAN_POINT('Ctrl Pts',(-65.6333445096959,36.5371901972132,10.1214849916181));
#7515=CARTESIAN_POINT('Ctrl Pts',(-65.4767673270163,33.3898708633695,10.7521932306355));
#7516=CARTESIAN_POINT('Ctrl Pts',(-65.3201901443367,31.1215781638846,8.48103706636612));
#7517=CARTESIAN_POINT('Ctrl Pts',(-65.1636129616571,31.7562181186949,5.33451190143041));
#7518=CARTESIAN_POINT('Ctrl Pts',(-65.0070357789775,34.7276136183039,4.12022804912357));
#7519=CARTESIAN_POINT('Ctrl Pts',(-64.8504585962979,37.3842365508758,5.92160955824318));
#7520=CARTESIAN_POINT('Ctrl Pts',(-64.6938814136183,37.3560758553595,9.13144041982273));
#7521=CARTESIAN_POINT('Ctrl Pts',(-64.5373042309387,34.6673291363221,10.8853960342374));
#7522=CARTESIAN_POINT('Ctrl Pts',(-64.3807270482592,31.719064651836,9.61899670090764));
#7523=CARTESIAN_POINT('Ctrl Pts',(-64.2241498655796,31.1378200545945,6.46112115325625));
#7524=CARTESIAN_POINT('Ctrl Pts',(-64.0675726828999,33.4507406377253,4.23205497664799));
#7525=CARTESIAN_POINT('Ctrl Pts',(-63.9631878944469,35.5319826082854,4.6893146515147));
#7526=CARTESIAN_POINT('Ctrl Pts',(-63.9109955002204,36.251863439079,5.30480289598104));
#7527=CARTESIAN_POINT('Ctrl Pts',(-68.0890044997796,35.0730664261613,4.88886781406146));
#7528=CARTESIAN_POINT('Ctrl Pts',(-68.0368121055531,35.9293467136507,5.11778786770678));
#7529=CARTESIAN_POINT('Ctrl Pts',(-67.9324273171,37.3852460912621,6.48049192618489));
#7530=CARTESIAN_POINT('Ctrl Pts',(-67.7758501344204,36.892210026248,9.44587360753816));
#7531=CARTESIAN_POINT('Ctrl Pts',(-67.6192729517408,34.1486813839502,10.6715742679564));
#7532=CARTESIAN_POINT('Ctrl Pts',(-67.4626957690613,31.6091552093002,9.06912489523298));
#7533=CARTESIAN_POINT('Ctrl Pts',(-67.3061185863816,31.536553972753,6.06575159223706));
#7534=CARTESIAN_POINT('Ctrl Pts',(-67.1495414037021,33.9971100710723,4.34252458792722));
#7535=CARTESIAN_POINT('Ctrl Pts',(-66.9929642210225,36.7946277370823,5.43646401673601));
#7536=CARTESIAN_POINT('Ctrl Pts',(-66.8363870383428,37.433264460651,8.37174531437907));
#7537=CARTESIAN_POINT('Ctrl Pts',(-66.6798098556633,35.3430213658002,10.5291429917902));
#7538=CARTESIAN_POINT('Ctrl Pts',(-66.5232326729837,32.3890555093185,9.98371564381919));
#7539=CARTESIAN_POINT('Ctrl Pts',(-66.3666554903041,31.2070979451209,7.22210782742493));
#7540=CARTESIAN_POINT('Ctrl Pts',(-66.2100783076245,32.8518025490918,4.70846221829669));
#7541=CARTESIAN_POINT('Ctrl Pts',(-66.0535011249449,35.8556246503238,4.68564928137211));
#7542=CARTESIAN_POINT('Ctrl Pts',(-65.8969239422654,37.5383139809316,7.17402711896026));
#7543=CARTESIAN_POINT('Ctrl Pts',(-65.7403467595857,36.3984426930698,9.9532645916712));
#7544=CARTESIAN_POINT('Ctrl Pts',(-65.5837695769062,33.4530864903493,10.5435003532354));
#7545=CARTESIAN_POINT('Ctrl Pts',(-65.4271923942265,31.3303498807616,8.41808402707942));
#7546=CARTESIAN_POINT('Ctrl Pts',(-65.2706152115469,31.924265060354,5.47347103153656));
#7547=CARTESIAN_POINT('Ctrl Pts',(-65.1140380288673,34.7049864416894,4.3371076387926));
#7548=CARTESIAN_POINT('Ctrl Pts',(-64.9574608461878,37.1911341765567,6.02289469709906));
#7549=CARTESIAN_POINT('Ctrl Pts',(-64.8008836635081,37.1647805497354,9.02675106978275));
#7550=CARTESIAN_POINT('Ctrl Pts',(-64.6443064808286,34.6485704082021,10.6681555477655));
#7551=CARTESIAN_POINT('Ctrl Pts',(-64.4877292981489,31.8894957273256,9.48302091861153));
#7552=CARTESIAN_POINT('Ctrl Pts',(-64.3311521154695,31.3455495311535,6.52778589314771));
#7553=CARTESIAN_POINT('Ctrl Pts',(-64.1745749327897,33.510050258064,4.44175864483239));
#7554=CARTESIAN_POINT('Ctrl Pts',(-64.0701901443367,35.4577391631695,4.86967601728974));
#7555=CARTESIAN_POINT('Ctrl Pts',(-64.0179977501102,36.131425321227,5.44566844965806));
#7556=CARTESIAN_POINT('Ctrl Pts',(-68.1960067496694,35.0251999979754,5.06791319796499));
#7557=CARTESIAN_POINT('Ctrl Pts',(-68.1438143554429,35.8227651297832,5.28113619915588));
#7558=CARTESIAN_POINT('Ctrl Pts',(-68.0394295669899,37.1788334592411,6.55039961429504));
#7559=CARTESIAN_POINT('Ctrl Pts',(-67.8828523843103,36.7196048866298,9.31244501707245));
#7560=CARTESIAN_POINT('Ctrl Pts',(-67.7262752016306,34.1642000557789,10.4540993597756));
#7561=CARTESIAN_POINT('Ctrl Pts',(-67.5696980189511,31.7988092394697,8.96152997117186));
#7562=CARTESIAN_POINT('Ctrl Pts',(-67.4131208362714,31.7311862711003,6.16409803297409));
#7563=CARTESIAN_POINT('Ctrl Pts',(-67.2565436535919,34.0230219907226,4.55903273729054));
#7564=CARTESIAN_POINT('Ctrl Pts',(-67.0999664709123,36.6287138168975,5.57796071855445));
#7565=CARTESIAN_POINT('Ctrl Pts',(-66.9433892882327,37.2235592081232,8.31196972150803));
#7566=CARTESIAN_POINT('Ctrl Pts',(-66.7868121055531,35.2766441222428,10.3214345989388));
#7567=CARTESIAN_POINT('Ctrl Pts',(-66.6302349228735,32.5252317610074,9.81340721464444));
#7568=CARTESIAN_POINT('Ctrl Pts',(-66.4736577401938,31.4243210495808,7.24116289901052));
#7569=CARTESIAN_POINT('Ctrl Pts',(-66.3170805575144,32.9562482274176,4.89987801735041));
#7570=CARTESIAN_POINT('Ctrl Pts',(-66.1605033748347,35.7540981897478,4.87862936394683));
#7571=CARTESIAN_POINT('Ctrl Pts',(-66.0039261921552,37.32140548079,7.19637908564437));
#7572=CARTESIAN_POINT('Ctrl Pts',(-65.8473490094755,36.2596951889264,9.78504419172433));
#7573=CARTESIAN_POINT('Ctrl Pts',(-65.690771826796,33.5163021173291,10.3348074758352));
#7574=CARTESIAN_POINT('Ctrl Pts',(-65.5341946441163,31.5391215976385,8.35513098779273));
#7575=CARTESIAN_POINT('Ctrl Pts',(-65.3776174614368,32.0923120020132,5.6124301616427));
#7576=CARTESIAN_POINT('Ctrl Pts',(-65.2210402787571,34.6823592650748,4.55398722846163));
#7577=CARTESIAN_POINT('Ctrl Pts',(-65.0644630960776,36.9980318022377,6.12417983595494));
#7578=CARTESIAN_POINT('Ctrl Pts',(-64.9078859133979,36.9734852441113,8.92206171974276));
#7579=CARTESIAN_POINT('Ctrl Pts',(-64.7513087307184,34.6298116800822,10.4509150612936));
#7580=CARTESIAN_POINT('Ctrl Pts',(-64.5947315480388,32.0599268028151,9.34704513631541));
#7581=CARTESIAN_POINT('Ctrl Pts',(-64.4381543653592,31.5532790077125,6.59445063303917));
#7582=CARTESIAN_POINT('Ctrl Pts',(-64.2815771826796,33.5693598784027,4.65146231301678));
#7583=CARTESIAN_POINT('Ctrl Pts',(-64.1771923942265,35.3834957180536,5.05003738306478));
#7584=CARTESIAN_POINT('Ctrl Pts',(-64.125,36.0109872033751,5.58653400333509));
#7585=CARTESIAN_POINT('Ctrl Pts',(-64.125,31.4010573448942,6.70411761519548));
#7586=CARTESIAN_POINT('Ctrl Pts',(-64.125,31.4182503794575,6.65668308520398));
#7587=CARTESIAN_POINT('Ctrl Pts',(-64.125,31.4366861275791,6.60974638724911));
#7588=CARTESIAN_POINT('Ctrl Pts',(-64.125,31.4563772628817,6.56335480179498));
#7589=CARTESIAN_POINT('Ctrl Pts',(-64.125,31.4958727318314,6.47030493978008));
#7590=CARTESIAN_POINT('Ctrl Pts',(-64.125,31.5404161977613,6.3794459575165));
#7591=CARTESIAN_POINT('Ctrl Pts',(-64.125,31.5896722961018,6.29103140492339));
#7592=CARTESIAN_POINT('Ctrl Pts',(-64.125,31.6158548650947,6.24403377008751));
#7593=CARTESIAN_POINT('Ctrl Pts',(-64.125,31.6433697345348,6.19772736285868));
#7594=CARTESIAN_POINT('Ctrl Pts',(-64.125,31.6721707061971,6.15215442486465));
#7595=CARTESIAN_POINT('Ctrl Pts',(-64.125,31.6879593896929,6.12717135476558));
#7596=CARTESIAN_POINT('Ctrl Pts',(-64.125,31.704134621543,6.10240876330118));
#7597=CARTESIAN_POINT('Ctrl Pts',(-64.125,31.7206890846074,6.07787402942626));
#7598=CARTESIAN_POINT('Ctrl Pts',(-64.125,31.7313987758463,6.06200160738478));
#7599=CARTESIAN_POINT('Ctrl Pts',(-64.125,31.7422672314702,6.04622466054387));
#7600=CARTESIAN_POINT('Ctrl Pts',(-64.125,31.7532839248349,6.03055697584756));
#7601=CARTESIAN_POINT('Ctrl Pts',(-64.125,31.8113251651419,5.94801207581169));
#7602=CARTESIAN_POINT('Ctrl Pts',(-64.125,31.8735345718149,5.86841203838288));
#7603=CARTESIAN_POINT('Ctrl Pts',(-64.125,31.9395837178428,5.79201594506712));
#7604=CARTESIAN_POINT('Ctrl Pts',(-64.125,31.9936181698083,5.72951671104402));
#7605=CARTESIAN_POINT('Ctrl Pts',(-64.125,32.0502234459158,5.66916232451516));
#7606=CARTESIAN_POINT('Ctrl Pts',(-64.125,32.1092342469884,5.61111613710391));
#7607=CARTESIAN_POINT('Ctrl Pts',(-64.125,32.1327590561438,5.58797587369054));
#7608=CARTESIAN_POINT('Ctrl Pts',(-64.125,32.1566662770546,5.56520267292958));
#7609=CARTESIAN_POINT('Ctrl Pts',(-64.125,32.1809458335049,5.54280786144242));
#7610=CARTESIAN_POINT('Ctrl Pts',(-64.125,32.1950728811458,5.52977745170506));
#7611=CARTESIAN_POINT('Ctrl Pts',(-64.125,32.2093276317808,5.51687382658095));
#7612=CARTESIAN_POINT('Ctrl Pts',(-64.125,32.2236913158841,5.50411384640371));
#7613=CARTESIAN_POINT('Ctrl Pts',(-64.125,32.2976091670426,5.43844891610151));
#7614=CARTESIAN_POINT('Ctrl Pts',(-64.125,32.374503042924,5.37649665174186));
#7615=CARTESIAN_POINT('Ctrl Pts',(-64.125,32.4540648811607,5.31849489596683));
#7616=CARTESIAN_POINT('Ctrl Pts',(-64.125,32.533024514878,5.26093215618536));
#7617=CARTESIAN_POINT('Ctrl Pts',(-64.125,32.6146127158279,5.20725990980992));
#7618=CARTESIAN_POINT('Ctrl Pts',(-64.125,32.6985506473504,5.15775651074414));
#7619=CARTESIAN_POINT('Ctrl Pts',(-64.125,32.7798823772915,5.10979015023277));
#7620=CARTESIAN_POINT('Ctrl Pts',(-64.125,32.8634209353464,5.06573759680042));
#7621=CARTESIAN_POINT('Ctrl Pts',(-64.125,32.9489220144657,5.02589950388897));
#7622=CARTESIAN_POINT('Ctrl Pts',(-64.125,33.001867355472,5.00123032502055));
#7623=CARTESIAN_POINT('Ctrl Pts',(-64.125,33.0555653715382,4.97817813943092));
#7624=CARTESIAN_POINT('Ctrl Pts',(-64.125,33.1099581208229,4.95682437717458));
#7625=CARTESIAN_POINT('Ctrl Pts',(-64.125,33.123954125301,4.95132975967329));
#7626=CARTESIAN_POINT('Ctrl Pts',(-64.125,33.1379980361956,4.94594692463146));
#7627=CARTESIAN_POINT('Ctrl Pts',(-64.125,33.1520827801568,4.94067961385528));
#7628=CARTESIAN_POINT('Ctrl Pts',(-64.125,33.2394453798952,4.9080083800505));
#7629=CARTESIAN_POINT('Ctrl Pts',(-64.125,33.3281120004855,4.87987572964625));
#7630=CARTESIAN_POINT('Ctrl Pts',(-64.125,33.4178322544831,4.85652206633413));
#7631=CARTESIAN_POINT('Ctrl Pts',(-64.125,33.4822916175346,4.83974366686527));
#7632=CARTESIAN_POINT('Ctrl Pts',(-64.125,33.5472951937425,4.82543298057181));
#7633=CARTESIAN_POINT('Ctrl Pts',(-64.125,33.6127521391215,4.81369572918035));
#7634=CARTESIAN_POINT('Ctrl Pts',(-64.125,33.7056320170529,4.7970412019919));
#7635=CARTESIAN_POINT('Ctrl Pts',(-64.125,33.7994255656996,4.78556620021733));
#7636=CARTESIAN_POINT('Ctrl Pts',(-64.125,33.8937542479276,4.77916265191841));
#7637=CARTESIAN_POINT('Ctrl Pts',(-64.125,33.9905829305415,4.77258938988195));
#7638=CARTESIAN_POINT('Ctrl Pts',(-64.125,34.0879766101821,4.77136016525704));
#7639=CARTESIAN_POINT('Ctrl Pts',(-64.125,34.1855056836455,4.77541081048081));
#7640=CARTESIAN_POINT('Ctrl Pts',(-64.125,34.1997843616642,4.77600384245439));
#7641=CARTESIAN_POINT('Ctrl Pts',(-64.125,34.2140662149189,4.77671022363768));
#7642=CARTESIAN_POINT('Ctrl Pts',(-64.125,34.228334821996,4.77752875637325));
#7643=CARTESIAN_POINT('Ctrl Pts',(-64.125,34.3207511110023,4.78283030805539));
#7644=CARTESIAN_POINT('Ctrl Pts',(-64.125,34.4127674075338,4.79283786699679));
#7645=CARTESIAN_POINT('Ctrl Pts',(-64.125,34.5040326060391,4.8074105915144));
#7646=CARTESIAN_POINT('Ctrl Pts',(-64.125,34.5953323646034,4.82198883439197));
#7647=CARTESIAN_POINT('Ctrl Pts',(-64.125,34.6858813739236,4.84113612509748));
#7648=CARTESIAN_POINT('Ctrl Pts',(-64.125,34.7753112689315,4.86476067163407));
#7649=CARTESIAN_POINT('Ctrl Pts',(-64.125,34.8634640656037,4.88804784922861));
#7650=CARTESIAN_POINT('Ctrl Pts',(-64.125,34.9505302614191,4.91568580945276));
#7651=CARTESIAN_POINT('Ctrl Pts',(-64.125,35.0361281757138,4.94762750597191));
#7652=CARTESIAN_POINT('Ctrl Pts',(-64.125,35.0836647261104,4.96536623335618));
#7653=CARTESIAN_POINT('Ctrl Pts',(-64.125,35.1307478611033,4.98443296541891));
#7654=CARTESIAN_POINT('Ctrl Pts',(-64.125,35.1773069556095,5.00482439246979));
#7655=CARTESIAN_POINT('Ctrl Pts',(-64.125,35.1947967901308,5.01248439291773));
#7656=CARTESIAN_POINT('Ctrl Pts',(-64.125,35.2122172119359,5.02033359574635));
#7657=CARTESIAN_POINT('Ctrl Pts',(-64.125,35.2295366582986,5.02835876437398));
#7658=CARTESIAN_POINT('Ctrl Pts',(-64.125,35.3105917950406,5.06591661275233));
#7659=CARTESIAN_POINT('Ctrl Pts',(-64.125,35.3895422043185,5.10736841105556));
#7660=CARTESIAN_POINT('Ctrl Pts',(-64.125,35.4660557789768,5.15262579974553));
#7661=CARTESIAN_POINT('Ctrl Pts',(-64.125,35.5414236271087,5.19720549704577));
#7662=CARTESIAN_POINT('Ctrl Pts',(-64.125,35.6144277425487,5.24547814931099));
#7663=CARTESIAN_POINT('Ctrl Pts',(-64.125,35.6847171958411,5.29739604981399));
#7664=CARTESIAN_POINT('Ctrl Pts',(-64.125,35.7527997408597,5.34768386160803));
#7665=CARTESIAN_POINT('Ctrl Pts',(-64.125,35.818335842648,5.40139209080099));
#7666=CARTESIAN_POINT('Ctrl Pts',(-64.125,35.8809671436926,5.45850501133189));
#7667=CARTESIAN_POINT('Ctrl Pts',(-64.125,35.9258485269745,5.49943194138049));
#7668=CARTESIAN_POINT('Ctrl Pts',(-64.125,35.9692374754636,5.54210779389632));
#7669=CARTESIAN_POINT('Ctrl Pts',(-64.125,36.0109872033751,5.58653400333509));
#7670=CARTESIAN_POINT('Ctrl Pts',(-66.987583302492,36.8914881718883,7.50207021951269));
#7671=CARTESIAN_POINT('Ctrl Pts',(-66.9728519644056,36.8933915756198,7.73530929061794));
#7672=CARTESIAN_POINT('Ctrl Pts',(-66.9581206263191,36.8635362241458,7.96807092275936));
#7673=CARTESIAN_POINT('Ctrl Pts',(-66.9433892882327,36.7999324619389,8.19121236725423));
#7674=CARTESIAN_POINT('Ctrl Pts',(-66.8911968940061,36.5745875128297,8.98179134731829));
#7675=CARTESIAN_POINT('Ctrl Pts',(-66.8390044997796,35.9256158175363,9.65161297312854));
#7676=CARTESIAN_POINT('Ctrl Pts',(-66.7868121055531,35.142561243017,9.90185255531794));
#7677=CARTESIAN_POINT('Ctrl Pts',(-66.7346197113265,34.3595066684977,10.1520921375073));
#7678=CARTESIAN_POINT('Ctrl Pts',(-66.6824273171,33.4423692147525,9.98274967607589));
#7679=CARTESIAN_POINT('Ctrl Pts',(-66.6302349228735,32.8003153693088,9.46937105942117));
#7680=CARTESIAN_POINT('Ctrl Pts',(-66.578042528647,32.1582615238652,8.95599244276646));
#7681=CARTESIAN_POINT('Ctrl Pts',(-66.5258501344204,31.791291286723,8.09857767088848));
#7682=CARTESIAN_POINT('Ctrl Pts',(-66.4736577401939,31.863127364458,7.27965613800615));
#7683=CARTESIAN_POINT('Ctrl Pts',(-66.4214653459673,31.9349634421931,6.46073460512381));
#7684=CARTESIAN_POINT('Ctrl Pts',(-66.3692729517409,32.4456058348053,5.68030631123711));
#7685=CARTESIAN_POINT('Ctrl Pts',(-66.3170805575143,33.1672353581665,5.28655072205982));
#7686=CARTESIAN_POINT('Ctrl Pts',(-66.2648881632878,33.8888648815277,4.89279513288254));
#7687=CARTESIAN_POINT('Ctrl Pts',(-66.2126957690612,34.8214815356377,4.88571224841469));
#7688=CARTESIAN_POINT('Ctrl Pts',(-66.1605033748347,35.5490077445331,5.26846242646368));
#7689=CARTESIAN_POINT('Ctrl Pts',(-66.1083109806082,36.2765339534286,5.65121260451267));
#7690=CARTESIAN_POINT('Ctrl Pts',(-66.0561185863817,36.7989697171093,6.42379584507852));
#7691=CARTESIAN_POINT('Ctrl Pts',(-66.0039261921551,36.8832358836391,7.24153164970811));
#7692=CARTESIAN_POINT('Ctrl Pts',(-65.9984785622674,36.8920312434633,7.3268835879659));
#7693=CARTESIAN_POINT('Ctrl Pts',(-65.9930309323797,36.8960530366601,7.4127274334084));
#7694=CARTESIAN_POINT('Ctrl Pts',(-65.987583302492,36.8954807999817,7.49862543469547));
#7695=CARTESIAN_POINT('Ctrl Pts',(64.125,35.1687992825331,4.53077704625437));
#7696=CARTESIAN_POINT('Ctrl Pts',(64.1771923942265,36.1425098813856,4.79109120480853));
#7697=CARTESIAN_POINT('Ctrl Pts',(64.2815771826796,37.798071547737,6.3406750656622));
#7698=CARTESIAN_POINT('Ctrl Pts',(64.4381543653591,37.2374201405086,9.71273093195061));
#7699=CARTESIAN_POINT('Ctrl Pts',(64.5947315480388,34.1176440511388,11.1065236550204));
#7700=CARTESIAN_POINT('Ctrl Pts',(64.7513087307183,31.229847332971,9.2843147594318));
#7701=CARTESIAN_POINT('Ctrl Pts',(64.907885913398,31.1472895314328,5.86905873656305));
#7702=CARTESIAN_POINT('Ctrl Pts',(65.0644630960775,33.9452862646485,3.90950850940416));
#7703=CARTESIAN_POINT('Ctrl Pts',(65.2210402787572,37.1264554260651,5.15347072080355));
#7704=CARTESIAN_POINT('Ctrl Pts',(65.3776174614367,37.8526747860845,8.49129645605796));
#7705=CARTESIAN_POINT('Ctrl Pts',(65.5341946441164,35.475775792799,10.9445595917235));
#7706=CARTESIAN_POINT('Ctrl Pts',(65.690771826796,32.1167031261128,10.3243323553974));
#7707=CARTESIAN_POINT('Ctrl Pts',(65.8473490094755,30.7726519255637,7.18399769984047));
#7708=CARTESIAN_POINT('Ctrl Pts',(66.0039261921551,32.6429112839226,4.32563078807657));
#7709=CARTESIAN_POINT('Ctrl Pts',(66.1605033748347,36.0586774828631,4.29968928465606));
#7710=CARTESIAN_POINT('Ctrl Pts',(66.3170805575143,37.972130791039,7.12932320529943));
#7711=CARTESIAN_POINT('Ctrl Pts',(66.4736577401939,36.6759375812488,10.2897052443399));
#7712=CARTESIAN_POINT('Ctrl Pts',(66.6302349228735,33.3266552892738,10.9608859258643));
#7713=CARTESIAN_POINT('Ctrl Pts',(66.7868121055531,30.9128066341529,8.543990049967));
#7714=CARTESIAN_POINT('Ctrl Pts',(66.9433892882327,31.5881713150937,5.19555289439203));
#7715=CARTESIAN_POINT('Ctrl Pts',(67.0999664709123,34.7502407919107,3.90334864522072));
#7716=CARTESIAN_POINT('Ctrl Pts',(67.2565436535918,37.5773387251018,5.82032451702601));
#7717=CARTESIAN_POINT('Ctrl Pts',(67.4131208362714,37.5473710517112,9.23612965643252));
#7718=CARTESIAN_POINT('Ctrl Pts',(67.5696980189511,34.6860877469625,11.1026363781731));
#7719=CARTESIAN_POINT('Ctrl Pts',(67.7262752016306,31.5486339239876,9.75497223109344));
#7720=CARTESIAN_POINT('Ctrl Pts',(67.8828523843103,30.9300905532415,6.39445663059522));
#7721=CARTESIAN_POINT('Ctrl Pts',(68.0394295669898,33.3914321316009,4.02235030910861));
#7722=CARTESIAN_POINT('Ctrl Pts',(68.1438143554429,35.6062260534014,4.50895328573971));
#7723=CARTESIAN_POINT('Ctrl Pts',(68.1960067496694,36.3723015569309,5.16393734230405));
#7724=CARTESIAN_POINT('Ctrl Pts',(64.0179977501102,35.1209328543472,4.70982243015791));
#7725=CARTESIAN_POINT('Ctrl Pts',(64.0701901443367,36.0359282975181,4.95443953625764));
#7726=CARTESIAN_POINT('Ctrl Pts',(64.1745749327898,37.5916589041123,6.41058284327641));
#7727=CARTESIAN_POINT('Ctrl Pts',(64.3311521154694,37.0648150108386,9.57930233283293));
#7728=CARTESIAN_POINT('Ctrl Pts',(64.4877292981489,34.1331627223136,10.8890487727265));
#7729=CARTESIAN_POINT('Ctrl Pts',(64.6443064808286,31.4195013520446,9.17671983440127));
#7730=CARTESIAN_POINT('Ctrl Pts',(64.8008836635082,31.341921820411,5.96740517574433));
#7731=CARTESIAN_POINT('Ctrl Pts',(64.9574608461877,33.9711981823163,4.12601664548911));
#7732=CARTESIAN_POINT('Ctrl Pts',(65.1140380288673,36.9605415150091,5.29496741612737));
#7733=CARTESIAN_POINT('Ctrl Pts',(65.270615211547,37.642969544388,8.43152086584395));
#7734=CARTESIAN_POINT('Ctrl Pts',(65.4271923942265,35.4093985528666,10.7368512100741));
#7735=CARTESIAN_POINT('Ctrl Pts',(65.5837695769061,32.2528793705552,10.154023935073));
#7736=CARTESIAN_POINT('Ctrl Pts',(65.7403467595857,30.989875018605,7.20305277048617));
#7737=CARTESIAN_POINT('Ctrl Pts',(65.8969239422653,32.747356956732,4.51704657700661));
#7738=CARTESIAN_POINT('Ctrl Pts',(66.0535011249449,35.9571510276306,4.49266935707417));
#7739=CARTESIAN_POINT('Ctrl Pts',(66.2100783076245,37.7552223023651,7.15167517079517));
#7740=CARTESIAN_POINT('Ctrl Pts',(66.3666554903041,36.537190084348,10.1214848532707));
#7741=CARTESIAN_POINT('Ctrl Pts',(66.5232326729836,33.3898709130647,10.7521930594492));
#7742=CARTESIAN_POINT('Ctrl Pts',(66.6798098556633,31.1215783397449,8.48103701403818));
#7743=CARTESIAN_POINT('Ctrl Pts',(66.8363870383428,31.7562182484279,5.33451201707714));
#7744=CARTESIAN_POINT('Ctrl Pts',(66.9929642210225,34.7276136154775,4.12022822368797));
#7745=CARTESIAN_POINT('Ctrl Pts',(67.149541403702,37.3842363628485,5.92160964999424));
#7746=CARTESIAN_POINT('Ctrl Pts',(67.3061185863817,37.3560757526763,9.13144031323242));
#7747=CARTESIAN_POINT('Ctrl Pts',(67.4626957690613,34.6673290259267,10.8853959002961));
#7748=CARTESIAN_POINT('Ctrl Pts',(67.6192729517408,31.7190649785143,9.61899646399968));
#7749=CARTESIAN_POINT('Ctrl Pts',(67.7758501344205,31.1378200312956,6.46112135738759));
#7750=CARTESIAN_POINT('Ctrl Pts',(67.9324273171,33.450741684752,4.23205403755453));
#7751=CARTESIAN_POINT('Ctrl Pts',(68.0368121055531,35.5319826082855,4.68931465151475));
#7752=CARTESIAN_POINT('Ctrl Pts',(68.0890044997796,36.251863439079,5.30480289598106));
#7753=CARTESIAN_POINT('Ctrl Pts',(63.9109955002204,35.0730664261612,4.88886781406144));
#7754=CARTESIAN_POINT('Ctrl Pts',(63.9631878944469,35.9293467136506,5.11778786770674));
#7755=CARTESIAN_POINT('Ctrl Pts',(64.0675726829,37.3852462604876,6.48049062089062));
#7756=CARTESIAN_POINT('Ctrl Pts',(64.2241498655795,36.8922098811685,9.44587373371526));
#7757=CARTESIAN_POINT('Ctrl Pts',(64.3807270482592,34.1486813934884,10.6715738904325));
#7758=CARTESIAN_POINT('Ctrl Pts',(64.5373042309387,31.6091553711182,9.06912490937072));
#7759=CARTESIAN_POINT('Ctrl Pts',(64.6938814136184,31.5365541093892,6.0657516149256));
#7760=CARTESIAN_POINT('Ctrl Pts',(64.8504585962978,33.997110099984,4.34252478157406));
#7761=CARTESIAN_POINT('Ctrl Pts',(65.0070357789776,36.7946276039531,5.43646411145119));
#7762=CARTESIAN_POINT('Ctrl Pts',(65.163612961657,37.4332643026915,8.37174527562995));
#7763=CARTESIAN_POINT('Ctrl Pts',(65.3201901443367,35.3430213129343,10.5291428284247));
#7764=CARTESIAN_POINT('Ctrl Pts',(65.4767673270163,32.3890556149977,9.98371551474861));
#7765=CARTESIAN_POINT('Ctrl Pts',(65.6333445096959,31.2070981116462,7.22210784113188));
#7766=CARTESIAN_POINT('Ctrl Pts',(65.7899216923755,32.8518026295414,4.70846236593665));
#7767=CARTESIAN_POINT('Ctrl Pts',(65.9464988750551,35.855624572398,4.68564942949229));
#7768=CARTESIAN_POINT('Ctrl Pts',(66.1030760577347,37.5383138136912,7.17402713629092));
#7769=CARTESIAN_POINT('Ctrl Pts',(66.2596532404143,36.3984425874471,9.9532644622016));
#7770=CARTESIAN_POINT('Ctrl Pts',(66.4162304230938,33.4530865368556,10.5435001930341));
#7771=CARTESIAN_POINT('Ctrl Pts',(66.5728076057735,31.3303500453368,8.41808397810937));
#7772=CARTESIAN_POINT('Ctrl Pts',(66.729384788453,31.9242651817621,5.47347113976224));
#7773=CARTESIAN_POINT('Ctrl Pts',(66.8859619711327,34.7049864390443,4.33710780215522));
#7774=CARTESIAN_POINT('Ctrl Pts',(67.0425391538122,37.1911340005952,6.02289478296246));
#7775=CARTESIAN_POINT('Ctrl Pts',(67.1991163364918,37.1647804536414,9.02675097003233));
#7776=CARTESIAN_POINT('Ctrl Pts',(67.3556935191715,34.6485703048908,10.6681554224192));
#7777=CARTESIAN_POINT('Ctrl Pts',(67.512270701851,31.8894960330409,9.48302069690593));
#7778=CARTESIAN_POINT('Ctrl Pts',(67.6688478845307,31.3455495093497,6.52778608417996));
#7779=CARTESIAN_POINT('Ctrl Pts',(67.8254250672102,33.5100512379032,4.44175776600046));
#7780=CARTESIAN_POINT('Ctrl Pts',(67.9298098556633,35.4577391631695,4.86967601728978));
#7781=CARTESIAN_POINT('Ctrl Pts',(67.9820022498898,36.1314253212271,5.44566844965808));
#7782=CARTESIAN_POINT('Ctrl Pts',(63.8039932503305,35.0251999979753,5.06791319796498));
#7783=CARTESIAN_POINT('Ctrl Pts',(63.8561856445571,35.8227651297831,5.28113619915584));
#7784=CARTESIAN_POINT('Ctrl Pts',(63.9605704330102,37.1788336168628,6.55039839850482));
#7785=CARTESIAN_POINT('Ctrl Pts',(64.1171476156897,36.7196047514984,9.31244513459758));
#7786=CARTESIAN_POINT('Ctrl Pts',(64.2737247983693,34.1642000646631,10.4540990081386));
#7787=CARTESIAN_POINT('Ctrl Pts',(64.430301981049,31.7988093901918,8.9615299843402));
#7788=CARTESIAN_POINT('Ctrl Pts',(64.5868791637285,31.7311863983674,6.16409805410687));
#7789=CARTESIAN_POINT('Ctrl Pts',(64.7434563464081,34.0230220176517,4.55903291765901));
#7790=CARTESIAN_POINT('Ctrl Pts',(64.9000335290877,36.628713692897,5.577960806775));
#7791=CARTESIAN_POINT('Ctrl Pts',(65.0566107117673,37.2235590609949,8.31196968541594));
#7792=CARTESIAN_POINT('Ctrl Pts',(65.2131878944469,35.2766440730019,10.3214344467753));
#7793=CARTESIAN_POINT('Ctrl Pts',(65.3697650771265,32.5252318594401,9.81340709442423));
#7794=CARTESIAN_POINT('Ctrl Pts',(65.5263422598061,31.4243212046874,7.24116291177757));
#7795=CARTESIAN_POINT('Ctrl Pts',(65.6829194424857,32.9562483023508,4.8998781548667));
#7796=CARTESIAN_POINT('Ctrl Pts',(65.8394966251653,35.7540981171654,4.8786295019104));
#7797=CARTESIAN_POINT('Ctrl Pts',(65.9960738078449,37.3214053250173,7.19637910178667));
#7798=CARTESIAN_POINT('Ctrl Pts',(66.1526509905245,36.2596950905463,9.78504407113246));
#7799=CARTESIAN_POINT('Ctrl Pts',(66.309228173204,33.5163021606464,10.3348073266189));
#7800=CARTESIAN_POINT('Ctrl Pts',(66.4658053558837,31.5391217509289,8.35513094218055));
#7801=CARTESIAN_POINT('Ctrl Pts',(66.6223825385632,32.0923121150963,5.61243026244735));
#7802=CARTESIAN_POINT('Ctrl Pts',(66.7789597212428,34.6823592626111,4.55398738062247));
#7803=CARTESIAN_POINT('Ctrl Pts',(66.9355369039224,36.9980316383419,6.12417991593069));
#7804=CARTESIAN_POINT('Ctrl Pts',(67.092114086602,36.9734851546064,8.92206162683224));
#7805=CARTESIAN_POINT('Ctrl Pts',(67.2486912692816,34.629811583855,10.4509149445423));
#7806=CARTESIAN_POINT('Ctrl Pts',(67.4052684519612,32.0599270875675,9.34704492981218));
#7807=CARTESIAN_POINT('Ctrl Pts',(67.5618456346408,31.5532789874038,6.59445081097233));
#7808=CARTESIAN_POINT('Ctrl Pts',(67.7184228173204,33.5693607910543,4.65146149444638));
#7809=CARTESIAN_POINT('Ctrl Pts',(67.8228076057735,35.3834957180537,5.05003738306482));
#7810=CARTESIAN_POINT('Ctrl Pts',(67.875,36.0109872033752,5.5865340033351));
#7811=CARTESIAN_POINT('Ctrl Pts',(65.012416697508,36.8914880392246,7.5020702188953));
#7812=CARTESIAN_POINT('Ctrl Pts',(65.0271480355944,36.8933914432338,7.73530927862504));
#7813=CARTESIAN_POINT('Ctrl Pts',(65.0418793736809,36.8635360936699,7.96807089934896));
#7814=CARTESIAN_POINT('Ctrl Pts',(65.0566107117673,36.7999323349798,8.19121233253575));
#7815=CARTESIAN_POINT('Ctrl Pts',(65.1088031059938,36.5745873983306,8.98179127253575));
#7816=CARTESIAN_POINT('Ctrl Pts',(65.1609955002204,35.9256157356663,9.65161285965547));
#7817=CARTESIAN_POINT('Ctrl Pts',(65.2131878944469,35.1425612020738,9.90185242782352));
#7818=CARTESIAN_POINT('Ctrl Pts',(65.2653802886734,34.3595066684813,10.1520919959916));
#7819=CARTESIAN_POINT('Ctrl Pts',(65.3175726829,33.4423692639606,9.98274954520791));
#7820=CARTESIAN_POINT('Ctrl Pts',(65.3697650771265,32.8003154525749,9.46937095604158));
#7821=CARTESIAN_POINT('Ctrl Pts',(65.421957471353,32.1582616411892,8.95599236687531));
#7822=CARTESIAN_POINT('Ctrl Pts',(65.4741498655795,31.7912914229383,8.09857763932649));
#7823=CARTESIAN_POINT('Ctrl Pts',(65.5263422598061,31.8631274967567,7.27965614940028));
#7824=CARTESIAN_POINT('Ctrl Pts',(65.5785346540326,31.9349635705752,6.46073465947398));
#7825=CARTESIAN_POINT('Ctrl Pts',(65.6307270482592,32.445605936463,5.68030640717029));
#7826=CARTESIAN_POINT('Ctrl Pts',(65.6829194424857,33.1672354218761,5.28655083885909));
#7827=CARTESIAN_POINT('Ctrl Pts',(65.7351118367122,33.8888649072892,4.89279527054788));
#7828=CARTESIAN_POINT('Ctrl Pts',(65.7873042309388,34.8214815122275,4.88571238622916));
#7829=CARTESIAN_POINT('Ctrl Pts',(65.8394966251653,35.5490076826719,5.26846254404927));
#7830=CARTESIAN_POINT('Ctrl Pts',(65.8916890193918,36.2765338531162,5.6512127018693));
#7831=CARTESIAN_POINT('Ctrl Pts',(65.9438814136183,36.7989695890666,6.42379590182794));
#7832=CARTESIAN_POINT('Ctrl Pts',(65.9960738078449,36.8832357512968,7.24153166336483));
#7833=CARTESIAN_POINT('Ctrl Pts',(66.0015214377326,36.8920311106722,7.32688359712485));
#7834=CARTESIAN_POINT('Ctrl Pts',(66.0069690676203,36.8960529036755,7.4127274380425));
#7835=CARTESIAN_POINT('Ctrl Pts',(66.012416697508,36.8954806670483,7.49862543480096));
#7836=CARTESIAN_POINT('Ctrl Pts',(64.125,32.4615340033347,9.13598720337465));
#7837=CARTESIAN_POINT('Ctrl Pts',(64.1771923942265,31.9250373830646,8.50849571805301));
#7838=CARTESIAN_POINT('Ctrl Pts',(64.2815771826796,31.526462313017,6.69435987840205));
#7839=CARTESIAN_POINT('Ctrl Pts',(64.4381543653592,33.4694506330398,4.67827900771228));
#7840=CARTESIAN_POINT('Ctrl Pts',(64.5947315480388,36.222045136316,5.18492680281554));
#7841=CARTESIAN_POINT('Ctrl Pts',(64.7513087307183,37.3259150612935,7.75481168008289));
#7842=CARTESIAN_POINT('Ctrl Pts',(64.907885913398,35.7970617197421,10.0984852441117));
#7843=CARTESIAN_POINT('Ctrl Pts',(65.0644630960776,32.9991798359543,10.1230318022374));
#7844=CARTESIAN_POINT('Ctrl Pts',(65.2210402787571,31.4289872284616,7.807359265074));
#7845=CARTESIAN_POINT('Ctrl Pts',(65.3776174614368,32.4874301616433,5.2173120020127));
#7846=CARTESIAN_POINT('Ctrl Pts',(65.5341946441164,35.2301309877935,4.66412159763871));
#7847=CARTESIAN_POINT('Ctrl Pts',(65.6907718267959,37.2098074758355,6.64130211732982));
#7848=CARTESIAN_POINT('Ctrl Pts',(65.8473490094755,36.6600441917238,9.38469518892706));
#7849=CARTESIAN_POINT('Ctrl Pts',(66.0039261921551,34.0713790856436,10.4464054807899));
#7850=CARTESIAN_POINT('Ctrl Pts',(66.1605033748348,31.7536293639465,8.87909818974713));
#7851=CARTESIAN_POINT('Ctrl Pts',(66.3170805575143,31.7748780173508,6.08124822741693));
#7852=CARTESIAN_POINT('Ctrl Pts',(66.4736577401939,34.1161628990112,4.54932104958076));
#7853=CARTESIAN_POINT('Ctrl Pts',(66.6302349228735,36.688407214645,5.65023176100794));
#7854=CARTESIAN_POINT('Ctrl Pts',(66.7868121055531,37.1964345989386,8.40164412224353));
#7855=CARTESIAN_POINT('Ctrl Pts',(66.9433892882327,35.1869697215073,10.3485592081234));
#7856=CARTESIAN_POINT('Ctrl Pts',(67.0999664709123,32.4529607185539,9.75371381689701));
#7857=CARTESIAN_POINT('Ctrl Pts',(67.2565436535918,31.4340327372906,7.14802199072174));
#7858=CARTESIAN_POINT('Ctrl Pts',(67.4131208362715,33.0390980329748,4.85618627109998));
#7859=CARTESIAN_POINT('Ctrl Pts',(67.569698018951,35.8365299711726,4.92380923947006));
#7860=CARTESIAN_POINT('Ctrl Pts',(67.7262752016306,37.3290993597757,7.28920005577979));
#7861=CARTESIAN_POINT('Ctrl Pts',(67.8828523843103,36.1874450170718,9.84460488663036));
#7862=CARTESIAN_POINT('Ctrl Pts',(68.0394295669898,33.4253996142942,10.3038334592408));
#7863=CARTESIAN_POINT('Ctrl Pts',(68.1438143554429,32.1561361991555,8.94776512978251));
#7864=CARTESIAN_POINT('Ctrl Pts',(68.1960067496694,31.9429131979648,8.15019999797467));
#7865=CARTESIAN_POINT('Ctrl Pts',(64.0179977501102,32.3206684496576,9.25642532122652));
#7866=CARTESIAN_POINT('Ctrl Pts',(64.0701901443367,31.7446760172895,8.58273916316887));
#7867=CARTESIAN_POINT('Ctrl Pts',(64.1745749327898,31.3167586448326,6.63505025806329));
#7868=CARTESIAN_POINT('Ctrl Pts',(64.3311521154694,33.4027858931484,4.47054953115327));
#7869=CARTESIAN_POINT('Ctrl Pts',(64.487729298149,36.3580209186122,5.01449572732602));
#7870=CARTESIAN_POINT('Ctrl Pts',(64.6443064808286,37.5431555477654,7.77357040820287));
#7871=CARTESIAN_POINT('Ctrl Pts',(64.8008836635081,35.9017510697821,10.2897805497358));
#7872=CARTESIAN_POINT('Ctrl Pts',(64.9574608461878,32.8978946970983,10.3161341765564));
#7873=CARTESIAN_POINT('Ctrl Pts',(65.1140380288673,31.2121076387925,7.82998644168852));
#7874=CARTESIAN_POINT('Ctrl Pts',(65.2706152115469,32.3484710315372,5.04926506035352));
#7875=CARTESIAN_POINT('Ctrl Pts',(65.4271923942265,35.2930840270802,4.45534988076179));
#7876=CARTESIAN_POINT('Ctrl Pts',(65.5837695769061,37.4185003532356,6.57808649035007));
#7877=CARTESIAN_POINT('Ctrl Pts',(65.7403467595857,36.8282645916706,9.52344269307052));
#7878=CARTESIAN_POINT('Ctrl Pts',(65.8969239422653,34.0490271189594,10.6633139809315));
#7879=CARTESIAN_POINT('Ctrl Pts',(66.0535011249449,31.5606492813718,8.98062465032302));
#7880=CARTESIAN_POINT('Ctrl Pts',(66.2100783076245,31.5834622182971,5.97680254909105));
#7881=CARTESIAN_POINT('Ctrl Pts',(66.3666554903041,34.0971078274257,4.3320979451209));
#7882=CARTESIAN_POINT('Ctrl Pts',(66.5232326729837,36.8587156438197,5.51405550931915));
#7883=CARTESIAN_POINT('Ctrl Pts',(66.6798098556633,37.4041429917899,8.46802136580095));
#7884=CARTESIAN_POINT('Ctrl Pts',(66.8363870383429,35.2467453143783,10.5582644606513));
#7885=CARTESIAN_POINT('Ctrl Pts',(66.9929642210225,32.3114640167354,9.91962773708169));
#7886=CARTESIAN_POINT('Ctrl Pts',(67.1495414037021,31.2175245879273,7.12211007107145));
#7887=CARTESIAN_POINT('Ctrl Pts',(67.3061185863817,32.9407515922379,4.66155397275263));
#7888=CARTESIAN_POINT('Ctrl Pts',(67.4626957690612,35.9441248952338,4.73415520930062));
#7889=CARTESIAN_POINT('Ctrl Pts',(67.6192729517408,37.5465742679565,7.27368138395106));
#7890=CARTESIAN_POINT('Ctrl Pts',(67.7758501344205,36.3208736075374,10.0172100262486));
#7891=CARTESIAN_POINT('Ctrl Pts',(67.9324273171,33.355491926184,10.5102460912617));
#7892=CARTESIAN_POINT('Ctrl Pts',(68.0368121055531,31.9927878677063,9.05434671364998));
#7893=CARTESIAN_POINT('Ctrl Pts',(68.0890044997796,31.7638678140613,8.19806642616056));
#7894=CARTESIAN_POINT('Ctrl Pts',(63.9109955002204,32.1798028959806,9.3768634390784));
#7895=CARTESIAN_POINT('Ctrl Pts',(63.9631878944469,31.5643146515145,8.65698260828472));
#7896=CARTESIAN_POINT('Ctrl Pts',(64.0675726829,31.1070549766482,6.57574063772453));
#7897=CARTESIAN_POINT('Ctrl Pts',(64.2241498655795,33.336121153257,4.26282005459425));
#7898=CARTESIAN_POINT('Ctrl Pts',(64.3807270482592,36.4939967009083,4.84406465183651));
#7899=CARTESIAN_POINT('Ctrl Pts',(64.5373042309387,37.7603960342373,7.79232913632284));
#7900=CARTESIAN_POINT('Ctrl Pts',(64.6938814136184,36.006440419822,10.4810758553599));
#7901=CARTESIAN_POINT('Ctrl Pts',(64.8504585962979,32.7966095582424,10.5092365508754));
#7902=CARTESIAN_POINT('Ctrl Pts',(65.0070357789775,30.9952280491235,7.85261361830303));
#7903=CARTESIAN_POINT('Ctrl Pts',(65.1636129616571,32.2095119014311,4.88121811869435));
#7904=CARTESIAN_POINT('Ctrl Pts',(65.3201901443367,35.356037066367,4.24657816388487));
#7905=CARTESIAN_POINT('Ctrl Pts',(65.4767673270163,37.6271932306357,6.51487086337032));
#7906=CARTESIAN_POINT('Ctrl Pts',(65.6333445096959,36.9964849916175,9.66219019721396));
#7907=CARTESIAN_POINT('Ctrl Pts',(65.7899216923755,34.0266751522752,10.880222481073));
#7908=CARTESIAN_POINT('Ctrl Pts',(65.9464988750552,31.3676691987971,9.0821511108989));
#7909=CARTESIAN_POINT('Ctrl Pts',(66.1030760577346,31.3920464192434,5.87235687076518));
#7910=CARTESIAN_POINT('Ctrl Pts',(66.2596532404143,34.0780527558402,4.11487484066104));
#7911=CARTESIAN_POINT('Ctrl Pts',(66.4162304230939,37.0290240729945,5.37787925763037));
#7912=CARTESIAN_POINT('Ctrl Pts',(66.5728076057735,37.6118513846413,8.53439860935836));
#7913=CARTESIAN_POINT('Ctrl Pts',(66.729384788453,35.3065209072492,10.7679697131791));
#7914=CARTESIAN_POINT('Ctrl Pts',(66.8859619711327,32.1699673149169,10.0855416572664));
#7915=CARTESIAN_POINT('Ctrl Pts',(67.0425391538122,31.001016438564,7.09619815142118));
#7916=CARTESIAN_POINT('Ctrl Pts',(67.1991163364919,32.8424051515009,4.46692167440527));
#7917=CARTESIAN_POINT('Ctrl Pts',(67.3556935191714,36.0517198192949,4.54450117913119));
#7918=CARTESIAN_POINT('Ctrl Pts',(67.512270701851,37.7640491761372,7.25816271212234));
#7919=CARTESIAN_POINT('Ctrl Pts',(67.6688478845306,36.4543021980031,10.1898151658668));
#7920=CARTESIAN_POINT('Ctrl Pts',(67.8254250672102,33.2855842380738,10.7166587232827));
#7921=CARTESIAN_POINT('Ctrl Pts',(67.9298098556633,31.8294395362572,9.16092829751746));
#7922=CARTESIAN_POINT('Ctrl Pts',(67.9820022498898,31.5848224301577,8.24593285434645));
#7923=CARTESIAN_POINT('Ctrl Pts',(63.8039932503305,32.0389373423035,9.49730155693028));
#7924=CARTESIAN_POINT('Ctrl Pts',(63.8561856445571,31.3839532857394,8.73122605340057));
#7925=CARTESIAN_POINT('Ctrl Pts',(63.9605704330102,30.8973513084638,6.51643101738578));
#7926=CARTESIAN_POINT('Ctrl Pts',(64.1171476156897,33.2694564133656,4.05509057803523));
#7927=CARTESIAN_POINT('Ctrl Pts',(64.2737247983693,36.6299724832044,4.673633576347));
#7928=CARTESIAN_POINT('Ctrl Pts',(64.430301981049,37.9776365207093,7.81108786444281));
#7929=CARTESIAN_POINT('Ctrl Pts',(64.5868791637285,36.1111297698619,10.672371160984));
#7930=CARTESIAN_POINT('Ctrl Pts',(64.7434563464081,32.6953244193865,10.7023389251943));
#7931=CARTESIAN_POINT('Ctrl Pts',(64.9000335290877,30.7783484594544,7.87524079491756));
#7932=CARTESIAN_POINT('Ctrl Pts',(65.0566107117673,32.070552771325,4.71317117703518));
#7933=CARTESIAN_POINT('Ctrl Pts',(65.2131878944469,35.4189901056538,4.03780644700796));
#7934=CARTESIAN_POINT('Ctrl Pts',(65.3697650771265,37.8358861080359,6.45165523639055));
#7935=CARTESIAN_POINT('Ctrl Pts',(65.5263422598061,37.1647053915643,9.80093770135743));
#7936=CARTESIAN_POINT('Ctrl Pts',(65.6829194424857,34.004323185591,11.0971309812146));
#7937=CARTESIAN_POINT('Ctrl Pts',(65.8394966251653,31.1746891162223,9.1836775714748));
#7938=CARTESIAN_POINT('Ctrl Pts',(65.9960738078449,31.2006306201897,5.76791119243931));
#7939=CARTESIAN_POINT('Ctrl Pts',(66.1526509905244,34.0589976842546,3.89765173620118));
#7940=CARTESIAN_POINT('Ctrl Pts',(66.3092281732041,37.1993325021693,5.24170300594158));
#7941=CARTESIAN_POINT('Ctrl Pts',(66.4658053558837,37.8195597774926,8.60077585291578));
#7942=CARTESIAN_POINT('Ctrl Pts',(66.6223825385632,35.3662965001202,10.977674965707));
#7943=CARTESIAN_POINT('Ctrl Pts',(66.7789597212428,32.0284706130984,10.251455577451));
#7944=CARTESIAN_POINT('Ctrl Pts',(66.9355369039224,30.7845082892007,7.0702862317709));
#7945=CARTESIAN_POINT('Ctrl Pts',(67.092114086602,32.7440587107639,4.27228937605792));
#7946=CARTESIAN_POINT('Ctrl Pts',(67.2486912692816,36.1593147433561,4.35484714896175));
#7947=CARTESIAN_POINT('Ctrl Pts',(67.4052684519612,37.981524084318,7.24264404029362));
#7948=CARTESIAN_POINT('Ctrl Pts',(67.5618456346408,36.5877307884687,10.362420305485));
#7949=CARTESIAN_POINT('Ctrl Pts',(67.7184228173204,33.2156765499636,10.9230713553036));
#7950=CARTESIAN_POINT('Ctrl Pts',(67.8228076057735,31.6660912048081,9.26750988138493));
#7951=CARTESIAN_POINT('Ctrl Pts',(67.875,31.4057770462542,8.29379928253233));
#7952=CARTESIAN_POINT('Ctrl Pts',(65.7375833024919,36.8911250334684,7.49799349761305));
#7953=CARTESIAN_POINT('Ctrl Pts',(65.7219794772599,36.893052472178,7.25085097859489));
#7954=CARTESIAN_POINT('Ctrl Pts',(65.7063756520279,36.859483756402,7.00422049067983));
#7955=CARTESIAN_POINT('Ctrl Pts',(65.6907718267959,36.7882341804765,6.76900420931398));
#7956=CARTESIAN_POINT('Ctrl Pts',(65.6385794325694,36.5499153131547,5.9822419440994));
#7957=CARTESIAN_POINT('Ctrl Pts',(65.5863870383429,35.8900231504742,5.32318177086918));
#7958=CARTESIAN_POINT('Ctrl Pts',(65.5341946441164,35.1029602647757,5.08585008498295));
#7959=CARTESIAN_POINT('Ctrl Pts',(65.4820022498898,34.3158973790769,4.84851839909666));
#7960=CARTESIAN_POINT('Ctrl Pts',(65.4298098556633,33.4016637703602,5.03291520055462));
#7961=CARTESIAN_POINT('Ctrl Pts',(65.3776174614368,32.7681398104714,5.5567881451272));
#7962=CARTESIAN_POINT('Ctrl Pts',(65.3254250672102,32.1346158505827,6.08066108969978));
#7963=CARTESIAN_POINT('Ctrl Pts',(65.2732326729837,31.781801539522,6.9440101773872));
#7964=CARTESIAN_POINT('Ctrl Pts',(65.2210402787571,31.8670931519073,7.76163014409139));
#7965=CARTESIAN_POINT('Ctrl Pts',(65.1688478845306,31.9523847642926,8.57925011079538));
#7966=CARTESIAN_POINT('Ctrl Pts',(65.1166554903041,32.4757823001236,9.3511409565165));
#7967=CARTESIAN_POINT('Ctrl Pts',(65.0644630960775,33.203794715337,9.73299528635599));
#7968=CARTESIAN_POINT('Ctrl Pts',(65.012270701851,33.9318071305505,10.1148496161956));
#7969=CARTESIAN_POINT('Ctrl Pts',(64.9600783076245,34.8644344251462,10.1066674301536));
#7970=CARTESIAN_POINT('Ctrl Pts',(64.907885913398,35.5855569627028,9.71196407646113));
#7971=CARTESIAN_POINT('Ctrl Pts',(64.8556935191714,36.3066795002593,9.31726072276871));
#7972=CARTESIAN_POINT('Ctrl Pts',(64.8035011249449,36.8162972807764,8.53603620142586));
#7973=CARTESIAN_POINT('Ctrl Pts',(64.7513087307183,36.8871278502054,7.71710979454321));
#7974=CARTESIAN_POINT('Ctrl Pts',(64.7467335879762,36.893336800196,7.64532337312441));
#7975=CARTESIAN_POINT('Ctrl Pts',(64.7421584452341,36.8961740510215,7.5732472454134));
#7976=CARTESIAN_POINT('Ctrl Pts',(64.7375833024919,36.8957500704438,7.50113843435454));
#7977=CARTESIAN_POINT('Origin',(-70.0834234471775,-34.375,7.5));
#7978=CARTESIAN_POINT('Ctrl Pts',(-67.5834234471775,-31.297531308886,7.50138994777457));
#7979=CARTESIAN_POINT('Ctrl Pts',(-67.5788483044353,-31.2970137014971,7.5894243192836));
#7980=CARTESIAN_POINT('Ctrl Pts',(-67.5220807674667,-31.3399928922473,8.68124362910298));
#7981=CARTESIAN_POINT('Ctrl Pts',(-67.4131208362714,-32.638869651006,10.6723717203884));
#7982=CARTESIAN_POINT('Ctrl Pts',(-67.2565436535919,-36.0546760792784,10.7023399469686));
#7983=CARTESIAN_POINT('Ctrl Pts',(-67.0999664709123,-37.9716524898507,7.87524081063552));
#7984=CARTESIAN_POINT('Ctrl Pts',(-66.9433892882327,-36.6794478574588,4.71317047141505));
#7985=CARTESIAN_POINT('Ctrl Pts',(-66.7868121055531,-33.3310096098341,4.03780549086654));
#7986=CARTESIAN_POINT('Ctrl Pts',(-66.666823491868,-31.4788873954977,5.88759258770178));
#7987=CARTESIAN_POINT('Ctrl Pts',(-66.5990272724095,-31.300824684437,7.19582533732724));
#7988=CARTESIAN_POINT('Ctrl Pts',(-66.5834234471775,-31.3031778063373,7.4975503565421));
#7989=CARTESIAN_POINT('Ctrl Pts',(-67.6665765528226,-31.304878668235,7.49752185693473));
#7990=CARTESIAN_POINT('Ctrl Pts',(-67.631666246762,-31.3093399031936,8.17291884661022));
#7991=CARTESIAN_POINT('Ctrl Pts',(-67.5445635464749,-31.8569229896981,9.8665698627476));
#7992=CARTESIAN_POINT('Ctrl Pts',(-67.4052684519612,-34.6323559337743,11.1065230569577));
#7993=CARTESIAN_POINT('Ctrl Pts',(-67.2486912692816,-37.5201524107899,9.28431478206943));
#7994=CARTESIAN_POINT('Ctrl Pts',(-67.092114086602,-37.6027102522406,5.86905877236669));
#7995=CARTESIAN_POINT('Ctrl Pts',(-66.9355369039225,-34.8047136895549,3.90950881609592));
#7996=CARTESIAN_POINT('Ctrl Pts',(-66.7936910593293,-31.9228404665598,5.0364344974946));
#7997=CARTESIAN_POINT('Ctrl Pts',(-66.7040376089627,-31.308644935487,6.77842032502557));
#7998=CARTESIAN_POINT('Ctrl Pts',(-66.6665765528226,-31.3027356819075,7.50252743401402));
#7999=CARTESIAN_POINT('Ctrl Pts',(-67.875,-36.2884659966653,9.1359872033747));
#8000=CARTESIAN_POINT('Ctrl Pts',(-67.8228076057735,-36.8249626169355,8.50849571805304));
#8001=CARTESIAN_POINT('Ctrl Pts',(-67.7184228173204,-37.2235335109076,6.69435522126084));
#8002=CARTESIAN_POINT('Ctrl Pts',(-67.5618456346408,-35.2805502700547,4.67827910556364));
#8003=CARTESIAN_POINT('Ctrl Pts',(-67.4052684519612,-32.5279538096692,5.18492534971266));
#8004=CARTESIAN_POINT('Ctrl Pts',(-67.2486912692816,-31.424084341154,7.75481217011493));
#8005=CARTESIAN_POINT('Ctrl Pts',(-67.092114086602,-32.9529378058915,10.0984857023191));
#8006=CARTESIAN_POINT('Ctrl Pts',(-66.9355369039224,-35.7508205725015,10.1230326391715));
#8007=CARTESIAN_POINT('Ctrl Pts',(-66.7789597212429,-37.3210135491131,7.80735927794857));
#8008=CARTESIAN_POINT('Ctrl Pts',(-66.6223825385632,-36.2625703533927,5.21731142404015));
#8009=CARTESIAN_POINT('Ctrl Pts',(-66.4658053558836,-33.5198687791629,4.66412081446446));
#8010=CARTESIAN_POINT('Ctrl Pts',(-66.309228173204,-31.5401917617127,6.64130189594769));
#8011=CARTESIAN_POINT('Ctrl Pts',(-66.1526509905245,-32.0899551920996,9.38469569163879));
#8012=CARTESIAN_POINT('Ctrl Pts',(-65.9960738078449,-34.6786209968333,10.4464062767224));
#8013=CARTESIAN_POINT('Ctrl Pts',(-65.8394966251653,-36.9963713410053,8.87909856062111));
#8014=CARTESIAN_POINT('Ctrl Pts',(-65.6829194424857,-36.9751226852973,6.08124784453733));
#8015=CARTESIAN_POINT('Ctrl Pts',(-65.5263422598061,-34.6338371662468,4.54932025703165));
#8016=CARTESIAN_POINT('Ctrl Pts',(-65.3697650771265,-32.0615921710295,5.65023125806973));
#8017=CARTESIAN_POINT('Ctrl Pts',(-65.2131878944468,-31.5535646236403,8.40164437381395));
#8018=CARTESIAN_POINT('Ctrl Pts',(-65.0566107117674,-33.5630300939219,10.3485599599531));
#8019=CARTESIAN_POINT('Ctrl Pts',(-64.9000335290877,-36.2970397325064,9.7537144504053));
#8020=CARTESIAN_POINT('Ctrl Pts',(-64.7434563464081,-37.3159681837947,7.14802185325707));
#8021=CARTESIAN_POINT('Ctrl Pts',(-64.5868791637286,-35.7109020759343,4.85618562062617));
#8022=CARTESIAN_POINT('Ctrl Pts',(-64.4303019810489,-32.9134700941855,4.92380846945127));
#8023=CARTESIAN_POINT('Ctrl Pts',(-64.2737247983694,-31.4208988456817,7.28920001026159));
#8024=CARTESIAN_POINT('Ctrl Pts',(-64.1171476156897,-32.5625555751177,9.84460557544504));
#8025=CARTESIAN_POINT('Ctrl Pts',(-63.9605704330102,-35.3245941822439,10.3038326557272));
#8026=CARTESIAN_POINT('Ctrl Pts',(-63.8561856445571,-36.5938638008444,8.94776512978273));
#8027=CARTESIAN_POINT('Ctrl Pts',(-63.8039932503306,-36.8070868020351,8.15019999797487));
#8028=CARTESIAN_POINT('Ctrl Pts',(-67.9820022498898,-36.4293315503423,9.25642532122658));
#8029=CARTESIAN_POINT('Ctrl Pts',(-67.9298098556633,-37.0053239827105,8.5827391631689));
#8030=CARTESIAN_POINT('Ctrl Pts',(-67.8254250672102,-37.4332368716577,6.63504525807262));
#8031=CARTESIAN_POINT('Ctrl Pts',(-67.6688478845306,-35.3472150764301,4.47054963620824));
#8032=CARTESIAN_POINT('Ctrl Pts',(-67.5122707018511,-32.3919779497786,5.0144941672486));
#8033=CARTESIAN_POINT('Ctrl Pts',(-67.3556935191714,-31.2068438106915,7.77357093431008));
#8034=CARTESIAN_POINT('Ctrl Pts',(-67.1991163364919,-32.8482484209297,10.2897810416755));
#8035=CARTESIAN_POINT('Ctrl Pts',(-67.0425391538122,-35.8521057414271,10.3161350751039));
#8036=CARTESIAN_POINT('Ctrl Pts',(-66.8859619711327,-37.5378931960256,7.82998645551089));
#8037=CARTESIAN_POINT('Ctrl Pts',(-66.729384788453,-36.4015295214148,5.04926443983178));
#8038=CARTESIAN_POINT('Ctrl Pts',(-66.5728076057734,-33.45691572272,4.45534903993182));
#8039=CARTESIAN_POINT('Ctrl Pts',(-66.4162304230939,-31.3314988281824,6.57808625267022));
#8040=CARTESIAN_POINT('Ctrl Pts',(-66.2596532404143,-31.921734746791,9.52344323279088));
#8041=CARTESIAN_POINT('Ctrl Pts',(-66.1030760577347,-34.7009729695893,10.663314835459));
#8042=CARTESIAN_POINT('Ctrl Pts',(-65.9464988750551,-37.1893514754771,8.9806250485));
#8043=CARTESIAN_POINT('Ctrl Pts',(-65.7899216923754,-37.1665385360785,5.97680213802462));
#8044=CARTESIAN_POINT('Ctrl Pts',(-65.633344509696,-34.6528922426365,4.3320970942259));
#8045=CARTESIAN_POINT('Ctrl Pts',(-65.4767673270163,-31.8912836966293,5.51405496935563));
#8046=CARTESIAN_POINT('Ctrl Pts',(-65.3201901443367,-31.3458561735568,8.46802163589148));
#8047=CARTESIAN_POINT('Ctrl Pts',(-65.1636129616571,-33.5032544874632,10.5582652678292));
#8048=CARTESIAN_POINT('Ctrl Pts',(-65.0070357789776,-36.438536467531,9.91962841722758));
#8049=CARTESIAN_POINT('Ctrl Pts',(-64.8504585962979,-37.5324764009664,7.12210992348693));
#8050=CARTESIAN_POINT('Ctrl Pts',(-64.6938814136183,-35.809248524689,4.66155327439223));
#8051=CARTESIAN_POINT('Ctrl Pts',(-64.5373042309387,-32.8058751749359,4.7341543825946));
#8052=CARTESIAN_POINT('Ctrl Pts',(-64.3807270482592,-31.2034238053902,7.27368133508191));
#8053=CARTESIAN_POINT('Ctrl Pts',(-64.2241498655795,-32.4291270282479,10.0172107657724));
#8054=CARTESIAN_POINT('Ctrl Pts',(-64.0675726829,-35.3945014136676,10.510245228595));
#8055=CARTESIAN_POINT('Ctrl Pts',(-63.9631878944469,-36.7572121322935,9.05434671365022));
#8056=CARTESIAN_POINT('Ctrl Pts',(-63.9109955002204,-36.9861321859387,8.19806642616077));
#8057=CARTESIAN_POINT('Ctrl Pts',(-68.0890044997796,-36.5701971040194,9.37686343907846));
#8058=CARTESIAN_POINT('Ctrl Pts',(-68.0368121055531,-37.1856853484856,8.65698260828476));
#8059=CARTESIAN_POINT('Ctrl Pts',(-67.9324273171,-37.6429402324077,6.57573529488441));
#8060=CARTESIAN_POINT('Ctrl Pts',(-67.7758501344204,-35.4138798828056,4.26282016685285));
#8061=CARTESIAN_POINT('Ctrl Pts',(-67.6192729517408,-32.256002089888,4.84406298478454));
#8062=CARTESIAN_POINT('Ctrl Pts',(-67.4626957690612,-30.9896032802289,7.79232969850523));
#8063=CARTESIAN_POINT('Ctrl Pts',(-67.3061185863816,-32.7435590359679,10.481076381032));
#8064=CARTESIAN_POINT('Ctrl Pts',(-67.1495414037021,-35.9533909103527,10.5092375110362));
#8065=CARTESIAN_POINT('Ctrl Pts',(-66.9929642210224,-37.7547728429382,7.8526136330732));
#8066=CARTESIAN_POINT('Ctrl Pts',(-66.8363870383429,-36.5404886894368,4.88121745562342));
#8067=CARTESIAN_POINT('Ctrl Pts',(-66.6798098556632,-33.393962666277,4.24657726539918));
#8068=CARTESIAN_POINT('Ctrl Pts',(-66.5232326729837,-31.1228058946521,6.51487060939275));
#8069=CARTESIAN_POINT('Ctrl Pts',(-66.366655490304,-31.7535143014825,9.66219077394297));
#8070=CARTESIAN_POINT('Ctrl Pts',(-66.2100783076245,-34.7233249423452,10.8802233941955));
#8071=CARTESIAN_POINT('Ctrl Pts',(-66.0535011249449,-37.382331609949,9.08215153637889));
#8072=CARTESIAN_POINT('Ctrl Pts',(-65.8969239422653,-37.3579543868598,5.87235643151191));
#8073=CARTESIAN_POINT('Ctrl Pts',(-65.7403467595857,-34.6719473190262,4.11487393142015));
#8074=CARTESIAN_POINT('Ctrl Pts',(-65.5837695769061,-31.7209752222291,5.37787868064153));
#8075=CARTESIAN_POINT('Ctrl Pts',(-65.4271923942265,-31.1381477234733,8.53439889796901));
#8076=CARTESIAN_POINT('Ctrl Pts',(-65.270615211547,-33.4434788810045,10.7679705757053));
#8077=CARTESIAN_POINT('Ctrl Pts',(-65.1140380288673,-36.5800332025557,10.0855423840499));
#8078=CARTESIAN_POINT('Ctrl Pts',(-64.9574608461877,-37.7489846181382,7.09619799371678));
#8079=CARTESIAN_POINT('Ctrl Pts',(-64.8008836635082,-35.9075949734437,4.46692092815829));
#8080=CARTESIAN_POINT('Ctrl Pts',(-64.6443064808286,-32.6982802556863,4.54450029573791));
#8081=CARTESIAN_POINT('Ctrl Pts',(-64.4877292981489,-30.9859487650988,7.25816265990222));
#8082=CARTESIAN_POINT('Ctrl Pts',(-64.3311521154694,-32.295698481378,10.1898159560998));
#8083=CARTESIAN_POINT('Ctrl Pts',(-64.1745749327898,-35.4644086450914,10.7166578014628));
#8084=CARTESIAN_POINT('Ctrl Pts',(-64.0701901443367,-36.9205604637427,9.16092829751771));
#8085=CARTESIAN_POINT('Ctrl Pts',(-64.0179977501102,-37.1651775698422,8.24593285434667));
#8086=CARTESIAN_POINT('Ctrl Pts',(-68.1960067496694,-36.7110626576964,9.49730155693034));
#8087=CARTESIAN_POINT('Ctrl Pts',(-68.1438143554429,-37.3660467142606,8.73122605340061));
#8088=CARTESIAN_POINT('Ctrl Pts',(-68.0394295669898,-37.8526435931578,6.51642533169619));
#8089=CARTESIAN_POINT('Ctrl Pts',(-67.8828523843103,-35.480544689181,4.05509069749745));
#8090=CARTESIAN_POINT('Ctrl Pts',(-67.7262752016306,-32.1200262299973,4.67363180232049));
#8091=CARTESIAN_POINT('Ctrl Pts',(-67.569698018951,-30.7723627497664,7.81108846270039));
#8092=CARTESIAN_POINT('Ctrl Pts',(-67.4131208362714,-32.638869651006,10.6723717203884));
#8093=CARTESIAN_POINT('Ctrl Pts',(-67.2565436535919,-36.0546760792784,10.7023399469686));
#8094=CARTESIAN_POINT('Ctrl Pts',(-67.0999664709123,-37.9716524898507,7.87524081063552));
#8095=CARTESIAN_POINT('Ctrl Pts',(-66.9433892882327,-36.6794478574588,4.71317047141505));
#8096=CARTESIAN_POINT('Ctrl Pts',(-66.7868121055531,-33.3310096098341,4.03780549086654));
#8097=CARTESIAN_POINT('Ctrl Pts',(-66.6302349228735,-30.9141129611218,6.45165496611528));
#8098=CARTESIAN_POINT('Ctrl Pts',(-66.4736577401939,-31.585293856174,9.80093831509507));
#8099=CARTESIAN_POINT('Ctrl Pts',(-66.3170805575143,-34.7456769151012,11.097131952932));
#8100=CARTESIAN_POINT('Ctrl Pts',(-66.1605033748347,-37.5753117444209,9.18367802425779));
#8101=CARTESIAN_POINT('Ctrl Pts',(-66.0039261921551,-37.549370237641,5.7679107249992));
#8102=CARTESIAN_POINT('Ctrl Pts',(-65.8473490094755,-34.6910023954159,3.89765076861441));
#8103=CARTESIAN_POINT('Ctrl Pts',(-65.6907718267959,-31.5506667478289,5.24170239192743));
#8104=CARTESIAN_POINT('Ctrl Pts',(-65.5341946441163,-30.9304392733897,8.60077616004654));
#8105=CARTESIAN_POINT('Ctrl Pts',(-65.3776174614368,-33.3837032745458,10.9776758835813));
#8106=CARTESIAN_POINT('Ctrl Pts',(-65.2210402787571,-36.7215299375803,10.2514563508722));
#8107=CARTESIAN_POINT('Ctrl Pts',(-65.0644630960776,-37.96549283531,7.07028606394663));
#8108=CARTESIAN_POINT('Ctrl Pts',(-64.907885913398,-36.0059414221983,4.27228858192435));
#8109=CARTESIAN_POINT('Ctrl Pts',(-64.7513087307184,-32.5906853364367,4.35484620888123));
#8110=CARTESIAN_POINT('Ctrl Pts',(-64.5947315480388,-30.7684737248074,7.24264398472254));
#8111=CARTESIAN_POINT('Ctrl Pts',(-64.4381543653592,-32.1622699345082,10.3624211464271));
#8112=CARTESIAN_POINT('Ctrl Pts',(-64.2815771826796,-35.5343158765151,10.9230703743306));
#8113=CARTESIAN_POINT('Ctrl Pts',(-64.1771923942265,-37.0839087951918,9.2675098813852));
#8114=CARTESIAN_POINT('Ctrl Pts',(-64.125,-37.3442229537458,8.29379928253258));
#8115=CARTESIAN_POINT('Ctrl Pts',(-64.125,-32.7367925609204,9.41706227519091));
#8116=CARTESIAN_POINT('Ctrl Pts',(-64.125,-32.7651838357028,9.44752061934276));
#8117=CARTESIAN_POINT('Ctrl Pts',(-64.125,-32.794354150866,9.4771864908986));
#8118=CARTESIAN_POINT('Ctrl Pts',(-64.125,-32.8242865491667,9.50602174055962));
#8119=CARTESIAN_POINT('Ctrl Pts',(-64.125,-32.8856738771631,9.56515896407987));
#8120=CARTESIAN_POINT('Ctrl Pts',(-64.125,-32.9502635779807,9.62080460779405));
#8121=CARTESIAN_POINT('Ctrl Pts',(-64.125,-33.01767852661,9.67295386796203));
#8122=CARTESIAN_POINT('Ctrl Pts',(-64.125,-33.0567608419486,9.70318624033638));
#8123=CARTESIAN_POINT('Ctrl Pts',(-64.125,-33.0967935539528,9.73224302852342));
#8124=CARTESIAN_POINT('Ctrl Pts',(-64.125,-33.1377095159384,9.76011870270014));
#8125=CARTESIAN_POINT('Ctrl Pts',(-64.125,-33.1576800819694,9.7737244683913));
#8126=CARTESIAN_POINT('Ctrl Pts',(-64.125,-33.1778611280654,9.78704880425301));
#8127=CARTESIAN_POINT('Ctrl Pts',(-64.125,-33.1982451879053,9.80009074790971));
#8128=CARTESIAN_POINT('Ctrl Pts',(-64.125,-33.2131559317201,9.80963080431845));
#8129=CARTESIAN_POINT('Ctrl Pts',(-64.125,-33.2281681709841,9.81901515827416));
#8130=CARTESIAN_POINT('Ctrl Pts',(-64.125,-33.2432755632033,9.82824193949877));
#8131=CARTESIAN_POINT('Ctrl Pts',(-64.125,-33.3195509599877,9.87482684235539));
#8132=CARTESIAN_POINT('Ctrl Pts',(-64.125,-33.3982730002783,9.91741350028291));
#8133=CARTESIAN_POINT('Ctrl Pts',(-64.125,-33.4790368398876,9.95598742067871));
#8134=CARTESIAN_POINT('Ctrl Pts',(-64.125,-33.5482155843411,9.98902814031933));
#8135=CARTESIAN_POINT('Ctrl Pts',(-64.125,-33.6188934512522,10.0191243633003));
#8136=CARTESIAN_POINT('Ctrl Pts',(-64.125,-33.6908377174259,10.0462455703259));
#8137=CARTESIAN_POINT('Ctrl Pts',(-64.125,-33.709549795533,10.0532995604659));
#8138=CARTESIAN_POINT('Ctrl Pts',(-64.125,-33.7283476295439,10.0601521868249));
#8139=CARTESIAN_POINT('Ctrl Pts',(-64.125,-33.7472272951483,10.0668026717123));
#8140=CARTESIAN_POINT('Ctrl Pts',(-64.125,-33.7619802779034,10.0719995057513));
#8141=CARTESIAN_POINT('Ctrl Pts',(-64.125,-33.7767824284426,10.0770725446629));
#8142=CARTESIAN_POINT('Ctrl Pts',(-64.125,-33.7916192721688,10.0820174477035));
#8143=CARTESIAN_POINT('Ctrl Pts',(-64.125,-33.8788914405743,10.1111039851685));
#8144=CARTESIAN_POINT('Ctrl Pts',(-64.125,-33.9674734279825,10.1358002962));
#8145=CARTESIAN_POINT('Ctrl Pts',(-64.125,-34.056953410332,10.1560961464302));
#8146=CARTESIAN_POINT('Ctrl Pts',(-64.125,-34.1479449853729,10.1767348561254));
#8147=CARTESIAN_POINT('Ctrl Pts',(-64.125,-34.2398659676947,10.1928236348351));
#8148=CARTESIAN_POINT('Ctrl Pts',(-64.125,-34.3323169977849,10.2043099835718));
#8149=CARTESIAN_POINT('Ctrl Pts',(-64.125,-34.4107514404091,10.2140548761931));
#8150=CARTESIAN_POINT('Ctrl Pts',(-64.125,-34.4895682782602,10.2204865194375));
#8151=CARTESIAN_POINT('Ctrl Pts',(-64.125,-34.5685352566964,10.2235462213799));
#8152=CARTESIAN_POINT('Ctrl Pts',(-64.125,-34.6277604905235,10.2258409978366));
#8153=CARTESIAN_POINT('Ctrl Pts',(-64.125,-34.687070431399,10.2262385697848));
#8154=CARTESIAN_POINT('Ctrl Pts',(-64.125,-34.7463687393219,10.2247042647541));
#8155=CARTESIAN_POINT('Ctrl Pts',(-64.125,-34.7609059274478,10.2243281244956));
#8156=CARTESIAN_POINT('Ctrl Pts',(-64.125,-34.7754424182248,10.2238358360777));
#8157=CARTESIAN_POINT('Ctrl Pts',(-64.125,-34.7899767927507,10.2232268058587));
#8158=CARTESIAN_POINT('Ctrl Pts',(-64.125,-34.8042830567343,10.2226273340981));
#8159=CARTESIAN_POINT('Ctrl Pts',(-64.125,-34.8185786474441,10.221915097967));
#8160=CARTESIAN_POINT('Ctrl Pts',(-64.125,-34.8328586090539,10.2210901765898));
#8161=CARTESIAN_POINT('Ctrl Pts',(-64.125,-34.9287631868661,10.2155499840754));
#8162=CARTESIAN_POINT('Ctrl Pts',(-64.125,-35.0240125907163,10.2049288696809));
#8163=CARTESIAN_POINT('Ctrl Pts',(-64.125,-35.1181904619097,10.1891795364437));
#8164=CARTESIAN_POINT('Ctrl Pts',(-64.125,-35.1700803853329,10.1805020022704));
#8165=CARTESIAN_POINT('Ctrl Pts',(-64.125,-35.2216454235385,10.170266829392));
#8166=CARTESIAN_POINT('Ctrl Pts',(-64.125,-35.2728178757987,10.158459625161));
#8167=CARTESIAN_POINT('Ctrl Pts',(-64.125,-35.3627377586759,10.1377120866971));
#8168=CARTESIAN_POINT('Ctrl Pts',(-64.125,-35.4514458768261,10.1121137464719));
#8169=CARTESIAN_POINT('Ctrl Pts',(-64.125,-35.5387279056123,10.0819558184186));
#8170=CARTESIAN_POINT('Ctrl Pts',(-64.125,-35.5900031292766,10.0642390612844));
#8171=CARTESIAN_POINT('Ctrl Pts',(-64.125,-35.6407861547782,10.0449476960027));
#8172=CARTESIAN_POINT('Ctrl Pts',(-64.125,-35.6910323346722,10.0241326367349));
#8173=CARTESIAN_POINT('Ctrl Pts',(-64.125,-35.7233613971719,10.0107399498992));
#8174=CARTESIAN_POINT('Ctrl Pts',(-64.125,-35.7554681935463,9.99671636440109));
#8175=CARTESIAN_POINT('Ctrl Pts',(-64.125,-35.7873404771657,9.98207422688052));
#8176=CARTESIAN_POINT('Ctrl Pts',(-64.125,-35.8017029978088,9.97547608019893));
#8177=CARTESIAN_POINT('Ctrl Pts',(-64.125,-35.8160178927678,9.96875231484353));
#8178=CARTESIAN_POINT('Ctrl Pts',(-64.125,-35.8302840179971,9.96190400060014));
#8179=CARTESIAN_POINT('Ctrl Pts',(-64.125,-35.8443388398328,9.95515712048948));
#8180=CARTESIAN_POINT('Ctrl Pts',(-64.125,-35.8583399122852,9.9482923831403));
#8181=CARTESIAN_POINT('Ctrl Pts',(-64.125,-35.8722790620546,9.94131485608684));
#8182=CARTESIAN_POINT('Ctrl Pts',(-64.125,-35.9580943816024,9.8983582393884));
#8183=CARTESIAN_POINT('Ctrl Pts',(-64.125,-36.0416478688865,9.8510905645186));
#8184=CARTESIAN_POINT('Ctrl Pts',(-64.125,-36.1227159057531,9.79985539283686));
#8185=CARTESIAN_POINT('Ctrl Pts',(-64.125,-36.2053216966592,9.74764835733226));
#8186=CARTESIAN_POINT('Ctrl Pts',(-64.125,-36.2853475784695,9.69132155747288));
#8187=CARTESIAN_POINT('Ctrl Pts',(-64.125,-36.3625483509193,9.63118362556672));
#8188=CARTESIAN_POINT('Ctrl Pts',(-64.125,-36.4403888862497,9.57054733055704));
#8189=CARTESIAN_POINT('Ctrl Pts',(-64.125,-36.515358080839,9.50603601651219));
#8190=CARTESIAN_POINT('Ctrl Pts',(-64.125,-36.5871844359163,9.43791690394997));
#8191=CARTESIAN_POINT('Ctrl Pts',(-64.125,-36.6290445505676,9.39821735552199));
#8192=CARTESIAN_POINT('Ctrl Pts',(-64.125,-36.669836760691,9.3572915316995));
#8193=CARTESIAN_POINT('Ctrl Pts',(-64.125,-36.7095025566467,9.3151856977858));
#8194=CARTESIAN_POINT('Ctrl Pts',(-64.125,-36.7198202414727,9.30423332148295));
#8195=CARTESIAN_POINT('Ctrl Pts',(-64.125,-36.7300635273886,9.2931990689422));
#8196=CARTESIAN_POINT('Ctrl Pts',(-64.125,-36.7402252560589,9.28209037217811));
#8197=CARTESIAN_POINT('Ctrl Pts',(-64.125,-36.8088843383774,9.20703297295736));
#8198=CARTESIAN_POINT('Ctrl Pts',(-64.125,-36.8736691471299,9.12875081747633));
#8199=CARTESIAN_POINT('Ctrl Pts',(-64.125,-36.9343280760961,9.0475774655151));
#8200=CARTESIAN_POINT('Ctrl Pts',(-64.125,-36.9951682132083,8.96616162208783));
#8201=CARTESIAN_POINT('Ctrl Pts',(-64.125,-37.0518585734958,8.88183671905255));
#8202=CARTESIAN_POINT('Ctrl Pts',(-64.125,-37.104120389877,8.79489300786523));
#8203=CARTESIAN_POINT('Ctrl Pts',(-64.125,-37.1554009582442,8.70958171877587));
#8204=CARTESIAN_POINT('Ctrl Pts',(-64.125,-37.2024183594188,8.62174837058151));
#8205=CARTESIAN_POINT('Ctrl Pts',(-64.125,-37.2448748714917,8.53163200715753));
#8206=CARTESIAN_POINT('Ctrl Pts',(-64.125,-37.2814478801875,8.45400371453003));
#8207=CARTESIAN_POINT('Ctrl Pts',(-64.125,-37.3146362235711,8.37468055339206));
#8208=CARTESIAN_POINT('Ctrl Pts',(-64.125,-37.3442229537458,8.29379928253264));
#8209=CARTESIAN_POINT('Ctrl Pts',(-66.262416697508,-31.8588742890692,7.49799350011216));
#8210=CARTESIAN_POINT('Ctrl Pts',(-66.27802052274,-31.8569468498683,7.25085091482718));
#8211=CARTESIAN_POINT('Ctrl Pts',(-66.293624347972,-31.8905155746694,7.00422036042124));
#8212=CARTESIAN_POINT('Ctrl Pts',(-66.309228173204,-31.9617651696856,6.76900401498233));
#8213=CARTESIAN_POINT('Ctrl Pts',(-66.3614205674306,-32.2000841008628,5.98224153545328));
#8214=CARTESIAN_POINT('Ctrl Pts',(-66.4136129616571,-32.8599764400129,5.32318117495887));
#8215=CARTESIAN_POINT('Ctrl Pts',(-66.4658053558836,-33.6470395386262,5.08584942964094));
#8216=CARTESIAN_POINT('Ctrl Pts',(-66.5179977501102,-34.4341026372395,4.84851768432302));
#8217=CARTESIAN_POINT('Ctrl Pts',(-66.5701901443367,-35.3483364953161,5.03291455418158));
#8218=CARTESIAN_POINT('Ctrl Pts',(-66.6223825385632,-35.9818606236411,5.55678763142893));
#8219=CARTESIAN_POINT('Ctrl Pts',(-66.6745749327898,-36.6153847519662,6.08066070867628));
#8220=CARTESIAN_POINT('Ctrl Pts',(-66.7267673270163,-36.9681991505397,6.94400999331242));
#8221=CARTESIAN_POINT('Ctrl Pts',(-66.7789597212428,-36.8829075203911,7.76163019583431));
#8222=CARTESIAN_POINT('Ctrl Pts',(-66.8311521154694,-36.7976158902426,8.5792503983562));
#8223=CARTESIAN_POINT('Ctrl Pts',(-66.8833445096959,-36.274218231372,9.35114151876384));
#8224=CARTESIAN_POINT('Ctrl Pts',(-66.9355369039224,-35.5462056075018,9.73299592282559));
#8225=CARTESIAN_POINT('Ctrl Pts',(-66.987729298149,-34.8181929836315,10.1148503268873));
#8226=CARTESIAN_POINT('Ctrl Pts',(-67.0399216923755,-33.8855653947615,10.1066680146032));
#8227=CARTESIAN_POINT('Ctrl Pts',(-67.092114086602,-33.1644426895369,9.7119646030938));
#8228=CARTESIAN_POINT('Ctrl Pts',(-67.1443064808286,-32.4433199843124,9.31726119158438));
#8229=CARTESIAN_POINT('Ctrl Pts',(-67.1964988750551,-31.9337021627332,8.53603668084965));
#8230=CARTESIAN_POINT('Ctrl Pts',(-67.2486912692816,-31.8628714966961,7.71710995541524));
#8231=CARTESIAN_POINT('Ctrl Pts',(-67.2532664120238,-31.8566625382369,7.64532350607259));
#8232=CARTESIAN_POINT('Ctrl Pts',(-67.2578415547659,-31.853825278516,7.5732473479084));
#8233=CARTESIAN_POINT('Ctrl Pts',(-67.262416697508,-31.8542492500799,7.50113850448104));
#8234=CARTESIAN_POINT('Ctrl Pts',(-67.875,-33.581200717467,4.53077704625436));
#8235=CARTESIAN_POINT('Ctrl Pts',(-67.8228076057735,-32.6074901186144,4.79109120480852));
#8236=CARTESIAN_POINT('Ctrl Pts',(-67.7184228173204,-30.9519281840646,6.34067299770013));
#8237=CARTESIAN_POINT('Ctrl Pts',(-67.5618456346408,-31.5125800894282,9.71273113282813));
#8238=CARTESIAN_POINT('Ctrl Pts',(-67.4052684519612,-34.6323559337743,11.1065230569577));
#8239=CARTESIAN_POINT('Ctrl Pts',(-67.2486912692816,-37.5201524107899,9.28431478206943));
#8240=CARTESIAN_POINT('Ctrl Pts',(-67.092114086602,-37.6027102522406,5.86905877236669));
#8241=CARTESIAN_POINT('Ctrl Pts',(-66.9355369039225,-34.8047136895549,3.90950881609592));
#8242=CARTESIAN_POINT('Ctrl Pts',(-66.7789597212428,-31.6235447847445,5.15347087073896));
#8243=CARTESIAN_POINT('Ctrl Pts',(-66.6223825385633,-30.8973254640225,8.49129639472232));
#8244=CARTESIAN_POINT('Ctrl Pts',(-66.4658053558836,-33.2742242909135,10.9445593330386));
#8245=CARTESIAN_POINT('Ctrl Pts',(-66.3092281732041,-36.6332967065516,10.3243321510317));
#8246=CARTESIAN_POINT('Ctrl Pts',(-66.1526509905245,-37.9773478107602,7.18399772154147));
#8247=CARTESIAN_POINT('Ctrl Pts',(-65.9960738078449,-36.1070885886927,4.32563102185246));
#8248=CARTESIAN_POINT('Ctrl Pts',(-65.8394966251653,-32.6913226405246,4.29968951918959));
#8249=CARTESIAN_POINT('Ctrl Pts',(-65.6829194424857,-30.7778694737722,7.12932323274165));
#8250=CARTESIAN_POINT('Ctrl Pts',(-65.5263422598061,-32.074062585992,10.2897050393361));
#8251=CARTESIAN_POINT('Ctrl Pts',(-65.3697650771265,-35.4233446370937,10.9608856722016));
#8252=CARTESIAN_POINT('Ctrl Pts',(-65.2131878944469,-37.8371931052463,8.54398997242493));
#8253=CARTESIAN_POINT('Ctrl Pts',(-65.0566107117673,-37.1618284926886,5.19555306576276));
#8254=CARTESIAN_POINT('Ctrl Pts',(-64.9000335290877,-33.9997592122403,3.90334890387898));
#8255=CARTESIAN_POINT('Ctrl Pts',(-64.7434563464081,-31.1726615535845,5.82032465300777));
#8256=CARTESIAN_POINT('Ctrl Pts',(-64.5868791637286,-31.202629100331,9.23612949843784));
#8257=CARTESIAN_POINT('Ctrl Pts',(-64.4303019810489,-34.0639124168375,11.1026361798287));
#8258=CARTESIAN_POINT('Ctrl Pts',(-64.2737247983694,-37.2013655916935,9.75497187989293));
#8259=CARTESIAN_POINT('Ctrl Pts',(-64.1171476156897,-37.8199094820563,6.39445693387209));
#8260=CARTESIAN_POINT('Ctrl Pts',(-63.9605704330102,-35.3585663161064,4.02234891670631));
#8261=CARTESIAN_POINT('Ctrl Pts',(-63.8561856445571,-33.1437739465988,4.50895328573963));
#8262=CARTESIAN_POINT('Ctrl Pts',(-63.8039932503306,-32.3776984430692,5.16393734230398));
#8263=CARTESIAN_POINT('Ctrl Pts',(-67.9820022498898,-33.6290671456529,4.7098224301579));
#8264=CARTESIAN_POINT('Ctrl Pts',(-67.9298098556633,-32.7140717024819,4.95443953625763));
#8265=CARTESIAN_POINT('Ctrl Pts',(-67.8254250672102,-31.1583408438618,6.41058090001332));
#8266=CARTESIAN_POINT('Ctrl Pts',(-67.6688478845307,-31.6851852052329,9.57930252159745));
#8267=CARTESIAN_POINT('Ctrl Pts',(-67.512270701851,-34.6168372635093,10.8890482107272));
#8268=CARTESIAN_POINT('Ctrl Pts',(-67.3556935191715,-37.3304984071676,9.17671985567383));
#8269=CARTESIAN_POINT('Ctrl Pts',(-67.1991163364918,-37.408077976307,5.967405209389));
#8270=CARTESIAN_POINT('Ctrl Pts',(-67.0425391538122,-34.7788017746487,4.12601693368722));
#8271=CARTESIAN_POINT('Ctrl Pts',(-66.8859619711327,-31.7894586830887,5.29496755702162));
#8272=CARTESIAN_POINT('Ctrl Pts',(-66.7293847884531,-31.1070306906375,8.43152080820687));
#8273=CARTESIAN_POINT('Ctrl Pts',(-66.5728076057734,-33.3406015257979,10.736850966988));
#8274=CARTESIAN_POINT('Ctrl Pts',(-66.4162304230939,-36.4971204721996,10.1540237430307));
#8275=CARTESIAN_POINT('Ctrl Pts',(-66.2596532404143,-37.7601247336187,7.2030527908786));
#8276=CARTESIAN_POINT('Ctrl Pts',(-66.1030760577347,-36.0026429235647,4.51704679668571));
#8277=CARTESIAN_POINT('Ctrl Pts',(-65.9464988750551,-32.7928490883169,4.49266957746523));
#8278=CARTESIAN_POINT('Ctrl Pts',(-65.7899216923755,-30.9947779464779,7.15167519658262));
#8279=CARTESIAN_POINT('Ctrl Pts',(-65.6333445096959,-32.2128100728081,10.1214846606288));
#8280=CARTESIAN_POINT('Ctrl Pts',(-65.4767673270163,-35.3601290177429,10.7521928210824));
#8281=CARTESIAN_POINT('Ctrl Pts',(-65.3201901443368,-37.6284214153686,8.48103694117193));
#8282=CARTESIAN_POINT('Ctrl Pts',(-65.1636129616571,-36.9937815709452,5.33451217811414));
#8283=CARTESIAN_POINT('Ctrl Pts',(-65.0070357789776,-34.0223863884232,4.12022846674903));
#8284=CARTESIAN_POINT('Ctrl Pts',(-64.8504585962979,-31.365763899033,5.92160977777625));
#8285=CARTESIAN_POINT('Ctrl Pts',(-64.6938814136183,-31.3939243901977,9.13144016476488));
#8286=CARTESIAN_POINT('Ctrl Pts',(-64.5373042309387,-34.0826711279962,10.8853957139121));
#8287=CARTESIAN_POINT('Ctrl Pts',(-64.3807270482591,-37.0309345663715,9.61899613397671));
#8288=CARTESIAN_POINT('Ctrl Pts',(-64.2241498655796,-37.6121800018738,6.46112164237674));
#8289=CARTESIAN_POINT('Ctrl Pts',(-64.0675726829,-35.2992568565592,4.23205272911467));
#8290=CARTESIAN_POINT('Ctrl Pts',(-63.9631878944469,-33.2180173917147,4.68931465151468));
#8291=CARTESIAN_POINT('Ctrl Pts',(-63.9109955002204,-32.4981365609211,5.30480289598101));
#8292=CARTESIAN_POINT('Ctrl Pts',(-68.0890044997796,-33.6769335738388,4.88886781406143));
#8293=CARTESIAN_POINT('Ctrl Pts',(-68.0368121055531,-32.8206532863494,5.11778786770673));
#8294=CARTESIAN_POINT('Ctrl Pts',(-67.9324273171,-31.364753503659,6.48048880232651));
#8295=CARTESIAN_POINT('Ctrl Pts',(-67.7758501344205,-31.8577903210377,9.44587391036678));
#8296=CARTESIAN_POINT('Ctrl Pts',(-67.6192729517408,-34.6013185932443,10.6715733644967));
#8297=CARTESIAN_POINT('Ctrl Pts',(-67.4626957690612,-37.1408444035454,9.06912492927823));
#8298=CARTESIAN_POINT('Ctrl Pts',(-67.3061185863816,-37.2134457003734,6.06575164641129));
#8299=CARTESIAN_POINT('Ctrl Pts',(-67.149541403702,-34.7528898597426,4.34252505127853));
#8300=CARTESIAN_POINT('Ctrl Pts',(-66.9929642210225,-31.9553725814328,5.43646424330426));
#8301=CARTESIAN_POINT('Ctrl Pts',(-66.8363870383428,-31.3167359172524,8.37174522169143));
#8302=CARTESIAN_POINT('Ctrl Pts',(-66.6798098556633,-33.4069787606824,10.5291426009374));
#8303=CARTESIAN_POINT('Ctrl Pts',(-66.5232326729836,-36.3609442378476,9.98371533502964));
#8304=CARTESIAN_POINT('Ctrl Pts',(-66.3666554903041,-37.5429016564773,7.22210786021572));
#8305=CARTESIAN_POINT('Ctrl Pts',(-66.2100783076245,-35.8981972584366,4.70846257151897));
#8306=CARTESIAN_POINT('Ctrl Pts',(-66.0535011249449,-32.8943755361091,4.68564963574088));
#8307=CARTESIAN_POINT('Ctrl Pts',(-65.8969239422653,-31.2116864191836,7.17402716042358));
#8308=CARTESIAN_POINT('Ctrl Pts',(-65.7403467595857,-32.3515575596243,9.95326428192147));
#8309=CARTESIAN_POINT('Ctrl Pts',(-65.5837695769061,-35.2969133983921,10.5434999699633));
#8310=CARTESIAN_POINT('Ctrl Pts',(-65.4271923942266,-37.4196497254909,8.41808390991894));
#8311=CARTESIAN_POINT('Ctrl Pts',(-65.2706152115469,-36.8257346492018,5.47347129046552));
#8312=CARTESIAN_POINT('Ctrl Pts',(-65.1140380288673,-34.0450135646061,4.33710802961908));
#8313=CARTESIAN_POINT('Ctrl Pts',(-64.9574608461877,-31.5588662444814,6.02289490254472));
#8314=CARTESIAN_POINT('Ctrl Pts',(-64.8008836635081,-31.5852196800644,9.02675083109193));
#8315=CARTESIAN_POINT('Ctrl Pts',(-64.6443064808286,-34.1014298391548,10.6681552479954));
#8316=CARTESIAN_POINT('Ctrl Pts',(-64.4877292981489,-36.8605035410495,9.4830203880605));
#8317=CARTESIAN_POINT('Ctrl Pts',(-64.3311521154694,-37.4044505216912,6.52778635088139));
#8318=CARTESIAN_POINT('Ctrl Pts',(-64.1745749327898,-35.2399473970119,4.44175654152303));
#8319=CARTESIAN_POINT('Ctrl Pts',(-64.0701901443367,-33.2922608368306,4.86967601728971));
#8320=CARTESIAN_POINT('Ctrl Pts',(-64.0179977501102,-32.618574678773,5.44566844965803));
#8321=CARTESIAN_POINT('Ctrl Pts',(-68.1960067496694,-33.7248000020248,5.06791319796497));
#8322=CARTESIAN_POINT('Ctrl Pts',(-68.1438143554429,-32.9272348702169,5.28113619915583));
#8323=CARTESIAN_POINT('Ctrl Pts',(-68.0394295669898,-31.5711661634562,6.55039670463969));
#8324=CARTESIAN_POINT('Ctrl Pts',(-67.8828523843103,-32.0303954368425,9.31244529913611));
#8325=CARTESIAN_POINT('Ctrl Pts',(-67.7262752016306,-34.5857999229793,10.4540985182662));
#8326=CARTESIAN_POINT('Ctrl Pts',(-67.5696980189511,-36.9511903999231,8.96153000288263));
#8327=CARTESIAN_POINT('Ctrl Pts',(-67.4131208362714,-37.0188134244398,6.16409808343359));
#8328=CARTESIAN_POINT('Ctrl Pts',(-67.2565436535918,-34.7269779448363,4.55903316886984));
#8329=CARTESIAN_POINT('Ctrl Pts',(-67.0999664709123,-32.1212864797769,5.57796092958691));
#8330=CARTESIAN_POINT('Ctrl Pts',(-66.9433892882327,-31.5264411438674,8.31196963517599));
#8331=CARTESIAN_POINT('Ctrl Pts',(-66.7868121055531,-33.4733559955668,10.3214342348869));
#8332=CARTESIAN_POINT('Ctrl Pts',(-66.6302349228735,-36.2247680034956,9.81340692702858));
#8333=CARTESIAN_POINT('Ctrl Pts',(-66.4736577401939,-37.3256785793358,7.24116292955284));
#8334=CARTESIAN_POINT('Ctrl Pts',(-66.3170805575144,-35.7937515933086,4.89987834635222));
#8335=CARTESIAN_POINT('Ctrl Pts',(-66.1605033748347,-32.9959019839013,4.87862969401653));
#8336=CARTESIAN_POINT('Ctrl Pts',(-66.0039261921551,-31.4285948918892,7.19637912426455));
#8337=CARTESIAN_POINT('Ctrl Pts',(-65.8473490094756,-32.4903050464405,9.78504390321415));
#8338=CARTESIAN_POINT('Ctrl Pts',(-65.6907718267959,-35.2336977790413,10.3348071188441));
#8339=CARTESIAN_POINT('Ctrl Pts',(-65.5341946441164,-37.2108780356133,8.35513087866594));
#8340=CARTESIAN_POINT('Ctrl Pts',(-65.3776174614367,-36.6576877274584,5.6124304028169));
#8341=CARTESIAN_POINT('Ctrl Pts',(-65.2210402787572,-34.067640740789,4.55398759248913));
#8342=CARTESIAN_POINT('Ctrl Pts',(-65.0644630960775,-31.7519685899298,6.12418002731318));
#8343=CARTESIAN_POINT('Ctrl Pts',(-64.907885913398,-31.7765149699311,8.92206149741898));
#8344=CARTESIAN_POINT('Ctrl Pts',(-64.7513087307184,-34.1201885503135,10.4509147820787));
#8345=CARTESIAN_POINT('Ctrl Pts',(-64.5947315480388,-36.6900725157275,9.34704464214427));
#8346=CARTESIAN_POINT('Ctrl Pts',(-64.4381543653592,-37.1967210415086,6.59445105938604));
#8347=CARTESIAN_POINT('Ctrl Pts',(-64.2815771826796,-35.1806379374647,4.65146035393139));
#8348=CARTESIAN_POINT('Ctrl Pts',(-64.1771923942265,-33.3665042819465,5.05003738306476));
#8349=CARTESIAN_POINT('Ctrl Pts',(-64.125,-32.7390127966249,5.58653400333505));
#8350=CARTESIAN_POINT('Ctrl Pts',(-64.125,-37.3489421536583,6.70411750290635));
#8351=CARTESIAN_POINT('Ctrl Pts',(-64.125,-37.3317491074342,6.6566829614192));
#8352=CARTESIAN_POINT('Ctrl Pts',(-64.125,-37.3133133462959,6.60974625043126));
#8353=CARTESIAN_POINT('Ctrl Pts',(-64.125,-37.2936221965046,6.5633546502952));
#8354=CARTESIAN_POINT('Ctrl Pts',(-64.125,-37.2541266981006,6.47030475790473));
#8355=CARTESIAN_POINT('Ctrl Pts',(-64.125,-37.2095831966946,6.37944573867719));
#8356=CARTESIAN_POINT('Ctrl Pts',(-64.125,-37.1603270586054,6.29103114431115));
#8357=CARTESIAN_POINT('Ctrl Pts',(-64.125,-37.1341444687753,6.24403348779388));
#8358=CARTESIAN_POINT('Ctrl Pts',(-64.125,-37.1066295773198,6.19772705750886));
#8359=CARTESIAN_POINT('Ctrl Pts',(-64.125,-37.0778285827245,6.15215409534857));
#8360=CARTESIAN_POINT('Ctrl Pts',(-64.125,-37.0620398956204,6.12717102618504));
#8361=CARTESIAN_POINT('Ctrl Pts',(-64.125,-37.0458646603252,6.10240843507227));
#8362=CARTESIAN_POINT('Ctrl Pts',(-64.125,-37.0293101940094,6.07787370099619));
#8363=CARTESIAN_POINT('Ctrl Pts',(-64.125,-37.0186004928965,6.0620012673081));
#8364=CARTESIAN_POINT('Ctrl Pts',(-64.125,-37.0077320272397,6.04622430871344));
#8365=CARTESIAN_POINT('Ctrl Pts',(-64.125,-36.9967153237145,6.03055661219458));
#8366=CARTESIAN_POINT('Ctrl Pts',(-64.125,-36.9386740396871,5.94801166382318));
#8367=CARTESIAN_POINT('Ctrl Pts',(-64.125,-36.8764645871031,5.868411575074));
#8368=CARTESIAN_POINT('Ctrl Pts',(-64.125,-36.8104153947155,5.79201542921878));
#8369=CARTESIAN_POINT('Ctrl Pts',(-64.125,-36.7563809029994,5.72951615010386));
#8370=CARTESIAN_POINT('Ctrl Pts',(-64.125,-36.6997755866665,5.66916171781063));
#8371=CARTESIAN_POINT('Ctrl Pts',(-64.125,-36.6407647458766,5.611115484955));
#8372=CARTESIAN_POINT('Ctrl Pts',(-64.125,-36.6172399512956,5.58797523333598));
#8373=CARTESIAN_POINT('Ctrl Pts',(-64.125,-36.5933327460289,5.56520204347167));
#8374=CARTESIAN_POINT('Ctrl Pts',(-64.125,-36.5690532063168,5.5428072420032));
#8375=CARTESIAN_POINT('Ctrl Pts',(-64.125,-36.5549261220228,5.52977679530438));
#8376=CARTESIAN_POINT('Ctrl Pts',(-64.125,-36.540671334235,5.51687313372497));
#8377=CARTESIAN_POINT('Ctrl Pts',(-64.125,-36.5263076126044,5.50411311771808));
#8378=CARTESIAN_POINT('Ctrl Pts',(-64.125,-36.4523897196206,5.43844813743469));
#8379=CARTESIAN_POINT('Ctrl Pts',(-64.125,-36.3754958040462,5.37649582427124));
#8380=CARTESIAN_POINT('Ctrl Pts',(-64.125,-36.2959339298805,5.31849402252567));
#8381=CARTESIAN_POINT('Ctrl Pts',(-64.125,-36.2169742740463,5.26093124699261));
#8382=CARTESIAN_POINT('Ctrl Pts',(-64.125,-36.1353860555852,5.20725896632029));
#8383=CARTESIAN_POINT('Ctrl Pts',(-64.125,-36.0514481126585,5.15775553591923));
#8384=CARTESIAN_POINT('Ctrl Pts',(-64.125,-35.9701163968704,5.10978915990934));
#8385=CARTESIAN_POINT('Ctrl Pts',(-64.125,-35.8865778600684,5.06573659133401));
#8386=CARTESIAN_POINT('Ctrl Pts',(-64.125,-35.8010768105268,5.0258984847559));
#8387=CARTESIAN_POINT('Ctrl Pts',(-64.125,-35.7481314407028,5.00122927546346));
#8388=CARTESIAN_POINT('Ctrl Pts',(-64.125,-35.6944333976729,4.97817706289336));
#8389=CARTESIAN_POINT('Ctrl Pts',(-64.125,-35.6400406237444,4.95682327758692));
#8390=CARTESIAN_POINT('Ctrl Pts',(-64.125,-35.626044593443,4.95132864650614));
#8391=CARTESIAN_POINT('Ctrl Pts',(-64.125,-35.6120006567867,4.94594579847132));
#8392=CARTESIAN_POINT('Ctrl Pts',(-64.125,-35.5979158870123,4.94067847525813));
#8393=CARTESIAN_POINT('Ctrl Pts',(-64.125,-35.5105533146187,4.90800723441395));
#8394=CARTESIAN_POINT('Ctrl Pts',(-64.125,-35.4218867299567,4.87987458080367));
#8395=CARTESIAN_POINT('Ctrl Pts',(-64.125,-35.3321665216974,4.85652091934266));
#8396=CARTESIAN_POINT('Ctrl Pts',(-64.125,-35.2677070954313,4.83974249619591));
#8397=CARTESIAN_POINT('Ctrl Pts',(-64.125,-35.202703459452,4.82543179618706));
#8398=CARTESIAN_POINT('Ctrl Pts',(-64.125,-35.1372464586375,4.81369454198412));
#8399=CARTESIAN_POINT('Ctrl Pts',(-64.125,-35.044366623232,4.79704003253646));
#8400=CARTESIAN_POINT('Ctrl Pts',(-64.125,-34.9505731282252,4.78556505694483));
#8401=CARTESIAN_POINT('Ctrl Pts',(-64.125,-34.8562445081097,4.77916154107212));
#8402=CARTESIAN_POINT('Ctrl Pts',(-64.125,-34.7594158682663,4.77258831089646));
#8403=CARTESIAN_POINT('Ctrl Pts',(-64.125,-34.662022240084,4.77135912703053));
#8404=CARTESIAN_POINT('Ctrl Pts',(-64.125,-34.5644932241733,4.77540981946229));
#8405=CARTESIAN_POINT('Ctrl Pts',(-64.125,-34.5502145399935,4.77600285895319));
#8406=CARTESIAN_POINT('Ctrl Pts',(-64.125,-34.5359326806859,4.77670924802461));
#8407=CARTESIAN_POINT('Ctrl Pts',(-64.125,-34.5216640676972,4.7775277890002));
#8408=CARTESIAN_POINT('Ctrl Pts',(-64.125,-34.4292478474279,4.78282938791236));
#8409=CARTESIAN_POINT('Ctrl Pts',(-64.125,-34.3372316244316,4.7928369980118));
#8410=CARTESIAN_POINT('Ctrl Pts',(-64.125,-34.2459665017765,4.8074097754523));
#8411=CARTESIAN_POINT('Ctrl Pts',(-64.125,-34.154666784016,4.82198807687345));
#8412=CARTESIAN_POINT('Ctrl Pts',(-64.125,-34.0641178183969,4.84113543140066));
#8413=CARTESIAN_POINT('Ctrl Pts',(-64.125,-33.97468796793,4.8647600447662));
#8414=CARTESIAN_POINT('Ctrl Pts',(-64.125,-33.8865351829137,4.88804729675455));
#8415=CARTESIAN_POINT('Ctrl Pts',(-64.125,-33.7994690003664,4.91568533748013));
#8416=CARTESIAN_POINT('Ctrl Pts',(-64.125,-33.7138710993822,4.9476271183827));
#8417=CARTESIAN_POINT('Ctrl Pts',(-64.125,-33.6663345257804,4.96536590404669));
#8418=CARTESIAN_POINT('Ctrl Pts',(-64.125,-33.6192513681788,4.9844326972961));
#8419=CARTESIAN_POINT('Ctrl Pts',(-64.125,-33.5726922515288,5.00482418805223));
#8420=CARTESIAN_POINT('Ctrl Pts',(-64.125,-33.5552025624823,5.01248414507417));
#8421=CARTESIAN_POINT('Ctrl Pts',(-64.125,-33.5377822850525,5.0203333014847));
#8422=CARTESIAN_POINT('Ctrl Pts',(-64.125,-33.5204629814188,5.02835842086177));
#8423=CARTESIAN_POINT('Ctrl Pts',(-64.125,-33.4394078608792,5.06591634075342));
#8424=CARTESIAN_POINT('Ctrl Pts',(-64.125,-33.3604574659111,5.10736821129655));
#8425=CARTESIAN_POINT('Ctrl Pts',(-64.125,-33.2839439020198,5.15262567078592));
#8426=CARTESIAN_POINT('Ctrl Pts',(-64.125,-33.2085760457351,5.19720544892106));
#8427=CARTESIAN_POINT('Ctrl Pts',(-64.125,-33.1355719198818,5.24547818246513));
#8428=CARTESIAN_POINT('Ctrl Pts',(-64.125,-33.0652824525966,5.29739616258897));
#8429=CARTESIAN_POINT('Ctrl Pts',(-64.125,-32.9971998785264,5.34768406295131));
#8430=CARTESIAN_POINT('Ctrl Pts',(-64.125,-32.9316637454868,5.40139238071753));
#8431=CARTESIAN_POINT('Ctrl Pts',(-64.125,-32.8690324100515,5.45850538787537));
#8432=CARTESIAN_POINT('Ctrl Pts',(-64.125,-32.8241511903792,5.49943220833325));
#8433=CARTESIAN_POINT('Ctrl Pts',(-64.125,-32.7807623913782,5.54210793559108));
#8434=CARTESIAN_POINT('Ctrl Pts',(-64.125,-32.7390127966249,5.58653400333505));
#8435=CARTESIAN_POINT('Ctrl Pts',(-66.987583302492,-31.8585121455026,7.50207021803485));
#8436=CARTESIAN_POINT('Ctrl Pts',(-66.9728519644055,-31.8566087411058,7.7353092619269));
#8437=CARTESIAN_POINT('Ctrl Pts',(-66.9581206263191,-31.8864640880094,7.96807086675445));
#8438=CARTESIAN_POINT('Ctrl Pts',(-66.9433892882327,-31.9500678418023,8.19121228419628));
#8439=CARTESIAN_POINT('Ctrl Pts',(-66.8911968940061,-32.1754127611006,8.98179116841294));
#8440=CARTESIAN_POINT('Ctrl Pts',(-66.8390044997796,-32.8243843783337,9.6516127016499));
#8441=CARTESIAN_POINT('Ctrl Pts',(-66.7868121055531,-33.6074388549384,9.901852250292));
#8442=CARTESIAN_POINT('Ctrl Pts',(-66.7346197113265,-34.3904933315431,10.1520917989341));
#8443=CARTESIAN_POINT('Ctrl Pts',(-66.6824273171,-35.3076306675193,9.98274936298134));
#8444=CARTESIAN_POINT('Ctrl Pts',(-66.6302349228735,-35.9496844314808,9.46937081209234));
#8445=CARTESIAN_POINT('Ctrl Pts',(-66.5780425286469,-36.5917381954423,8.95599226120334));
#8446=CARTESIAN_POINT('Ctrl Pts',(-66.5258501344204,-36.9587083873891,8.0985775953781));
#8447=CARTESIAN_POINT('Ctrl Pts',(-66.4736577401939,-36.8868723190246,7.27965616526537));
#8448=CARTESIAN_POINT('Ctrl Pts',(-66.4214653459674,-36.8150362506601,6.46073473515264));
#8449=CARTESIAN_POINT('Ctrl Pts',(-66.3692729517409,-36.3043939219843,5.68030654075243));
#8450=CARTESIAN_POINT('Ctrl Pts',(-66.3170805575143,-35.5827644894119,5.28655100149637));
#8451=CARTESIAN_POINT('Ctrl Pts',(-66.2648881632878,-34.8611350568395,4.89279546224032));
#8452=CARTESIAN_POINT('Ctrl Pts',(-66.2126957690612,-33.9285185203704,4.88571257812842));
#8453=CARTESIAN_POINT('Ctrl Pts',(-66.1605033748347,-33.2009924034672,5.26846270778048));
#8454=CARTESIAN_POINT('Ctrl Pts',(-66.1083109806082,-32.473466286564,5.65121283743253));
#8455=CARTESIAN_POINT('Ctrl Pts',(-66.0561185863817,-31.9510305892266,6.42379598084854));
#8456=CARTESIAN_POINT('Ctrl Pts',(-66.0039261921551,-31.8667644329831,7.24153168238148));
#8457=CARTESIAN_POINT('Ctrl Pts',(-65.9984785622674,-31.8579690742325,7.32688360987851));
#8458=CARTESIAN_POINT('Ctrl Pts',(-65.9930309323797,-31.8539472814987,7.41272744449545));
#8459=CARTESIAN_POINT('Ctrl Pts',(-65.987583302492,-31.8545195180548,7.49862543494796));
#8460=CARTESIAN_POINT('Origin',(-64.125,-42.875,3.5));
#8461=CARTESIAN_POINT('',(-64.125,43.125,3.5));
#8462=CARTESIAN_POINT('',(-64.125,-43.125,3.5));
#8463=CARTESIAN_POINT('',(-64.125,-21.4375,3.5));
#8464=CARTESIAN_POINT('',(-64.125,43.125,3.5));
#8465=CARTESIAN_POINT('',(-64.125,-43.125,3.5));
#8466=CARTESIAN_POINT('Origin',(6.78750000000002,34.375,7.5));
#8467=CARTESIAN_POINT('Origin',(6.78750000000002,34.375,7.5));
#8468=CARTESIAN_POINT('Origin',(6.78750000000002,-34.375,7.5));
#8469=CARTESIAN_POINT('Origin',(6.78750000000002,-34.375,7.5));
#8470=CARTESIAN_POINT('Origin',(55.3750000000001,-49.0834234471777,7.5));
#8471=CARTESIAN_POINT('Ctrl Pts',(55.3763898621559,43.4165765528223,10.5774678615725));
#8472=CARTESIAN_POINT('Ctrl Pts',(55.4644241941492,43.4211516955645,10.5779854799662));
#8473=CARTESIAN_POINT('Ctrl Pts',(55.5524186245459,43.4257268383067,10.5745216108849));
#8474=CARTESIAN_POINT('Ctrl Pts',(55.6400593658505,43.4303019810489,10.5669413893173));
#8475=CARTESIAN_POINT('Ctrl Pts',(56.63984896329,43.4824943752755,10.4804676037602));
#8476=CARTESIAN_POINT('Ctrl Pts',(57.593610062137,43.534686769502,9.8582986868111));
#8477=CARTESIAN_POINT('Ctrl Pts',(58.0754852389289,43.5868791637285,8.97791333659068));
#8478=CARTESIAN_POINT('Ctrl Pts',(58.5573604157208,43.6390715579551,8.09752798637025));
#8479=CARTESIAN_POINT('Ctrl Pts',(58.5673496704576,43.6912639521816,6.95892620287856));
#8480=CARTESIAN_POINT('Ctrl Pts',(58.1011612761133,43.7434563464081,6.07012931781062));
#8481=CARTESIAN_POINT('Ctrl Pts',(57.634972881769,43.7956487406346,5.18133243274269));
#8482=CARTESIAN_POINT('Ctrl Pts',(56.6926068383436,43.8478411348612,4.54234044609865));
#8483=CARTESIAN_POINT('Ctrl Pts',(55.6944122136505,43.9000335290877,4.43821183808825));
#8484=CARTESIAN_POINT('Ctrl Pts',(54.6962175889572,43.9522259233143,4.33408323007784));
#8485=CARTESIAN_POINT('Ctrl Pts',(53.642194382996,44.0044183175408,4.76481800070145));
#8486=CARTESIAN_POINT('Ctrl Pts',(53.0026219916777,44.0566107117673,5.53825827506808));
#8487=CARTESIAN_POINT('Ctrl Pts',(52.3630496003595,44.1088031059938,6.31169854943462));
#8488=CARTESIAN_POINT('Ctrl Pts',(52.1379280236838,44.1609955002204,7.42784432754409));
#8489=CARTESIAN_POINT('Ctrl Pts',(52.4276753669096,44.2131878944469,8.38873321699588));
#8490=CARTESIAN_POINT('Ctrl Pts',(52.7174227101355,44.2653802886734,9.34962210644778));
#8491=CARTESIAN_POINT('Ctrl Pts',(53.5220389732631,44.3175726829,10.1552541072419));
#8492=CARTESIAN_POINT('Ctrl Pts',(54.4825608489881,44.3697650771265,10.4462066548936));
#8493=CARTESIAN_POINT('Ctrl Pts',(54.769725592096,44.3853689023584,10.5331919862167));
#8494=CARTESIAN_POINT('Ctrl Pts',(55.0708254151757,44.4009727275903,10.5741744878801));
#8495=CARTESIAN_POINT('Ctrl Pts',(55.3725503534869,44.4165765528223,10.5718213665801));
#8496=CARTESIAN_POINT('Ctrl Pts',(55.3725229243194,43.3334234471772,10.5701212689234));
#8497=CARTESIAN_POINT('Ctrl Pts',(56.047919713506,43.3683337532379,10.5656600910365));
#8498=CARTESIAN_POINT('Ctrl Pts',(56.7267257773881,43.4032440592985,10.3461917416518));
#8499=CARTESIAN_POINT('Ctrl Pts',(57.2580204080807,43.4381543653592,9.93589936015192));
#8500=CARTESIAN_POINT('Ctrl Pts',(58.0523285063072,43.4903467595857,9.32249477738559));
#8501=CARTESIAN_POINT('Ctrl Pts',(58.5169260806639,43.5425391538122,8.28256941426232));
#8502=CARTESIAN_POINT('Ctrl Pts',(58.4455233852441,43.5947315480388,7.28130727967262));
#8503=CARTESIAN_POINT('Ctrl Pts',(58.3741206898243,43.6469239422653,6.28004514508303));
#8504=CARTESIAN_POINT('Ctrl Pts',(57.7667177246283,43.6991163364918,5.31744623902712));
#8505=CARTESIAN_POINT('Ctrl Pts',(56.8938069048854,43.7513087307184,4.82238715240937));
#8506=CARTESIAN_POINT('Ctrl Pts',(56.0208960851426,43.8035011249449,4.32732806579162));
#8507=CARTESIAN_POINT('Ctrl Pts',(54.8824774108528,43.8556935191714,4.29980879861215));
#8508=CARTESIAN_POINT('Ctrl Pts',(53.9866763691816,43.907885913398,4.75238195389172));
#8509=CARTESIAN_POINT('Ctrl Pts',(53.0908753275103,43.9600783076245,5.20495510917128));
#8510=CARTESIAN_POINT('Ctrl Pts',(52.4376919184573,44.012270701851,6.13762068690971));
#8511=CARTESIAN_POINT('Ctrl Pts',(52.318427249164,44.0644630960776,7.13414833601506));
#8512=CARTESIAN_POINT('Ctrl Pts',(52.1991625798706,44.1166554903041,8.13067598512063));
#8513=CARTESIAN_POINT('Ctrl Pts',(52.6138166503371,44.1688478845306,9.19106570559302));
#8514=CARTESIAN_POINT('Ctrl Pts',(53.3774479747796,44.2210402787572,9.84229712583242));
#8515=CARTESIAN_POINT('Ctrl Pts',(53.9255438485011,44.2585013348972,10.309718043291));
#8516=CARTESIAN_POINT('Ctrl Pts',(54.653420276904,44.2959623910372,10.56635529124));
#8517=CARTESIAN_POINT('Ctrl Pts',(55.3775274350599,44.3334234471772,10.5722645436173));
#8518=CARTESIAN_POINT('Ctrl Pts',(57.0109872033747,43.125,5.58653400333469));
#8519=CARTESIAN_POINT('Ctrl Pts',(56.3834957180531,43.1771923942265,5.05003738306457));
#8520=CARTESIAN_POINT('Ctrl Pts',(54.5693598784021,43.2815771826796,4.65146231301696));
#8521=CARTESIAN_POINT('Ctrl Pts',(52.5532790077123,43.4381543653592,6.59445063303978));
#8522=CARTESIAN_POINT('Ctrl Pts',(53.0599268028156,43.5947315480388,9.34704513631597));
#8523=CARTESIAN_POINT('Ctrl Pts',(55.6298116800829,43.7513087307183,10.4509150612935));
#8524=CARTESIAN_POINT('Ctrl Pts',(57.9734852441117,43.9078859133981,8.92206171974213));
#8525=CARTESIAN_POINT('Ctrl Pts',(57.9980318022375,44.0644630960775,6.1241798359543));
#8526=CARTESIAN_POINT('Ctrl Pts',(55.6823592650741,44.2210402787572,4.55398722846155));
#8527=CARTESIAN_POINT('Ctrl Pts',(53.0923120020127,44.3776174614367,5.61243016164327));
#8528=CARTESIAN_POINT('Ctrl Pts',(52.5391215976388,44.5341946441164,8.35513098779349));
#8529=CARTESIAN_POINT('Ctrl Pts',(54.5163021173298,44.6907718267959,10.3348074758355));
#8530=CARTESIAN_POINT('Ctrl Pts',(57.2596951889271,44.8473490094755,9.78504419172381));
#8531=CARTESIAN_POINT('Ctrl Pts',(58.32140548079,45.0039261921552,7.19637908564356));
#8532=CARTESIAN_POINT('Ctrl Pts',(56.7540981897472,45.1605033748347,4.87862936394652));
#8533=CARTESIAN_POINT('Ctrl Pts',(53.956248227417,45.3170805575143,4.89987801735074));
#8534=CARTESIAN_POINT('Ctrl Pts',(52.4243210495808,45.4736577401939,7.2411628990112));
#8535=CARTESIAN_POINT('Ctrl Pts',(53.525231761008,45.6302349228735,9.81340721464491));
#8536=CARTESIAN_POINT('Ctrl Pts',(56.2766441222436,45.7868121055531,10.3214345989386));
#8537=CARTESIAN_POINT('Ctrl Pts',(58.2235592081235,45.9433892882327,8.3119697215073));
#8538=CARTESIAN_POINT('Ctrl Pts',(57.6287138168971,46.0999664709123,5.57796071855386));
#8539=CARTESIAN_POINT('Ctrl Pts',(55.0230219907218,46.2565436535919,4.55903273729063));
#8540=CARTESIAN_POINT('Ctrl Pts',(52.7311862711,46.4131208362715,6.16409803297479));
#8541=CARTESIAN_POINT('Ctrl Pts',(52.7988092394702,46.5696980189511,8.9615299711726));
#8542=CARTESIAN_POINT('Ctrl Pts',(55.1642000557797,46.7262752016306,10.4540993597757));
#8543=CARTESIAN_POINT('Ctrl Pts',(57.7196048866305,46.8828523843103,9.31244501707176));
#8544=CARTESIAN_POINT('Ctrl Pts',(58.1788334592408,47.0394295669898,6.55039961429423));
#8545=CARTESIAN_POINT('Ctrl Pts',(56.8227651297826,47.1438143554429,5.28113619915548));
#8546=CARTESIAN_POINT('Ctrl Pts',(56.0251999979748,47.1960067496694,5.06791319796482));
#8547=CARTESIAN_POINT('Ctrl Pts',(57.1314253212266,43.0179977501102,5.44566844965764));
#8548=CARTESIAN_POINT('Ctrl Pts',(56.4577391631689,43.0701901443367,4.86967601728951));
#8549=CARTESIAN_POINT('Ctrl Pts',(54.5100502580634,43.1745749327898,4.44175864483258));
#8550=CARTESIAN_POINT('Ctrl Pts',(52.3455495311533,43.3311521154694,6.52778589314837));
#8551=CARTESIAN_POINT('Ctrl Pts',(52.8894957273261,43.487729298149,9.48302091861213));
#8552=CARTESIAN_POINT('Ctrl Pts',(55.6485704082029,43.6443064808285,10.6681555477654));
#8553=CARTESIAN_POINT('Ctrl Pts',(58.1647805497359,43.8008836635082,9.02675106978206));
#8554=CARTESIAN_POINT('Ctrl Pts',(58.1911341765564,43.9574608461877,6.02289469709837));
#8555=CARTESIAN_POINT('Ctrl Pts',(55.7049864416886,44.1140380288674,4.33710763879252));
#8556=CARTESIAN_POINT('Ctrl Pts',(52.9242650603536,44.2706152115469,5.47347103153716));
#8557=CARTESIAN_POINT('Ctrl Pts',(52.3303498807618,44.4271923942265,8.41808402708025));
#8558=CARTESIAN_POINT('Ctrl Pts',(54.4530864903501,44.5837695769062,10.5435003532356));
#8559=CARTESIAN_POINT('Ctrl Pts',(57.3984426930706,44.7403467595857,9.95326459167064));
#8560=CARTESIAN_POINT('Ctrl Pts',(58.5383139809315,44.8969239422653,7.17402711895939));
#8561=CARTESIAN_POINT('Ctrl Pts',(56.8556246503231,45.0535011249449,4.68564928137178));
#8562=CARTESIAN_POINT('Ctrl Pts',(53.8518025490911,45.2100783076245,4.70846221829706));
#8563=CARTESIAN_POINT('Ctrl Pts',(52.2070979451209,45.3666554903041,7.22210782742566));
#8564=CARTESIAN_POINT('Ctrl Pts',(53.3890555093192,45.5232326729837,9.9837156438197));
#8565=CARTESIAN_POINT('Ctrl Pts',(56.343021365801,45.6798098556633,10.5291429917899));
#8566=CARTESIAN_POINT('Ctrl Pts',(58.4332644606514,45.8363870383429,8.37174531437827));
#8567=CARTESIAN_POINT('Ctrl Pts',(57.7946277370817,45.9929642210225,5.43646401673539));
#8568=CARTESIAN_POINT('Ctrl Pts',(54.9971100710716,46.1495414037021,4.34252458792732));
#8569=CARTESIAN_POINT('Ctrl Pts',(52.5365539727527,46.3061185863816,6.06575159223782));
#8570=CARTESIAN_POINT('Ctrl Pts',(52.6091552093007,46.4626957690613,9.06912489523376));
#8571=CARTESIAN_POINT('Ctrl Pts',(55.1486813839511,46.6192729517408,10.6715742679565));
#8572=CARTESIAN_POINT('Ctrl Pts',(57.8922100262486,46.7758501344205,9.44587360753742));
#8573=CARTESIAN_POINT('Ctrl Pts',(58.3852460912618,46.9324273171,6.48049192618401));
#8574=CARTESIAN_POINT('Ctrl Pts',(56.9293467136501,47.0368121055531,5.11778786770635));
#8575=CARTESIAN_POINT('Ctrl Pts',(56.0730664261606,47.0890044997796,4.88886781406127));
#8576=CARTESIAN_POINT('Ctrl Pts',(57.2518634390785,42.9109955002204,5.30480289598059));
#8577=CARTESIAN_POINT('Ctrl Pts',(56.5319826082848,42.9631878944469,4.68931465151446));
#8578=CARTESIAN_POINT('Ctrl Pts',(54.4507406377246,43.0675726829,4.23205497664819));
#8579=CARTESIAN_POINT('Ctrl Pts',(52.1378200545943,43.2241498655795,6.46112115325696));
#8580=CARTESIAN_POINT('Ctrl Pts',(52.7190646518366,43.3807270482592,9.61899670090828));
#8581=CARTESIAN_POINT('Ctrl Pts',(55.6673291363228,43.5373042309387,10.8853960342374));
#8582=CARTESIAN_POINT('Ctrl Pts',(58.35607585536,43.6938814136184,9.131440419822));
#8583=CARTESIAN_POINT('Ctrl Pts',(58.3842365508754,43.8504585962979,5.92160955824244));
#8584=CARTESIAN_POINT('Ctrl Pts',(55.7276136183031,44.0070357789776,4.12022804912348));
#8585=CARTESIAN_POINT('Ctrl Pts',(52.7562181186944,44.1636129616571,5.33451190143106));
#8586=CARTESIAN_POINT('Ctrl Pts',(52.1215781638849,44.3201901443367,8.481037066367));
#8587=CARTESIAN_POINT('Ctrl Pts',(54.3898708633703,44.4767673270163,10.7521932306357));
#8588=CARTESIAN_POINT('Ctrl Pts',(57.537190197214,44.6333445096959,10.1214849916175));
#8589=CARTESIAN_POINT('Ctrl Pts',(58.7552224810731,44.7899216923756,7.15167515227522));
#8590=CARTESIAN_POINT('Ctrl Pts',(56.957151110899,44.9464988750551,4.49266919879704));
#8591=CARTESIAN_POINT('Ctrl Pts',(53.7473568707653,45.1030760577347,4.51704641924337));
#8592=CARTESIAN_POINT('Ctrl Pts',(51.9898748406611,45.2596532404142,7.20305275584013));
#8593=CARTESIAN_POINT('Ctrl Pts',(53.2528792576304,45.416230423094,10.1540240729945));
#8594=CARTESIAN_POINT('Ctrl Pts',(56.4093986093584,45.5728076057734,10.7368513846413));
#8595=CARTESIAN_POINT('Ctrl Pts',(58.6429697131792,45.7293847884531,8.43152090724926));
#8596=CARTESIAN_POINT('Ctrl Pts',(57.9605416572664,45.8859619711326,5.2949673149169));
#8597=CARTESIAN_POINT('Ctrl Pts',(54.9711981514213,46.0425391538123,4.12601643856401));
#8598=CARTESIAN_POINT('Ctrl Pts',(52.3419216744053,46.1991163364918,5.96740515150083));
#8599=CARTESIAN_POINT('Ctrl Pts',(52.4195011791313,46.3556935191715,9.17671981929493));
#8600=CARTESIAN_POINT('Ctrl Pts',(55.1331627121224,46.512270701851,10.8890491761372));
#8601=CARTESIAN_POINT('Ctrl Pts',(58.0648151658668,46.6688478845307,9.57930219800309));
#8602=CARTESIAN_POINT('Ctrl Pts',(58.5916587232827,46.8254250672102,6.41058423807379));
#8603=CARTESIAN_POINT('Ctrl Pts',(57.0359282975175,46.9298098556633,4.95443953625722));
#8604=CARTESIAN_POINT('Ctrl Pts',(56.1209328543465,46.9820022498898,4.70982243015772));
#8605=CARTESIAN_POINT('Ctrl Pts',(57.3723015569304,42.8039932503306,5.16393734230354));
#8606=CARTESIAN_POINT('Ctrl Pts',(56.6062260534007,42.8561856445571,4.5089532857394));
#8607=CARTESIAN_POINT('Ctrl Pts',(54.3914310173859,42.9605704330102,4.02235130846381));
#8608=CARTESIAN_POINT('Ctrl Pts',(51.9300905780353,43.1171476156897,6.39445641336555));
#8609=CARTESIAN_POINT('Ctrl Pts',(52.548633576347,43.2737247983694,9.75497248320443));
#8610=CARTESIAN_POINT('Ctrl Pts',(55.6860878644429,43.4303019810489,11.1026365207093));
#8611=CARTESIAN_POINT('Ctrl Pts',(58.5473711609841,43.5868791637286,9.23612976986194));
#8612=CARTESIAN_POINT('Ctrl Pts',(58.5773389251944,43.743456346408,5.82032441938651));
#8613=CARTESIAN_POINT('Ctrl Pts',(55.7502407949177,43.9000335290878,3.90334845945444));
#8614=CARTESIAN_POINT('Ctrl Pts',(52.5881711770352,44.0566107117673,5.19555277132495));
#8615=CARTESIAN_POINT('Ctrl Pts',(51.912806447008,44.2131878944469,8.54399010565375));
#8616=CARTESIAN_POINT('Ctrl Pts',(54.3266552363906,44.3697650771265,10.9608861080359));
#8617=CARTESIAN_POINT('Ctrl Pts',(57.6759377013575,44.5263422598061,10.2897053915643));
#8618=CARTESIAN_POINT('Ctrl Pts',(58.9721309812147,44.6829194424857,7.12932318559104));
#8619=CARTESIAN_POINT('Ctrl Pts',(57.0586775714749,44.8394966251653,4.2996891162223));
#8620=CARTESIAN_POINT('Ctrl Pts',(53.6429111924394,44.9960738078449,4.32563062018968));
#8621=CARTESIAN_POINT('Ctrl Pts',(51.7726517362012,45.1526509905245,7.18399768425459));
#8622=CARTESIAN_POINT('Ctrl Pts',(53.1167030059417,45.3092281732041,10.3243325021693));
#8623=CARTESIAN_POINT('Ctrl Pts',(56.4757758529159,45.4658053558837,10.9445597774926));
#8624=CARTESIAN_POINT('Ctrl Pts',(58.852674965707,45.6223825385633,8.49129650012023));
#8625=CARTESIAN_POINT('Ctrl Pts',(58.1264555774511,45.7789597212428,5.15347061309842));
#8626=CARTESIAN_POINT('Ctrl Pts',(54.945286231771,45.9355369039225,3.9095082892007));
#8627=CARTESIAN_POINT('Ctrl Pts',(52.147289376058,46.092114086602,5.86905871076386));
#8628=CARTESIAN_POINT('Ctrl Pts',(52.2298471489618,46.2486912692817,9.2843147433561));
#8629=CARTESIAN_POINT('Ctrl Pts',(55.1176440402936,46.4052684519612,11.106524084318));
#8630=CARTESIAN_POINT('Ctrl Pts',(58.2374203054851,46.5618456346408,9.71273078846874));
#8631=CARTESIAN_POINT('Ctrl Pts',(58.7980713553036,46.7184228173204,6.34067654996358));
#8632=CARTESIAN_POINT('Ctrl Pts',(57.142509881385,46.8228076057735,4.79109120480809));
#8633=CARTESIAN_POINT('Ctrl Pts',(56.1687992825324,46.875,4.53077704625417));
#8634=CARTESIAN_POINT('Ctrl Pts',(52.4010573448942,43.125,6.70411761519586));
#8635=CARTESIAN_POINT('Ctrl Pts',(52.4182503794574,43.125,6.65668308520444));
#8636=CARTESIAN_POINT('Ctrl Pts',(52.4366861275789,43.125,6.60974638725016));
#8637=CARTESIAN_POINT('Ctrl Pts',(52.4563772628815,43.125,6.56335480179605));
#8638=CARTESIAN_POINT('Ctrl Pts',(52.4958727318843,43.125,6.47030493965568));
#8639=CARTESIAN_POINT('Ctrl Pts',(52.5404161978811,43.125,6.37944595727222));
#8640=CARTESIAN_POINT('Ctrl Pts',(52.5896722963006,43.125,6.29103140456658));
#8641=CARTESIAN_POINT('Ctrl Pts',(52.6158548652962,43.125,6.24403376974161));
#8642=CARTESIAN_POINT('Ctrl Pts',(52.6433697347384,43.125,6.1977273625236));
#8643=CARTESIAN_POINT('Ctrl Pts',(52.6721707064023,43.125,6.15215442454023));
#8644=CARTESIAN_POINT('Ctrl Pts',(52.6879593899394,43.125,6.12717135438299));
#8645=CARTESIAN_POINT('Ctrl Pts',(52.7041346218326,43.125,6.10240876286136));
#8646=CARTESIAN_POINT('Ctrl Pts',(52.720689084942,43.125,6.07787402893051));
#8647=CARTESIAN_POINT('Ctrl Pts',(52.7313987753288,43.125,6.06200160815877));
#8648=CARTESIAN_POINT('Ctrl Pts',(52.7422672300753,43.125,6.04622466257233));
#8649=CARTESIAN_POINT('Ctrl Pts',(52.7532839225392,43.125,6.03055697911268));
#8650=CARTESIAN_POINT('Ctrl Pts',(52.8113251627535,43.125,5.94801207897442));
#8651=CARTESIAN_POINT('Ctrl Pts',(52.8735345693414,43.125,5.86841204144119));
#8652=CARTESIAN_POINT('Ctrl Pts',(52.9395837152898,43.125,5.79201594802013));
#8653=CARTESIAN_POINT('Ctrl Pts',(52.9936181672806,43.125,5.72951671380651));
#8654=CARTESIAN_POINT('Ctrl Pts',(53.0502234434261,43.125,5.6691623270932));
#8655=CARTESIAN_POINT('Ctrl Pts',(53.1092342445485,43.125,5.61111613950405));
#8656=CARTESIAN_POINT('Ctrl Pts',(53.132759051631,43.125,5.58797587807836));
#8657=CARTESIAN_POINT('Ctrl Pts',(53.1566662704028,43.125,5.56520267924072));
#8658=CARTESIAN_POINT('Ctrl Pts',(53.1809458246503,43.125,5.54280786960975));
#8659=CARTESIAN_POINT('Ctrl Pts',(53.195072875017,43.125,5.5297774572561));
#8660=CARTESIAN_POINT('Ctrl Pts',(53.2093276284306,43.125,5.51687382956312));
#8661=CARTESIAN_POINT('Ctrl Pts',(53.2236913153561,43.125,5.50411384687286));
#8662=CARTESIAN_POINT('Ctrl Pts',(53.2976091664973,43.125,5.43844891655579));
#8663=CARTESIAN_POINT('Ctrl Pts',(53.3745030423615,43.125,5.37649665218069));
#8664=CARTESIAN_POINT('Ctrl Pts',(53.4540648805819,43.125,5.31849489638893));
#8665=CARTESIAN_POINT('Ctrl Pts',(53.5330245143097,43.125,5.26093215657139));
#8666=CARTESIAN_POINT('Ctrl Pts',(53.6146127152726,43.125,5.20725991016137));
#8667=CARTESIAN_POINT('Ctrl Pts',(53.6985506468099,43.125,5.15775651106298));
#8668=CARTESIAN_POINT('Ctrl Pts',(53.7798823768177,43.125,5.10979015048912));
#8669=CARTESIAN_POINT('Ctrl Pts',(53.8634209349437,43.125,5.06573759700129));
#8670=CARTESIAN_POINT('Ctrl Pts',(53.9489220141382,43.125,5.02589950404165));
#8671=CARTESIAN_POINT('Ctrl Pts',(54.0018673551687,43.125,5.00123032515386));
#8672=CARTESIAN_POINT('Ctrl Pts',(54.05556537126,43.125,4.97817813954634));
#8673=CARTESIAN_POINT('Ctrl Pts',(54.1099581205706,43.125,4.95682437727372));
#8674=CARTESIAN_POINT('Ctrl Pts',(54.1239541239476,43.125,4.95132976020311));
#8675=CARTESIAN_POINT('Ctrl Pts',(54.1379980337326,43.125,4.94594692557474));
#8676=CARTESIAN_POINT('Ctrl Pts',(54.1520827765806,43.125,4.94067961519274));
#8677=CARTESIAN_POINT('Ctrl Pts',(54.2394453762853,43.125,4.9080083812633));
#8678=CARTESIAN_POINT('Ctrl Pts',(54.328111996845,43.125,4.87987573073175));
#8679=CARTESIAN_POINT('Ctrl Pts',(54.4178322508158,43.125,4.85652206728879));
#8680=CARTESIAN_POINT('Ctrl Pts',(54.482291615069,43.125,4.83974366740812));
#8681=CARTESIAN_POINT('Ctrl Pts',(54.5472951925008,43.125,4.82543298079455));
#8682=CARTESIAN_POINT('Ctrl Pts',(54.6127521391211,43.125,4.81369572918052));
#8683=CARTESIAN_POINT('Ctrl Pts',(54.705632017095,43.125,4.79704120198442));
#8684=CARTESIAN_POINT('Ctrl Pts',(54.7994255657853,43.125,4.78556620020691));
#8685=CARTESIAN_POINT('Ctrl Pts',(54.893754248057,43.125,4.7791626519097));
#8686=CARTESIAN_POINT('Ctrl Pts',(54.9905829306659,43.125,4.77258938987838));
#8687=CARTESIAN_POINT('Ctrl Pts',(55.0879766103014,43.125,4.77136016525795));
#8688=CARTESIAN_POINT('Ctrl Pts',(55.1855056837596,43.125,4.7754108104856));
#8689=CARTESIAN_POINT('Ctrl Pts',(55.1997843610059,43.125,4.77600384242771));
#8690=CARTESIAN_POINT('Ctrl Pts',(55.2140662134884,43.125,4.77671022356725));
#8691=CARTESIAN_POINT('Ctrl Pts',(55.2283348197947,43.125,4.777528756247));
#8692=CARTESIAN_POINT('Ctrl Pts',(55.3207511088054,43.125,4.78283030785425));
#8693=CARTESIAN_POINT('Ctrl Pts',(55.4127674053443,43.125,4.79283786672189));
#8694=CARTESIAN_POINT('Ctrl Pts',(55.5040326038599,43.125,4.80741059116648));
#8695=CARTESIAN_POINT('Ctrl Pts',(55.5953323624415,43.125,4.82198883397215));
#8696=CARTESIAN_POINT('Ctrl Pts',(55.6858813717817,43.125,4.84113612460719));
#8697=CARTESIAN_POINT('Ctrl Pts',(55.7753112668127,43.125,4.86476067107441));
#8698=CARTESIAN_POINT('Ctrl Pts',(55.8634640635093,43.125,4.88804784860104));
#8699=CARTESIAN_POINT('Ctrl Pts',(55.9505302593523,43.125,4.91568580875857));
#8700=CARTESIAN_POINT('Ctrl Pts',(56.0361281736772,43.125,4.94762750521197));
#8701=CARTESIAN_POINT('Ctrl Pts',(56.0836647235031,43.125,4.96536623234047));
#8702=CARTESIAN_POINT('Ctrl Pts',(56.1307478579369,43.125,4.98443296411476));
#8703=CARTESIAN_POINT('Ctrl Pts',(56.1773069518992,43.125,5.00482439084485));
#8704=CARTESIAN_POINT('Ctrl Pts',(56.1947967875592,43.125,5.0124843917605));
#8705=CARTESIAN_POINT('Ctrl Pts',(56.2122172104947,43.1250000000001,5.02033359508145));
#8706=CARTESIAN_POINT('Ctrl Pts',(56.229536657976,43.1250000000001,5.02835876422459));
#8707=CARTESIAN_POINT('Ctrl Pts',(56.3105917947392,43.125,5.06591661259986));
#8708=CARTESIAN_POINT('Ctrl Pts',(56.3895422040385,43.125,5.10736841090189));
#8709=CARTESIAN_POINT('Ctrl Pts',(56.4660557787171,43.125,5.15262579959195));
#8710=CARTESIAN_POINT('Ctrl Pts',(56.5414236268626,43.125,5.19720549688858));
#8711=CARTESIAN_POINT('Ctrl Pts',(56.6144277423164,43.125,5.24547814915118));
#8712=CARTESIAN_POINT('Ctrl Pts',(56.6847171956222,43.125,5.29739604965232));
#8713=CARTESIAN_POINT('Ctrl Pts',(56.7527997406366,43.125,5.34768386143186));
#8714=CARTESIAN_POINT('Ctrl Pts',(56.8183358424215,43.125,5.40139209060918));
#8715=CARTESIAN_POINT('Ctrl Pts',(56.8809671434642,43.125,5.45850501112369));
#8716=CARTESIAN_POINT('Ctrl Pts',(56.9258485268272,43.125,5.49943194123563));
#8717=CARTESIAN_POINT('Ctrl Pts',(56.9692374753925,43.125,5.54210779382074));
#8718=CARTESIAN_POINT('Ctrl Pts',(57.0109872033747,43.125,5.58653400333469));
#8719=CARTESIAN_POINT('Ctrl Pts',(55.3729934976134,44.737583302492,10.0161250334684));
#8720=CARTESIAN_POINT('Ctrl Pts',(55.1258509785951,44.7219794772599,10.018052472178));
#8721=CARTESIAN_POINT('Ctrl Pts',(54.87922049068,44.7063756520279,9.98448375640202));
#8722=CARTESIAN_POINT('Ctrl Pts',(54.644004209314,44.6907718267959,9.91323418047647));
#8723=CARTESIAN_POINT('Ctrl Pts',(53.8572419440993,44.6385794325694,9.67491531315468));
#8724=CARTESIAN_POINT('Ctrl Pts',(53.1981817708691,44.5863870383429,9.01502315047405));
#8725=CARTESIAN_POINT('Ctrl Pts',(52.9608500849829,44.5341946441163,8.22796026477537));
#8726=CARTESIAN_POINT('Ctrl Pts',(52.7235183990968,44.4820022498898,7.4408973790767));
#8727=CARTESIAN_POINT('Ctrl Pts',(52.9079152005547,44.4298098556633,6.52666377036006));
#8728=CARTESIAN_POINT('Ctrl Pts',(53.4317881451273,44.3776174614368,5.89313981047141));
#8729=CARTESIAN_POINT('Ctrl Pts',(53.9556610896999,44.3254250672102,5.25961585058269));
#8730=CARTESIAN_POINT('Ctrl Pts',(54.8190101773873,44.2732326729837,4.90680153952203));
#8731=CARTESIAN_POINT('Ctrl Pts',(55.6366301440915,44.2210402787572,4.99209315190733));
#8732=CARTESIAN_POINT('Ctrl Pts',(56.4542501107955,44.1688478845306,5.07738476429261));
#8733=CARTESIAN_POINT('Ctrl Pts',(57.2261409565164,44.1166554903041,5.60078230012343));
#8734=CARTESIAN_POINT('Ctrl Pts',(57.6079952863559,44.0644630960776,6.32879471533674));
#8735=CARTESIAN_POINT('Ctrl Pts',(57.9898496161956,44.012270701851,7.05680713055023));
#8736=CARTESIAN_POINT('Ctrl Pts',(57.9816674301537,43.9600783076245,7.9894344251462));
#8737=CARTESIAN_POINT('Ctrl Pts',(57.5869640764612,43.907885913398,8.71055696270279));
#8738=CARTESIAN_POINT('Ctrl Pts',(57.1922607227688,43.8556935191715,9.43167950025929));
#8739=CARTESIAN_POINT('Ctrl Pts',(56.4110362014259,43.8035011249449,9.94129728077637));
#8740=CARTESIAN_POINT('Ctrl Pts',(55.5921097945433,43.7513087307184,10.0121278502054));
#8741=CARTESIAN_POINT('Ctrl Pts',(55.5203233731244,43.7467335879762,10.018336800196));
#8742=CARTESIAN_POINT('Ctrl Pts',(55.4482472454133,43.7421584452341,10.0211740510215));
#8743=CARTESIAN_POINT('Ctrl Pts',(55.3761384343543,43.7375833024919,10.0207500704438));
#8744=CARTESIAN_POINT('Ctrl Pts',(52.4057770462543,43.125,8.29379928253273));
#8745=CARTESIAN_POINT('Ctrl Pts',(52.6660912048084,43.1771923942265,9.26750988138529));
#8746=CARTESIAN_POINT('Ctrl Pts',(54.2156750656619,43.2815771826796,10.9230715477369));
#8747=CARTESIAN_POINT('Ctrl Pts',(57.5877309319505,43.4381543653592,10.3624201405089));
#8748=CARTESIAN_POINT('Ctrl Pts',(58.9815236550205,43.5947315480388,7.24264405113912));
#8749=CARTESIAN_POINT('Ctrl Pts',(57.1593147594321,43.7513087307184,4.35484733297116));
#8750=CARTESIAN_POINT('Ctrl Pts',(53.7440587365635,43.907885913398,4.27228953143259));
#8751=CARTESIAN_POINT('Ctrl Pts',(51.7845085094042,44.0644630960776,7.07028626464819));
#8752=CARTESIAN_POINT('Ctrl Pts',(53.0284707208034,44.2210402787572,10.251455426065));
#8753=CARTESIAN_POINT('Ctrl Pts',(56.3662964560577,44.3776174614367,10.9776747860846));
#8754=CARTESIAN_POINT('Ctrl Pts',(58.8195595917234,44.5341946441164,8.6007757927994));
#8755=CARTESIAN_POINT('Ctrl Pts',(58.1993323553977,44.6907718267959,5.24170312611301));
#8756=CARTESIAN_POINT('Ctrl Pts',(55.0589976998408,44.8473490094756,3.89765192556376));
#8757=CARTESIAN_POINT('Ctrl Pts',(52.2006307880769,45.0039261921551,5.76791128392233));
#8758=CARTESIAN_POINT('Ctrl Pts',(52.1746892846559,45.1605033748348,9.18367748286289));
#8759=CARTESIAN_POINT('Ctrl Pts',(55.0043232052994,45.3170805575143,11.097130791039));
#8760=CARTESIAN_POINT('Ctrl Pts',(58.1647052443399,45.4736577401939,9.80093758124884));
#8761=CARTESIAN_POINT('Ctrl Pts',(58.8358859258643,45.6302349228735,6.45165528927399));
#8762=CARTESIAN_POINT('Ctrl Pts',(56.4189900499673,45.7868121055531,4.03780663415289));
#8763=CARTESIAN_POINT('Ctrl Pts',(53.0705528943922,45.9433892882327,4.71317131509358));
#8764=CARTESIAN_POINT('Ctrl Pts',(51.7783486452208,46.0999664709123,7.87524079191063));
#8765=CARTESIAN_POINT('Ctrl Pts',(53.695324517026,46.2565436535918,10.7023387251017));
#8766=CARTESIAN_POINT('Ctrl Pts',(57.1111296564324,46.4131208362715,10.6723710517113));
#8767=CARTESIAN_POINT('Ctrl Pts',(58.9776363781732,46.569698018951,7.81108774696268));
#8768=CARTESIAN_POINT('Ctrl Pts',(57.6299722310935,46.7262752016307,4.67363392398764));
#8769=CARTESIAN_POINT('Ctrl Pts',(54.2694566305955,46.8828523843103,4.05509055324156));
#8770=CARTESIAN_POINT('Ctrl Pts',(51.8973503091087,47.0394295669898,6.51643213160071));
#8771=CARTESIAN_POINT('Ctrl Pts',(52.3839532857397,47.1438143554429,8.73122605340123));
#8772=CARTESIAN_POINT('Ctrl Pts',(53.0389373423041,47.1960067496694,9.49730155693086));
#8773=CARTESIAN_POINT('Ctrl Pts',(52.5848224301579,43.0179977501102,8.24593285434682));
#8774=CARTESIAN_POINT('Ctrl Pts',(52.8294395362575,43.0701901443367,9.1609282975178));
#8775=CARTESIAN_POINT('Ctrl Pts',(54.2855828432761,43.1745749327898,10.7166589041122));
#8776=CARTESIAN_POINT('Ctrl Pts',(57.4543023328328,43.3311521154694,10.1898150108388));
#8777=CARTESIAN_POINT('Ctrl Pts',(58.7640487727266,43.487729298149,7.25816272231385));
#8778=CARTESIAN_POINT('Ctrl Pts',(57.0517198344016,43.6443064808286,4.54450135204475));
#8779=CARTESIAN_POINT('Ctrl Pts',(53.8424051757448,43.8008836635082,4.46692182041079));
#8780=CARTESIAN_POINT('Ctrl Pts',(52.0010166454891,43.9574608461878,7.09619818231596));
#8781=CARTESIAN_POINT('Ctrl Pts',(53.1699674161273,44.1140380288673,10.0855415150089));
#8782=CARTESIAN_POINT('Ctrl Pts',(56.3065208658437,44.2706152115469,10.767969544388));
#8783=CARTESIAN_POINT('Ctrl Pts',(58.611851210074,44.4271923942265,8.53439855286703));
#8784=CARTESIAN_POINT('Ctrl Pts',(58.0290239350733,44.5837695769061,5.37787937055541));
#8785=CARTESIAN_POINT('Ctrl Pts',(55.0780527704865,44.7403467595857,4.11487501860497));
#8786=CARTESIAN_POINT('Ctrl Pts',(52.3920465770069,44.8969239422653,5.87235695673175));
#8787=CARTESIAN_POINT('Ctrl Pts',(52.367669357074,45.0535011249449,9.08215102763033));
#8788=CARTESIAN_POINT('Ctrl Pts',(55.0266751707951,45.2100783076245,10.8802223023651));
#8789=CARTESIAN_POINT('Ctrl Pts',(57.9964848532708,45.3666554903041,9.66219008434798));
#8790=CARTESIAN_POINT('Ctrl Pts',(58.6271930594492,45.5232326729837,6.51487091306485));
#8791=CARTESIAN_POINT('Ctrl Pts',(56.3560370140385,45.6798098556633,4.24657833974489));
#8792=CARTESIAN_POINT('Ctrl Pts',(53.2095120170773,45.8363870383429,4.88121824842777));
#8793=CARTESIAN_POINT('Ctrl Pts',(51.9952282236881,45.9929642210225,7.85261361547743));
#8794=CARTESIAN_POINT('Ctrl Pts',(53.7966096499942,46.1495414037021,10.5092363628484));
#8795=CARTESIAN_POINT('Ctrl Pts',(57.0064403132323,46.3061185863817,10.4810757526764));
#8796=CARTESIAN_POINT('Ctrl Pts',(58.7603959002963,46.4626957690613,7.79232902592681));
#8797=CARTESIAN_POINT('Ctrl Pts',(57.4939964639998,46.6192729517409,4.84406497851428));
#8798=CARTESIAN_POINT('Ctrl Pts',(54.3361213573878,46.7758501344205,4.26282003129565));
#8799=CARTESIAN_POINT('Ctrl Pts',(52.1070540375547,46.9324273171,6.57574168475184));
#8800=CARTESIAN_POINT('Ctrl Pts',(52.5643146515147,47.0368121055531,8.65698260828533));
#8801=CARTESIAN_POINT('Ctrl Pts',(53.1798028959811,47.0890044997796,9.37686343907895));
#8802=CARTESIAN_POINT('Ctrl Pts',(52.7638678140614,42.9109955002204,8.19806642616091));
#8803=CARTESIAN_POINT('Ctrl Pts',(52.9927878677066,42.9631878944469,9.05434671365031));
#8804=CARTESIAN_POINT('Ctrl Pts',(54.3554906208903,43.0675726829,10.5102462604874));
#8805=CARTESIAN_POINT('Ctrl Pts',(57.3208737337151,43.2241498655795,10.0172098811687));
#8806=CARTESIAN_POINT('Ctrl Pts',(58.5465738904326,43.3807270482592,7.27368139348859));
#8807=CARTESIAN_POINT('Ctrl Pts',(56.944124909371,43.5373042309387,4.73415537111834));
#8808=CARTESIAN_POINT('Ctrl Pts',(53.9407516149261,43.6938814136184,4.66155410938899));
#8809=CARTESIAN_POINT('Ctrl Pts',(52.2175247815741,43.8504585962979,7.12211009998372));
#8810=CARTESIAN_POINT('Ctrl Pts',(53.3114641114511,44.0070357789776,9.9196276039529));
#8811=CARTESIAN_POINT('Ctrl Pts',(56.2467452756297,44.1636129616571,10.5582643026915));
#8812=CARTESIAN_POINT('Ctrl Pts',(58.4041428284246,44.3201901443367,8.46802131293465));
#8813=CARTESIAN_POINT('Ctrl Pts',(57.8587155147489,44.4767673270163,5.51405561499782));
#8814=CARTESIAN_POINT('Ctrl Pts',(55.0971078411322,44.6333445096959,4.33209811164619));
#8815=CARTESIAN_POINT('Ctrl Pts',(52.5834623659369,44.7899216923755,5.97680262954116));
#8816=CARTESIAN_POINT('Ctrl Pts',(52.5606494294922,44.9464988750551,8.98062457239778));
#8817=CARTESIAN_POINT('Ctrl Pts',(55.0490271362909,45.1030760577347,10.6633138136912));
#8818=CARTESIAN_POINT('Ctrl Pts',(57.8282644622017,45.2596532404143,9.52344258744712));
#8819=CARTESIAN_POINT('Ctrl Pts',(58.4185001930341,45.4162304230939,6.57808653685572));
#8820=CARTESIAN_POINT('Ctrl Pts',(56.2930839781096,45.5728076057735,4.45535004533689));
#8821=CARTESIAN_POINT('Ctrl Pts',(53.3484711397624,45.7293847884531,5.04926518176197));
#8822=CARTESIAN_POINT('Ctrl Pts',(52.2121078021553,45.8859619711327,7.82998643904423));
#8823=CARTESIAN_POINT('Ctrl Pts',(53.8978947829624,46.0425391538122,10.3161340005951));
#8824=CARTESIAN_POINT('Ctrl Pts',(56.9017509700323,46.1991163364919,10.2897804536414));
#8825=CARTESIAN_POINT('Ctrl Pts',(58.5431554224193,46.3556935191714,7.77357030489095));
#8826=CARTESIAN_POINT('Ctrl Pts',(57.358020696906,46.512270701851,5.01449603304092));
#8827=CARTESIAN_POINT('Ctrl Pts',(54.4027860841802,46.6688478845306,4.47054950934973));
#8828=CARTESIAN_POINT('Ctrl Pts',(52.3167577660006,46.8254250672102,6.63505123790298));
#8829=CARTESIAN_POINT('Ctrl Pts',(52.7446760172898,46.9298098556633,8.58273916316944));
#8830=CARTESIAN_POINT('Ctrl Pts',(53.3206684496581,46.9820022498898,9.25642532122703));
#8831=CARTESIAN_POINT('Ctrl Pts',(52.942913197965,42.8039932503306,8.150199997975));
#8832=CARTESIAN_POINT('Ctrl Pts',(53.1561361991557,42.8561856445571,8.94776512978281));
#8833=CARTESIAN_POINT('Ctrl Pts',(54.4253983985045,42.9605704330102,10.3038336168627));
#8834=CARTESIAN_POINT('Ctrl Pts',(57.1874451345975,43.1171476156897,9.84460475149866));
#8835=CARTESIAN_POINT('Ctrl Pts',(58.3290990081386,43.2737247983693,7.28920006466333));
#8836=CARTESIAN_POINT('Ctrl Pts',(56.8365299843404,43.4303019810489,4.92380939019194));
#8837=CARTESIAN_POINT('Ctrl Pts',(54.0390980541073,43.5868791637285,4.85618639836719));
#8838=CARTESIAN_POINT('Ctrl Pts',(52.434032917659,43.7434563464081,7.14802201765148));
#8839=CARTESIAN_POINT('Ctrl Pts',(53.452960806775,43.9000335290877,9.75371369289687));
#8840=CARTESIAN_POINT('Ctrl Pts',(56.1869696854157,44.0566107117673,10.3485590609949));
#8841=CARTESIAN_POINT('Ctrl Pts',(58.1964344467752,44.2131878944469,8.40164407300227));
#8842=CARTESIAN_POINT('Ctrl Pts',(57.6884070944245,44.3697650771265,5.65023185944022));
#8843=CARTESIAN_POINT('Ctrl Pts',(55.1161629117779,44.5263422598061,4.54932120468741));
#8844=CARTESIAN_POINT('Ctrl Pts',(52.7748781548669,44.6829194424857,6.08124830235057));
#8845=CARTESIAN_POINT('Ctrl Pts',(52.7536295019103,44.8394966251653,8.87909811716523));
#8846=CARTESIAN_POINT('Ctrl Pts',(55.0713791017866,44.9960738078449,10.4464053250173));
#8847=CARTESIAN_POINT('Ctrl Pts',(57.6600440711325,45.1526509905244,9.38469509054627));
#8848=CARTESIAN_POINT('Ctrl Pts',(58.209807326619,45.3092281732041,6.64130216064658));
#8849=CARTESIAN_POINT('Ctrl Pts',(56.2301309421808,45.4658053558836,4.66412175092888));
#8850=CARTESIAN_POINT('Ctrl Pts',(53.4874302624475,45.6223825385633,5.21731211509617));
#8851=CARTESIAN_POINT('Ctrl Pts',(52.4289873806226,45.7789597212428,7.80735926261103));
#8852=CARTESIAN_POINT('Ctrl Pts',(53.9991799159307,45.9355369039224,10.1230316383418));
#8853=CARTESIAN_POINT('Ctrl Pts',(56.7970616268322,46.092114086602,10.0984851546065));
#8854=CARTESIAN_POINT('Ctrl Pts',(58.3259149445424,46.2486912692816,7.75481158385507));
#8855=CARTESIAN_POINT('Ctrl Pts',(57.2220449298123,46.4052684519612,5.18492708756756));
#8856=CARTESIAN_POINT('Ctrl Pts',(54.4694508109725,46.5618456346408,4.67827898740382));
#8857=CARTESIAN_POINT('Ctrl Pts',(52.5264614944465,46.7184228173204,6.69436079105411));
#8858=CARTESIAN_POINT('Ctrl Pts',(52.9250373830648,46.8228076057735,8.50849571805355));
#8859=CARTESIAN_POINT('Ctrl Pts',(53.4615340033352,46.875,9.13598720337512));
#8860=CARTESIAN_POINT('Ctrl Pts',(57.0132064367317,43.125,9.41706187570593));
#8861=CARTESIAN_POINT('Ctrl Pts',(56.9848151248202,43.125,9.44752022455599));
#8862=CARTESIAN_POINT('Ctrl Pts',(56.955644768167,43.125,9.47718610189073));
#8863=CARTESIAN_POINT('Ctrl Pts',(56.9257123236813,43.125,9.5060213584653));
#8864=CARTESIAN_POINT('Ctrl Pts',(56.8643249600965,43.125,9.56515853920093));
#8865=CARTESIAN_POINT('Ctrl Pts',(56.7997352101287,43.125,9.62080415161993));
#8866=CARTESIAN_POINT('Ctrl Pts',(56.732320203008,43.125,9.67295339097478));
#8867=CARTESIAN_POINT('Ctrl Pts',(56.6932378120559,43.125,9.70318578354377));
#8868=CARTESIAN_POINT('Ctrl Pts',(56.6532050192679,43.125,9.73224259294361));
#8869=CARTESIAN_POINT('Ctrl Pts',(56.6122889723484,43.125,9.76011828916201));
#8870=CARTESIAN_POINT('Ctrl Pts',(56.5923187115561,43.125,9.77372382941234));
#8871=CARTESIAN_POINT('Ctrl Pts',(56.5721379770172,43.125,9.78704794980137));
#8872=CARTESIAN_POINT('Ctrl Pts',(56.5517542347818,43.125,9.80008968798411));
#8873=CARTESIAN_POINT('Ctrl Pts',(56.5368431193635,43.125,9.80962998049036));
#8874=CARTESIAN_POINT('Ctrl Pts',(56.5218305023748,43.125,9.81901456399683));
#8875=CARTESIAN_POINT('Ctrl Pts',(56.5067227280292,43.125,9.82824156729748));
#8876=CARTESIAN_POINT('Ctrl Pts',(56.4304472090977,43.125,9.87482648767311));
#8877=CARTESIAN_POINT('Ctrl Pts',(56.3517250391007,43.125,9.91741316951101));
#8878=CARTESIAN_POINT('Ctrl Pts',(56.2709610674684,43.125,9.95598711914734));
#8879=CARTESIAN_POINT('Ctrl Pts',(56.2017821651537,43.125,9.98902788521976));
#8880=CARTESIAN_POINT('Ctrl Pts',(56.1311041367355,43.125,10.0191241547365));
#8881=CARTESIAN_POINT('Ctrl Pts',(56.0591597090784,43.125,10.0462454077369));
#8882=CARTESIAN_POINT('Ctrl Pts',(56.0404479862484,43.125,10.0532992600709));
#8883=CARTESIAN_POINT('Ctrl Pts',(56.0216505111572,43.125,10.0601517571356));
#8884=CARTESIAN_POINT('Ctrl Pts',(56.0027712079292,43.125,10.0668021212797));
#8885=CARTESIAN_POINT('Ctrl Pts',(55.9880181020173,43.125,10.0719990040982));
#8886=CARTESIAN_POINT('Ctrl Pts',(55.9732158269784,43.125,10.0770720904522));
#8887=CARTESIAN_POINT('Ctrl Pts',(55.9583788584443,43.125,10.0820170392389));
#8888=CARTESIAN_POINT('Ctrl Pts',(55.8711065656282,43.125,10.1111036425758));
#8889=CARTESIAN_POINT('Ctrl Pts',(55.7825244572798,43.125,10.1358000238275));
#8890=CARTESIAN_POINT('Ctrl Pts',(55.6930443628445,43.125,10.1560959476904));
#8891=CARTESIAN_POINT('Ctrl Pts',(55.6020526326602,43.125,10.176734741599));
#8892=CARTESIAN_POINT('Ctrl Pts',(55.510131503503,43.125,10.1928236039383));
#8893=CARTESIAN_POINT('Ctrl Pts',(55.4176803409671,43.125,10.2043100347936));
#8894=CARTESIAN_POINT('Ctrl Pts',(55.3392456673532,43.125,10.2140550118215));
#8895=CARTESIAN_POINT('Ctrl Pts',(55.2604286077071,43.125,10.2204867283715));
#8896=CARTESIAN_POINT('Ctrl Pts',(55.1814614214307,43.125,10.2235464916837));
#8897=CARTESIAN_POINT('Ctrl Pts',(55.1222360317234,43.125,10.2258413141678));
#8898=CARTESIAN_POINT('Ctrl Pts',(55.062925942815,43.125,10.2262389254272));
#8899=CARTESIAN_POINT('Ctrl Pts',(55.003627496734,43.125,10.224704652579));
#8900=CARTESIAN_POINT('Ctrl Pts',(54.9890906820583,43.125,10.224328530749));
#8901=CARTESIAN_POINT('Ctrl Pts',(54.9745545652864,43.125,10.2238362668396));
#8902=CARTESIAN_POINT('Ctrl Pts',(54.9600205652309,43.125,10.2232272672525));
#8903=CARTESIAN_POINT('Ctrl Pts',(54.9457137477285,43.125,10.222627787005));
#8904=CARTESIAN_POINT('Ctrl Pts',(54.9314176031261,43.125,10.2219155336694));
#8905=CARTESIAN_POINT('Ctrl Pts',(54.9171370902418,43.125,10.2210905864704));
#8906=CARTESIAN_POINT('Ctrl Pts',(54.8212324347191,43.125,10.2155504299235));
#8907=CARTESIAN_POINT('Ctrl Pts',(54.7259829821669,43.125,10.2049293456041));
#8908=CARTESIAN_POINT('Ctrl Pts',(54.631805097585,43.125,10.1891800353944));
#8909=CARTESIAN_POINT('Ctrl Pts',(54.5799150801093,43.125,10.180502499414));
#8910=CARTESIAN_POINT('Ctrl Pts',(54.5283499596572,43.125,10.1702673173865));
#8911=CARTESIAN_POINT('Ctrl Pts',(54.4771774383644,43.125,10.1584600963905));
#8912=CARTESIAN_POINT('Ctrl Pts',(54.3872576420425,43.125,10.1377125764271));
#8913=CARTESIAN_POINT('Ctrl Pts',(54.2985496456126,43.125,10.112114253621));
#8914=CARTESIAN_POINT('Ctrl Pts',(54.2112677658048,43.125,10.0819563426014));
#8915=CARTESIAN_POINT('Ctrl Pts',(54.1599926007601,43.125,10.0642395854883));
#8916=CARTESIAN_POINT('Ctrl Pts',(54.1092096438484,43.125,10.0449482183206));
#8917=CARTESIAN_POINT('Ctrl Pts',(54.0589635410441,43.125,10.0241331554924));
#8918=CARTESIAN_POINT('Ctrl Pts',(54.0266345955598,43.125,10.0107404942934));
#8919=CARTESIAN_POINT('Ctrl Pts',(53.9945279187934,43.125,9.9967169363695));
#8920=CARTESIAN_POINT('Ctrl Pts',(53.9626557569116,43.125,9.98207482834471));
#8921=CARTESIAN_POINT('Ctrl Pts',(53.9482935644117,43.125,9.97547682050212));
#8922=CARTESIAN_POINT('Ctrl Pts',(53.933978996216,43.125,9.96875319915632));
#8923=CARTESIAN_POINT('Ctrl Pts',(53.9197131962624,43.125,9.96190503403142));
#8924=CARTESIAN_POINT('Ctrl Pts',(53.9056580179978,43.125,9.95515797589737));
#8925=CARTESIAN_POINT('Ctrl Pts',(53.8916565916182,43.125,9.9482930535351));
#8926=CARTESIAN_POINT('Ctrl Pts',(53.8777170921672,43.125,9.94131533543172));
#8927=CARTESIAN_POINT('Ctrl Pts',(53.7919019934461,43.125,9.89835873071358));
#8928=CARTESIAN_POINT('Ctrl Pts',(53.7083487441962,43.125,9.85109106887384));
#8929=CARTESIAN_POINT('Ctrl Pts',(53.6272809539972,43.125,9.79985591195173));
#8930=CARTESIAN_POINT('Ctrl Pts',(53.5446754116612,43.125,9.74764888973204));
#8931=CARTESIAN_POINT('Ctrl Pts',(53.464649787573,43.125,9.69132210467564));
#8932=CARTESIAN_POINT('Ctrl Pts',(53.3874492733104,43.125,9.63118418989162));
#8933=CARTESIAN_POINT('Ctrl Pts',(53.3096089632834,43.125,9.57054788486329));
#8934=CARTESIAN_POINT('Ctrl Pts',(53.2346399970696,43.125,9.50603655967306));
#8935=CARTESIAN_POINT('Ctrl Pts',(53.1628138650287,43.125,9.43791743606977));
#8936=CARTESIAN_POINT('Ctrl Pts',(53.1209538646372,43.125,9.39821786629366));
#8937=CARTESIAN_POINT('Ctrl Pts',(53.0801617677637,43.125,9.35729202023675));
#8938=CARTESIAN_POINT('Ctrl Pts',(53.040496082442,43.125,9.31518616349747));
#8939=CARTESIAN_POINT('Ctrl Pts',(53.0301784549078,43.125,9.3042338115257));
#8940=CARTESIAN_POINT('Ctrl Pts',(53.0199352257808,43.125,9.29319958381601));
#8941=CARTESIAN_POINT('Ctrl Pts',(53.0097735529941,43.125,9.28209091200205));
#8942=CARTESIAN_POINT('Ctrl Pts',(52.9411147012665,43.125,9.20703352066758));
#8943=CARTESIAN_POINT('Ctrl Pts',(52.8763301079831,43.125,9.12875137557054));
#8944=CARTESIAN_POINT('Ctrl Pts',(52.8156713704696,43.125,9.04757803753742));
#8945=CARTESIAN_POINT('Ctrl Pts',(52.7548313886339,43.125,8.96616215890369));
#8946=CARTESIAN_POINT('Ctrl Pts',(52.6981411644903,43.125,8.88183722071598));
#8947=CARTESIAN_POINT('Ctrl Pts',(52.6458794566947,43.125,8.79489347602293));
#8948=CARTESIAN_POINT('Ctrl Pts',(52.5945989267454,43.125,8.70958204071596));
#8949=CARTESIAN_POINT('Ctrl Pts',(52.5475815487883,43.125,8.62174854119108));
#8950=CARTESIAN_POINT('Ctrl Pts',(52.5051250378611,43.125,8.53163202372266));
#8951=CARTESIAN_POINT('Ctrl Pts',(52.4685520883525,43.125,8.45400372193128));
#8952=CARTESIAN_POINT('Ctrl Pts',(52.4353637770174,43.125,8.3746805550006));
#8953=CARTESIAN_POINT('Ctrl Pts',(52.4057770462543,43.125,8.29379928253273));
#8954=CARTESIAN_POINT('Ctrl Pts',(55.3770702188953,44.012416697508,10.0164880392246));
#8955=CARTESIAN_POINT('Ctrl Pts',(55.610309278625,44.0271480355944,10.0183914432338));
#8956=CARTESIAN_POINT('Ctrl Pts',(55.8430708993488,44.0418793736809,9.98853609366994));
#8957=CARTESIAN_POINT('Ctrl Pts',(56.0662123325355,44.0566107117673,9.92493233497983));
#8958=CARTESIAN_POINT('Ctrl Pts',(56.8567912725355,44.1088031059938,9.69958739833074));
#8959=CARTESIAN_POINT('Ctrl Pts',(57.5266128596553,44.1609955002204,9.05061573566655));
#8960=CARTESIAN_POINT('Ctrl Pts',(57.7768524278235,44.2131878944469,8.26756120207415));
#8961=CARTESIAN_POINT('Ctrl Pts',(58.0270919959917,44.2653802886734,7.48450666848166));
#8962=CARTESIAN_POINT('Ctrl Pts',(57.8577495452081,44.3175726829,6.56736926396094));
#8963=CARTESIAN_POINT('Ctrl Pts',(57.3443709560418,44.3697650771265,5.9253154525751));
#8964=CARTESIAN_POINT('Ctrl Pts',(56.8309923668756,44.421957471353,5.28326164118927));
#8965=CARTESIAN_POINT('Ctrl Pts',(55.9735776393267,44.4741498655796,4.91629142293831));
#8966=CARTESIAN_POINT('Ctrl Pts',(55.1546561494004,44.5263422598061,4.98812749675674));
#8967=CARTESIAN_POINT('Ctrl Pts',(54.3357346594742,44.5785346540326,5.05996357057516));
#8968=CARTESIAN_POINT('Ctrl Pts',(53.5553064071705,44.6307270482592,5.57060593646287));
#8969=CARTESIAN_POINT('Ctrl Pts',(53.1615508388593,44.6829194424857,6.29223542187581));
#8970=CARTESIAN_POINT('Ctrl Pts',(52.767795270548,44.7351118367122,7.01386490728875));
#8971=CARTESIAN_POINT('Ctrl Pts',(52.7607123862292,44.7873042309387,7.94648151222694));
#8972=CARTESIAN_POINT('Ctrl Pts',(53.1434625440491,44.8394966251653,8.67400768267137));
#8973=CARTESIAN_POINT('Ctrl Pts',(53.526212701869,44.8916890193918,9.40153385311589));
#8974=CARTESIAN_POINT('Ctrl Pts',(54.2987959018278,44.9438814136183,9.9239695890666));
#8975=CARTESIAN_POINT('Ctrl Pts',(55.1165316633649,44.9960738078449,10.0082357512968));
#8976=CARTESIAN_POINT('Ctrl Pts',(55.201883597125,45.0015214377326,10.0170311106722));
#8977=CARTESIAN_POINT('Ctrl Pts',(55.2877274380427,45.0069690676203,10.0210529036755));
#8978=CARTESIAN_POINT('Ctrl Pts',(55.3736254348013,45.012416697508,10.0204806670483));
#8979=CARTESIAN_POINT('Origin',(-63.875,43.125,3.5));
#8980=CARTESIAN_POINT('',(-31.9375,43.125,3.5));
#8981=CARTESIAN_POINT('Ctrl Pts',(-58.3489421536584,43.125,6.70411750290667));
#8982=CARTESIAN_POINT('Ctrl Pts',(-58.3317491074343,43.125,6.65668296141959));
#8983=CARTESIAN_POINT('Ctrl Pts',(-58.3133133462962,43.125,6.60974625043226));
#8984=CARTESIAN_POINT('Ctrl Pts',(-58.2936221965049,43.125,6.56335465029621));
#8985=CARTESIAN_POINT('Ctrl Pts',(-58.2541266980485,43.125,6.47030475778204));
#8986=CARTESIAN_POINT('Ctrl Pts',(-58.2095831965764,43.125,6.37944573843614));
#8987=CARTESIAN_POINT('Ctrl Pts',(-58.1603270584093,43.125,6.29103114395908));
#8988=CARTESIAN_POINT('Ctrl Pts',(-58.1341444685766,43.125,6.24403348745254));
#8989=CARTESIAN_POINT('Ctrl Pts',(-58.1066295771191,43.125,6.19772705717825));
#8990=CARTESIAN_POINT('Ctrl Pts',(-58.0778285825222,43.125,6.1521540950285));
#8991=CARTESIAN_POINT('Ctrl Pts',(-58.0620398953626,43.125,6.12717102578426));
#8992=CARTESIAN_POINT('Ctrl Pts',(-58.0458646600094,43.125,6.10240843459238));
#8993=CARTESIAN_POINT('Ctrl Pts',(-58.0293101936332,43.125,6.07787370043862));
#8994=CARTESIAN_POINT('Ctrl Pts',(-58.0186004923697,43.125,6.06200126653508));
#8995=CARTESIAN_POINT('Ctrl Pts',(-58.0077320265582,43.125,6.04622430772802));
#8996=CARTESIAN_POINT('Ctrl Pts',(-57.9967153228743,43.125,6.03055661099969));
#8997=CARTESIAN_POINT('Ctrl Pts',(-57.9386740388006,43.125,5.94801166264813));
#8998=CARTESIAN_POINT('Ctrl Pts',(-57.876464586171,43.125,5.86841157392045));
#8999=CARTESIAN_POINT('Ctrl Pts',(-57.8104153937386,43.125,5.79201542808894));
#9000=CARTESIAN_POINT('Ctrl Pts',(-57.7563809020323,43.125,5.72951614904702));
#9001=CARTESIAN_POINT('Ctrl Pts',(-57.6997755857141,43.125,5.66916171682457));
#9002=CARTESIAN_POINT('Ctrl Pts',(-57.6407647449432,43.125,5.61111548403693));
#9003=CARTESIAN_POINT('Ctrl Pts',(-57.6172399495035,43.125,5.58797523159291));
#9004=CARTESIAN_POINT('Ctrl Pts',(-57.5933327433508,43.125,5.56520204093036));
#9005=CARTESIAN_POINT('Ctrl Pts',(-57.5690532027262,43.125,5.54280723869143));
#9006=CARTESIAN_POINT('Ctrl Pts',(-57.554926118779,43.125,5.52977679235387));
#9007=CARTESIAN_POINT('Ctrl Pts',(-57.5406713313458,43.125,5.51687313113013));
#9008=CARTESIAN_POINT('Ctrl Pts',(-57.5263076100763,43.125,5.50411311547223));
#9009=CARTESIAN_POINT('Ctrl Pts',(-57.4523897170084,43.125,5.43844813525923));
#9010=CARTESIAN_POINT('Ctrl Pts',(-57.375495801352,43.125,5.37649582216998));
#9011=CARTESIAN_POINT('Ctrl Pts',(-57.2959339271068,43.125,5.31849402050361));
#9012=CARTESIAN_POINT('Ctrl Pts',(-57.216974271261,43.125,5.26093124509813));
#9013=CARTESIAN_POINT('Ctrl Pts',(-57.1353860527951,43.125,5.20725896455176));
#9014=CARTESIAN_POINT('Ctrl Pts',(-57.0514481098694,43.125,5.15775553427442));
#9015=CARTESIAN_POINT('Ctrl Pts',(-56.9701163940293,43.125,5.10978915835318));
#9016=CARTESIAN_POINT('Ctrl Pts',(-56.8865778571778,43.125,5.06573658986971));
#9017=CARTESIAN_POINT('Ctrl Pts',(-56.8010768075896,43.125,5.02589848338741));
#9018=CARTESIAN_POINT('Ctrl Pts',(-56.7481314379825,43.125,5.00122927426882));
#9019=CARTESIAN_POINT('Ctrl Pts',(-56.6944333951777,43.125,4.97817706185914));
#9020=CARTESIAN_POINT('Ctrl Pts',(-56.6400406214814,43.125,4.95682327669856));
#9021=CARTESIAN_POINT('Ctrl Pts',(-56.6260445913896,43.125,4.95132864571414));
#9022=CARTESIAN_POINT('Ctrl Pts',(-56.6120006549443,43.125,4.94594579777236));
#9023=CARTESIAN_POINT('Ctrl Pts',(-56.5979158853832,43.125,4.940678474649));
#9024=CARTESIAN_POINT('Ctrl Pts',(-56.5105533129744,43.125,4.90800723386168));
#9025=CARTESIAN_POINT('Ctrl Pts',(-56.4218867282988,43.125,4.87987458030945));
#9026=CARTESIAN_POINT('Ctrl Pts',(-56.3321665200275,43.125,4.85652091890807));
#9027=CARTESIAN_POINT('Ctrl Pts',(-56.2677070943088,43.125,4.83974249594887));
#9028=CARTESIAN_POINT('Ctrl Pts',(-56.202703458887,43.125,4.82543179608583));
#9029=CARTESIAN_POINT('Ctrl Pts',(-56.1372464586379,43.125,4.81369454198426));
#9030=CARTESIAN_POINT('Ctrl Pts',(-56.0443666232014,43.125,4.79704003253102));
#9031=CARTESIAN_POINT('Ctrl Pts',(-55.9505731281629,43.125,4.78556505693727));
#9032=CARTESIAN_POINT('Ctrl Pts',(-55.8562445080156,43.125,4.77916154106581));
#9033=CARTESIAN_POINT('Ctrl Pts',(-55.7594158681758,43.125,4.77258831089391));
#9034=CARTESIAN_POINT('Ctrl Pts',(-55.6620222399973,43.125,4.77135912703123));
#9035=CARTESIAN_POINT('Ctrl Pts',(-55.5644932240904,43.125,4.77540981946581));
#9036=CARTESIAN_POINT('Ctrl Pts',(-55.5502145398736,43.125,4.77600285895868));
#9037=CARTESIAN_POINT('Ctrl Pts',(-55.5359326805294,43.125,4.77670924803267));
#9038=CARTESIAN_POINT('Ctrl Pts',(-55.5216640675039,43.125,4.77752778901139));
#9039=CARTESIAN_POINT('Ctrl Pts',(-55.4292478472299,43.125,4.78282938793041));
#9040=CARTESIAN_POINT('Ctrl Pts',(-55.3372316242295,43.125,4.79283699803712));
#9041=CARTESIAN_POINT('Ctrl Pts',(-55.2459665015705,43.125,4.8074097754853));
#9042=CARTESIAN_POINT('Ctrl Pts',(-55.1546667838113,43.125,4.82198807691329));
#9043=CARTESIAN_POINT('Ctrl Pts',(-55.0641178181939,43.125,4.84113543144722));
#9044=CARTESIAN_POINT('Ctrl Pts',(-54.974687967729,43.125,4.86476004481939));
#9045=CARTESIAN_POINT('Ctrl Pts',(-54.8865351827129,43.125,4.88804729681476));
#9046=CARTESIAN_POINT('Ctrl Pts',(-54.7994690001655,43.125,4.91568533754758));
#9047=CARTESIAN_POINT('Ctrl Pts',(-54.7138710991821,43.125,4.9476271184574));
#9048=CARTESIAN_POINT('Ctrl Pts',(-54.6663345255136,43.125,4.96536590415047));
#9049=CARTESIAN_POINT('Ctrl Pts',(-54.6192513678474,43.125,4.98443269743257));
#9050=CARTESIAN_POINT('Ctrl Pts',(-54.5726922511339,43.125,5.00482418822532));
#9051=CARTESIAN_POINT('Ctrl Pts',(-54.5552025623126,43.125,5.01248414515194));
#9052=CARTESIAN_POINT('Ctrl Pts',(-54.537782285106,43.125,5.02033330146236));
#9053=CARTESIAN_POINT('Ctrl Pts',(-54.5204629816931,43.125,5.02835842073475));
#9054=CARTESIAN_POINT('Ctrl Pts',(-54.4394078611404,43.125,5.06591634062149));
#9055=CARTESIAN_POINT('Ctrl Pts',(-54.3604574661588,43.125,5.10736821116082));
#9056=CARTESIAN_POINT('Ctrl Pts',(-54.2839439022547,43.125,5.15262567064705));
#9057=CARTESIAN_POINT('Ctrl Pts',(-54.2085760459785,43.125,5.19720544876662));
#9058=CARTESIAN_POINT('Ctrl Pts',(-54.1355719201326,43.125,5.24547818229377));
#9059=CARTESIAN_POINT('Ctrl Pts',(-54.0652824528531,43.125,5.29739616239961));
#9060=CARTESIAN_POINT('Ctrl Pts',(-53.9971998787501,43.125,5.34768406277284));
#9061=CARTESIAN_POINT('Ctrl Pts',(-53.9316637456793,43.125,5.40139238055264));
#9062=CARTESIAN_POINT('Ctrl Pts',(-53.8690324102147,43.125,5.45850538772668));
#9063=CARTESIAN_POINT('Ctrl Pts',(-53.8241511904845,43.125,5.49943220822975));
#9064=CARTESIAN_POINT('Ctrl Pts',(-53.7807623914291,43.125,5.54210793553707));
#9065=CARTESIAN_POINT('Ctrl Pts',(-53.7390127966254,43.125,5.58653400333469));
#9066=CARTESIAN_POINT('Ctrl Pts',(-53.7367925609201,43.125,9.41706227519058));
#9067=CARTESIAN_POINT('Ctrl Pts',(-53.7651838357025,43.125,9.44752061934254));
#9068=CARTESIAN_POINT('Ctrl Pts',(-53.7943541508661,43.125,9.47718649089864));
#9069=CARTESIAN_POINT('Ctrl Pts',(-53.8242865491668,43.125,9.50602174055974));
#9070=CARTESIAN_POINT('Ctrl Pts',(-53.8856738771404,43.125,9.56515896405804));
#9071=CARTESIAN_POINT('Ctrl Pts',(-53.9502635779329,43.125,9.62080460775283));
#9072=CARTESIAN_POINT('Ctrl Pts',(-54.017678526535,43.125,9.672953867904));
#9073=CARTESIAN_POINT('Ctrl Pts',(-54.0567608418741,43.125,9.70318624028114));
#9074=CARTESIAN_POINT('Ctrl Pts',(-54.0967935538787,43.125,9.73224302847077));
#9075=CARTESIAN_POINT('Ctrl Pts',(-54.137709515865,43.125,9.76011870265008));
#9076=CARTESIAN_POINT('Ctrl Pts',(-54.1576800791825,43.125,9.77372446649363));
#9077=CARTESIAN_POINT('Ctrl Pts',(-54.177861122508,43.1249999999999,9.78704880058427));
#9078=CARTESIAN_POINT('Ctrl Pts',(-54.1982451795231,43.1249999999999,9.80009074254664));
#9079=CARTESIAN_POINT('Ctrl Pts',(-54.2131559257155,43.1249999999999,9.80963080055927));
#9080=CARTESIAN_POINT('Ctrl Pts',(-54.2281681673965,43.125,9.81901515607215));
#9081=CARTESIAN_POINT('Ctrl Pts',(-54.2432755620611,43.125,9.82824193880112));
#9082=CARTESIAN_POINT('Ctrl Pts',(-54.3195509588051,43.125,9.87482684168797));
#9083=CARTESIAN_POINT('Ctrl Pts',(-54.398272999056,43.125,9.91741349964721));
#9084=CARTESIAN_POINT('Ctrl Pts',(-54.4790368386271,43.125,9.9559874200767));
#9085=CARTESIAN_POINT('Ctrl Pts',(-54.5482155831147,43.125,9.98902813977814));
#9086=CARTESIAN_POINT('Ctrl Pts',(-54.6188934500642,43.125,10.0191243628157));
#9087=CARTESIAN_POINT('Ctrl Pts',(-54.690837716279,43.125,10.0462455698936));
#9088=CARTESIAN_POINT('Ctrl Pts',(-54.7095497932604,43.125,10.0532995596188));
#9089=CARTESIAN_POINT('Ctrl Pts',(-54.7283476261359,43.125,10.0601521855872));
#9090=CARTESIAN_POINT('Ctrl Pts',(-54.7472272905949,43.125,10.0668026701083));
#9091=CARTESIAN_POINT('Ctrl Pts',(-54.7619802745568,43.125,10.0719995046014));
#9092=CARTESIAN_POINT('Ctrl Pts',(-54.7767824263126,43.125,10.0770725439473));
#9093=CARTESIAN_POINT('Ctrl Pts',(-54.7916192712613,43.125,10.082017447401));
#9094=CARTESIAN_POINT('Ctrl Pts',(-54.8788914397065,43.125,10.1111039849128));
#9095=CARTESIAN_POINT('Ctrl Pts',(-54.9674734271571,43.125,10.1358002959859));
#9096=CARTESIAN_POINT('Ctrl Pts',(-55.0569534095514,43.125,10.1560961462532));
#9097=CARTESIAN_POINT('Ctrl Pts',(-55.1479449845308,43.125,10.1767348559617));
#9098=CARTESIAN_POINT('Ctrl Pts',(-55.2398659667917,43.1249999999999,10.1928236346903));
#9099=CARTESIAN_POINT('Ctrl Pts',(-55.3323169968209,43.125,10.204309983452));
#9100=CARTESIAN_POINT('Ctrl Pts',(-55.4107514395223,43.125,10.2140548761104));
#9101=CARTESIAN_POINT('Ctrl Pts',(-55.4895682774522,43.125,10.2204865193854));
#9102=CARTESIAN_POINT('Ctrl Pts',(-55.5685352559685,43.125,10.2235462213516));
#9103=CARTESIAN_POINT('Ctrl Pts',(-55.6277604898557,43.125,10.2258409978263));
#9104=CARTESIAN_POINT('Ctrl Pts',(-55.6870704307914,43.125,10.2262385697886));
#9105=CARTESIAN_POINT('Ctrl Pts',(-55.7463687387752,43.125,10.2247042647682));
#9106=CARTESIAN_POINT('Ctrl Pts',(-55.7609059261522,43.125,10.224328124532));
#9107=CARTESIAN_POINT('Ctrl Pts',(-55.7754424161806,43.125,10.2238358361483));
#9108=CARTESIAN_POINT('Ctrl Pts',(-55.789976789958,43.125,10.2232268059757));
#9109=CARTESIAN_POINT('Ctrl Pts',(-55.8042830547179,43.125,10.2226273341973));
#9110=CARTESIAN_POINT('Ctrl Pts',(-55.8185786462049,43.125,10.2219150980362));
#9111=CARTESIAN_POINT('Ctrl Pts',(-55.8328586085897,43.125,10.2210901766166));
#9112=CARTESIAN_POINT('Ctrl Pts',(-55.9287631864604,43.125,10.2155499841154));
#9113=CARTESIAN_POINT('Ctrl Pts',(-56.0240125903698,43.125,10.2049288697279));
#9114=CARTESIAN_POINT('Ctrl Pts',(-56.1181904616206,43.125,10.189179536492));
#9115=CARTESIAN_POINT('Ctrl Pts',(-56.1700803851415,43.125,10.1805020023084));
#9116=CARTESIAN_POINT('Ctrl Pts',(-56.2216454234434,43.125,10.170266829414));
#9117=CARTESIAN_POINT('Ctrl Pts',(-56.2728178757987,43.125,10.158459625161));
#9118=CARTESIAN_POINT('Ctrl Pts',(-56.3627377586454,43.125,10.1377120867041));
#9119=CARTESIAN_POINT('Ctrl Pts',(-56.4514458767661,43.125,10.1121137464891));
#9120=CARTESIAN_POINT('Ctrl Pts',(-56.5387279055237,43.125,10.0819558184492));
#9121=CARTESIAN_POINT('Ctrl Pts',(-56.5900031291903,43.125,10.0642390613162));
#9122=CARTESIAN_POINT('Ctrl Pts',(-56.640786154694,43.125,10.0449476960357));
#9123=CARTESIAN_POINT('Ctrl Pts',(-56.6910323345904,43.125,10.0241326367687));
#9124=CARTESIAN_POINT('Ctrl Pts',(-56.7233613970529,43.125,10.0107399499498));
#9125=CARTESIAN_POINT('Ctrl Pts',(-56.7554681933908,43.125,9.99671636446955));
#9126=CARTESIAN_POINT('Ctrl Pts',(-56.7873404769741,43.125,9.98207422696846));
#9127=CARTESIAN_POINT('Ctrl Pts',(-56.8017029947372,43.125,9.97547608161126));
#9128=CARTESIAN_POINT('Ctrl Pts',(-56.8160178868348,43.125,9.96875231763093));
#9129=CARTESIAN_POINT('Ctrl Pts',(-56.830284009223,43.125,9.96190400481209));
#9130=CARTESIAN_POINT('Ctrl Pts',(-56.8443388337559,43.125,9.9551571234664));
#9131=CARTESIAN_POINT('Ctrl Pts',(-56.8583399088919,43.125,9.9482923848338));
#9132=CARTESIAN_POINT('Ctrl Pts',(-56.8722790613189,43.125,9.94131485645507));
#9133=CARTESIAN_POINT('Ctrl Pts',(-56.9580943808575,43.125,9.89835823979245));
#9134=CARTESIAN_POINT('Ctrl Pts',(-57.0416478681343,43.125,9.85109056495943));
#9135=CARTESIAN_POINT('Ctrl Pts',(-57.1227159049953,43.125,9.79985539331574));
#9136=CARTESIAN_POINT('Ctrl Pts',(-57.2053216959376,43.125,9.74764835782348));
#9137=CARTESIAN_POINT('Ctrl Pts',(-57.2853475777834,43.125,9.69132155797343));
#9138=CARTESIAN_POINT('Ctrl Pts',(-57.3625483502682,43.125,9.63118362607391));
#9139=CARTESIAN_POINT('Ctrl Pts',(-57.4403888856411,43.125,9.57054733106525));
#9140=CARTESIAN_POINT('Ctrl Pts',(-57.515358080272,43.125,9.50603601701766));
#9141=CARTESIAN_POINT('Ctrl Pts',(-57.5871844353892,43.125,9.43791690444985));
#9142=CARTESIAN_POINT('Ctrl Pts',(-57.6290445500714,43.125,9.39821735601132));
#9143=CARTESIAN_POINT('Ctrl Pts',(-57.6698367602245,43.125,9.35729153217721));
#9144=CARTESIAN_POINT('Ctrl Pts',(-57.7095025562093,43.125,9.31518569825009));
#9145=CARTESIAN_POINT('Ctrl Pts',(-57.7198202419921,43.125,9.30423332093621));
#9146=CARTESIAN_POINT('Ctrl Pts',(-57.7300635288517,43.125,9.29319906736839));
#9147=CARTESIAN_POINT('Ctrl Pts',(-57.7402252584488,43.125,9.28209036956547));
#9148=CARTESIAN_POINT('Ctrl Pts',(-57.8088843406645,43.125,9.20703297028389));
#9149=CARTESIAN_POINT('Ctrl Pts',(-57.8736691493124,43.125,9.12875081474793));
#9150=CARTESIAN_POINT('Ctrl Pts',(-57.9343280781731,43.125,9.0475774627358));
#9151=CARTESIAN_POINT('Ctrl Pts',(-57.9951682151761,43.125,8.96616161926188));
#9152=CARTESIAN_POINT('Ctrl Pts',(-58.0518585753535,43.125,8.88183671618466));
#9153=CARTESIAN_POINT('Ctrl Pts',(-58.1041203916234,43.125,8.79489300495995));
#9154=CARTESIAN_POINT('Ctrl Pts',(-58.1554009598893,43.125,8.70958171582057));
#9155=CARTESIAN_POINT('Ctrl Pts',(-58.2024183609604,43.125,8.62174836757934));
#9156=CARTESIAN_POINT('Ctrl Pts',(-58.2448748729268,43.125,8.53163200411156));
#9157=CARTESIAN_POINT('Ctrl Pts',(-58.2814478810556,43.125,8.45400371245512));
#9158=CARTESIAN_POINT('Ctrl Pts',(-58.3146362239581,43.125,8.37468055233423));
#9159=CARTESIAN_POINT('Ctrl Pts',(-58.3442229537457,43.125,8.29379928253273));
#9160=CARTESIAN_POINT('Origin',(55.3750000000001,-49.0834234471775,7.5));
#9161=CARTESIAN_POINT('Ctrl Pts',(55.376389845267,-46.5834234471775,10.5774676993115));
#9162=CARTESIAN_POINT('Ctrl Pts',(55.4644241695179,-46.5788483044353,10.5779853198632));
#9163=CARTESIAN_POINT('Ctrl Pts',(56.5562429276774,-46.5220807674667,10.53500629028));
#9164=CARTESIAN_POINT('Ctrl Pts',(58.5473710517114,-46.4131208362714,9.23612965643224));
#9165=CARTESIAN_POINT('Ctrl Pts',(58.5773387251018,-46.2565436535919,5.82032451702571));
#9166=CARTESIAN_POINT('Ctrl Pts',(55.7502407919104,-46.0999664709123,3.90334864522069));
#9167=CARTESIAN_POINT('Ctrl Pts',(52.5881713150936,-45.9433892882327,5.19555289439229));
#9168=CARTESIAN_POINT('Ctrl Pts',(51.912806634153,-45.7868121055531,8.54399004996727));
#9169=CARTESIAN_POINT('Ctrl Pts',(53.7625931025062,-45.666823491868,10.3961116720781));
#9170=CARTESIAN_POINT('Ctrl Pts',(55.0708254304109,-45.5990272724095,10.5741743258969));
#9171=CARTESIAN_POINT('Ctrl Pts',(55.372550352891,-45.5834234471775,10.5718212047137));
#9172=CARTESIAN_POINT('Ctrl Pts',(55.3725236907133,-46.6665765528225,10.5701212238325));
#9173=CARTESIAN_POINT('Ctrl Pts',(56.0479203360987,-46.6316662467619,10.5656600868919));
#9174=CARTESIAN_POINT('Ctrl Pts',(57.7415696697911,-46.5445635464748,10.0180773587641));
#9175=CARTESIAN_POINT('Ctrl Pts',(58.981524084318,-46.4052684519613,7.24264404029326));
#9176=CARTESIAN_POINT('Ctrl Pts',(57.1593147433558,-46.2486912692816,4.35484714896156));
#9177=CARTESIAN_POINT('Ctrl Pts',(53.7440587107637,-46.0921140866021,4.27228937605808));
#9178=CARTESIAN_POINT('Ctrl Pts',(51.7845082892007,-45.9355369039224,7.07028623177128));
#9179=CARTESIAN_POINT('Ctrl Pts',(52.911434214522,-45.7936910593293,9.95215985415752));
#9180=CARTESIAN_POINT('Ctrl Pts',(54.6534202423446,-45.7040376089626,10.5663554540667));
#9181=CARTESIAN_POINT('Ctrl Pts',(55.3775274358184,-45.6665765528225,10.5722647055805));
#9182=CARTESIAN_POINT('Ctrl Pts',(57.0109872033751,-46.875,5.58653400333497));
#9183=CARTESIAN_POINT('Ctrl Pts',(56.3834957180535,-46.8228076057735,5.05003738306471));
#9184=CARTESIAN_POINT('Ctrl Pts',(54.5693607910541,-46.7184228173204,4.65146149444646));
#9185=CARTESIAN_POINT('Ctrl Pts',(52.5532789874038,-46.5618456346408,6.59445081097264));
#9186=CARTESIAN_POINT('Ctrl Pts',(53.0599270875678,-46.4052684519612,9.34704492981239));
#9187=CARTESIAN_POINT('Ctrl Pts',(55.6298115838553,-46.2486912692816,10.4509149445422));
#9188=CARTESIAN_POINT('Ctrl Pts',(57.9734851546066,-46.092114086602,8.922061626832));
#9189=CARTESIAN_POINT('Ctrl Pts',(57.9980316383418,-45.9355369039225,6.12417991593044));
#9190=CARTESIAN_POINT('Ctrl Pts',(55.6823592626109,-45.7789597212428,4.55398738062244));
#9191=CARTESIAN_POINT('Ctrl Pts',(53.0923121150962,-45.6223825385633,5.61243026244757));
#9192=CARTESIAN_POINT('Ctrl Pts',(52.539121750929,-45.4658053558837,8.35513094218077));
#9193=CARTESIAN_POINT('Ctrl Pts',(54.5163021606467,-45.309228173204,10.334807326619));
#9194=CARTESIAN_POINT('Ctrl Pts',(57.2596950905465,-45.1526509905245,9.78504407113231));
#9195=CARTESIAN_POINT('Ctrl Pts',(58.3214053250173,-44.9960738078449,7.19637910178642));
#9196=CARTESIAN_POINT('Ctrl Pts',(56.7540981171653,-44.8394966251653,4.87862950191021));
#9197=CARTESIAN_POINT('Ctrl Pts',(53.9562483023505,-44.6829194424857,4.89987815486687));
#9198=CARTESIAN_POINT('Ctrl Pts',(52.4243212046875,-44.5263422598061,7.24116291177798));
#9199=CARTESIAN_POINT('Ctrl Pts',(53.5252318594404,-44.3697650771265,9.81340709442444));
#9200=CARTESIAN_POINT('Ctrl Pts',(56.2766440730023,-44.2131878944469,10.3214344467751));
#9201=CARTESIAN_POINT('Ctrl Pts',(58.2235590609951,-44.0566107117673,8.31196968541562));
#9202=CARTESIAN_POINT('Ctrl Pts',(57.6287136928968,-43.9000335290877,5.57796080677471));
#9203=CARTESIAN_POINT('Ctrl Pts',(55.0230220176515,-43.7434563464081,4.55903291765906));
#9204=CARTESIAN_POINT('Ctrl Pts',(52.7311863983672,-43.5868791637285,6.1640980541072));
#9205=CARTESIAN_POINT('Ctrl Pts',(52.798809390192,-43.4303019810489,8.96152998434045));
#9206=CARTESIAN_POINT('Ctrl Pts',(55.1642000646635,-43.2737247983693,10.4540990081386));
#9207=CARTESIAN_POINT('Ctrl Pts',(57.7196047514987,-43.1171476156898,9.31244513459733));
#9208=CARTESIAN_POINT('Ctrl Pts',(58.1788336168628,-42.9605704330101,6.55039839850451));
#9209=CARTESIAN_POINT('Ctrl Pts',(56.8227651297829,-42.8561856445571,5.28113619915566));
#9210=CARTESIAN_POINT('Ctrl Pts',(56.025199997975,-42.8039932503306,5.0679131979649));
#9211=CARTESIAN_POINT('Ctrl Pts',(57.131425321227,-46.9820022498898,5.44566844965795));
#9212=CARTESIAN_POINT('Ctrl Pts',(56.4577391631694,-46.9298098556633,4.86967601728967));
#9213=CARTESIAN_POINT('Ctrl Pts',(54.5100512379029,-46.8254250672102,4.44175776600055));
#9214=CARTESIAN_POINT('Ctrl Pts',(52.3455495093497,-46.6688478845306,6.52778608418029));
#9215=CARTESIAN_POINT('Ctrl Pts',(52.8894960330412,-46.512270701851,9.48302069690616));
#9216=CARTESIAN_POINT('Ctrl Pts',(55.6485703048912,-46.3556935191715,10.6681554224192));
#9217=CARTESIAN_POINT('Ctrl Pts',(58.1647804536416,-46.1991163364918,9.02675097003208));
#9218=CARTESIAN_POINT('Ctrl Pts',(58.1911340005951,-46.0425391538122,6.02289478296219));
#9219=CARTESIAN_POINT('Ctrl Pts',(55.7049864390441,-45.8859619711326,4.33710780215519));
#9220=CARTESIAN_POINT('Ctrl Pts',(52.924265181762,-45.7293847884531,5.47347113976248));
#9221=CARTESIAN_POINT('Ctrl Pts',(52.330350045337,-45.5728076057735,8.4180839781096));
#9222=CARTESIAN_POINT('Ctrl Pts',(54.4530865368559,-45.4162304230938,10.5435001930341));
#9223=CARTESIAN_POINT('Ctrl Pts',(57.3984425874474,-45.2596532404143,9.95326446220144));
#9224=CARTESIAN_POINT('Ctrl Pts',(58.5383138136912,-45.1030760577347,7.17402713629065));
#9225=CARTESIAN_POINT('Ctrl Pts',(56.8556245723979,-44.9464988750551,4.68564942949209));
#9226=CARTESIAN_POINT('Ctrl Pts',(53.8518026295411,-44.7899216923755,4.70846236593684));
#9227=CARTESIAN_POINT('Ctrl Pts',(52.2070981116463,-44.6333445096959,7.2221078411323));
#9228=CARTESIAN_POINT('Ctrl Pts',(53.3890556149979,-44.4767673270163,9.98371551474884));
#9229=CARTESIAN_POINT('Ctrl Pts',(56.3430213129347,-44.3201901443367,10.5291428284245));
#9230=CARTESIAN_POINT('Ctrl Pts',(58.4332643026917,-44.1636129616571,8.3717452756296));
#9231=CARTESIAN_POINT('Ctrl Pts',(57.7946276039528,-44.0070357789775,5.43646411145088));
#9232=CARTESIAN_POINT('Ctrl Pts',(54.9971100999837,-43.8504585962979,4.34252478157411));
#9233=CARTESIAN_POINT('Ctrl Pts',(52.5365541093891,-43.6938814136184,6.06575161492594));
#9234=CARTESIAN_POINT('Ctrl Pts',(52.6091553711183,-43.5373042309387,9.06912490937101));
#9235=CARTESIAN_POINT('Ctrl Pts',(55.1486813934889,-43.3807270482592,10.6715738904326));
#9236=CARTESIAN_POINT('Ctrl Pts',(57.8922098811687,-43.2241498655795,9.44587373371499));
#9237=CARTESIAN_POINT('Ctrl Pts',(58.3852462604875,-43.0675726829,6.48049062089028));
#9238=CARTESIAN_POINT('Ctrl Pts',(56.9293467136504,-42.9631878944469,5.11778786770655));
#9239=CARTESIAN_POINT('Ctrl Pts',(56.073066426161,-42.9109955002204,4.88886781406135));
#9240=CARTESIAN_POINT('Ctrl Pts',(57.2518634390789,-47.0890044997796,5.30480289598092));
#9241=CARTESIAN_POINT('Ctrl Pts',(56.5319826082852,-47.0368121055531,4.68931465151462));
#9242=CARTESIAN_POINT('Ctrl Pts',(54.4507416847517,-46.9324273171,4.23205403755463));
#9243=CARTESIAN_POINT('Ctrl Pts',(52.1378200312956,-46.7758501344204,6.46112135738794));
#9244=CARTESIAN_POINT('Ctrl Pts',(52.7190649785145,-46.6192729517408,9.61899646399993));
#9245=CARTESIAN_POINT('Ctrl Pts',(55.6673290259271,-46.4626957690613,10.8853959002961));
#9246=CARTESIAN_POINT('Ctrl Pts',(58.3560757526764,-46.3061185863816,9.13144031323217));
#9247=CARTESIAN_POINT('Ctrl Pts',(58.3842363628485,-46.1495414037021,5.92160964999395));
#9248=CARTESIAN_POINT('Ctrl Pts',(55.7276136154772,-45.9929642210224,4.12022822368793));
#9249=CARTESIAN_POINT('Ctrl Pts',(52.7562182484278,-45.8363870383429,5.33451201707738));
#9250=CARTESIAN_POINT('Ctrl Pts',(52.121578339745,-45.6798098556633,8.48103701403844));
#9251=CARTESIAN_POINT('Ctrl Pts',(54.389870913065,-45.5232326729837,10.7521930594493));
#9252=CARTESIAN_POINT('Ctrl Pts',(57.5371900843483,-45.3666554903041,10.1214848532706));
#9253=CARTESIAN_POINT('Ctrl Pts',(58.7552223023651,-45.2100783076245,7.15167517079489));
#9254=CARTESIAN_POINT('Ctrl Pts',(56.9571510276304,-45.0535011249449,4.49266935707396));
#9255=CARTESIAN_POINT('Ctrl Pts',(53.7473569567317,-44.8969239422653,4.51704657700681));
#9256=CARTESIAN_POINT('Ctrl Pts',(51.989875018605,-44.7403467595857,7.20305277048663));
#9257=CARTESIAN_POINT('Ctrl Pts',(53.2528793705556,-44.5837695769061,10.1540239350732));
#9258=CARTESIAN_POINT('Ctrl Pts',(56.4093985528671,-44.4271923942265,10.7368512100739));
#9259=CARTESIAN_POINT('Ctrl Pts',(58.6429695443882,-44.270615211547,8.43152086584358));
#9260=CARTESIAN_POINT('Ctrl Pts',(57.9605415150088,-44.1140380288673,5.29496741612704));
#9261=CARTESIAN_POINT('Ctrl Pts',(54.971198182316,-43.9574608461878,4.12601664548916));
#9262=CARTESIAN_POINT('Ctrl Pts',(52.3419218204109,-43.8008836635082,5.96740517574469));
#9263=CARTESIAN_POINT('Ctrl Pts',(52.4195013520447,-43.6443064808285,9.17671983440157));
#9264=CARTESIAN_POINT('Ctrl Pts',(55.1331627223141,-43.487729298149,10.8890487727265));
#9265=CARTESIAN_POINT('Ctrl Pts',(58.0648150108388,-43.3311521154693,9.57930233283265));
#9266=CARTESIAN_POINT('Ctrl Pts',(58.5916589041122,-43.1745749327898,6.41058284327605));
#9267=CARTESIAN_POINT('Ctrl Pts',(57.0359282975179,-43.0701901443367,4.95443953625743));
#9268=CARTESIAN_POINT('Ctrl Pts',(56.1209328543469,-43.0179977501102,4.70982243015781));
#9269=CARTESIAN_POINT('Ctrl Pts',(57.3723015569308,-47.1960067496694,5.16393734230389));
#9270=CARTESIAN_POINT('Ctrl Pts',(56.6062260534011,-47.1438143554429,4.50895328573958));
#9271=CARTESIAN_POINT('Ctrl Pts',(54.3914321316006,-47.0394295669898,4.02235030910872));
#9272=CARTESIAN_POINT('Ctrl Pts',(51.9300905532415,-46.8828523843103,6.39445663059559));
#9273=CARTESIAN_POINT('Ctrl Pts',(52.5486339239879,-46.7262752016306,9.7549722310937));
#9274=CARTESIAN_POINT('Ctrl Pts',(55.686087746963,-46.5696980189511,11.102636378173));
#9275=CARTESIAN_POINT('Ctrl Pts',(58.5473710517114,-46.4131208362714,9.23612965643224));
#9276=CARTESIAN_POINT('Ctrl Pts',(58.5773387251018,-46.2565436535919,5.82032451702571));
#9277=CARTESIAN_POINT('Ctrl Pts',(55.7502407919104,-46.0999664709123,3.90334864522069));
#9278=CARTESIAN_POINT('Ctrl Pts',(52.5881713150936,-45.9433892882327,5.19555289439229));
#9279=CARTESIAN_POINT('Ctrl Pts',(51.912806634153,-45.7868121055531,8.54399004996727));
#9280=CARTESIAN_POINT('Ctrl Pts',(54.3266552892742,-45.6302349228735,10.9608859258644));
#9281=CARTESIAN_POINT('Ctrl Pts',(57.6759375812491,-45.4736577401939,10.2897052443397));
#9282=CARTESIAN_POINT('Ctrl Pts',(58.972130791039,-45.3170805575143,7.12932320529913));
#9283=CARTESIAN_POINT('Ctrl Pts',(57.0586774828629,-45.1605033748348,4.29968928465583));
#9284=CARTESIAN_POINT('Ctrl Pts',(53.6429112839222,-45.0039261921551,4.32563078807679));
#9285=CARTESIAN_POINT('Ctrl Pts',(51.7726519255638,-44.8473490094755,7.18399769984095));
#9286=CARTESIAN_POINT('Ctrl Pts',(53.1167031261132,-44.6907718267959,10.3243323553976));
#9287=CARTESIAN_POINT('Ctrl Pts',(56.4757757927995,-44.5341946441163,10.9445595917233));
#9288=CARTESIAN_POINT('Ctrl Pts',(58.8526747860848,-44.3776174614368,8.49129645605757));
#9289=CARTESIAN_POINT('Ctrl Pts',(58.1264554260649,-44.2210402787571,5.15347072080321));
#9290=CARTESIAN_POINT('Ctrl Pts',(54.9452862646482,-44.0644630960776,3.90950850940421));
#9291=CARTESIAN_POINT('Ctrl Pts',(52.1472895314327,-43.907885913398,5.86905873656344));
#9292=CARTESIAN_POINT('Ctrl Pts',(52.2298473329711,-43.7513087307184,9.28431475943212));
#9293=CARTESIAN_POINT('Ctrl Pts',(55.1176440511394,-43.5947315480388,11.1065236550205));
#9294=CARTESIAN_POINT('Ctrl Pts',(58.2374201405089,-43.4381543653591,9.71273093195032));
#9295=CARTESIAN_POINT('Ctrl Pts',(58.7980715477369,-43.2815771826796,6.34067506566182));
#9296=CARTESIAN_POINT('Ctrl Pts',(57.1425098813854,-43.1771923942265,4.79109120480831));
#9297=CARTESIAN_POINT('Ctrl Pts',(56.1687992825328,-43.125,4.53077704625426));
#9298=CARTESIAN_POINT('Ctrl Pts',(57.2920618757062,-43.125,9.13820643673131));
#9299=CARTESIAN_POINT('Ctrl Pts',(57.3225202245562,-43.125,9.10981512481988));
#9300=CARTESIAN_POINT('Ctrl Pts',(57.3521861018907,-43.125,9.08064476816699));
#9301=CARTESIAN_POINT('Ctrl Pts',(57.3810213584651,-43.125,9.05071232368144));
#9302=CARTESIAN_POINT('Ctrl Pts',(57.4401585392236,-43.125,8.98932496007291));
#9303=CARTESIAN_POINT('Ctrl Pts',(57.4958041516629,-43.125,8.92473521007878));
#9304=CARTESIAN_POINT('Ctrl Pts',(57.5479533910352,-43.125,8.85732020292973));
#9305=CARTESIAN_POINT('Ctrl Pts',(57.5781857836013,-43.125,8.81823781197813));
#9306=CARTESIAN_POINT('Ctrl Pts',(57.6072425929982,-43.125,8.77820501919113));
#9307=CARTESIAN_POINT('Ctrl Pts',(57.6351182892139,-43.125,8.73728897227227));
#9308=CARTESIAN_POINT('Ctrl Pts',(57.6487238291769,-43.125,8.71731871190017));
#9309=CARTESIAN_POINT('Ctrl Pts',(57.6620479492905,-43.125,8.6971379777901));
#9310=CARTESIAN_POINT('Ctrl Pts',(57.6750896872097,-43.125,8.67675423599217));
#9311=CARTESIAN_POINT('Ctrl Pts',(57.6846299799352,-43.125,8.66184312024995));
#9312=CARTESIAN_POINT('Ctrl Pts',(57.6940145636545,-43.125,8.6468305029319));
#9313=CARTESIAN_POINT('Ctrl Pts',(57.7032415671607,-43.125,8.63172272825315));
#9314=CARTESIAN_POINT('Ctrl Pts',(57.7498264875453,-43.125,8.5554472093247));
#9315=CARTESIAN_POINT('Ctrl Pts',(57.7924131693918,-43.125,8.4767250393304));
#9316=CARTESIAN_POINT('Ctrl Pts',(57.8309871190367,-43.125,8.39596106770008));
#9317=CARTESIAN_POINT('Ctrl Pts',(57.8640278851203,-43.125,8.32678216537911));
#9318=CARTESIAN_POINT('Ctrl Pts',(57.8941241546475,-43.125,8.25610413695398));
#9319=CARTESIAN_POINT('Ctrl Pts',(57.9212454076575,-43.125,8.1841597092892));
#9320=CARTESIAN_POINT('Ctrl Pts',(57.928299259935,-43.125,8.16544798661383));
#9321=CARTESIAN_POINT('Ctrl Pts',(57.9351517569465,-43.125,8.14665051167824));
#9322=CARTESIAN_POINT('Ctrl Pts',(57.9418021210408,-43.125,8.12777120860755));
#9323=CARTESIAN_POINT('Ctrl Pts',(57.94699900474,-43.125,8.11301810020762));
#9324=CARTESIAN_POINT('Ctrl Pts',(57.9520720919327,-43.125,8.09821582266477));
#9325=CARTESIAN_POINT('Ctrl Pts',(57.957017041515,-43.125,8.08337885161527));
#9326=CARTESIAN_POINT('Ctrl Pts',(57.9861036446812,-43.125,7.99610655855506));
#9327=CARTESIAN_POINT('Ctrl Pts',(58.0108000257448,-43.125,7.90752444996884));
#9328=CARTESIAN_POINT('Ctrl Pts',(58.0310959494011,-43.125,7.81804435530268));
#9329=CARTESIAN_POINT('Ctrl Pts',(58.0517347430626,-43.125,7.72705262504693));
#9330=CARTESIAN_POINT('Ctrl Pts',(58.0678236051521,-43.125,7.63513149582879));
#9331=CARTESIAN_POINT('Ctrl Pts',(58.0793100357533,-43.125,7.54268033324295));
#9332=CARTESIAN_POINT('Ctrl Pts',(58.0890550124836,-43.125,7.46424566024753));
#9333=CARTESIAN_POINT('Ctrl Pts',(58.0954867287888,-43.125,7.38542860123478));
#9334=CARTESIAN_POINT('Ctrl Pts',(58.0985464919098,-43.125,7.30646141559894));
#9335=CARTESIAN_POINT('Ctrl Pts',(58.1008413142505,-43.125,7.24723602637206));
#9336=CARTESIAN_POINT('Ctrl Pts',(58.1012389253965,-43.125,7.18792593794845));
#9337=CARTESIAN_POINT('Ctrl Pts',(58.0997046524658,-43.125,7.12862749235461));
#9338=CARTESIAN_POINT('Ctrl Pts',(58.0993285305217,-43.125,7.11409067416804));
#9339=CARTESIAN_POINT('Ctrl Pts',(58.0988362664418,-43.125,7.09955455388542));
#9340=CARTESIAN_POINT('Ctrl Pts',(58.0982272666279,-43.125,7.08502055032103));
#9341=CARTESIAN_POINT('Ctrl Pts',(58.0976277864772,-43.125,7.07071373700689));
#9342=CARTESIAN_POINT('Ctrl Pts',(58.096915533305,-43.125,7.05641759660052));
#9343=CARTESIAN_POINT('Ctrl Pts',(58.096090586335,-43.125,7.042137087897));
#9344=CARTESIAN_POINT('Ctrl Pts',(58.0905504297091,-43.125,6.94623243245058));
#9345=CARTESIAN_POINT('Ctrl Pts',(58.0799293453173,-43.125,6.85098297997733));
#9346=CARTESIAN_POINT('Ctrl Pts',(58.0641800350418,-43.125,6.75680509547594));
#9347=CARTESIAN_POINT('Ctrl Pts',(58.0555024991368,-43.125,6.70491507871201));
#9348=CARTESIAN_POINT('Ctrl Pts',(58.0452673172267,-43.125,6.65334995896386));
#9349=CARTESIAN_POINT('Ctrl Pts',(58.0334600963906,-43.125,6.6021774383645));
#9350=CARTESIAN_POINT('Ctrl Pts',(58.0127125764201,-43.125,6.51225764201141));
#9351=CARTESIAN_POINT('Ctrl Pts',(57.9871142536033,-43.125,6.42354964555077));
#9352=CARTESIAN_POINT('Ctrl Pts',(57.95695634257,-43.125,6.33626776571362));
#9353=CARTESIAN_POINT('Ctrl Pts',(57.9392395854557,-43.125,6.28499260067137));
#9354=CARTESIAN_POINT('Ctrl Pts',(57.9199482182871,-43.125,6.23420964376271));
#9355=CARTESIAN_POINT('Ctrl Pts',(57.899133155458,-43.125,6.18396354096087));
#9356=CARTESIAN_POINT('Ctrl Pts',(57.8857404942424,-43.125,6.15163459543934));
#9357=CARTESIAN_POINT('Ctrl Pts',(57.8717169363003,-43.125,6.1195279186361));
#9358=CARTESIAN_POINT('Ctrl Pts',(57.857074828256,-43.125,6.08765575671818));
#9359=CARTESIAN_POINT('Ctrl Pts',(57.8504768199767,-43.125,6.07329356327051));
#9360=CARTESIAN_POINT('Ctrl Pts',(57.8437531981775,-43.125,6.05897899413325));
#9361=CARTESIAN_POINT('Ctrl Pts',(57.836905032583,-43.125,6.04471319324471));
#9362=CARTESIAN_POINT('Ctrl Pts',(57.8301579748753,-43.125,6.03065801591122));
#9363=CARTESIAN_POINT('Ctrl Pts',(57.8232930529559,-43.125,6.01665659045769));
#9364=CARTESIAN_POINT('Ctrl Pts',(57.8163153353101,-43.125,6.00271709192401));
#9365=CARTESIAN_POINT('Ctrl Pts',(57.7733587305835,-43.125,5.91690199320665));
#9366=CARTESIAN_POINT('Ctrl Pts',(57.7260910687359,-43.125,5.83334874396103));
#9367=CARTESIAN_POINT('Ctrl Pts',(57.6748559118058,-43.125,5.75228095376603));
#9368=CARTESIAN_POINT('Ctrl Pts',(57.6226488895826,-43.125,5.66967541144156));
#9369=CARTESIAN_POINT('Ctrl Pts',(57.5663221045237,-43.125,5.58964978736459));
#9370=CARTESIAN_POINT('Ctrl Pts',(57.5061841897381,-43.125,5.51244927311316));
#9371=CARTESIAN_POINT('Ctrl Pts',(57.4455478847328,-43.125,5.43460896312892));
#9372=CARTESIAN_POINT('Ctrl Pts',(57.3810365595695,-43.125,5.35963999695537));
#9373=CARTESIAN_POINT('Ctrl Pts',(57.3129174359969,-43.125,5.28781386495175));
#9374=CARTESIAN_POINT('Ctrl Pts',(57.2732178662222,-43.125,5.24595386456468));
#9375=CARTESIAN_POINT('Ctrl Pts',(57.2322920201673,-43.125,5.2051617676957));
#9376=CARTESIAN_POINT('Ctrl Pts',(57.1901861634299,-43.125,5.16549608237823));
#9377=CARTESIAN_POINT('Ctrl Pts',(57.1792338102375,-43.125,5.15517845369474));
#9378=CARTESIAN_POINT('Ctrl Pts',(57.1681995812885,-43.125,5.14493522343463));
#9379=CARTESIAN_POINT('Ctrl Pts',(57.1570909082207,-43.125,5.13477354953496));
#9380=CARTESIAN_POINT('Ctrl Pts',(57.0820335167594,-43.125,5.06611469792071));
#9381=CARTESIAN_POINT('Ctrl Pts',(57.0037513715396,-43.125,5.00133010475643));
#9382=CARTESIAN_POINT('Ctrl Pts',(56.9225780333879,-43.125,4.94067136736871));
#9383=CARTESIAN_POINT('Ctrl Pts',(56.8411621546595,-43.125,4.87983138567735));
#9384=CARTESIAN_POINT('Ctrl Pts',(56.7568372163829,-43.125,4.82314116168211));
#9385=CARTESIAN_POINT('Ctrl Pts',(56.6698934716057,-43.125,4.77087945403943));
#9386=CARTESIAN_POINT('Ctrl Pts',(56.5845820362328,-43.125,4.71959892425017));
#9387=CARTESIAN_POINT('Ctrl Pts',(56.4967485366479,-43.125,4.67258154645589));
#9388=CARTESIAN_POINT('Ctrl Pts',(56.4066320191242,-43.125,4.63012503569454));
#9389=CARTESIAN_POINT('Ctrl Pts',(56.3290037187987,-43.125,4.59355208704187));
#9390=CARTESIAN_POINT('Ctrl Pts',(56.2496805534035,-43.125,4.56036377643305));
#9391=CARTESIAN_POINT('Ctrl Pts',(56.1687992825328,-43.125,4.53077704625426));
#9392=CARTESIAN_POINT('Ctrl Pts',(55.3729934971216,-45.262416697508,10.016124900884));
#9393=CARTESIAN_POINT('Ctrl Pts',(55.1258509910719,-45.27802052274,10.0180523394974));
#9394=CARTESIAN_POINT('Ctrl Pts',(54.8792205161695,-45.293624347972,9.98448362548771));
#9395=CARTESIAN_POINT('Ctrl Pts',(54.6440042473437,-45.309228173204,9.9132340532982));
#9396=CARTESIAN_POINT('Ctrl Pts',(53.8572420240742,-45.3614205674306,9.67491519847294));
#9397=CARTESIAN_POINT('Ctrl Pts',(53.1981818875016,-45.4136129616571,9.01502307032685));
#9398=CARTESIAN_POINT('Ctrl Pts',(52.9608502132431,-45.4658053558837,8.22796022629828));
#9399=CARTESIAN_POINT('Ctrl Pts',(52.7235185389847,-45.5179977501102,7.4408973822697));
#9400=CARTESIAN_POINT('Ctrl Pts',(52.9079153270405,-45.5701901443367,6.52666382235864));
#9401=CARTESIAN_POINT('Ctrl Pts',(53.4317882456541,-45.6223825385633,5.89313989543225));
#9402=CARTESIAN_POINT('Ctrl Pts',(53.9556611642678,-45.6745749327898,5.25961596850586));
#9403=CARTESIAN_POINT('Ctrl Pts',(54.8190102134393,-45.7267673270163,4.90680167456415));
#9404=CARTESIAN_POINT('Ctrl Pts',(55.6366301339802,-45.7789597212428,4.99209328347796));
#9405=CARTESIAN_POINT('Ctrl Pts',(56.4542500545212,-45.8311521154694,5.07738489239178));
#9406=CARTESIAN_POINT('Ctrl Pts',(57.2261408464315,-45.8833445096959,5.60078240416111));
#9407=CARTESIAN_POINT('Ctrl Pts',(57.6079951617641,-45.9355369039224,6.32879477852937));
#9408=CARTESIAN_POINT('Ctrl Pts',(57.9898494770968,-45.987729298149,7.05680715289763));
#9409=CARTESIAN_POINT('Ctrl Pts',(57.9816673158517,-46.0399216923755,7.98943438986482));
#9410=CARTESIAN_POINT('Ctrl Pts',(57.5869639734373,-46.092114086602,8.71055689463345));
#9411=CARTESIAN_POINT('Ctrl Pts',(57.1922606310229,-46.1443064808286,9.43167939940208));
#9412=CARTESIAN_POINT('Ctrl Pts',(56.4110361074391,-46.1964988750551,9.94129717197217));
#9413=CARTESIAN_POINT('Ctrl Pts',(55.5921097629326,-46.2486912692816,10.0121277224689));
#9414=CARTESIAN_POINT('Ctrl Pts',(55.5203233469819,-46.2532664120238,10.0183366707999));
#9415=CARTESIAN_POINT('Ctrl Pts',(55.4482472252355,-46.2578415547659,10.0211739198815));
#9416=CARTESIAN_POINT('Ctrl Pts',(55.3761384205173,-46.262416697508,10.020749937536));
#9417=CARTESIAN_POINT('Ctrl Pts',(52.4057770462543,-46.875,8.29379928253258));
#9418=CARTESIAN_POINT('Ctrl Pts',(52.6660912048083,-46.8228076057735,9.26750988138521));
#9419=CARTESIAN_POINT('Ctrl Pts',(54.215676549964,-46.7184228173204,10.9230713553037));
#9420=CARTESIAN_POINT('Ctrl Pts',(57.5877307884691,-46.5618456346408,10.3624203054847));
#9421=CARTESIAN_POINT('Ctrl Pts',(58.981524084318,-46.4052684519613,7.24264404029326));
#9422=CARTESIAN_POINT('Ctrl Pts',(57.1593147433558,-46.2486912692816,4.35484714896156));
#9423=CARTESIAN_POINT('Ctrl Pts',(53.7440587107637,-46.0921140866021,4.27228937605808));
#9424=CARTESIAN_POINT('Ctrl Pts',(51.7845082892007,-45.9355369039224,7.07028623177128));
#9425=CARTESIAN_POINT('Ctrl Pts',(53.0284706130988,-45.7789597212428,10.2514555774512));
#9426=CARTESIAN_POINT('Ctrl Pts',(56.3662965001206,-45.6223825385632,10.9776749657069));
#9427=CARTESIAN_POINT('Ctrl Pts',(58.8195597774928,-45.4658053558837,8.60077585291548));
#9428=CARTESIAN_POINT('Ctrl Pts',(58.1993325021691,-45.3092281732041,5.2417030059413));
#9429=CARTESIAN_POINT('Ctrl Pts',(55.0589976842544,-45.1526509905245,3.8976517362012));
#9430=CARTESIAN_POINT('Ctrl Pts',(52.2006306201896,-44.9960738078449,5.7679111924396));
#9431=CARTESIAN_POINT('Ctrl Pts',(52.1746891162225,-44.8394966251653,9.18367757147519));
#9432=CARTESIAN_POINT('Ctrl Pts',(55.0043231855916,-44.6829194424857,11.0971309812147));
#9433=CARTESIAN_POINT('Ctrl Pts',(58.1647053915647,-44.5263422598061,9.80093770135701));
#9434=CARTESIAN_POINT('Ctrl Pts',(58.8358861080359,-44.3697650771265,6.4516552363901));
#9435=CARTESIAN_POINT('Ctrl Pts',(56.4189901056533,-44.2131878944469,4.03780644700782));
#9436=CARTESIAN_POINT('Ctrl Pts',(53.0705527713247,-44.0566107117673,4.71317117703547));
#9437=CARTESIAN_POINT('Ctrl Pts',(51.7783484594545,-43.9000335290877,7.87524079491806));
#9438=CARTESIAN_POINT('Ctrl Pts',(53.695324419387,-43.7434563464081,10.7023389251945));
#9439=CARTESIAN_POINT('Ctrl Pts',(57.1111297698624,-43.5868791637285,10.6723711609838));
#9440=CARTESIAN_POINT('Ctrl Pts',(58.9776365207094,-43.430301981049,7.81108786444237));
#9441=CARTESIAN_POINT('Ctrl Pts',(57.6299724832041,-43.2737247983693,4.6736335763467));
#9442=CARTESIAN_POINT('Ctrl Pts',(54.2694564133653,-43.1171476156898,4.05509057803537));
#9443=CARTESIAN_POINT('Ctrl Pts',(51.8973513084637,-42.9605704330101,6.51643101738621));
#9444=CARTESIAN_POINT('Ctrl Pts',(52.3839532857396,-42.8561856445571,8.73122605340097));
#9445=CARTESIAN_POINT('Ctrl Pts',(53.0389373423039,-42.8039932503306,9.49730155693062));
#9446=CARTESIAN_POINT('Ctrl Pts',(52.5848224301578,-46.9820022498898,8.24593285434668));
#9447=CARTESIAN_POINT('Ctrl Pts',(52.8294395362574,-46.9298098556633,9.16092829751772));
#9448=CARTESIAN_POINT('Ctrl Pts',(54.2855842380742,-46.8254250672102,10.7166587232828));
#9449=CARTESIAN_POINT('Ctrl Pts',(57.4543021980034,-46.6688478845306,10.1898151658665));
#9450=CARTESIAN_POINT('Ctrl Pts',(58.7640491761373,-46.5122707018511,7.258162712122));
#9451=CARTESIAN_POINT('Ctrl Pts',(57.0517198192946,-46.3556935191714,4.544501179131));
#9452=CARTESIAN_POINT('Ctrl Pts',(53.8424051515007,-46.1991163364919,4.46692167440543));
#9453=CARTESIAN_POINT('Ctrl Pts',(52.001016438564,-46.0425391538122,7.09619815142153));
#9454=CARTESIAN_POINT('Ctrl Pts',(53.1699673149172,-45.8859619711327,10.0855416572666));
#9455=CARTESIAN_POINT('Ctrl Pts',(56.3065209072496,-45.729384788453,10.767969713179));
#9456=CARTESIAN_POINT('Ctrl Pts',(58.6118513846414,-45.5728076057735,8.53439860935808));
#9457=CARTESIAN_POINT('Ctrl Pts',(58.0290240729944,-45.4162304230939,5.3778792576301));
#9458=CARTESIAN_POINT('Ctrl Pts',(55.0780527558399,-45.2596532404143,4.11487484066107));
#9459=CARTESIAN_POINT('Ctrl Pts',(52.3920464192433,-45.1030760577347,5.87235687076546));
#9460=CARTESIAN_POINT('Ctrl Pts',(52.3676691987972,-44.9464988750551,9.08215111089927));
#9461=CARTESIAN_POINT('Ctrl Pts',(55.0266751522758,-44.7899216923755,10.8802224810731));
#9462=CARTESIAN_POINT('Ctrl Pts',(57.9964849916178,-44.6333445096959,9.66219019721358));
#9463=CARTESIAN_POINT('Ctrl Pts',(58.6271932306357,-44.4767673270163,6.51487086336988));
#9464=CARTESIAN_POINT('Ctrl Pts',(56.3560370663666,-44.3201901443367,4.24657816388474));
#9465=CARTESIAN_POINT('Ctrl Pts',(53.2095119014308,-44.1636129616571,4.88121811869463));
#9466=CARTESIAN_POINT('Ctrl Pts',(51.9952280491236,-44.0070357789775,7.85261361830351));
#9467=CARTESIAN_POINT('Ctrl Pts',(53.7966095582429,-43.8504585962979,10.5092365508756));
#9468=CARTESIAN_POINT('Ctrl Pts',(57.0064404198225,-43.6938814136183,10.4810758553597));
#9469=CARTESIAN_POINT('Ctrl Pts',(58.7603960342375,-43.5373042309388,7.79232913632243));
#9470=CARTESIAN_POINT('Ctrl Pts',(57.4939967009079,-43.3807270482591,4.84406465183623));
#9471=CARTESIAN_POINT('Ctrl Pts',(54.3361211532567,-43.2241498655796,4.26282005459437));
#9472=CARTESIAN_POINT('Ctrl Pts',(52.1070549766481,-43.0675726829,6.57574063772494));
#9473=CARTESIAN_POINT('Ctrl Pts',(52.5643146515147,-42.9631878944469,8.65698260828509));
#9474=CARTESIAN_POINT('Ctrl Pts',(53.1798028959809,-42.9109955002204,9.37686343907873));
#9475=CARTESIAN_POINT('Ctrl Pts',(52.7638678140614,-47.0890044997796,8.19806642616078));
#9476=CARTESIAN_POINT('Ctrl Pts',(52.9927878677065,-47.0368121055531,9.05434671365023));
#9477=CARTESIAN_POINT('Ctrl Pts',(54.3554919261844,-46.9324273171,10.5102460912619));
#9478=CARTESIAN_POINT('Ctrl Pts',(57.3208736075377,-46.7758501344204,10.0172100262483));
#9479=CARTESIAN_POINT('Ctrl Pts',(58.5465742679566,-46.6192729517409,7.27368138395076));
#9480=CARTESIAN_POINT('Ctrl Pts',(56.9441248952335,-46.4626957690612,4.73415520930044));
#9481=CARTESIAN_POINT('Ctrl Pts',(53.9407515922377,-46.3061185863817,4.66155397275277));
#9482=CARTESIAN_POINT('Ctrl Pts',(52.2175245879273,-46.149541403702,7.12211007107179));
#9483=CARTESIAN_POINT('Ctrl Pts',(53.3114640167357,-45.9929642210225,9.91962773708188));
#9484=CARTESIAN_POINT('Ctrl Pts',(56.2467453143786,-45.8363870383428,10.5582644606512));
#9485=CARTESIAN_POINT('Ctrl Pts',(58.4041429917901,-45.6798098556633,8.46802136580068));
#9486=CARTESIAN_POINT('Ctrl Pts',(57.8587156438196,-45.5232326729837,5.51405550931891));
#9487=CARTESIAN_POINT('Ctrl Pts',(55.0971078274255,-45.3666554903041,4.33209794512092));
#9488=CARTESIAN_POINT('Ctrl Pts',(52.583462218297,-45.2100783076245,5.97680254909132));
#9489=CARTESIAN_POINT('Ctrl Pts',(52.560649281372,-45.0535011249449,8.98062465032336));
#9490=CARTESIAN_POINT('Ctrl Pts',(55.0490271189599,-44.8969239422653,10.6633139809315));
#9491=CARTESIAN_POINT('Ctrl Pts',(57.828264591671,-44.7403467595857,9.52344269307015));
#9492=CARTESIAN_POINT('Ctrl Pts',(58.4185003532356,-44.5837695769061,6.57808649034967));
#9493=CARTESIAN_POINT('Ctrl Pts',(56.2930840270799,-44.4271923942265,4.45534988076166));
#9494=CARTESIAN_POINT('Ctrl Pts',(53.3484710315369,-44.2706152115469,5.04926506035379));
#9495=CARTESIAN_POINT('Ctrl Pts',(52.2121076387926,-44.1140380288674,7.82998644168896));
#9496=CARTESIAN_POINT('Ctrl Pts',(53.8978946970987,-43.9574608461877,10.3161341765566));
#9497=CARTESIAN_POINT('Ctrl Pts',(56.9017510697825,-43.8008836635082,10.2897805497356));
#9498=CARTESIAN_POINT('Ctrl Pts',(58.5431555477655,-43.6443064808286,7.77357040820248));
#9499=CARTESIAN_POINT('Ctrl Pts',(57.3580209186119,-43.487729298149,5.01449572732577));
#9500=CARTESIAN_POINT('Ctrl Pts',(54.4027858931481,-43.3311521154694,4.47054953115338));
#9501=CARTESIAN_POINT('Ctrl Pts',(52.3167586448325,-43.1745749327898,6.63505025806367));
#9502=CARTESIAN_POINT('Ctrl Pts',(52.7446760172897,-43.0701901443367,8.58273916316922));
#9503=CARTESIAN_POINT('Ctrl Pts',(53.320668449658,-43.0179977501102,9.25642532122683));
#9504=CARTESIAN_POINT('Ctrl Pts',(52.9429131979649,-47.1960067496694,8.15019999797487));
#9505=CARTESIAN_POINT('Ctrl Pts',(53.1561361991557,-47.1438143554429,8.94776512978274));
#9506=CARTESIAN_POINT('Ctrl Pts',(54.4253996142946,-47.0394295669899,10.3038334592409));
#9507=CARTESIAN_POINT('Ctrl Pts',(57.1874450170721,-46.8828523843102,9.84460488663015));
#9508=CARTESIAN_POINT('Ctrl Pts',(58.3290993597757,-46.7262752016307,7.2892000557795));
#9509=CARTESIAN_POINT('Ctrl Pts',(56.8365299711724,-46.569698018951,4.9238092394699));
#9510=CARTESIAN_POINT('Ctrl Pts',(54.0390980329746,-46.4131208362715,4.85618627110011));
#9511=CARTESIAN_POINT('Ctrl Pts',(52.4340327372907,-46.2565436535918,7.14802199072205));
#9512=CARTESIAN_POINT('Ctrl Pts',(53.4529607185541,-46.0999664709123,9.75371381689719));
#9513=CARTESIAN_POINT('Ctrl Pts',(56.1869697215076,-45.9433892882327,10.3485592081233));
#9514=CARTESIAN_POINT('Ctrl Pts',(58.1964345989387,-45.7868121055531,8.40164412224327));
#9515=CARTESIAN_POINT('Ctrl Pts',(57.6884072146448,-45.6302349228735,5.65023176100772));
#9516=CARTESIAN_POINT('Ctrl Pts',(55.1161628990111,-45.4736577401939,4.54932104958078));
#9517=CARTESIAN_POINT('Ctrl Pts',(52.7748780173506,-45.3170805575143,6.08124822741718));
#9518=CARTESIAN_POINT('Ctrl Pts',(52.7536293639467,-45.1605033748347,8.87909818974745));
#9519=CARTESIAN_POINT('Ctrl Pts',(55.071379085644,-45.0039261921551,10.4464054807899));
#9520=CARTESIAN_POINT('Ctrl Pts',(57.6600441917241,-44.8473490094755,9.38469518892672));
#9521=CARTESIAN_POINT('Ctrl Pts',(58.2098074758354,-44.690771826796,6.64130211732945));
#9522=CARTESIAN_POINT('Ctrl Pts',(56.2301309877931,-44.5341946441163,4.66412159763858));
#9523=CARTESIAN_POINT('Ctrl Pts',(53.487430161643,-44.3776174614368,5.21731200201295));
#9524=CARTESIAN_POINT('Ctrl Pts',(52.4289872284617,-44.2210402787572,7.80735926507442));
#9525=CARTESIAN_POINT('Ctrl Pts',(53.9991798359546,-44.0644630960776,10.1230318022376));
#9526=CARTESIAN_POINT('Ctrl Pts',(56.7970617197426,-43.907885913398,10.0984852441115));
#9527=CARTESIAN_POINT('Ctrl Pts',(58.3259150612936,-43.7513087307184,7.75481168008254));
#9528=CARTESIAN_POINT('Ctrl Pts',(57.2220451363157,-43.5947315480388,5.1849268028153));
#9529=CARTESIAN_POINT('Ctrl Pts',(54.4694506330396,-43.4381543653592,4.6782790077124));
#9530=CARTESIAN_POINT('Ctrl Pts',(52.5264623130169,-43.2815771826796,6.6943598784024));
#9531=CARTESIAN_POINT('Ctrl Pts',(52.9250373830647,-43.1771923942265,8.50849571805334));
#9532=CARTESIAN_POINT('Ctrl Pts',(53.461534003335,-43.125,9.13598720337493));
#9533=CARTESIAN_POINT('Ctrl Pts',(54.5791176151958,-43.125,4.52605734489415));
#9534=CARTESIAN_POINT('Ctrl Pts',(54.5316830852043,-43.125,4.54325037945737));
#9535=CARTESIAN_POINT('Ctrl Pts',(54.4847463872495,-43.125,4.561686127579));
#9536=CARTESIAN_POINT('Ctrl Pts',(54.4383548017954,-43.125,4.58137726288161));
#9537=CARTESIAN_POINT('Ctrl Pts',(54.3453049397841,-43.125,4.6208727318297));
#9538=CARTESIAN_POINT('Ctrl Pts',(54.2544459575239,-43.125,4.66541619775769));
#9539=CARTESIAN_POINT('Ctrl Pts',(54.166031404934,-43.125,4.71467229609589));
#9540=CARTESIAN_POINT('Ctrl Pts',(54.1190337700979,-43.125,4.74085486508871));
#9541=CARTESIAN_POINT('Ctrl Pts',(54.0727273628687,-43.125,4.76836973452881));
#9542=CARTESIAN_POINT('Ctrl Pts',(54.0271544248743,-43.125,4.79717070619111));
#9543=CARTESIAN_POINT('Ctrl Pts',(54.002171354777,-43.125,4.81295938968565));
#9544=CARTESIAN_POINT('Ctrl Pts',(53.9774087633144,-43.125,4.82913462153436));
#9545=CARTESIAN_POINT('Ctrl Pts',(53.9528740294412,-43.125,4.84568908459742));
#9546=CARTESIAN_POINT('Ctrl Pts',(53.9370016071513,-43.125,4.85639877600377));
#9547=CARTESIAN_POINT('Ctrl Pts',(53.9212246600651,-43.125,4.86726723180004));
#9548=CARTESIAN_POINT('Ctrl Pts',(53.9055569751269,-43.125,4.87828392534169));
#9549=CARTESIAN_POINT('Ctrl Pts',(53.8230120751101,-43.125,4.9363251656717));
#9550=CARTESIAN_POINT('Ctrl Pts',(53.7434120377009,-43.125,4.99853457236641));
#9551=CARTESIAN_POINT('Ctrl Pts',(53.6670159444054,-43.125,5.064583718415));
#9552=CARTESIAN_POINT('Ctrl Pts',(53.604516710425,-43.125,5.11861817037484));
#9553=CARTESIAN_POINT('Ctrl Pts',(53.5441623239375,-43.125,5.17522344647373));
#9554=CARTESIAN_POINT('Ctrl Pts',(53.4861161365662,-43.125,5.23423424753512));
#9555=CARTESIAN_POINT('Ctrl Pts',(53.4629758727057,-43.125,5.25775905715688));
#9556=CARTESIAN_POINT('Ctrl Pts',(53.440202671512,-43.125,5.28166627854881));
#9557=CARTESIAN_POINT('Ctrl Pts',(53.4178078596073,-43.125,5.30594583549454));
#9558=CARTESIAN_POINT('Ctrl Pts',(53.4047774503555,-43.125,5.32007288263398));
#9559=CARTESIAN_POINT('Ctrl Pts',(53.3918738257083,-43.125,5.33432763275753));
#9560=CARTESIAN_POINT('Ctrl Pts',(53.3791138459976,-43.125,5.34869131634133));
#9561=CARTESIAN_POINT('Ctrl Pts',(53.3134489157119,-43.125,5.42260916751088));
#9562=CARTESIAN_POINT('Ctrl Pts',(53.251496651369,-43.125,5.49950304340249));
#9563=CARTESIAN_POINT('Ctrl Pts',(53.1934948956111,-43.125,5.57906488164879));
#9564=CARTESIAN_POINT('Ctrl Pts',(53.135932155846,-43.125,5.6580245153765));
#9565=CARTESIAN_POINT('Ctrl Pts',(53.0822599094874,-43.125,5.7396127163362));
#9566=CARTESIAN_POINT('Ctrl Pts',(53.032756510439,-43.125,5.82355064786788));
#9567=CARTESIAN_POINT('Ctrl Pts',(52.9847901499471,-43.125,5.90488237781352));
#9568=CARTESIAN_POINT('Ctrl Pts',(52.9407375965344,-43.125,5.98842093587218));
#9569=CARTESIAN_POINT('Ctrl Pts',(52.9008995036427,-43.125,6.0739220149945));
#9570=CARTESIAN_POINT('Ctrl Pts',(52.8762303248056,-43.125,6.1268673559617));
#9571=CARTESIAN_POINT('Ctrl Pts',(52.8531781392448,-43.125,6.18056537198733));
#9572=CARTESIAN_POINT('Ctrl Pts',(52.8318243770148,-43.125,6.23495812123027));
#9573=CARTESIAN_POINT('Ctrl Pts',(52.8263297595193,-43.125,6.24895412569991));
#9574=CARTESIAN_POINT('Ctrl Pts',(52.8209469244831,-43.125,6.26299803658614));
#9575=CARTESIAN_POINT('Ctrl Pts',(52.8156796137126,-43.125,6.27708278053861));
#9576=CARTESIAN_POINT('Ctrl Pts',(52.7830083799213,-43.125,6.36444538028024));
#9577=CARTESIAN_POINT('Ctrl Pts',(52.7548757295307,-43.125,6.45311200087333));
#9578=CARTESIAN_POINT('Ctrl Pts',(52.7315220662326,-43.125,6.54283225487329));
#9579=CARTESIAN_POINT('Ctrl Pts',(52.7147436668076,-43.125,6.60729161779681));
#9580=CARTESIAN_POINT('Ctrl Pts',(52.7004329805483,-43.125,6.67229519387437));
#9581=CARTESIAN_POINT('Ctrl Pts',(52.6886957291805,-43.125,6.7377521391212));
#9582=CARTESIAN_POINT('Ctrl Pts',(52.6720412019913,-43.125,6.83063201705697));
#9583=CARTESIAN_POINT('Ctrl Pts',(52.6605662002164,-43.125,6.92442556570819));
#9584=CARTESIAN_POINT('Ctrl Pts',(52.6541626519176,-43.125,7.01875424794073));
#9585=CARTESIAN_POINT('Ctrl Pts',(52.6475893898817,-43.125,7.11558293055412));
#9586=CARTESIAN_POINT('Ctrl Pts',(52.6463601652572,-43.125,7.21297661019415));
#9587=CARTESIAN_POINT('Ctrl Pts',(52.6504108104814,-43.125,7.31050568365703));
#9588=CARTESIAN_POINT('Ctrl Pts',(52.6510038424553,-43.125,7.32478436168224));
#9589=CARTESIAN_POINT('Ctrl Pts',(52.651710223639,-43.125,7.33906621494345));
#9590=CARTESIAN_POINT('Ctrl Pts',(52.6525287563751,-43.125,7.35333482202714));
#9591=CARTESIAN_POINT('Ctrl Pts',(52.6578303080584,-43.125,7.44575111103385));
#9592=CARTESIAN_POINT('Ctrl Pts',(52.6678378670009,-43.125,7.53776740756576));
#9593=CARTESIAN_POINT('Ctrl Pts',(52.6824105915197,-43.125,7.62903260607151));
#9594=CARTESIAN_POINT('Ctrl Pts',(52.6969888343984,-43.125,7.72033236463603));
#9595=CARTESIAN_POINT('Ctrl Pts',(52.7161361251051,-43.125,7.81088137395646));
#9596=CARTESIAN_POINT('Ctrl Pts',(52.7397606716429,-43.125,7.90031126896457));
#9597=CARTESIAN_POINT('Ctrl Pts',(52.7630478492379,-43.125,7.988464065634));
#9598=CARTESIAN_POINT('Ctrl Pts',(52.7906858094622,-43.125,8.07553026144676));
#9599=CARTESIAN_POINT('Ctrl Pts',(52.8226275059814,-43.125,8.16112817573885));
#9600=CARTESIAN_POINT('Ctrl Pts',(52.8403662333687,-43.125,8.20866472614238));
#9601=CARTESIAN_POINT('Ctrl Pts',(52.8594329654349,-43.125,8.255747861142));
#9602=CARTESIAN_POINT('Ctrl Pts',(52.8798243924897,-43.125,8.30230695565475));
#9603=CARTESIAN_POINT('Ctrl Pts',(52.8874843929337,-43.125,8.31979679016627));
#9604=CARTESIAN_POINT('Ctrl Pts',(52.8953335957583,-43.125,8.3372172119617));
#9605=CARTESIAN_POINT('Ctrl Pts',(52.9033587643816,-43.125,8.35453665831486));
#9606=CARTESIAN_POINT('Ctrl Pts',(52.9409166127601,-43.125,8.43559179505575));
#9607=CARTESIAN_POINT('Ctrl Pts',(52.9823684110634,-43.125,8.51454220433262));
#9608=CARTESIAN_POINT('Ctrl Pts',(53.0276257997534,-43.125,8.59105577898998));
#9609=CARTESIAN_POINT('Ctrl Pts',(53.072205497054,-43.125,8.66642362712145));
#9610=CARTESIAN_POINT('Ctrl Pts',(53.1204781493196,-43.125,8.73942774256107));
#9611=CARTESIAN_POINT('Ctrl Pts',(53.1723960498229,-43.125,8.80971719585301));
#9612=CARTESIAN_POINT('Ctrl Pts',(53.2226838616184,-43.125,8.87779974087286));
#9613=CARTESIAN_POINT('Ctrl Pts',(53.276392090813,-43.125,8.94333584266222));
#9614=CARTESIAN_POINT('Ctrl Pts',(53.3335050113457,-43.125,9.00596714370761));
#9615=CARTESIAN_POINT('Ctrl Pts',(53.3744319413901,-43.125,9.05084852698417));
#9616=CARTESIAN_POINT('Ctrl Pts',(53.4171077939013,-43.125,9.09423747546809));
#9617=CARTESIAN_POINT('Ctrl Pts',(53.461534003335,-43.125,9.13598720337493));
#9618=CARTESIAN_POINT('Ctrl Pts',(55.3770702195128,-45.987583302492,10.0164881718883));
#9619=CARTESIAN_POINT('Ctrl Pts',(55.6103092906179,-45.9728519644055,10.0183915756198));
#9620=CARTESIAN_POINT('Ctrl Pts',(55.8430709227592,-45.9581206263191,9.98853622414586));
#9621=CARTESIAN_POINT('Ctrl Pts',(56.0662123672539,-45.9433892882327,9.92493246193895));
#9622=CARTESIAN_POINT('Ctrl Pts',(56.856791347318,-45.8911968940062,9.69958751282997));
#9623=CARTESIAN_POINT('Ctrl Pts',(57.5266129731284,-45.8390044997796,9.05061581753662));
#9624=CARTESIAN_POINT('Ctrl Pts',(57.7768525553179,-45.7868121055531,8.26756124301736));
#9625=CARTESIAN_POINT('Ctrl Pts',(58.0270921375074,-45.7346197113266,7.48450666849809));
#9626=CARTESIAN_POINT('Ctrl Pts',(57.8577496760761,-45.6824273171,6.5673692147529));
#9627=CARTESIAN_POINT('Ctrl Pts',(57.3443710594215,-45.6302349228735,5.92531536930916));
#9628=CARTESIAN_POINT('Ctrl Pts',(56.8309924427669,-45.5780425286469,5.28326152386541));
#9629=CARTESIAN_POINT('Ctrl Pts',(55.973577670889,-45.5258501344204,4.9162912867231));
#9630=CARTESIAN_POINT('Ctrl Pts',(55.1546561380066,-45.4736577401939,4.98812736445801));
#9631=CARTESIAN_POINT('Ctrl Pts',(54.3357346051243,-45.4214653459674,5.05996344219292));
#9632=CARTESIAN_POINT('Ctrl Pts',(53.5553063112375,-45.3692729517408,5.57060583480505));
#9633=CARTESIAN_POINT('Ctrl Pts',(53.1615507220601,-45.3170805575143,6.29223535816616));
#9634=CARTESIAN_POINT('Ctrl Pts',(52.7677951328827,-45.2648881632878,7.01386488152727));
#9635=CARTESIAN_POINT('Ctrl Pts',(52.7607122484147,-45.2126957690613,7.94648153563736));
#9636=CARTESIAN_POINT('Ctrl Pts',(53.1434624264636,-45.1605033748347,8.67400774453282));
#9637=CARTESIAN_POINT('Ctrl Pts',(53.5262126045125,-45.1083109806082,9.40153395342828));
#9638=CARTESIAN_POINT('Ctrl Pts',(54.2987958450782,-45.0561185863817,9.92396971710911));
#9639=CARTESIAN_POINT('Ctrl Pts',(55.1165316497078,-45.0039261921551,10.008235883639));
#9640=CARTESIAN_POINT('Ctrl Pts',(55.2018835879657,-44.9984785622674,10.0170312434632));
#9641=CARTESIAN_POINT('Ctrl Pts',(55.2877274334084,-44.9930309323797,10.02105303666));
#9642=CARTESIAN_POINT('Ctrl Pts',(55.3736254346956,-44.987583302492,10.0204807999817));
#9643=CARTESIAN_POINT('Origin',(63.875,-43.125,3.5));
#9644=CARTESIAN_POINT('',(31.9375,-43.125,3.5));
#9645=CARTESIAN_POINT('Ctrl Pts',(-56.1708822858052,-43.125,4.52605690653288));
#9646=CARTESIAN_POINT('Ctrl Pts',(-56.218316805782,-43.125,4.54324993093381));
#9647=CARTESIAN_POINT('Ctrl Pts',(-56.2652534923839,-43.125,4.56168566771344));
#9648=CARTESIAN_POINT('Ctrl Pts',(-56.3116450650498,-43.125,4.58137679039304));
#9649=CARTESIAN_POINT('Ctrl Pts',(-56.4046949006023,-43.125,4.62087223367912));
#9650=CARTESIAN_POINT('Ctrl Pts',(-56.495553850669,-43.125,4.66541566870485));
#9651=CARTESIAN_POINT('Ctrl Pts',(-56.5839683668804,-43.125,4.71467173242365));
#9652=CARTESIAN_POINT('Ctrl Pts',(-56.630965982836,-43.125,4.74085428326864));
#9653=CARTESIAN_POINT('Ctrl Pts',(-56.6772723699881,-43.125,4.76836913353601));
#9654=CARTESIAN_POINT('Ctrl Pts',(-56.7228452869394,-43.125,4.79717008522747));
#9655=CARTESIAN_POINT('Ctrl Pts',(-56.7478283578597,-43.125,4.81295876558443));
#9656=CARTESIAN_POINT('Ctrl Pts',(-56.772590949637,-43.125,4.82913399443817));
#9657=CARTESIAN_POINT('Ctrl Pts',(-56.7971256833435,-43.125,4.84568845467556));
#9658=CARTESIAN_POINT('Ctrl Pts',(-56.8129980957412,-43.125,4.85639813765201));
#9659=CARTESIAN_POINT('Ctrl Pts',(-56.8287750328388,-43.125,4.86726658488502));
#9660=CARTESIAN_POINT('Ctrl Pts',(-56.8444427077252,-43.125,4.8782832697571));
#9661=CARTESIAN_POINT('Ctrl Pts',(-56.9269875656388,-43.125,4.93632447204396));
#9662=CARTESIAN_POINT('Ctrl Pts',(-57.006587558347,-43.125,4.99853383879056));
#9663=CARTESIAN_POINT('Ctrl Pts',(-57.0829836058814,-43.125,5.06458294450285));
#9664=CARTESIAN_POINT('Ctrl Pts',(-57.1454828005574,-43.125,5.1186173618492));
#9665=CARTESIAN_POINT('Ctrl Pts',(-57.2058371471578,-43.125,5.17522260292027));
#9666=CARTESIAN_POINT('Ctrl Pts',(-57.2638832949239,-43.125,5.23423336939587));
#9667=CARTESIAN_POINT('Ctrl Pts',(-57.2870235695277,-43.125,5.25775819220287));
#9668=CARTESIAN_POINT('Ctrl Pts',(-57.309796780668,-43.125,5.28166542772738));
#9669=CARTESIAN_POINT('Ctrl Pts',(-57.3321916017392,-43.125,5.30594499977375));
#9670=CARTESIAN_POINT('Ctrl Pts',(-57.3452219781643,-43.125,5.32007201432763));
#9671=CARTESIAN_POINT('Ctrl Pts',(-57.3581255704374,-43.125,5.33432673141757));
#9672=CARTESIAN_POINT('Ctrl Pts',(-57.3708855183325,-43.125,5.34869038163107));
#9673=CARTESIAN_POINT('Ctrl Pts',(-57.4365504051119,-43.125,5.42260819640299));
#9674=CARTESIAN_POINT('Ctrl Pts',(-57.4985026269753,-43.125,5.49950203775728));
#9675=CARTESIAN_POINT('Ctrl Pts',(-57.5565043427223,-43.125,5.57906384474739));
#9676=CARTESIAN_POINT('Ctrl Pts',(-57.6140670513673,-43.125,5.65802345923575));
#9677=CARTESIAN_POINT('Ctrl Pts',(-57.6677392678751,-43.125,5.73961164496922));
#9678=CARTESIAN_POINT('Ctrl Pts',(-57.717242639654,-43.125,5.82354956659548));
#9679=CARTESIAN_POINT('Ctrl Pts',(-57.7652089866733,-43.125,5.90488130890154));
#9680=CARTESIAN_POINT('Ctrl Pts',(-57.8092615269243,-43.125,5.98841988550634));
#9681=CARTESIAN_POINT('Ctrl Pts',(-57.8490996079409,-43.125,6.07392099042714));
#9682=CARTESIAN_POINT('Ctrl Pts',(-57.873768760296,-43.125,6.12686630631592));
#9683=CARTESIAN_POINT('Ctrl Pts',(-57.8968209223745,-43.125,6.1805642988784));
#9684=CARTESIAN_POINT('Ctrl Pts',(-57.9181746645459,-43.125,6.2349570266794));
#9685=CARTESIAN_POINT('Ctrl Pts',(-57.9236692702522,-43.125,6.24895300874916));
#9686=CARTESIAN_POINT('Ctrl Pts',(-57.9290520940086,-43.125,6.26299689728985));
#9687=CARTESIAN_POINT('Ctrl Pts',(-57.9343193939822,-43.125,6.27708161885225));
#9688=CARTESIAN_POINT('Ctrl Pts',(-57.9669906216627,-43.125,6.36444424245203));
#9689=CARTESIAN_POINT('Ctrl Pts',(-57.9951232692813,-43.125,6.45311089438016));
#9690=CARTESIAN_POINT('Ctrl Pts',(-58.018476934212,-43.125,6.54283118826017));
#9691=CARTESIAN_POINT('Ctrl Pts',(-58.0352553130042,-43.125,6.60729049606185));
#9692=CARTESIAN_POINT('Ctrl Pts',(-58.049565987315,-43.125,6.67229402001522));
#9693=CARTESIAN_POINT('Ctrl Pts',(-58.0613032362386,-43.125,6.73775091691334));
#9694=CARTESIAN_POINT('Ctrl Pts',(-58.0779577789112,-43.125,6.83063083193391));
#9695=CARTESIAN_POINT('Ctrl Pts',(-58.089432803522,-43.125,6.92442442735083));
#9696=CARTESIAN_POINT('Ctrl Pts',(-58.0958363800937,-43.125,7.01875316372865));
#9697=CARTESIAN_POINT('Ctrl Pts',(-58.1024096699107,-43.125,7.11558188364013));
#9698=CARTESIAN_POINT('Ctrl Pts',(-58.103638930066,-43.125,7.21297560814544));
#9699=CARTESIAN_POINT('Ctrl Pts',(-58.0995883259887,-43.125,7.31050473178109));
#9700=CARTESIAN_POINT('Ctrl Pts',(-58.0989953005553,-43.125,7.32478340471706));
#9701=CARTESIAN_POINT('Ctrl Pts',(-58.0982889262308,-43.125,7.33906525298332));
#9702=CARTESIAN_POINT('Ctrl Pts',(-58.0974704006561,-43.125,7.35333385519461));
#9703=CARTESIAN_POINT('Ctrl Pts',(-58.09216889011,-43.125,7.44575020410357));
#9704=CARTESIAN_POINT('Ctrl Pts',(-58.0821613757261,-43.125,7.53776656471527));
#9705=CARTESIAN_POINT('Ctrl Pts',(-58.067588697303,-43.125,7.62903182931497));
#9706=CARTESIAN_POINT('Ctrl Pts',(-58.0530105054172,-43.125,7.72033162343731));
#9707=CARTESIAN_POINT('Ctrl Pts',(-58.0338632703015,-43.125,7.81088067083701));
#9708=CARTESIAN_POINT('Ctrl Pts',(-58.0102387819745,-43.125,7.90031060465361));
#9709=CARTESIAN_POINT('Ctrl Pts',(-57.9869516691824,-43.125,7.98846341147648));
#9710=CARTESIAN_POINT('Ctrl Pts',(-57.9593137790822,-43.125,8.07552961884478));
#9711=CARTESIAN_POINT('Ctrl Pts',(-57.9273721560699,-43.125,8.16112754472701));
#9712=CARTESIAN_POINT('Ctrl Pts',(-57.9096334793763,-43.125,8.20866407511175));
#9713=CARTESIAN_POINT('Ctrl Pts',(-57.8905668005253,-43.125,8.25574719060766));
#9714=CARTESIAN_POINT('Ctrl Pts',(-57.870175428869,-43.125,8.30230626601622));
#9715=CARTESIAN_POINT('Ctrl Pts',(-57.8625153907692,-43.125,8.31979622684523));
#9716=CARTESIAN_POINT('Ctrl Pts',(-57.8546661476913,-43.125,8.33721677400317));
#9717=CARTESIAN_POINT('Ctrl Pts',(-57.8466409363555,-43.125,8.35453634428923));
#9718=CARTESIAN_POINT('Ctrl Pts',(-57.8090831502901,-43.125,8.43559149515462));
#9719=CARTESIAN_POINT('Ctrl Pts',(-57.7676314149323,-43.125,8.51454191690576));
#9720=CARTESIAN_POINT('Ctrl Pts',(-57.7223740879328,-43.125,8.59105550094945));
#9721=CARTESIAN_POINT('Ctrl Pts',(-57.6777944610673,-43.125,8.6664233419809));
#9722=CARTESIAN_POINT('Ctrl Pts',(-57.6295218796237,-43.125,8.73942744834989));
#9723=CARTESIAN_POINT('Ctrl Pts',(-57.5776040484981,-43.125,8.80971688945163));
#9724=CARTESIAN_POINT('Ctrl Pts',(-57.5273163138752,-43.125,8.87779940916179));
#9725=CARTESIAN_POINT('Ctrl Pts',(-57.4736081618579,-43.125,8.94333548372406));
#9726=CARTESIAN_POINT('Ctrl Pts',(-57.4164953168074,-43.125,9.00596675480624));
#9727=CARTESIAN_POINT('Ctrl Pts',(-57.375568291255,-43.125,9.05084828066424));
#9728=CARTESIAN_POINT('Ctrl Pts',(-57.332892329583,-43.125,9.0942373594232));
#9729=CARTESIAN_POINT('Ctrl Pts',(-57.2884659966654,-43.125,9.13598720337459));
#9730=CARTESIAN_POINT('Ctrl Pts',(-53.4579379708584,-43.125,9.13820682002246));
#9731=CARTESIAN_POINT('Ctrl Pts',(-53.4274796238132,-43.125,9.10981552235655));
#9732=CARTESIAN_POINT('Ctrl Pts',(-53.3978137486984,-43.125,9.08064518162442));
#9733=CARTESIAN_POINT('Ctrl Pts',(-53.3689784947793,-43.125,9.0507127548635));
#9734=CARTESIAN_POINT('Ctrl Pts',(-53.3098412975982,-43.125,8.98932540490488));
#9735=CARTESIAN_POINT('Ctrl Pts',(-53.2541956731476,-43.125,8.92473567377261));
#9736=CARTESIAN_POINT('Ctrl Pts',(-53.2020464257885,-43.125,8.85732068907635));
#9737=CARTESIAN_POINT('Ctrl Pts',(-53.1718140409774,-43.125,8.81823832715196));
#9738=CARTESIAN_POINT('Ctrl Pts',(-53.1427572397265,-43.125,8.77820556537857));
#9739=CARTESIAN_POINT('Ctrl Pts',(-53.1148815519752,-43.125,8.73728955106825));
#9740=CARTESIAN_POINT('Ctrl Pts',(-53.1012759254137,-43.125,8.71731917343826));
#9741=CARTESIAN_POINT('Ctrl Pts',(-53.0879517225305,-43.125,8.69713831964349));
#9742=CARTESIAN_POINT('Ctrl Pts',(-53.0749099056825,-43.125,8.67675445583798));
#9743=CARTESIAN_POINT('Ctrl Pts',(-53.0653697036379,-43.125,8.66184348281772));
#9744=CARTESIAN_POINT('Ctrl Pts',(-53.0559852080849,-43.125,8.64683101057284));
#9745=CARTESIAN_POINT('Ctrl Pts',(-53.0467582898739,-43.125,8.63172338265795));
#9746=CARTESIAN_POINT('Ctrl Pts',(-53.0001733762149,-43.125,8.55544791061858));
#9747=CARTESIAN_POINT('Ctrl Pts',(-52.9575867035489,-43.125,8.47672579041936));
#9748=CARTESIAN_POINT('Ctrl Pts',(-52.9190127651322,-43.125,8.39596186947707));
#9749=CARTESIAN_POINT('Ctrl Pts',(-52.8859720168827,-43.125,8.32678302777641));
#9750=CARTESIAN_POINT('Ctrl Pts',(-52.8558757652293,-43.125,8.25610506137435));
#9751=CARTESIAN_POINT('Ctrl Pts',(-52.8287545298774,-43.125,8.1841606957264));
#9752=CARTESIAN_POINT('Ctrl Pts',(-52.8217006246728,-43.125,8.16544883659823));
#9753=CARTESIAN_POINT('Ctrl Pts',(-52.8148480780032,-43.125,8.14665122381114));
#9754=CARTESIAN_POINT('Ctrl Pts',(-52.8081976675351,-43.125,8.1277717815614));
#9755=CARTESIAN_POINT('Ctrl Pts',(-52.8030008029225,-43.125,8.11301872146046));
#9756=CARTESIAN_POINT('Ctrl Pts',(-52.797927734286,-43.125,8.0982164927387));
#9757=CARTESIAN_POINT('Ctrl Pts',(-52.7929828025912,-43.125,8.08337957063341));
#9758=CARTESIAN_POINT('Ctrl Pts',(-52.7638962246424,-43.125,7.99610732543984));
#9759=CARTESIAN_POINT('Ctrl Pts',(-52.7391998704606,-43.125,7.9075252633879));
#9760=CARTESIAN_POINT('Ctrl Pts',(-52.7189039749906,-43.125,7.81804521185617));
#9761=CARTESIAN_POINT('Ctrl Pts',(-52.6982652135635,-43.125,7.72705354121147));
#9762=CARTESIAN_POINT('Ctrl Pts',(-52.6821763834842,-43.125,7.63513246841311));
#9763=CARTESIAN_POINT('Ctrl Pts',(-52.6706899843119,-43.125,7.54268135672026));
#9764=CARTESIAN_POINT('Ctrl Pts',(-52.6609450398723,-43.125,7.4642467721899));
#9765=CARTESIAN_POINT('Ctrl Pts',(-52.6545133516168,-43.125,7.3854297981078));
#9766=CARTESIAN_POINT('Ctrl Pts',(-52.6514536119841,-43.125,7.30646269204349));
#9767=CARTESIAN_POINT('Ctrl Pts',(-52.6491588072596,-43.125,7.24723736249525));
#9768=CARTESIAN_POINT('Ctrl Pts',(-52.6487612111632,-43.125,7.18792733073653));
#9769=CARTESIAN_POINT('Ctrl Pts',(-52.6502954964187,-43.125,7.12862893801604));
#9770=CARTESIAN_POINT('Ctrl Pts',(-52.6506716253938,-43.125,7.1140919778246));
#9771=CARTESIAN_POINT('Ctrl Pts',(-52.6511638988169,-43.125,7.0995557153241));
#9772=CARTESIAN_POINT('Ctrl Pts',(-52.6517729103031,-43.125,7.0850215693625));
#9773=CARTESIAN_POINT('Ctrl Pts',(-52.652372387234,-43.125,7.07071496692354));
#9774=CARTESIAN_POINT('Ctrl Pts',(-52.6530846338655,-43.125,7.0564190375328));
#9775=CARTESIAN_POINT('Ctrl Pts',(-52.6539095710121,-43.125,7.04213873884582));
#9776=CARTESIAN_POINT('Ctrl Pts',(-52.6594497414191,-43.125,6.94623411324141));
#9777=CARTESIAN_POINT('Ctrl Pts',(-52.6700708373323,-43.125,6.8509846794733));
#9778=CARTESIAN_POINT('Ctrl Pts',(-52.6858201564259,-43.125,6.75680680011951));
#9779=CARTESIAN_POINT('Ctrl Pts',(-52.6944976916672,-43.125,6.70491681921398));
#9780=CARTESIAN_POINT('Ctrl Pts',(-52.7047328701109,-43.125,6.65335173079482));
#9781=CARTESIAN_POINT('Ctrl Pts',(-52.7165400845728,-43.125,6.6021792364555));
#9782=CARTESIAN_POINT('Ctrl Pts',(-52.7372876116452,-43.125,6.51225940692343));
#9783=CARTESIAN_POINT('Ctrl Pts',(-52.7628859411469,-43.125,6.42355136378332));
#9784=CARTESIAN_POINT('Ctrl Pts',(-52.7930438587157,-43.125,6.33626942680109));
#9785=CARTESIAN_POINT('Ctrl Pts',(-52.8107606158377,-43.125,6.28499423927785));
#9786=CARTESIAN_POINT('Ctrl Pts',(-52.8300519822817,-43.125,6.23421125606009));
#9787=CARTESIAN_POINT('Ctrl Pts',(-52.8508670437432,-43.125,6.18396512368596));
#9788=CARTESIAN_POINT('Ctrl Pts',(-52.8642597147973,-43.125,6.15163613326389));
#9789=CARTESIAN_POINT('Ctrl Pts',(-52.8782832833213,-43.125,6.11952941056463));
#9790=CARTESIAN_POINT('Ctrl Pts',(-52.8929254026849,-43.125,6.08765720193282));
#9791=CARTESIAN_POINT('Ctrl Pts',(-52.8995234640795,-43.125,6.07329488291922));
#9792=CARTESIAN_POINT('Ctrl Pts',(-52.9062471409719,-43.125,6.05898018874305));
#9793=CARTESIAN_POINT('Ctrl Pts',(-52.9130953636141,-43.125,6.04471426338392));
#9794=CARTESIAN_POINT('Ctrl Pts',(-52.9198423531527,-43.125,6.03065922250882));
#9795=CARTESIAN_POINT('Ctrl Pts',(-52.9267072042265,-43.125,6.0166579325554));
#9796=CARTESIAN_POINT('Ctrl Pts',(-52.9336848487151,-43.125,6.00271856789536));
#9797=CARTESIAN_POINT('Ctrl Pts',(-52.9766414580364,-43.125,5.9169033844385));
#9798=CARTESIAN_POINT('Ctrl Pts',(-53.0239091248816,-43.125,5.8333500438459));
#9799=CARTESIAN_POINT('Ctrl Pts',(-53.075144287473,-43.125,5.75228215898809));
#9800=CARTESIAN_POINT('Ctrl Pts',(-53.1273513147936,-43.125,5.66967652126735));
#9801=CARTESIAN_POINT('Ctrl Pts',(-53.183678105533,-43.125,5.58965079827922));
#9802=CARTESIAN_POINT('Ctrl Pts',(-53.2438160268898,-43.125,5.51245018493622));
#9803=CARTESIAN_POINT('Ctrl Pts',(-53.3044523280545,-43.125,5.43460978847492));
#9804=CARTESIAN_POINT('Ctrl Pts',(-53.368963648946,-43.125,5.35964073464389));
#9805=CARTESIAN_POINT('Ctrl Pts',(-53.4370827682882,-43.125,5.28781451703127));
#9806=CARTESIAN_POINT('Ctrl Pts',(-53.4767823298659,-43.125,5.245954472795));
#9807=CARTESIAN_POINT('Ctrl Pts',(-53.5177081673838,-43.125,5.20516233246366));
#9808=CARTESIAN_POINT('Ctrl Pts',(-53.5598140153572,-43.125,5.16549660468734));
#9809=CARTESIAN_POINT('Ctrl Pts',(-53.5707663773508,-43.125,5.15517895452104));
#9810=CARTESIAN_POINT('Ctrl Pts',(-53.5818006152846,-43.125,5.14493570296404));
#9811=CARTESIAN_POINT('Ctrl Pts',(-53.5929092973765,-43.125,5.13477400810604));
#9812=CARTESIAN_POINT('Ctrl Pts',(-53.6679666918093,-43.125,5.06611506794095));
#9813=CARTESIAN_POINT('Ctrl Pts',(-53.7462488409616,-43.125,5.00133039202607));
#9814=CARTESIAN_POINT('Ctrl Pts',(-53.8274221844087,-43.125,4.94067158110199));
#9815=CARTESIAN_POINT('Ctrl Pts',(-53.908838049581,-43.125,4.87983153975372));
#9816=CARTESIAN_POINT('Ctrl Pts',(-53.9931629743252,-43.125,4.82314126344216));
#9817=CARTESIAN_POINT('Ctrl Pts',(-54.080106706205,-43.125,4.77087951405781));
#9818=CARTESIAN_POINT('Ctrl Pts',(-54.165418085426,-43.125,4.71959896945631));
#9819=CARTESIAN_POINT('Ctrl Pts',(-54.2532515268999,-43.125,4.67258158268193));
#9820=CARTESIAN_POINT('Ctrl Pts',(-54.343367985274,-43.125,4.6301250714103));
#9821=CARTESIAN_POINT('Ctrl Pts',(-54.420996282706,-43.125,4.59355209967593));
#9822=CARTESIAN_POINT('Ctrl Pts',(-54.5003194465321,-43.125,4.56036377645662));
#9823=CARTESIAN_POINT('Ctrl Pts',(-54.5812007174668,-43.125,4.53077704625439));
#9824=CARTESIAN_POINT('Origin',(-55.375,-49.0834234471777,7.5));
#9825=CARTESIAN_POINT('Ctrl Pts',(-55.3736101783371,43.4165765528223,10.577467473419));
#9826=CARTESIAN_POINT('Ctrl Pts',(-55.2855758648666,43.4211516955645,10.5779850969785));
#9827=CARTESIAN_POINT('Ctrl Pts',(-55.1975814518938,43.4257268383067,10.5745212329931));
#9828=CARTESIAN_POINT('Ctrl Pts',(-55.1099407265617,43.430301981049,10.5669410162742));
#9829=CARTESIAN_POINT('Ctrl Pts',(-54.1101513113347,43.4824943752755,10.4804672860315));
#9830=CARTESIAN_POINT('Ctrl Pts',(-53.1563902058327,43.534686769502,9.85829839223437));
#9831=CARTESIAN_POINT('Ctrl Pts',(-52.6745150619574,43.5868791637285,8.97791313776414));
#9832=CARTESIAN_POINT('Ctrl Pts',(-52.1926399180821,43.6390715579551,8.09752788329391));
#9833=CARTESIAN_POINT('Ctrl Pts',(-52.1826507358335,43.6912639521816,6.95892626815067));
#9834=CARTESIAN_POINT('Ctrl Pts',(-52.6488390878185,43.7434563464081,6.07012950239094));
#9835=CARTESIAN_POINT('Ctrl Pts',(-53.1150274398034,43.7956487406347,5.18133273663121));
#9836=CARTESIAN_POINT('Ctrl Pts',(-54.057393326022,43.8478411348612,4.54234082025514));
#9837=CARTESIAN_POINT('Ctrl Pts',(-55.0555878158726,43.9000335290877,4.43821222238105));
#9838=CARTESIAN_POINT('Ctrl Pts',(-56.0537823057234,43.9522259233142,4.33408362450695));
#9839=CARTESIAN_POINT('Ctrl Pts',(-57.1078053992064,44.0044183175408,4.76481834513522));
#9840=CARTESIAN_POINT('Ctrl Pts',(-57.7473777147073,44.0566107117673,5.53825852322645));
#9841=CARTESIAN_POINT('Ctrl Pts',(-58.3869500302081,44.1088031059939,6.31169870131758));
#9842=CARTESIAN_POINT('Ctrl Pts',(-58.612071567727,44.1609955002204,7.42784433687158));
#9843=CARTESIAN_POINT('Ctrl Pts',(-58.322324258461,44.2131878944469,8.38873310461129));
#9844=CARTESIAN_POINT('Ctrl Pts',(-58.032576949195,44.2653802886734,9.34962187235111));
#9845=CARTESIAN_POINT('Ctrl Pts',(-57.2279607931439,44.3175726829,10.1552537722765));
#9846=CARTESIAN_POINT('Ctrl Pts',(-56.2674390399347,44.3697650771265,10.4462062834281));
#9847=CARTESIAN_POINT('Ctrl Pts',(-55.980274333455,44.3853689023585,10.5331916038389));
#9848=CARTESIAN_POINT('Ctrl Pts',(-55.6791745483836,44.4009727275904,10.5741741003432));
#9849=CARTESIAN_POINT('Ctrl Pts',(-55.3774496479514,44.4165765528223,10.5718209793239));
#9850=CARTESIAN_POINT('Ctrl Pts',(-55.3774723954913,43.3334234471772,10.5701209939474));
#9851=CARTESIAN_POINT('Ctrl Pts',(-54.7020764824677,43.3683337532379,10.5656600657344));
#9852=CARTESIAN_POINT('Ctrl Pts',(-54.0232721362518,43.4032440592985,10.34619208222));
#9853=CARTESIAN_POINT('Ctrl Pts',(-53.4919782232257,43.4381543653592,9.93589982412684));
#9854=CARTESIAN_POINT('Ctrl Pts',(-52.697671197941,43.4903467595857,9.32249542585872));
#9855=CARTESIAN_POINT('Ctrl Pts',(-52.2330724613742,43.5425391538122,8.28256970529042));
#9856=CARTESIAN_POINT('Ctrl Pts',(-52.3044750283624,43.5947315480388,7.28130721569936));
#9857=CARTESIAN_POINT('Ctrl Pts',(-52.3758775953506,43.6469239422653,6.28004472610841));
#9858=CARTESIAN_POINT('Ctrl Pts',(-52.9832814658937,43.6991163364918,5.31744546749481));
#9859=CARTESIAN_POINT('Ctrl Pts',(-53.8561927487922,43.7513087307184,4.82238623369518));
#9860=CARTESIAN_POINT('Ctrl Pts',(-54.7291040316907,43.8035011249449,4.32732699989556));
#9861=CARTESIAN_POINT('Ctrl Pts',(-55.8675227269449,43.8556935191715,4.29980779091004));
#9862=CARTESIAN_POINT('Ctrl Pts',(-56.763323976757,43.907885913398,4.75238110008773));
#9863=CARTESIAN_POINT('Ctrl Pts',(-57.6591252265692,43.9600783076245,5.20495440926543));
#9864=CARTESIAN_POINT('Ctrl Pts',(-58.3123090309396,44.012270701851,6.13762023660616));
#9865=CARTESIAN_POINT('Ctrl Pts',(-58.4315737835031,44.0644630960776,7.13414819809744));
#9866=CARTESIAN_POINT('Ctrl Pts',(-58.5508385360667,44.1166554903041,8.13067615958896));
#9867=CARTESIAN_POINT('Ctrl Pts',(-58.1361842368233,44.1688478845306,9.19106625523093));
#9868=CARTESIAN_POINT('Ctrl Pts',(-57.3725526433622,44.2210402787572,9.84229789183664));
#9869=CARTESIAN_POINT('Ctrl Pts',(-56.8244565765528,44.2585013348972,10.309718964592));
#9870=CARTESIAN_POINT('Ctrl Pts',(-56.096579934331,44.2959623910372,10.566356286028));
#9871=CARTESIAN_POINT('Ctrl Pts',(-55.3724725603437,44.3334234471772,10.5722655331566));
#9872=CARTESIAN_POINT('Ctrl Pts',(-53.7390127966254,43.125,5.58653400333469));
#9873=CARTESIAN_POINT('Ctrl Pts',(-54.366504281947,43.1771923942265,5.05003738306457));
#9874=CARTESIAN_POINT('Ctrl Pts',(-56.1806379374653,43.2815771826796,4.65146035393155));
#9875=CARTESIAN_POINT('Ctrl Pts',(-58.1967210415089,43.4381543653592,6.59445105938658));
#9876=CARTESIAN_POINT('Ctrl Pts',(-57.6900725157271,43.5947315480388,9.34704464214478));
#9877=CARTESIAN_POINT('Ctrl Pts',(-55.1201885503129,43.7513087307184,10.4509147820786));
#9878=CARTESIAN_POINT('Ctrl Pts',(-52.7765149699308,43.907885913398,8.92206149741842));
#9879=CARTESIAN_POINT('Ctrl Pts',(-52.7519685899301,44.0644630960776,6.12418002731261));
#9880=CARTESIAN_POINT('Ctrl Pts',(-55.0676407407896,44.2210402787571,4.55398759248905));
#9881=CARTESIAN_POINT('Ctrl Pts',(-57.6576877274589,44.3776174614368,5.61243040281742));
#9882=CARTESIAN_POINT('Ctrl Pts',(-58.210878035613,44.5341946441163,8.35513087866662));
#9883=CARTESIAN_POINT('Ctrl Pts',(-56.2336977790407,44.690771826796,10.3348071188443));
#9884=CARTESIAN_POINT('Ctrl Pts',(-53.4903050464399,44.8473490094755,9.78504390321367));
#9885=CARTESIAN_POINT('Ctrl Pts',(-52.4285948918893,45.0039261921551,7.19637912426383));
#9886=CARTESIAN_POINT('Ctrl Pts',(-53.995901983902,45.1605033748347,4.87862969401626));
#9887=CARTESIAN_POINT('Ctrl Pts',(-56.7937515933091,45.3170805575144,4.89987834635252));
#9888=CARTESIAN_POINT('Ctrl Pts',(-58.3256785793359,45.4736577401939,7.24116292955344));
#9889=CARTESIAN_POINT('Ctrl Pts',(-57.224768003495,45.6302349228735,9.81340692702899));
#9890=CARTESIAN_POINT('Ctrl Pts',(-54.4733559955663,45.7868121055531,10.3214342348867));
#9891=CARTESIAN_POINT('Ctrl Pts',(-52.5264411438672,45.9433892882327,8.31196963517533));
#9892=CARTESIAN_POINT('Ctrl Pts',(-53.1212864797774,46.0999664709123,5.57796092958641));
#9893=CARTESIAN_POINT('Ctrl Pts',(-55.726977944837,46.2565436535919,4.55903316886992));
#9894=CARTESIAN_POINT('Ctrl Pts',(-58.0188134244402,46.4131208362715,6.16409808343422));
#9895=CARTESIAN_POINT('Ctrl Pts',(-57.9511903999227,46.5696980189511,8.96153000288328));
#9896=CARTESIAN_POINT('Ctrl Pts',(-55.5857999229786,46.7262752016307,10.4540985182662));
#9897=CARTESIAN_POINT('Ctrl Pts',(-53.030395436842,46.8828523843102,9.31244529913549));
#9898=CARTESIAN_POINT('Ctrl Pts',(-52.5711661634565,47.0394295669899,6.55039670463897));
#9899=CARTESIAN_POINT('Ctrl Pts',(-53.9272348702175,47.1438143554429,5.28113619915548));
#9900=CARTESIAN_POINT('Ctrl Pts',(-54.7248000020253,47.1960067496694,5.06791319796482));
#9901=CARTESIAN_POINT('Ctrl Pts',(-53.6185746787735,43.0179977501102,5.44566844965764));
#9902=CARTESIAN_POINT('Ctrl Pts',(-54.2922608368311,43.0701901443367,4.86967601728951));
#9903=CARTESIAN_POINT('Ctrl Pts',(-56.2399473970125,43.1745749327898,4.4417565415232));
#9904=CARTESIAN_POINT('Ctrl Pts',(-58.4044505216914,43.3311521154694,6.52778635088198));
#9905=CARTESIAN_POINT('Ctrl Pts',(-57.860503541049,43.487729298149,9.48302038806102));
#9906=CARTESIAN_POINT('Ctrl Pts',(-55.1014298391542,43.6443064808286,10.6681552479953));
#9907=CARTESIAN_POINT('Ctrl Pts',(-52.585219680064,43.8008836635082,9.02675083109132));
#9908=CARTESIAN_POINT('Ctrl Pts',(-52.5588662444817,43.9574608461877,6.0228949025441));
#9909=CARTESIAN_POINT('Ctrl Pts',(-55.0450135646068,44.1140380288674,4.337108029619));
#9910=CARTESIAN_POINT('Ctrl Pts',(-57.8257346492023,44.270615211547,5.47347129046608));
#9911=CARTESIAN_POINT('Ctrl Pts',(-58.4196497254907,44.4271923942265,8.41808390991967));
#9912=CARTESIAN_POINT('Ctrl Pts',(-56.2969133983914,44.5837695769062,10.5434999699635));
#9913=CARTESIAN_POINT('Ctrl Pts',(-53.3515575596237,44.7403467595857,9.95326428192095));
#9914=CARTESIAN_POINT('Ctrl Pts',(-52.2116864191836,44.8969239422653,7.1740271604228));
#9915=CARTESIAN_POINT('Ctrl Pts',(-53.8943755361098,45.0535011249449,4.68564963574059));
#9916=CARTESIAN_POINT('Ctrl Pts',(-56.8981972584372,45.2100783076245,4.70846257151928));
#9917=CARTESIAN_POINT('Ctrl Pts',(-58.5429016564773,45.3666554903041,7.22210786021636));
#9918=CARTESIAN_POINT('Ctrl Pts',(-57.360944237847,45.5232326729837,9.98371533503008));
#9919=CARTESIAN_POINT('Ctrl Pts',(-54.4069787606818,45.6798098556633,10.5291426009372));
#9920=CARTESIAN_POINT('Ctrl Pts',(-52.3167359172522,45.8363870383429,8.37174522169072));
#9921=CARTESIAN_POINT('Ctrl Pts',(-52.9553725814333,45.9929642210225,5.43646424330372));
#9922=CARTESIAN_POINT('Ctrl Pts',(-55.7528898597433,46.1495414037021,4.34252505127861));
#9923=CARTESIAN_POINT('Ctrl Pts',(-58.2134457003737,46.3061185863817,6.06575164641197));
#9924=CARTESIAN_POINT('Ctrl Pts',(-58.1408444035449,46.4626957690613,9.06912492927892));
#9925=CARTESIAN_POINT('Ctrl Pts',(-55.6013185932435,46.6192729517409,10.6715733644968));
#9926=CARTESIAN_POINT('Ctrl Pts',(-52.8577903210372,46.7758501344205,9.44587391036611));
#9927=CARTESIAN_POINT('Ctrl Pts',(-52.3647535036593,46.9324273171,6.48048880232573));
#9928=CARTESIAN_POINT('Ctrl Pts',(-53.82065328635,47.0368121055531,5.11778786770635));
#9929=CARTESIAN_POINT('Ctrl Pts',(-54.6769335738394,47.0890044997796,4.88886781406127));
#9930=CARTESIAN_POINT('Ctrl Pts',(-53.4981365609216,42.9109955002204,5.30480289598059));
#9931=CARTESIAN_POINT('Ctrl Pts',(-54.2180173917153,42.9631878944469,4.68931465151446));
#9932=CARTESIAN_POINT('Ctrl Pts',(-56.2992568565598,43.0675726829,4.23205272911485));
#9933=CARTESIAN_POINT('Ctrl Pts',(-58.612180001874,43.2241498655796,6.46112164237737));
#9934=CARTESIAN_POINT('Ctrl Pts',(-58.030934566371,43.3807270482591,9.61899613397728));
#9935=CARTESIAN_POINT('Ctrl Pts',(-55.0826711279955,43.5373042309388,10.885395713912));
#9936=CARTESIAN_POINT('Ctrl Pts',(-52.3939243901973,43.6938814136183,9.13144016476423));
#9937=CARTESIAN_POINT('Ctrl Pts',(-52.3657638990333,43.8504585962979,5.92160977777559));
#9938=CARTESIAN_POINT('Ctrl Pts',(-55.0223863884239,44.0070357789775,4.12022846674894));
#9939=CARTESIAN_POINT('Ctrl Pts',(-57.9937815709457,44.1636129616571,5.33451217811473));
#9940=CARTESIAN_POINT('Ctrl Pts',(-58.6284214153683,44.3201901443367,8.48103694117272));
#9941=CARTESIAN_POINT('Ctrl Pts',(-56.3601290177422,44.4767673270163,10.7521928210827));
#9942=CARTESIAN_POINT('Ctrl Pts',(-53.2128100728075,44.6333445096959,10.1214846606282));
#9943=CARTESIAN_POINT('Ctrl Pts',(-51.994777946478,44.7899216923755,7.15167519658178));
#9944=CARTESIAN_POINT('Ctrl Pts',(-53.7928490883176,44.9464988750551,4.49266957746492));
#9945=CARTESIAN_POINT('Ctrl Pts',(-57.0026429235653,45.1030760577347,4.51704679668605));
#9946=CARTESIAN_POINT('Ctrl Pts',(-58.7601247336187,45.2596532404142,7.20305279087928));
#9947=CARTESIAN_POINT('Ctrl Pts',(-57.497120472199,45.4162304230939,10.1540237430312));
#9948=CARTESIAN_POINT('Ctrl Pts',(-54.3406015257973,45.5728076057735,10.7368509669878));
#9949=CARTESIAN_POINT('Ctrl Pts',(-52.1070306906372,45.7293847884531,8.43152080820612));
#9950=CARTESIAN_POINT('Ctrl Pts',(-52.7894586830892,45.8859619711327,5.29496755702103));
#9951=CARTESIAN_POINT('Ctrl Pts',(-55.7788017746495,46.0425391538123,4.12601693368731));
#9952=CARTESIAN_POINT('Ctrl Pts',(-58.4080779763074,46.1991163364918,5.9674052093897));
#9953=CARTESIAN_POINT('Ctrl Pts',(-58.3304984071671,46.3556935191714,9.17671985567458));
#9954=CARTESIAN_POINT('Ctrl Pts',(-55.6168372635085,46.512270701851,10.8890482107273));
#9955=CARTESIAN_POINT('Ctrl Pts',(-52.6851852052323,46.6688478845306,9.57930252159675));
#9956=CARTESIAN_POINT('Ctrl Pts',(-52.1583408438621,46.8254250672102,6.41058090001249));
#9957=CARTESIAN_POINT('Ctrl Pts',(-53.7140717024825,46.9298098556633,4.95443953625722));
#9958=CARTESIAN_POINT('Ctrl Pts',(-54.6290671456536,46.9820022498898,4.70982243015772));
#9959=CARTESIAN_POINT('Ctrl Pts',(-53.3776984430697,42.8039932503306,5.16393734230354));
#9960=CARTESIAN_POINT('Ctrl Pts',(-54.1437739465994,42.8561856445571,4.5089532857394));
#9961=CARTESIAN_POINT('Ctrl Pts',(-56.3585663161071,42.9605704330102,4.0223489167065));
#9962=CARTESIAN_POINT('Ctrl Pts',(-58.8199094820566,43.1171476156898,6.39445693387276));
#9963=CARTESIAN_POINT('Ctrl Pts',(-58.201365591693,43.2737247983693,9.75497187989353));
#9964=CARTESIAN_POINT('Ctrl Pts',(-55.0639124168368,43.430301981049,11.1026361798287));
#9965=CARTESIAN_POINT('Ctrl Pts',(-52.2026291003306,43.5868791637285,9.23612949843714));
#9966=CARTESIAN_POINT('Ctrl Pts',(-52.172661553585,43.7434563464081,5.82032465300708));
#9967=CARTESIAN_POINT('Ctrl Pts',(-54.9997592122411,43.9000335290877,3.90334890387888));
#9968=CARTESIAN_POINT('Ctrl Pts',(-58.1618284926891,44.0566107117673,5.1955530657634));
#9969=CARTESIAN_POINT('Ctrl Pts',(-58.837193105246,44.2131878944469,8.54398997242577));
#9970=CARTESIAN_POINT('Ctrl Pts',(-56.4233446370929,44.3697650771265,10.9608856722018));
#9971=CARTESIAN_POINT('Ctrl Pts',(-53.0740625859913,44.5263422598061,10.2897050393355));
#9972=CARTESIAN_POINT('Ctrl Pts',(-51.7778694737723,44.6829194424857,7.12932323274076));
#9973=CARTESIAN_POINT('Ctrl Pts',(-53.6913226405254,44.8394966251653,4.29968951918926));
#9974=CARTESIAN_POINT('Ctrl Pts',(-57.1070885886933,44.9960738078449,4.32563102185282));
#9975=CARTESIAN_POINT('Ctrl Pts',(-58.9773478107602,45.1526509905244,7.1839977215422));
#9976=CARTESIAN_POINT('Ctrl Pts',(-57.633296706551,45.3092281732041,10.3243321510322));
#9977=CARTESIAN_POINT('Ctrl Pts',(-54.2742242909128,45.4658053558837,10.9445593330384));
#9978=CARTESIAN_POINT('Ctrl Pts',(-51.8973254640222,45.6223825385632,8.4912963947215));
#9979=CARTESIAN_POINT('Ctrl Pts',(-52.6235447847451,45.7789597212428,5.15347087073835));
#9980=CARTESIAN_POINT('Ctrl Pts',(-55.8047136895558,45.9355369039225,3.90950881609601));
#9981=CARTESIAN_POINT('Ctrl Pts',(-58.602710252241,46.092114086602,5.86905877236745));
#9982=CARTESIAN_POINT('Ctrl Pts',(-58.5201524107894,46.2486912692817,9.28431478207021));
#9983=CARTESIAN_POINT('Ctrl Pts',(-55.6323559337735,46.4052684519612,11.1065230569578));
#9984=CARTESIAN_POINT('Ctrl Pts',(-52.5125800894275,46.5618456346408,9.71273113282738));
#9985=CARTESIAN_POINT('Ctrl Pts',(-51.9519281840649,46.7184228173204,6.34067299769925));
#9986=CARTESIAN_POINT('Ctrl Pts',(-53.6074901186151,46.8228076057735,4.79109120480809));
#9987=CARTESIAN_POINT('Ctrl Pts',(-54.5812007174677,46.875,4.53077704625417));
#9988=CARTESIAN_POINT('Ctrl Pts',(-55.3770065035647,44.737583302492,10.0161247162674));
#9989=CARTESIAN_POINT('Ctrl Pts',(-55.6241489915563,44.72197947726,10.0180521547471));
#9990=CARTESIAN_POINT('Ctrl Pts',(-55.870779448339,44.706375652028,9.98448344319682));
#9991=CARTESIAN_POINT('Ctrl Pts',(-56.1059956997028,44.690771826796,9.91323387620955));
#9992=CARTESIAN_POINT('Ctrl Pts',(-56.8927578645649,44.6385794325694,9.67491503878498));
#9993=CARTESIAN_POINT('Ctrl Pts',(-57.551817950089,44.5863870383429,9.01502295872577));
#9994=CARTESIAN_POINT('Ctrl Pts',(-57.7891496081586,44.5341946441163,8.2279601727213));
#9995=CARTESIAN_POINT('Ctrl Pts',(-58.0264812662283,44.4820022498898,7.44089738671684));
#9996=CARTESIAN_POINT('Ctrl Pts',(-57.8420844968436,44.4298098556633,6.52666389476721));
#9997=CARTESIAN_POINT('Ctrl Pts',(-57.3182116143731,44.3776174614368,5.89314001373762));
#9998=CARTESIAN_POINT('Ctrl Pts',(-56.7943387319025,44.3254250672102,5.25961613270796));
#9999=CARTESIAN_POINT('Ctrl Pts',(-55.9309897363458,44.2732326729837,4.90680186259842));
#10000=CARTESIAN_POINT('Ctrl Pts',(-55.1133698800909,44.2210402787571,4.99209346668107));
#10001=CARTESIAN_POINT('Ctrl Pts',(-54.2957500238362,44.1688478845306,5.07738507076371));
#10002=CARTESIAN_POINT('Ctrl Pts',(-53.5238593068833,44.1166554903041,5.60078254903813));
#10003=CARTESIAN_POINT('Ctrl Pts',(-53.1420050117402,44.0644630960776,6.32879486652625));
#10004=CARTESIAN_POINT('Ctrl Pts',(-52.760150716597,44.012270701851,7.05680718401453));
#10005=CARTESIAN_POINT('Ctrl Pts',(-52.7683328432639,43.9600783076245,7.9894343407165));
#10006=CARTESIAN_POINT('Ctrl Pts',(-53.1630361699944,43.907885913398,8.71055679984422));
#10007=CARTESIAN_POINT('Ctrl Pts',(-53.5577394967249,43.8556935191714,9.43167925897186));
#10008=CARTESIAN_POINT('Ctrl Pts',(-54.3389640235188,43.8035011249449,9.94129702052521));
#10009=CARTESIAN_POINT('Ctrl Pts',(-55.1578902811515,43.7513087307184,10.0121275446463));
#10010=CARTESIAN_POINT('Ctrl Pts',(-55.2296766894873,43.7467335879763,10.0183364906653));
#10011=CARTESIAN_POINT('Ctrl Pts',(-55.3017528029265,43.7421584452341,10.0211737373167));
#10012=CARTESIAN_POINT('Ctrl Pts',(-55.3738615988134,43.7375833024919,10.0207497525077));
#10013=CARTESIAN_POINT('Ctrl Pts',(-58.3442229537457,43.125,8.29379928253273));
#10014=CARTESIAN_POINT('Ctrl Pts',(-58.0839087951917,43.1771923942265,9.26750988138529));
#10015=CARTESIAN_POINT('Ctrl Pts',(-56.534315876515,43.2815771826796,10.9230703743307));
#10016=CARTESIAN_POINT('Ctrl Pts',(-53.1622699345079,43.4381543653592,10.3624211464271));
#10017=CARTESIAN_POINT('Ctrl Pts',(-51.7684737248074,43.5947315480388,7.24264398472219));
#10018=CARTESIAN_POINT('Ctrl Pts',(-53.5906853364369,43.7513087307183,4.35484620888115));
#10019=CARTESIAN_POINT('Ctrl Pts',(-57.0059414221985,43.907885913398,4.27228858192443));
#10020=CARTESIAN_POINT('Ctrl Pts',(-58.9654928353101,44.0644630960775,7.07028606394694));
#10021=CARTESIAN_POINT('Ctrl Pts',(-57.72152993758,44.2210402787572,10.2514563508725));
#10022=CARTESIAN_POINT('Ctrl Pts',(-54.3837032745454,44.3776174614367,10.9776758835812));
#10023=CARTESIAN_POINT('Ctrl Pts',(-51.9304392733896,44.5341946441164,8.60077616004625));
#10024=CARTESIAN_POINT('Ctrl Pts',(-52.5506667478291,44.6907718267959,5.24170239192704));
#10025=CARTESIAN_POINT('Ctrl Pts',(-55.6910023954165,44.8473490094756,3.89765076861445));
#10026=CARTESIAN_POINT('Ctrl Pts',(-58.5493702376412,45.0039261921551,5.76791072499965));
#10027=CARTESIAN_POINT('Ctrl Pts',(-58.5753117444207,45.1605033748347,9.18367802425816));
#10028=CARTESIAN_POINT('Ctrl Pts',(-55.7456769151007,45.3170805575143,11.0971319529322));
#10029=CARTESIAN_POINT('Ctrl Pts',(-52.5852938561736,45.4736577401939,9.80093831509458));
#10030=CARTESIAN_POINT('Ctrl Pts',(-51.914112961122,45.6302349228735,6.45165496611475));
#10031=CARTESIAN_POINT('Ctrl Pts',(-54.3310096098345,45.7868121055531,4.03780549086638));
#10032=CARTESIAN_POINT('Ctrl Pts',(-57.6794478574593,45.9433892882327,4.71317047141538));
#10033=CARTESIAN_POINT('Ctrl Pts',(-58.9716524898507,46.0999664709123,7.87524081063624));
#10034=CARTESIAN_POINT('Ctrl Pts',(-57.0546760792777,46.2565436535919,10.7023399469689));
#10035=CARTESIAN_POINT('Ctrl Pts',(-53.6388696510055,46.4131208362715,10.6723717203881));
#10036=CARTESIAN_POINT('Ctrl Pts',(-51.7723627497662,46.5696980189511,7.81108846269969));
#10037=CARTESIAN_POINT('Ctrl Pts',(-53.120026229998,46.7262752016307,4.67363180231997));
#10038=CARTESIAN_POINT('Ctrl Pts',(-56.4805446891817,46.8828523843103,4.05509069749775));
#10039=CARTESIAN_POINT('Ctrl Pts',(-58.8526435931579,47.0394295669898,6.51642533169686));
#10040=CARTESIAN_POINT('Ctrl Pts',(-58.3660467142604,47.1438143554429,8.73122605340123));
#10041=CARTESIAN_POINT('Ctrl Pts',(-57.711062657696,47.1960067496694,9.49730155693086));
#10042=CARTESIAN_POINT('Ctrl Pts',(-58.1651775698422,43.0179977501102,8.24593285434682));
#10043=CARTESIAN_POINT('Ctrl Pts',(-57.9205604637426,43.0701901443367,9.1609282975178));
#10044=CARTESIAN_POINT('Ctrl Pts',(-56.4644086450913,43.1745749327898,10.7166578014629));
#10045=CARTESIAN_POINT('Ctrl Pts',(-53.2956984813777,43.3311521154693,10.1898159560997));
#10046=CARTESIAN_POINT('Ctrl Pts',(-51.9859487650989,43.487729298149,7.25816265990189));
#10047=CARTESIAN_POINT('Ctrl Pts',(-53.6982802556865,43.6443064808286,4.54450029573784));
#10048=CARTESIAN_POINT('Ctrl Pts',(-56.9075949734438,43.8008836635082,4.46692092815837));
#10049=CARTESIAN_POINT('Ctrl Pts',(-58.7489846181383,43.9574608461877,7.09619799371707));
#10050=CARTESIAN_POINT('Ctrl Pts',(-57.5800332025554,44.1140380288673,10.0855423840501));
#10051=CARTESIAN_POINT('Ctrl Pts',(-54.4434788810042,44.2706152115469,10.7679705757051));
#10052=CARTESIAN_POINT('Ctrl Pts',(-52.1381477234732,44.4271923942265,8.53439889796874));
#10053=CARTESIAN_POINT('Ctrl Pts',(-52.7209752222293,44.5837695769061,5.37787868064117));
#10054=CARTESIAN_POINT('Ctrl Pts',(-55.6719473190268,44.7403467595858,4.1148739314202));
#10055=CARTESIAN_POINT('Ctrl Pts',(-58.3579543868599,44.8969239422653,5.87235643151233));
#10056=CARTESIAN_POINT('Ctrl Pts',(-58.3823316099489,45.0535011249449,9.08215153637924));
#10057=CARTESIAN_POINT('Ctrl Pts',(-55.7233249423447,45.2100783076245,10.8802233941956));
#10058=CARTESIAN_POINT('Ctrl Pts',(-52.7535143014822,45.3666554903041,9.66219077394252));
#10059=CARTESIAN_POINT('Ctrl Pts',(-52.1228058946523,45.5232326729837,6.51487060939226));
#10060=CARTESIAN_POINT('Ctrl Pts',(-54.3939626662775,45.6798098556633,4.24657726539904));
#10061=CARTESIAN_POINT('Ctrl Pts',(-57.5404886894373,45.8363870383428,4.88121745562372));
#10062=CARTESIAN_POINT('Ctrl Pts',(-58.7547728429381,45.9929642210225,7.85261363307388));
#10063=CARTESIAN_POINT('Ctrl Pts',(-56.9533909103522,46.149541403702,10.5092375110365));
#10064=CARTESIAN_POINT('Ctrl Pts',(-53.7435590359673,46.3061185863817,10.4810763810317));
#10065=CARTESIAN_POINT('Ctrl Pts',(-51.9896032802288,46.4626957690612,7.79232969850458));
#10066=CARTESIAN_POINT('Ctrl Pts',(-53.2560020898885,46.6192729517408,4.84406298478406));
#10067=CARTESIAN_POINT('Ctrl Pts',(-56.4138798828063,46.7758501344205,4.26282016685312));
#10068=CARTESIAN_POINT('Ctrl Pts',(-58.6429402324079,46.9324273171,6.57573529488503));
#10069=CARTESIAN_POINT('Ctrl Pts',(-58.1856853484854,47.0368121055531,8.65698260828533));
#10070=CARTESIAN_POINT('Ctrl Pts',(-57.570197104019,47.0890044997796,9.37686343907895));
#10071=CARTESIAN_POINT('Ctrl Pts',(-57.9861321859387,42.9109955002204,8.19806642616091));
#10072=CARTESIAN_POINT('Ctrl Pts',(-57.7572121322935,42.9631878944469,9.05434671365031));
#10073=CARTESIAN_POINT('Ctrl Pts',(-56.3945014136675,43.0675726829,10.510245228595));
#10074=CARTESIAN_POINT('Ctrl Pts',(-53.4291270282477,43.2241498655795,10.0172107657723));
#10075=CARTESIAN_POINT('Ctrl Pts',(-52.2034238053902,43.3807270482591,7.2736813350816));
#10076=CARTESIAN_POINT('Ctrl Pts',(-53.8058751749362,43.5373042309387,4.73415438259453));
#10077=CARTESIAN_POINT('Ctrl Pts',(-56.8092485246891,43.6938814136183,4.6615532743923));
#10078=CARTESIAN_POINT('Ctrl Pts',(-58.5324764009666,43.8504585962979,7.1221099234872));
#10079=CARTESIAN_POINT('Ctrl Pts',(-57.4385364675307,44.0070357789775,9.91962841722784));
#10080=CARTESIAN_POINT('Ctrl Pts',(-54.5032544874629,44.1636129616571,10.5582652678291));
#10081=CARTESIAN_POINT('Ctrl Pts',(-52.3458561735567,44.3201901443367,8.46802163589123));
#10082=CARTESIAN_POINT('Ctrl Pts',(-52.8912836966294,44.4767673270162,5.51405496935529));
#10083=CARTESIAN_POINT('Ctrl Pts',(-55.6528922426371,44.633344509696,4.33209709422594));
#10084=CARTESIAN_POINT('Ctrl Pts',(-58.1665385360786,44.7899216923755,5.97680213802501));
#10085=CARTESIAN_POINT('Ctrl Pts',(-58.189351475477,44.9464988750551,8.98062504850033));
#10086=CARTESIAN_POINT('Ctrl Pts',(-55.7009729695888,45.1030760577347,10.6633148354591));
#10087=CARTESIAN_POINT('Ctrl Pts',(-52.9217347467907,45.2596532404143,9.52344323279046));
#10088=CARTESIAN_POINT('Ctrl Pts',(-52.3314988281827,45.4162304230939,6.57808625266975));
#10089=CARTESIAN_POINT('Ctrl Pts',(-54.4569157227203,45.5728076057734,4.45534903993169));
#10090=CARTESIAN_POINT('Ctrl Pts',(-57.4015295214153,45.729384788453,5.04926443983207));
#10091=CARTESIAN_POINT('Ctrl Pts',(-58.5378931960255,45.8859619711326,7.82998645551152));
#10092=CARTESIAN_POINT('Ctrl Pts',(-56.8521057414266,46.0425391538123,10.3161350751041));
#10093=CARTESIAN_POINT('Ctrl Pts',(-53.8482484209292,46.1991163364918,10.2897810416753));
#10094=CARTESIAN_POINT('Ctrl Pts',(-52.2068438106914,46.3556935191714,7.77357093430947));
#10095=CARTESIAN_POINT('Ctrl Pts',(-53.3919779497791,46.5122707018511,5.01449416724814));
#10096=CARTESIAN_POINT('Ctrl Pts',(-56.3472150764308,46.6688478845306,4.4705496362085));
#10097=CARTESIAN_POINT('Ctrl Pts',(-58.4332368716578,46.8254250672102,6.6350452580732));
#10098=CARTESIAN_POINT('Ctrl Pts',(-58.0053239827103,46.9298098556633,8.58273916316944));
#10099=CARTESIAN_POINT('Ctrl Pts',(-57.4293315503419,46.9820022498898,9.25642532122703));
#10100=CARTESIAN_POINT('Ctrl Pts',(-57.8070868020351,42.8039932503306,8.150199997975));
#10101=CARTESIAN_POINT('Ctrl Pts',(-57.5938638008444,42.8561856445571,8.94776512978281));
#10102=CARTESIAN_POINT('Ctrl Pts',(-56.3245941822438,42.9605704330102,10.3038326557272));
#10103=CARTESIAN_POINT('Ctrl Pts',(-53.5625555751175,43.1171476156897,9.84460557544497));
#10104=CARTESIAN_POINT('Ctrl Pts',(-52.4208988456817,43.2737247983693,7.2892000102613));
#10105=CARTESIAN_POINT('Ctrl Pts',(-53.9134700941857,43.4303019810489,4.92380846945121));
#10106=CARTESIAN_POINT('Ctrl Pts',(-56.7109020759345,43.5868791637285,4.85618562062624));
#10107=CARTESIAN_POINT('Ctrl Pts',(-58.3159681837948,43.7434563464081,7.14802185325733));
#10108=CARTESIAN_POINT('Ctrl Pts',(-57.2970397325061,43.9000335290877,9.75371445040553));
#10109=CARTESIAN_POINT('Ctrl Pts',(-54.5630300939216,44.0566107117673,10.348559959953));
#10110=CARTESIAN_POINT('Ctrl Pts',(-52.5535646236403,44.2131878944469,8.40164437381371));
#10111=CARTESIAN_POINT('Ctrl Pts',(-53.0615921710297,44.3697650771265,5.65023125806941));
#10112=CARTESIAN_POINT('Ctrl Pts',(-55.6338371662473,44.5263422598061,4.54932025703169));
#10113=CARTESIAN_POINT('Ctrl Pts',(-57.9751226852974,44.6829194424857,6.0812478445377));
#10114=CARTESIAN_POINT('Ctrl Pts',(-57.9963713410051,44.8394966251653,8.87909856062141));
#10115=CARTESIAN_POINT('Ctrl Pts',(-55.6786209968329,44.9960738078449,10.4464062767225));
#10116=CARTESIAN_POINT('Ctrl Pts',(-53.0899551920993,45.1526509905245,9.3846956916384));
#10117=CARTESIAN_POINT('Ctrl Pts',(-52.5401917617129,45.309228173204,6.64130189594726));
#10118=CARTESIAN_POINT('Ctrl Pts',(-54.5198687791633,45.4658053558836,4.66412081446433));
#10119=CARTESIAN_POINT('Ctrl Pts',(-57.2625703533932,45.6223825385632,5.21731142404042));
#10120=CARTESIAN_POINT('Ctrl Pts',(-58.321013549113,45.7789597212428,7.80735927794915));
#10121=CARTESIAN_POINT('Ctrl Pts',(-56.750820572501,45.9355369039224,10.1230326391717));
#10122=CARTESIAN_POINT('Ctrl Pts',(-53.9529378058911,46.092114086602,10.0984857023189));
#10123=CARTESIAN_POINT('Ctrl Pts',(-52.4240843411539,46.2486912692816,7.75481217011436));
#10124=CARTESIAN_POINT('Ctrl Pts',(-53.5279538096697,46.4052684519612,5.18492534971222));
#10125=CARTESIAN_POINT('Ctrl Pts',(-56.2805502700553,46.5618456346408,4.67827910556388));
#10126=CARTESIAN_POINT('Ctrl Pts',(-58.2235335109078,46.7184228173204,6.69435522126137));
#10127=CARTESIAN_POINT('Ctrl Pts',(-57.8249626169353,46.8228076057735,8.50849571805355));
#10128=CARTESIAN_POINT('Ctrl Pts',(-57.2884659966649,46.875,9.13598720337512));
#10129=CARTESIAN_POINT('Ctrl Pts',(-55.3729297773397,44.012416697508,10.016488849755));
#10130=CARTESIAN_POINT('Ctrl Pts',(-55.1396906480895,44.0271480355945,10.0183922520736));
#10131=CARTESIAN_POINT('Ctrl Pts',(-54.9069289575902,44.0418793736809,9.98853689084587));
#10132=CARTESIAN_POINT('Ctrl Pts',(-54.6837874553054,44.0566107117673,9.92493311067191));
#10133=CARTESIAN_POINT('Ctrl Pts',(-53.8932082704945,44.1088031059938,9.69958809790661));
#10134=CARTESIAN_POINT('Ctrl Pts',(-53.2233864470674,44.1609955002204,9.0506162358602));
#10135=CARTESIAN_POINT('Ctrl Pts',(-52.9731467932521,44.2131878944469,8.26756145221299));
#10136=CARTESIAN_POINT('Ctrl Pts',(-52.7229071394367,44.2653802886734,7.48450666856568));
#10137=CARTESIAN_POINT('Ctrl Pts',(-52.8922496552332,44.3175726828999,6.56736896331755));
#10138=CARTESIAN_POINT('Ctrl Pts',(-53.4056284123344,44.3697650771265,5.92531494385385));
#10139=CARTESIAN_POINT('Ctrl Pts',(-53.9190071694356,44.421957471353,5.28326092439015));
#10140=CARTESIAN_POINT('Ctrl Pts',(-54.7764221678415,44.4741498655796,4.9162905907109));
#10141=CARTESIAN_POINT('Ctrl Pts',(-55.5953439202195,44.5263422598061,4.98812668845565));
#10142=CARTESIAN_POINT('Ctrl Pts',(-56.4142656725974,44.5785346540326,5.05996278620039));
#10143=CARTESIAN_POINT('Ctrl Pts',(-57.1946941789474,44.6307270482591,5.57060531536904));
#10144=CARTESIAN_POINT('Ctrl Pts',(-57.5884498747404,44.6829194424857,6.29223503263397));
#10145=CARTESIAN_POINT('Ctrl Pts',(-57.9822055705333,44.7351118367122,7.0138647498989));
#10146=CARTESIAN_POINT('Ctrl Pts',(-57.9892884557692,44.7873042309388,7.9464816552601));
#10147=CARTESIAN_POINT('Ctrl Pts',(-57.6065381743585,44.8394966251653,8.67400806062422));
#10148=CARTESIAN_POINT('Ctrl Pts',(-57.2237878929478,44.8916890193918,9.40153446598842));
#10149=CARTESIAN_POINT('Ctrl Pts',(-56.4512044448903,44.9438814136183,9.92397037135548));
#10150=CARTESIAN_POINT('Ctrl Pts',(-55.6334684200727,44.9960738078449,10.0082365598583));
#10151=CARTESIAN_POINT('Ctrl Pts',(-55.5481164588324,45.0015214377326,10.017031921976));
#10152=CARTESIAN_POINT('Ctrl Pts',(-55.4622725902691,45.0069690676203,10.0210537161621));
#10153=CARTESIAN_POINT('Ctrl Pts',(-55.376374565842,45.012416697508,10.0204814792233));
#10154=CARTESIAN_POINT('Origin',(-55.375,-49.0834234471774,7.5));
#10155=CARTESIAN_POINT('Ctrl Pts',(-55.3736101152239,-46.5834234471774,
10.5774680795197));
#10156=CARTESIAN_POINT('Ctrl Pts',(-55.2855757728409,-46.5788483044353,
10.5779856950173));
#10157=CARTESIAN_POINT('Ctrl Pts',(-54.1937568030359,-46.5220807674666,
10.535006603563));
#10158=CARTESIAN_POINT('Ctrl Pts',(-52.202628692166,-46.4131208362715,9.23612992214335));
#10159=CARTESIAN_POINT('Ctrl Pts',(-52.1726608061617,-46.2565436535919,
5.82032428829076));
#10160=CARTESIAN_POINT('Ctrl Pts',(-54.999759201007,-46.0999664709123,3.90334820997621));
#10161=CARTESIAN_POINT('Ctrl Pts',(-58.1618290083835,-45.9433892882327,
5.19555260606005));
#10162=CARTESIAN_POINT('Ctrl Pts',(-58.8371938043012,-45.7868121055531,
8.54399018043177));
#10163=CARTESIAN_POINT('Ctrl Pts',(-56.9874070949049,-45.666823491868,10.3961120296407));
#10164=CARTESIAN_POINT('Ctrl Pts',(-55.6791746052794,-45.5990272724095,
10.5741747054106));
#10165=CARTESIAN_POINT('Ctrl Pts',(-55.3774496457041,-45.5834234471774,
10.5718215839525));
#10166=CARTESIAN_POINT('Ctrl Pts',(-55.3774747104609,-46.6665765528225,
10.5701211298444));
#10167=CARTESIAN_POINT('Ctrl Pts',(-54.7020783646557,-46.6316662467619,
10.5656600782482));
#10168=CARTESIAN_POINT('Ctrl Pts',(-53.0084304958894,-46.5445635464748,
10.0180776621584));
#10169=CARTESIAN_POINT('Ctrl Pts',(-51.7684750203934,-46.4052684519612,
7.24264401762919));
#10170=CARTESIAN_POINT('Ctrl Pts',(-53.5906852897058,-46.2486912692817,
4.35484676500614));
#10171=CARTESIAN_POINT('Ctrl Pts',(-57.0059413433091,-46.092114086602,4.2722890517811));
#10172=CARTESIAN_POINT('Ctrl Pts',(-58.9654921701782,-45.9355369039224,
7.0702861631988));
#10173=CARTESIAN_POINT('Ctrl Pts',(-57.8385660323718,-45.7936910593293,
9.95216013387181));
#10174=CARTESIAN_POINT('Ctrl Pts',(-56.0965798297938,-45.7040376089626,
10.5663557938419));
#10175=CARTESIAN_POINT('Ctrl Pts',(-55.3724725626106,-45.6665765528225,
10.5722650435602));
#10176=CARTESIAN_POINT('Ctrl Pts',(-53.7390127966249,-46.875,5.58653400333507));
#10177=CARTESIAN_POINT('Ctrl Pts',(-54.3665042819465,-46.8228076057735,
5.05003738306477));
#10178=CARTESIAN_POINT('Ctrl Pts',(-56.1806413465838,-46.7184228173204,
4.65146341162576));
#10179=CARTESIAN_POINT('Ctrl Pts',(-58.1967209656122,-46.5618456346408,
6.5944503947043));
#10180=CARTESIAN_POINT('Ctrl Pts',(-57.6900735793922,-46.4052684519612,
9.34704541351531));
#10181=CARTESIAN_POINT('Ctrl Pts',(-55.1201881908602,-46.2486912692817,
10.4509152181807));
#10182=CARTESIAN_POINT('Ctrl Pts',(-52.7765146356037,-46.092114086602,8.92206184447563));
#10183=CARTESIAN_POINT('Ctrl Pts',(-52.7519679777166,-45.9355369039225,
6.12417972857393));
#10184=CARTESIAN_POINT('Ctrl Pts',(-55.0676407315879,-45.7789597212428,
4.55398702411424));
#10185=CARTESIAN_POINT('Ctrl Pts',(-57.6576881498634,-45.6223825385633,
5.61243002627499));
#10186=CARTESIAN_POINT('Ctrl Pts',(-58.2108786082084,-45.4658053558837,
8.35513104904409));
#10187=CARTESIAN_POINT('Ctrl Pts',(-56.2336979408469,-45.3092281732041,
10.3348076762206));
#10188=CARTESIAN_POINT('Ctrl Pts',(-53.4903046789552,-45.1526509905245,
9.78504435366803));
#10189=CARTESIAN_POINT('Ctrl Pts',(-52.4285943100221,-44.9960738078449,
7.19637906396705));
#10190=CARTESIAN_POINT('Ctrl Pts',(-53.9959017127801,-44.8394966251653,
4.87862917867323));
#10191=CARTESIAN_POINT('Ctrl Pts',(-56.7937518732109,-44.6829194424857,
4.89987783267928));
#10192=CARTESIAN_POINT('Ctrl Pts',(-58.3256791587146,-44.5263422598061,
7.24116288186314));
#10193=CARTESIAN_POINT('Ctrl Pts',(-57.2247683711773,-44.3697650771265,
9.81340737609395));
#10194=CARTESIAN_POINT('Ctrl Pts',(-54.4733558116343,-44.2131878944469,
10.3214348032729));
#10195=CARTESIAN_POINT('Ctrl Pts',(-52.5264405942908,-44.0566107117673,
8.31196976999197));
#10196=CARTESIAN_POINT('Ctrl Pts',(-53.1212860165899,-43.9000335290877,
5.57796060005323));
#10197=CARTESIAN_POINT('Ctrl Pts',(-55.7269780454275,-43.7434563464081,
4.55903249512547));
#10198=CARTESIAN_POINT('Ctrl Pts',(-58.0188138998267,-43.5868791637285,
6.16409800450089));
#10199=CARTESIAN_POINT('Ctrl Pts',(-57.9511909629249,-43.4303019810489,
8.96152995368265));
#10200=CARTESIAN_POINT('Ctrl Pts',(-55.585799956164,-43.2737247983693,10.4540998317709));
#10201=CARTESIAN_POINT('Ctrl Pts',(-53.030394932068,-43.1171476156898,9.31244486008646));
#10202=CARTESIAN_POINT('Ctrl Pts',(-52.5711667522416,-42.9605704330102,
6.55040124610645));
#10203=CARTESIAN_POINT('Ctrl Pts',(-53.9272348702168,-42.8561856445571,
5.28113619915589));
#10204=CARTESIAN_POINT('Ctrl Pts',(-54.7248000020247,-42.8039932503306,
5.067913197965));
#10205=CARTESIAN_POINT('Ctrl Pts',(-53.618574678773,-46.9820022498898,5.44566844965805));
#10206=CARTESIAN_POINT('Ctrl Pts',(-54.2922608368306,-46.9298098556633,
4.86967601728973));
#10207=CARTESIAN_POINT('Ctrl Pts',(-56.2399510571035,-46.8254250672102,
4.44175982431876));
#10208=CARTESIAN_POINT('Ctrl Pts',(-58.4044504402074,-46.6688478845306,
6.52778563726711));
#10209=CARTESIAN_POINT('Ctrl Pts',(-57.8605046830191,-46.512270701851,9.48302121621832));
#10210=CARTESIAN_POINT('Ctrl Pts',(-55.1014294532393,-46.3556935191714,
10.6681557162024));
#10211=CARTESIAN_POINT('Ctrl Pts',(-52.5852193211245,-46.1991163364918,
9.02675120369821));
#10212=CARTESIAN_POINT('Ctrl Pts',(-52.5588655871984,-46.0425391538122,
6.02289458181287));
#10213=CARTESIAN_POINT('Ctrl Pts',(-55.0450135547276,-45.8859619711327,
4.33710741940157));
#10214=CARTESIAN_POINT('Ctrl Pts',(-57.8257351027035,-45.7293847884531,
5.47347088620334));
#10215=CARTESIAN_POINT('Ctrl Pts',(-58.4196503402393,-45.5728076057735,
8.41808409283998));
#10216=CARTESIAN_POINT('Ctrl Pts',(-56.2969135721095,-45.4162304230939,
10.5435005683726));
#10217=CARTESIAN_POINT('Ctrl Pts',(-53.3515571650855,-45.2596532404143,
9.95326476553686));
#10218=CARTESIAN_POINT('Ctrl Pts',(-52.2116857944805,-45.1030760577347,
7.1740270956871));
#10219=CARTESIAN_POINT('Ctrl Pts',(-53.8943752450284,-44.9464988750551,
4.68564908245903));
#10220=CARTESIAN_POINT('Ctrl Pts',(-56.8981975589448,-44.7899216923755,
4.70846202003045));
#10221=CARTESIAN_POINT('Ctrl Pts',(-58.5429022785088,-44.6333445096959,
7.22210780901519));
#10222=CARTESIAN_POINT('Ctrl Pts',(-57.3609446325973,-44.4767673270163,
9.98371581715431));
#10223=CARTESIAN_POINT('Ctrl Pts',(-54.4069785632091,-44.3201901443367,
10.5291432111669));
#10224=CARTESIAN_POINT('Ctrl Pts',(-52.3167353272171,-44.1636129616571,
8.3717453664323));
#10225=CARTESIAN_POINT('Ctrl Pts',(-52.9553720841468,-44.0070357789776,
5.43646388951097));
#10226=CARTESIAN_POINT('Ctrl Pts',(-55.7528899677391,-43.8504585962979,
4.34252432793444));
#10227=CARTESIAN_POINT('Ctrl Pts',(-58.2134462107573,-43.6938814136183,
6.06575156166771));
#10228=CARTESIAN_POINT('Ctrl Pts',(-58.1408450079943,-43.5373042309388,
9.06912487645624));
#10229=CARTESIAN_POINT('Ctrl Pts',(-55.6013186288719,-43.3807270482592,
10.671574774699));
#10230=CARTESIAN_POINT('Ctrl Pts',(-52.8577897791027,-43.2241498655796,
9.44587343899518));
#10231=CARTESIAN_POINT('Ctrl Pts',(-52.3647541357896,-43.0675726829,6.480493678127));
#10232=CARTESIAN_POINT('Ctrl Pts',(-53.8206532863493,-42.9631878944469,
5.11778786770679));
#10233=CARTESIAN_POINT('Ctrl Pts',(-54.6769335738387,-42.9109955002204,
4.88886781406146));
#10234=CARTESIAN_POINT('Ctrl Pts',(-53.4981365609211,-47.0890044997796,
5.30480289598103));
#10235=CARTESIAN_POINT('Ctrl Pts',(-54.2180173917147,-47.0368121055531,
4.68931465151469));
#10236=CARTESIAN_POINT('Ctrl Pts',(-56.2992607676233,-46.9324273171,4.23205623701177));
#10237=CARTESIAN_POINT('Ctrl Pts',(-58.6121799148026,-46.7758501344204,
6.46112087982991));
#10238=CARTESIAN_POINT('Ctrl Pts',(-58.0309357866459,-46.6192729517408,
9.61899701892134));
#10239=CARTESIAN_POINT('Ctrl Pts',(-55.0826707156184,-46.4626957690613,
10.885396214224));
#10240=CARTESIAN_POINT('Ctrl Pts',(-52.3939240066452,-46.3061185863816,
9.13144056292078));
#10241=CARTESIAN_POINT('Ctrl Pts',(-52.36576319668,-46.1495414037021,5.92160943505181));
#10242=CARTESIAN_POINT('Ctrl Pts',(-55.0223863778673,-45.9929642210225,
4.12022781468888));
#10243=CARTESIAN_POINT('Ctrl Pts',(-57.9937820555435,-45.8363870383429,
5.3345117461317));
#10244=CARTESIAN_POINT('Ctrl Pts',(-58.6284220722703,-45.6798098556633,
8.48103713663587));
#10245=CARTESIAN_POINT('Ctrl Pts',(-56.3601292033722,-45.5232326729837,
10.7521934605247));
#10246=CARTESIAN_POINT('Ctrl Pts',(-53.2128096512158,-45.3666554903041,
10.1214851774057));
#10247=CARTESIAN_POINT('Ctrl Pts',(-51.994777278939,-45.2100783076245,7.15167512740715));
#10248=CARTESIAN_POINT('Ctrl Pts',(-53.7928487772768,-45.0535011249449,
4.49266898624484));
#10249=CARTESIAN_POINT('Ctrl Pts',(-57.0026432446787,-44.8969239422653,
4.51704620738162));
#10250=CARTESIAN_POINT('Ctrl Pts',(-58.7601253983029,-44.7403467595857,
7.20305273616725));
#10251=CARTESIAN_POINT('Ctrl Pts',(-57.4971208940173,-44.5837695769061,
10.1540242582146));
#10252=CARTESIAN_POINT('Ctrl Pts',(-54.3406013147839,-44.4271923942265,
10.7368516190609));
#10253=CARTESIAN_POINT('Ctrl Pts',(-52.1070300601433,-44.270615211547,8.43152096287262));
#10254=CARTESIAN_POINT('Ctrl Pts',(-52.7894581517038,-44.1140380288674,
5.29496717896872));
#10255=CARTESIAN_POINT('Ctrl Pts',(-55.7788018900506,-43.9574608461877,
4.12601616074341));
#10256=CARTESIAN_POINT('Ctrl Pts',(-58.408078521688,-43.8008836635082,5.96740511883454));
#10257=CARTESIAN_POINT('Ctrl Pts',(-58.3304990530637,-43.6443064808285,
9.17671979922983));
#10258=CARTESIAN_POINT('Ctrl Pts',(-55.61683730158,-43.487729298149,10.8890497176272));
#10259=CARTESIAN_POINT('Ctrl Pts',(-52.6851846261374,-43.3311521154694,
9.57930201790389));
#10260=CARTESIAN_POINT('Ctrl Pts',(-52.1583415193376,-43.1745749327898,
6.41058611014755));
#10261=CARTESIAN_POINT('Ctrl Pts',(-53.7140717024818,-43.0701901443367,
4.95443953625769));
#10262=CARTESIAN_POINT('Ctrl Pts',(-54.6290671456528,-43.0179977501102,
4.70982243015792));
#10263=CARTESIAN_POINT('Ctrl Pts',(-53.3776984430692,-47.1960067496694,
5.16393734230401));
#10264=CARTESIAN_POINT('Ctrl Pts',(-54.1437739465988,-47.1438143554429,
4.50895328573965));
#10265=CARTESIAN_POINT('Ctrl Pts',(-56.3585704781431,-47.0394295669898,
4.02235264970477));
#10266=CARTESIAN_POINT('Ctrl Pts',(-58.8199093893978,-46.8828523843103,
6.39445612239272));
#10267=CARTESIAN_POINT('Ctrl Pts',(-58.2013668902729,-46.7262752016306,
9.75497282162435));
#10268=CARTESIAN_POINT('Ctrl Pts',(-55.0639119779976,-46.5696980189511,
11.1026367122457));
#10269=CARTESIAN_POINT('Ctrl Pts',(-52.202628692166,-46.4131208362715,9.23612992214335));
#10270=CARTESIAN_POINT('Ctrl Pts',(-52.1726608061617,-46.2565436535919,
5.82032428829076));
#10271=CARTESIAN_POINT('Ctrl Pts',(-54.999759201007,-46.0999664709123,3.90334820997621));
#10272=CARTESIAN_POINT('Ctrl Pts',(-58.1618290083835,-45.9433892882327,
5.19555260606005));
#10273=CARTESIAN_POINT('Ctrl Pts',(-58.8371938043012,-45.7868121055531,
8.54399018043177));
#10274=CARTESIAN_POINT('Ctrl Pts',(-56.4233448346348,-45.6302349228735,
10.9608863526768));
#10275=CARTESIAN_POINT('Ctrl Pts',(-53.0740621373461,-45.4736577401939,
10.2897055892746));
#10276=CARTESIAN_POINT('Ctrl Pts',(-51.7778687633974,-45.3170805575143,
7.12932315912721));
#10277=CARTESIAN_POINT('Ctrl Pts',(-53.6913223095251,-45.1605033748347,
4.29968889003065));
#10278=CARTESIAN_POINT('Ctrl Pts',(-57.1070889304126,-45.0039261921551,
4.32563039473278));
#10279=CARTESIAN_POINT('Ctrl Pts',(-58.9773485180971,-44.8473490094755,
7.18399766331931));
#10280=CARTESIAN_POINT('Ctrl Pts',(-57.6332971554373,-44.690771826796,10.324332699275));
#10281=CARTESIAN_POINT('Ctrl Pts',(-54.2742240663587,-44.5341946441163,
10.944560026955));
#10282=CARTESIAN_POINT('Ctrl Pts',(-51.8973247930696,-44.3776174614367,
8.49129655931293));
#10283=CARTESIAN_POINT('Ctrl Pts',(-52.6235442192608,-44.2210402787572,
5.15347046842647));
#10284=CARTESIAN_POINT('Ctrl Pts',(-55.8047138123621,-44.0644630960776,
3.90950799355238));
#10285=CARTESIAN_POINT('Ctrl Pts',(-58.6027108326186,-43.907885913398,5.86905867600137));
#10286=CARTESIAN_POINT('Ctrl Pts',(-58.520153098133,-43.7513087307184,9.28431472200342));
#10287=CARTESIAN_POINT('Ctrl Pts',(-55.6323559742879,-43.5947315480388,
11.1065246605553));
#10288=CARTESIAN_POINT('Ctrl Pts',(-52.5125794731722,-43.4381543653592,
9.71273059681262));
#10289=CARTESIAN_POINT('Ctrl Pts',(-51.9519289028856,-43.2815771826796,
6.3406785421681));
#10290=CARTESIAN_POINT('Ctrl Pts',(-53.6074901186143,-43.1771923942265,
4.79109120480859));
#10291=CARTESIAN_POINT('Ctrl Pts',(-54.5812007174668,-43.125,4.53077704625439));
#10292=CARTESIAN_POINT('Ctrl Pts',(-55.3770065017277,-45.262416697508,10.016125211518));
#10293=CARTESIAN_POINT('Ctrl Pts',(-55.624149038162,-45.27802052274,10.0180526503566));
#10294=CARTESIAN_POINT('Ctrl Pts',(-55.8707795435524,-45.2936243479721,
9.98448393220865));
#10295=CARTESIAN_POINT('Ctrl Pts',(-56.1059958417586,-45.3092281732041,
9.91323435126572));
#10296=CARTESIAN_POINT('Ctrl Pts',(-56.8927581633008,-45.3614205674306,
9.67491546716173));
#10297=CARTESIAN_POINT('Ctrl Pts',(-57.5518183857546,-45.4136129616571,
9.01502325810291));
#10298=CARTESIAN_POINT('Ctrl Pts',(-57.7891500872573,-45.4658053558837,
8.22796031644532));
#10299=CARTESIAN_POINT('Ctrl Pts',(-58.0264817887601,-45.5179977501102,
7.44089737478772));
#10300=CARTESIAN_POINT('Ctrl Pts',(-57.8420849693118,-45.5701901443367,
6.52666370053136));
#10301=CARTESIAN_POINT('Ctrl Pts',(-57.318211989875,-45.6223825385633,5.89313969637638));
#10302=CARTESIAN_POINT('Ctrl Pts',(-56.7943390104383,-45.6745749327898,
5.25961569222141));
#10303=CARTESIAN_POINT('Ctrl Pts',(-55.9309898710131,-45.7267673270163,
4.90680135816782));
#10304=CARTESIAN_POINT('Ctrl Pts',(-55.1133698423219,-45.7789597212428,
4.99209297521764));
#10305=CARTESIAN_POINT('Ctrl Pts',(-54.2957498136308,-45.8311521154694,
5.07738459226747));
#10306=CARTESIAN_POINT('Ctrl Pts',(-53.5238588956737,-45.8833445096959,
5.6007821604207));
#10307=CARTESIAN_POINT('Ctrl Pts',(-53.142004546343,-45.9355369039224,6.32879463048093));
#10308=CARTESIAN_POINT('Ctrl Pts',(-52.7601501970123,-45.987729298149,7.05680710054117));
#10309=CARTESIAN_POINT('Ctrl Pts',(-52.768332416308,-46.0399216923755,7.9894344725084));
#10310=CARTESIAN_POINT('Ctrl Pts',(-53.1630357851653,-46.092114086602,8.71055705410953));
#10311=CARTESIAN_POINT('Ctrl Pts',(-53.5577391540225,-46.1443064808285,
9.43167963571067));
#10312=CARTESIAN_POINT('Ctrl Pts',(-54.3389636724414,-46.1964988750551,
9.94129742694571));
#10313=CARTESIAN_POINT('Ctrl Pts',(-55.1578901630728,-46.2486912692816,
10.0121280217857));
#10314=CARTESIAN_POINT('Ctrl Pts',(-55.2296765918326,-46.2532664120237,
10.0183369740038));
#10315=CARTESIAN_POINT('Ctrl Pts',(-55.3017527275507,-46.2578415547659,
10.0211742271697));
#10316=CARTESIAN_POINT('Ctrl Pts',(-55.3738615471209,-46.262416697508,10.020750248964));
#10317=CARTESIAN_POINT('Ctrl Pts',(-58.3442229537458,-46.875,8.29379928253241));
#10318=CARTESIAN_POINT('Ctrl Pts',(-58.0839087951919,-46.8228076057735,
9.26750988138504));
#10319=CARTESIAN_POINT('Ctrl Pts',(-56.5343203548614,-46.7184228173204,
10.9230709542139));
#10320=CARTESIAN_POINT('Ctrl Pts',(-53.1622695088439,-46.5618456346408,
10.3624206493325));
#10321=CARTESIAN_POINT('Ctrl Pts',(-51.7684750203934,-46.4052684519612,
7.24264401762919));
#10322=CARTESIAN_POINT('Ctrl Pts',(-53.5906852897058,-46.2486912692817,
4.35484676500614));
#10323=CARTESIAN_POINT('Ctrl Pts',(-57.0059413433091,-46.092114086602,4.2722890517811));
#10324=CARTESIAN_POINT('Ctrl Pts',(-58.9654921701782,-45.9355369039224,
7.0702861631988));
#10325=CARTESIAN_POINT('Ctrl Pts',(-57.7215296117275,-45.7789597212428,
10.2514558933366));
#10326=CARTESIAN_POINT('Ctrl Pts',(-54.3837034078917,-45.6223825385633,
10.9776753405508));
#10327=CARTESIAN_POINT('Ctrl Pts',(-51.9304398348701,-45.4658053558837,
8.60077597835546));
#10328=CARTESIAN_POINT('Ctrl Pts',(-52.5506671915423,-45.3092281732041,
5.24170275517527));
#10329=CARTESIAN_POINT('Ctrl Pts',(-55.6910023482769,-45.1526509905245,
3.89765134104334));
#10330=CARTESIAN_POINT('Ctrl Pts',(-58.5493697301491,-44.9960738078449,
5.76791100153721));
#10331=CARTESIAN_POINT('Ctrl Pts',(-58.5753112352607,-44.8394966251653,
9.18367775638932));
#10332=CARTESIAN_POINT('Ctrl Pts',(-55.7456768555326,-44.6829194424857,
11.0971313780644));
#10333=CARTESIAN_POINT('Ctrl Pts',(-52.5852943012127,-44.5263422598061,
9.80093795200057));
#10334=CARTESIAN_POINT('Ctrl Pts',(-51.9141135118126,-44.3697650771265,
6.45165512602211));
#10335=CARTESIAN_POINT('Ctrl Pts',(-54.3310097781475,-44.2131878944469,
4.03780605650115));
#10336=CARTESIAN_POINT('Ctrl Pts',(-57.6794474854786,-44.0566107117673,
4.71317088890042));
#10337=CARTESIAN_POINT('Ctrl Pts',(-58.9716519282182,-43.9000335290877,
7.87524080126628));
#10338=CARTESIAN_POINT('Ctrl Pts',(-57.0546757843144,-43.7434563464081,
10.7023393426114));
#10339=CARTESIAN_POINT('Ctrl Pts',(-53.6388699935302,-43.5868791637285,
10.6723713892295));
#10340=CARTESIAN_POINT('Ctrl Pts',(-51.7723631815997,-43.430301981049,7.8110881091776));
#10341=CARTESIAN_POINT('Ctrl Pts',(-53.1200269909891,-43.2737247983694,
4.673632851376));
#10342=CARTESIAN_POINT('Ctrl Pts',(-56.4805440384101,-43.1171476156898,
4.05509062828159));
#10343=CARTESIAN_POINT('Ctrl Pts',(-58.8526466077619,-42.9605704330102,
6.51642869383979));
#10344=CARTESIAN_POINT('Ctrl Pts',(-58.3660467142607,-42.8561856445571,
8.73122605340044));
#10345=CARTESIAN_POINT('Ctrl Pts',(-57.7110626576965,-42.8039932503306,
9.49730155693021));
#10346=CARTESIAN_POINT('Ctrl Pts',(-58.1651775698423,-46.9820022498898,
8.24593285434652));
#10347=CARTESIAN_POINT('Ctrl Pts',(-57.9205604637428,-46.9298098556633,
9.16092829751756));
#10348=CARTESIAN_POINT('Ctrl Pts',(-56.4644128533915,-46.8254250672102,
10.7166583463789));
#10349=CARTESIAN_POINT('Ctrl Pts',(-53.2956980813815,-46.6688478845307,
10.1898154889802));
#10350=CARTESIAN_POINT('Ctrl Pts',(-51.9859499825604,-46.512270701851,7.25816269082459));
#10351=CARTESIAN_POINT('Ctrl Pts',(-53.6982802117733,-46.3556935191715,
4.54450081832826));
#10352=CARTESIAN_POINT('Ctrl Pts',(-56.9075948993115,-46.1991163364918,
4.46692136968248));
#10353=CARTESIAN_POINT('Ctrl Pts',(-58.7489839931141,-46.0425391538122,
7.09619808698401));
#10354=CARTESIAN_POINT('Ctrl Pts',(-57.5800328963519,-45.8859619711327,
10.0855419541039));
#10355=CARTESIAN_POINT('Ctrl Pts',(-54.4434790063096,-45.7293847884531,
10.7679700654197));
#10356=CARTESIAN_POINT('Ctrl Pts',(-52.1381482510962,-45.5728076057735,
8.53439872723397));
#10357=CARTESIAN_POINT('Ctrl Pts',(-52.7209756391864,-45.4162304230939,
5.37787902198538));
#10358=CARTESIAN_POINT('Ctrl Pts',(-55.6719472747298,-45.2596532404143,
4.11487446933139));
#10359=CARTESIAN_POINT('Ctrl Pts',(-58.3579539099699,-45.1030760577347,
5.87235669137456));
#10360=CARTESIAN_POINT('Ctrl Pts',(-58.3823311314914,-44.9464988750551,
9.08215128466301));
#10361=CARTESIAN_POINT('Ctrl Pts',(-55.7233248863687,-44.7899216923755,
10.8802228539926));
#10362=CARTESIAN_POINT('Ctrl Pts',(-52.7535147196851,-44.6333445096959,
9.66219043274323));
#10363=CARTESIAN_POINT('Ctrl Pts',(-52.1228064121361,-44.4767673270163,
6.51487075965713));
#10364=CARTESIAN_POINT('Ctrl Pts',(-54.393962824441,-44.3201901443367,4.24657779692579));
#10365=CARTESIAN_POINT('Ctrl Pts',(-57.5404883398872,-44.1636129616571,
4.88121784793425));
#10366=CARTESIAN_POINT('Ctrl Pts',(-58.7547723151724,-44.0070357789775,
7.85261362426893));
#10367=CARTESIAN_POINT('Ctrl Pts',(-56.9533906331752,-43.8504585962979,
10.509236943122));
#10368=CARTESIAN_POINT('Ctrl Pts',(-53.7435593578376,-43.6938814136183,
10.4810760698421));
#10369=CARTESIAN_POINT('Ctrl Pts',(-51.9896036860226,-43.5373042309388,
7.79232936630001));
#10370=CARTESIAN_POINT('Ctrl Pts',(-53.2560028049917,-43.3807270482592,
4.84406397058158));
#10371=CARTESIAN_POINT('Ctrl Pts',(-56.4138792712764,-43.2241498655796,
4.26282010181073));
#10372=CARTESIAN_POINT('Ctrl Pts',(-58.6429430652299,-43.0675726829,6.57573845428934));
#10373=CARTESIAN_POINT('Ctrl Pts',(-58.1856853484856,-42.9631878944469,
8.6569826082846));
#10374=CARTESIAN_POINT('Ctrl Pts',(-57.5701971040195,-42.9109955002204,
9.37686343907833));
#10375=CARTESIAN_POINT('Ctrl Pts',(-57.9861321859387,-47.0890044997796,
8.19806642616063));
#10376=CARTESIAN_POINT('Ctrl Pts',(-57.7572121322936,-47.0368121055531,
9.05434671365009));
#10377=CARTESIAN_POINT('Ctrl Pts',(-56.3945053519216,-46.9324273171,10.5102457385439));
#10378=CARTESIAN_POINT('Ctrl Pts',(-53.4291266539191,-46.7758501344205,
10.0172103286278));
#10379=CARTESIAN_POINT('Ctrl Pts',(-52.2034249447275,-46.6192729517408,
7.27368136401998));
#10380=CARTESIAN_POINT('Ctrl Pts',(-53.8058751338409,-46.4626957690613,
4.73415487165038));
#10381=CARTESIAN_POINT('Ctrl Pts',(-56.8092484553138,-46.3061185863817,
4.66155368758386));
#10382=CARTESIAN_POINT('Ctrl Pts',(-58.5324758160501,-46.1495414037021,
7.12211001076921));
#10383=CARTESIAN_POINT('Ctrl Pts',(-57.4385361809763,-45.9929642210225,
9.91962801487119));
#10384=CARTESIAN_POINT('Ctrl Pts',(-54.5032546047274,-45.8363870383429,
10.5582647902886));
#10385=CARTESIAN_POINT('Ctrl Pts',(-52.3458566673223,-45.6798098556633,
8.4680214761125));
#10386=CARTESIAN_POINT('Ctrl Pts',(-52.8912840868305,-45.5232326729837,
5.51405528879547));
#10387=CARTESIAN_POINT('Ctrl Pts',(-55.6528922011826,-45.3666554903041,
4.33209759761943));
#10388=CARTESIAN_POINT('Ctrl Pts',(-58.1665380897906,-45.2100783076245,
5.97680238121192));
#10389=CARTESIAN_POINT('Ctrl Pts',(-58.1893510277221,-45.0535011249449,
8.9806248129367));
#10390=CARTESIAN_POINT('Ctrl Pts',(-55.7009729172048,-44.8969239422653,
10.6633143299208));
#10391=CARTESIAN_POINT('Ctrl Pts',(-52.9217351381577,-44.7403467595857,
9.52344291348589));
#10392=CARTESIAN_POINT('Ctrl Pts',(-52.3314993124595,-44.5837695769061,
6.57808639329215));
#10393=CARTESIAN_POINT('Ctrl Pts',(-54.4569158707346,-44.4271923942265,
4.45534953735042));
#10394=CARTESIAN_POINT('Ctrl Pts',(-57.4015291942957,-44.2706152115469,
5.04926480696807));
#10395=CARTESIAN_POINT('Ctrl Pts',(-58.5378927021265,-44.1140380288673,
7.82998644727159));
#10396=CARTESIAN_POINT('Ctrl Pts',(-56.852105482036,-43.9574608461878,10.3161345436326));
#10397=CARTESIAN_POINT('Ctrl Pts',(-53.8482487221451,-43.8008836635082,
10.2897807504547));
#10398=CARTESIAN_POINT('Ctrl Pts',(-52.2068441904454,-43.6443064808286,
7.77357062342243));
#10399=CARTESIAN_POINT('Ctrl Pts',(-53.3919786189941,-43.487729298149,5.01449508978714));
#10400=CARTESIAN_POINT('Ctrl Pts',(-56.3472145041427,-43.3311521154694,
4.47054957533987));
#10401=CARTESIAN_POINT('Ctrl Pts',(-58.433239522698,-43.1745749327898,6.63504821473889));
#10402=CARTESIAN_POINT('Ctrl Pts',(-58.0053239827106,-43.0701901443367,
8.58273916316875));
#10403=CARTESIAN_POINT('Ctrl Pts',(-57.4293315503424,-43.0179977501102,
9.25642532122646));
#10404=CARTESIAN_POINT('Ctrl Pts',(-57.8070868020352,-47.1960067496694,
8.15019999797473));
#10405=CARTESIAN_POINT('Ctrl Pts',(-57.5938638008445,-47.1438143554429,
8.94776512978261));
#10406=CARTESIAN_POINT('Ctrl Pts',(-56.3245978504518,-47.0394295669898,
10.3038331307088));
#10407=CARTESIAN_POINT('Ctrl Pts',(-53.5625552264567,-46.8828523843103,
9.84460516827547));
#10408=CARTESIAN_POINT('Ctrl Pts',(-52.4208999068945,-46.7262752016306,
7.28920003721538));
#10409=CARTESIAN_POINT('Ctrl Pts',(-53.9134700559084,-46.5696980189511,
4.9238089249725));
#10410=CARTESIAN_POINT('Ctrl Pts',(-56.7109020113163,-46.4131208362715,
4.85618600548525));
#10411=CARTESIAN_POINT('Ctrl Pts',(-58.3159676389861,-46.2565436535918,
7.14802193455441));
#10412=CARTESIAN_POINT('Ctrl Pts',(-57.2970394656007,-46.0999664709123,
9.75371407563848));
#10413=CARTESIAN_POINT('Ctrl Pts',(-54.5630302031454,-45.9433892882327,
10.3485595151575));
#10414=CARTESIAN_POINT('Ctrl Pts',(-52.5535650835483,-45.7868121055531,
8.401644224991));
#10415=CARTESIAN_POINT('Ctrl Pts',(-53.0615925344746,-45.6302349228735,
5.65023155560558));
#10416=CARTESIAN_POINT('Ctrl Pts',(-55.6338371276354,-45.4736577401939,
4.54932072590747));
#10417=CARTESIAN_POINT('Ctrl Pts',(-57.9751222696114,-45.3170805575143,
6.08124807104927));
#10418=CARTESIAN_POINT('Ctrl Pts',(-57.9963709239528,-45.1605033748347,
8.87909834121039));
#10419=CARTESIAN_POINT('Ctrl Pts',(-55.6786209480408,-45.0039261921552,
10.446405805849));
#10420=CARTESIAN_POINT('Ctrl Pts',(-53.0899555566302,-44.8473490094755,
9.38469539422855));
#10421=CARTESIAN_POINT('Ctrl Pts',(-52.5401922127829,-44.6907718267959,
6.64130202692717));
#10422=CARTESIAN_POINT('Ctrl Pts',(-54.5198689170282,-44.5341946441163,
4.66412127777506));
#10423=CARTESIAN_POINT('Ctrl Pts',(-57.2625700487042,-44.3776174614368,
5.2173117660019));
#10424=CARTESIAN_POINT('Ctrl Pts',(-58.3210130890807,-44.2210402787571,
7.80735927027424));
#10425=CARTESIAN_POINT('Ctrl Pts',(-56.7508203308968,-44.0644630960776,
10.1230321441432));
#10426=CARTESIAN_POINT('Ctrl Pts',(-53.9529380864526,-43.907885913398,10.0984854310673));
#10427=CARTESIAN_POINT('Ctrl Pts',(-52.4240846948682,-43.7513087307184,
7.75481188054484));
#10428=CARTESIAN_POINT('Ctrl Pts',(-53.5279544329966,-43.5947315480388,
5.18492620899271));
#10429=CARTESIAN_POINT('Ctrl Pts',(-56.2805497370091,-43.4381543653592,
4.67827904886901));
#10430=CARTESIAN_POINT('Ctrl Pts',(-58.2235359801661,-43.2815771826796,
6.69435797518844));
#10431=CARTESIAN_POINT('Ctrl Pts',(-57.8249626169355,-43.1771923942265,
8.50849571805291));
#10432=CARTESIAN_POINT('Ctrl Pts',(-57.2884659966654,-43.125,9.13598720337459));
#10433=CARTESIAN_POINT('Ctrl Pts',(-55.3729297792004,-45.987583302492,10.0164884487271));
#10434=CARTESIAN_POINT('Ctrl Pts',(-55.1396906843531,-45.9728519644055,
10.0183918518802));
#10435=CARTESIAN_POINT('Ctrl Pts',(-54.9069290283824,-45.9581206263191,
9.98853649642169));
#10436=CARTESIAN_POINT('Ctrl Pts',(-54.6837875602884,-45.9433892882327,
9.92493272687659));
#10437=CARTESIAN_POINT('Ctrl Pts',(-53.893208496613,-45.8911968940062,9.69958775176868));
#10438=CARTESIAN_POINT('Ctrl Pts',(-53.2233867900806,-45.8390044997796,
9.05061598837984));
#10439=CARTESIAN_POINT('Ctrl Pts',(-52.9731471786355,-45.7868121055531,
8.26756132845452));
#10440=CARTESIAN_POINT('Ctrl Pts',(-52.7229075671904,-45.7346197113266,
7.4845066685292));
#10441=CARTESIAN_POINT('Ctrl Pts',(-52.8922500508325,-45.6824273171,6.56736911206739));
#10442=CARTESIAN_POINT('Ctrl Pts',(-53.405628724847,-45.6302349228735,5.92531519555347));
#10443=CARTESIAN_POINT('Ctrl Pts',(-53.9190073988615,-45.578042528647,5.28326127903955));
#10444=CARTESIAN_POINT('Ctrl Pts',(-54.7764222632484,-45.5258501344204,
4.91629100247351));
#10445=CARTESIAN_POINT('Ctrl Pts',(-55.5953438857712,-45.4736577401939,
4.98812708838079));
#10446=CARTESIAN_POINT('Ctrl Pts',(-56.414265508294,-45.4214653459674,5.05996317428807));
#10447=CARTESIAN_POINT('Ctrl Pts',(-57.1946938889527,-45.3692729517409,
5.57060562266867));
#10448=CARTESIAN_POINT('Ctrl Pts',(-57.5884495216723,-45.3170805575143,
6.29223522521916));
#10449=CARTESIAN_POINT('Ctrl Pts',(-57.9822051543918,-45.2648881632878,
7.01386482776964));
#10450=CARTESIAN_POINT('Ctrl Pts',(-57.9892880391723,-45.2126957690612,
7.94648158449001));
#10451=CARTESIAN_POINT('Ctrl Pts',(-57.6065378189105,-45.1605033748347,
8.67400787362331));
#10452=CARTESIAN_POINT('Ctrl Pts',(-57.2237875986488,-45.1083109806082,
9.4015341627566));
#10453=CARTESIAN_POINT('Ctrl Pts',(-56.4512042733448,-45.0561185863817,
9.92396998430282));
#10454=CARTESIAN_POINT('Ctrl Pts',(-55.633468378791,-45.0039261921551,10.0082361598059));
#10455=CARTESIAN_POINT('Ctrl Pts',(-55.5481164311471,-44.9984785622674,
10.0170315205667));
#10456=CARTESIAN_POINT('Ctrl Pts',(-55.4622725762619,-44.9930309323797,
10.0210533141674));
#10457=CARTESIAN_POINT('Ctrl Pts',(-55.3763745655243,-44.987583302492,10.0204810773826));
#10458=CARTESIAN_POINT('Origin',(-55.375,4.6875,7.5));
#10459=CARTESIAN_POINT('Origin',(-55.375,4.6875,7.5));
#10460=CARTESIAN_POINT('Origin',(55.3750000000001,4.6875,7.5));
#10461=CARTESIAN_POINT('Origin',(55.3750000000001,4.6875,7.5));
#10462=CARTESIAN_POINT('Origin',(-20.5000000000003,6.99999999999996,1.80857864376269));
#10463=CARTESIAN_POINT('',(-27.0828427124749,6.99999999999997,3.5));
#10464=CARTESIAN_POINT('Origin',(-20.5000000000003,6.99999999999996,3.5));
#10465=CARTESIAN_POINT('',(-23.7000000000003,6.99999999999996,0.11715728752538));
#10466=CARTESIAN_POINT('',(-25.3914213562376,6.99999999999996,1.80857864376269));
#10467=CARTESIAN_POINT('Origin',(-20.5000000000003,6.99999999999996,0.11715728752538));
#10468=CARTESIAN_POINT('Origin',(-20.5000000000003,6.99999999999996,1.575));
#10469=CARTESIAN_POINT('',(-23.7000000000003,6.99999999999996,0.));
#10470=CARTESIAN_POINT('',(-23.7000000000003,6.99999999999996,1.575));
#10471=CARTESIAN_POINT('Origin',(-20.5000000000003,6.99999999999996,0.));
#10472=CARTESIAN_POINT('Origin',(39.4999999999997,6.99999999999996,1.80857864376269));
#10473=CARTESIAN_POINT('',(32.9171572875251,6.99999999999996,3.5));
#10474=CARTESIAN_POINT('Origin',(39.4999999999997,6.99999999999996,3.5));
#10475=CARTESIAN_POINT('',(36.2999999999997,6.99999999999996,0.11715728752538));
#10476=CARTESIAN_POINT('',(34.6085786437624,6.99999999999996,1.80857864376269));
#10477=CARTESIAN_POINT('Origin',(39.4999999999997,6.99999999999996,0.11715728752538));
#10478=CARTESIAN_POINT('Origin',(39.4999999999997,6.99999999999996,1.575));
#10479=CARTESIAN_POINT('',(36.2999999999997,6.99999999999996,0.));
#10480=CARTESIAN_POINT('',(36.2999999999997,6.99999999999996,1.575));
#10481=CARTESIAN_POINT('Origin',(39.4999999999997,6.99999999999996,0.));
#10482=CARTESIAN_POINT('Origin',(39.4999999999997,-33.,1.80857864376269));
#10483=CARTESIAN_POINT('',(32.9171572875251,-33.,3.5));
#10484=CARTESIAN_POINT('Origin',(39.4999999999997,-33.,3.5));
#10485=CARTESIAN_POINT('',(36.2999999999997,-33.,0.11715728752538));
#10486=CARTESIAN_POINT('',(34.6085786437624,-33.,1.80857864376269));
#10487=CARTESIAN_POINT('Origin',(39.4999999999997,-33.,0.11715728752538));
#10488=CARTESIAN_POINT('Origin',(39.4999999999997,-33.,1.575));
#10489=CARTESIAN_POINT('',(36.2999999999997,-33.,0.));
#10490=CARTESIAN_POINT('',(36.2999999999997,-33.,1.575));
#10491=CARTESIAN_POINT('Origin',(39.4999999999997,-33.,0.));
#10492=CARTESIAN_POINT('Origin',(-20.5000000000002,-33.,1.80857864376269));
#10493=CARTESIAN_POINT('',(-27.0828427124748,-33.,3.5));
#10494=CARTESIAN_POINT('Origin',(-20.5000000000002,-33.,3.5));
#10495=CARTESIAN_POINT('',(-23.7000000000002,-33.,0.11715728752538));
#10496=CARTESIAN_POINT('',(-25.3914213562375,-33.,1.80857864376269));
#10497=CARTESIAN_POINT('Origin',(-20.5000000000002,-33.,0.11715728752538));
#10498=CARTESIAN_POINT('Origin',(-20.5000000000002,-33.,1.575));
#10499=CARTESIAN_POINT('',(-23.7000000000002,-33.,0.));
#10500=CARTESIAN_POINT('',(-23.7000000000002,-33.,1.575));
#10501=CARTESIAN_POINT('Origin',(-20.5000000000002,-33.,0.));
#10502=CARTESIAN_POINT('Origin',(39.4999999999997,-6.99999999999996,1.80857864376269));
#10503=CARTESIAN_POINT('',(32.9171572875251,-6.99999999999996,3.5));
#10504=CARTESIAN_POINT('Origin',(39.4999999999997,-6.99999999999996,3.5));
#10505=CARTESIAN_POINT('',(36.2999999999997,-6.99999999999996,0.11715728752538));
#10506=CARTESIAN_POINT('',(34.6085786437624,-6.99999999999996,1.80857864376269));
#10507=CARTESIAN_POINT('Origin',(39.4999999999997,-6.99999999999996,0.11715728752538));
#10508=CARTESIAN_POINT('Origin',(39.4999999999997,-6.99999999999996,1.575));
#10509=CARTESIAN_POINT('',(36.2999999999997,-6.99999999999996,0.));
#10510=CARTESIAN_POINT('',(36.2999999999997,-6.99999999999996,1.575));
#10511=CARTESIAN_POINT('Origin',(39.4999999999997,-6.99999999999996,0.));
#10512=CARTESIAN_POINT('Origin',(-20.5000000000002,33.,1.80857864376269));
#10513=CARTESIAN_POINT('',(-27.0828427124748,33.,3.5));
#10514=CARTESIAN_POINT('Origin',(-20.5000000000002,33.,3.5));
#10515=CARTESIAN_POINT('',(-23.7000000000002,33.,0.11715728752538));
#10516=CARTESIAN_POINT('',(-25.3914213562375,33.,1.80857864376269));
#10517=CARTESIAN_POINT('Origin',(-20.5000000000002,33.,0.11715728752538));
#10518=CARTESIAN_POINT('Origin',(-20.5000000000002,33.,1.575));
#10519=CARTESIAN_POINT('',(-23.7000000000002,33.,0.));
#10520=CARTESIAN_POINT('',(-23.7000000000002,33.,1.575));
#10521=CARTESIAN_POINT('Origin',(-20.5000000000002,33.,0.));
#10522=CARTESIAN_POINT('Origin',(39.4999999999997,33.,1.80857864376269));
#10523=CARTESIAN_POINT('',(32.9171572875251,33.,3.5));
#10524=CARTESIAN_POINT('Origin',(39.4999999999997,33.,3.5));
#10525=CARTESIAN_POINT('',(36.2999999999997,33.,0.11715728752538));
#10526=CARTESIAN_POINT('',(34.6085786437624,33.,1.80857864376269));
#10527=CARTESIAN_POINT('Origin',(39.4999999999997,33.,0.11715728752538));
#10528=CARTESIAN_POINT('Origin',(39.4999999999997,33.,1.575));
#10529=CARTESIAN_POINT('',(36.2999999999997,33.,0.));
#10530=CARTESIAN_POINT('',(36.2999999999997,33.,1.575));
#10531=CARTESIAN_POINT('Origin',(39.4999999999997,33.,0.));
#10532=CARTESIAN_POINT('Origin',(-20.5000000000003,-6.99999999999996,1.80857864376269));
#10533=CARTESIAN_POINT('',(-27.0828427124749,-6.99999999999996,3.5));
#10534=CARTESIAN_POINT('Origin',(-20.5000000000003,-6.99999999999996,3.5));
#10535=CARTESIAN_POINT('',(-23.7000000000003,-6.99999999999996,0.11715728752538));
#10536=CARTESIAN_POINT('',(-25.3914213562376,-6.99999999999996,1.80857864376269));
#10537=CARTESIAN_POINT('Origin',(-20.5000000000003,-6.99999999999996,0.11715728752538));
#10538=CARTESIAN_POINT('Origin',(-20.5000000000003,-6.99999999999996,1.575));
#10539=CARTESIAN_POINT('',(-23.7000000000003,-6.99999999999996,0.));
#10540=CARTESIAN_POINT('',(-23.7000000000003,-6.99999999999996,1.575));
#10541=CARTESIAN_POINT('Origin',(-20.5000000000003,-6.99999999999996,0.));
#10542=CARTESIAN_POINT('Origin',(8.88178419700125E-15,0.,3.5));
#10543=CARTESIAN_POINT('Origin',(8.88178419700125E-15,0.,0.));
#10544=UNCERTAINTY_MEASURE_WITH_UNIT(LENGTH_MEASURE(0.01),#10548,
'DISTANCE_ACCURACY_VALUE',
'Maximum model space distance between geometric entities at asserted c
onnectivities');
#10545=UNCERTAINTY_MEASURE_WITH_UNIT(LENGTH_MEASURE(0.01),#10548,
'DISTANCE_ACCURACY_VALUE',
'Maximum model space distance between geometric entities at asserted c
onnectivities');
#10546=(
GEOMETRIC_REPRESENTATION_CONTEXT(3)
GLOBAL_UNCERTAINTY_ASSIGNED_CONTEXT((#10544))
GLOBAL_UNIT_ASSIGNED_CONTEXT((#10548,#10550,#10551))
REPRESENTATION_CONTEXT('','3D')
);
#10547=(
GEOMETRIC_REPRESENTATION_CONTEXT(3)
GLOBAL_UNCERTAINTY_ASSIGNED_CONTEXT((#10545))
GLOBAL_UNIT_ASSIGNED_CONTEXT((#10548,#10550,#10551))
REPRESENTATION_CONTEXT('','3D')
);
#10548=(
LENGTH_UNIT()
NAMED_UNIT(*)
SI_UNIT(.MILLI.,.METRE.)
);
#10549=(
LENGTH_UNIT()
NAMED_UNIT(*)
SI_UNIT($,.METRE.)
);
#10550=(
NAMED_UNIT(*)
PLANE_ANGLE_UNIT()
SI_UNIT($,.RADIAN.)
);
#10551=(
NAMED_UNIT(*)
SI_UNIT($,.STERADIAN.)
SOLID_ANGLE_UNIT()
);
#10552=SHAPE_DEFINITION_REPRESENTATION(#10553,#10554);
#10553=PRODUCT_DEFINITION_SHAPE('',$,#10556);
#10554=SHAPE_REPRESENTATION('',(#2406),#10546);
#10555=PRODUCT_DEFINITION_CONTEXT('part definition',#10560,'design');
#10556=PRODUCT_DEFINITION('Configuration 1','deck_slot_simple v2',#10557,
#10555);
#10557=PRODUCT_DEFINITION_FORMATION('',$,#10562);
#10558=PRODUCT_RELATED_PRODUCT_CATEGORY('deck_slot_simple v2',
'deck_slot_simple v2',(#10562));
#10559=APPLICATION_PROTOCOL_DEFINITION('international standard',
'automotive_design',2009,#10560);
#10560=APPLICATION_CONTEXT(
'Core Data for Automotive Mechanical Design Process');
#10561=PRODUCT_CONTEXT('part definition',#10560,'mechanical');
#10562=PRODUCT('Configuration 1','deck_slot_simple v2',$,(#10561));
#10563=PRESENTATION_STYLE_ASSIGNMENT((#10564));
#10564=SURFACE_STYLE_USAGE(.BOTH.,#10565);
#10565=SURFACE_SIDE_STYLE('',(#10566));
#10566=SURFACE_STYLE_FILL_AREA(#10567);
#10567=FILL_AREA_STYLE('Steel - Satin',(#10568));
#10568=FILL_AREA_STYLE_COLOUR('Steel - Satin',#10569);
#10569=COLOUR_RGB('Steel - Satin',0.627450980392157,0.627450980392157,0.627450980392157);
ENDSEC;
END-ISO-10303-21;
