ISO-10303-21;
HEADER;
/* Generated by software containing ST-Developer
 * from STEP Tools, Inc. (www.steptools.com) 
 */

FILE_DESCRIPTION(
/* description */ (''),
/* implementation_level */ '2;1');

FILE_NAME(
/* name */ 'suction_cup_mount.step',
/* time_stamp */ '2026-06-15T00:25:17-04:00',
/* author */ (''),
/* organization */ (''),
/* preprocessor_version */ 'ST-DEVELOPER v20.1',
/* originating_system */ 'Autodesk Translation Framework v15.8.0.0',
/* authorisation */ '');

FILE_SCHEMA (('AUTOMOTIVE_DESIGN { 1 0 10303 214 3 1 1 }'));
ENDSEC;

DATA;
#10=MECHANICAL_DESIGN_GEOMETRIC_PRESENTATION_REPRESENTATION('',(#13),#2803);
#11=SHAPE_REPRESENTATION_RELATIONSHIP('SRR','None',#2810,#12);
#12=ADVANCED_BREP_SHAPE_REPRESENTATION('',(#14),#2802);
#13=STYLED_ITEM('',(#2819),#14);
#14=MANIFOLD_SOLID_BREP('Body2',#1426);
#15=FACE_BOUND('',#264,.T.);
#16=FACE_BOUND('',#293,.T.);
#17=FACE_BOUND('',#301,.T.);
#18=FACE_BOUND('',#311,.T.);
#19=FACE_BOUND('',#312,.T.);
#20=FACE_BOUND('',#313,.T.);
#21=TOROIDAL_SURFACE('',#1473,5.,2.5);
#22=TOROIDAL_SURFACE('',#1483,5.,2.5);
#23=TOROIDAL_SURFACE('',#1496,5.,2.5);
#24=TOROIDAL_SURFACE('',#1501,5.,2.5);
#25=TOROIDAL_SURFACE('',#1533,7.,0.25);
#26=TOROIDAL_SURFACE('',#1549,7.,0.25);
#27=TOROIDAL_SURFACE('',#1551,7.,0.25);
#28=TOROIDAL_SURFACE('',#1553,7.,0.25);
#29=TOROIDAL_SURFACE('',#1555,7.,0.25);
#30=TOROIDAL_SURFACE('',#1557,7.,0.25);
#31=PLANE('',#1456);
#32=PLANE('',#1469);
#33=PLANE('',#1485);
#34=PLANE('',#1486);
#35=PLANE('',#1487);
#36=PLANE('',#1505);
#37=PLANE('',#1508);
#38=PLANE('',#1511);
#39=PLANE('',#1514);
#40=PLANE('',#1523);
#41=PLANE('',#1524);
#42=PLANE('',#1532);
#43=PLANE('',#1559);
#44=PLANE('',#1560);
#45=PLANE('',#1561);
#46=PLANE('',#1562);
#47=PLANE('',#1563);
#48=PLANE('',#1564);
#49=PLANE('',#1565);
#50=PLANE('',#1566);
#51=PLANE('',#1567);
#52=PLANE('',#1568);
#53=PLANE('',#1569);
#54=PLANE('',#1570);
#55=PLANE('',#1573);
#56=PLANE('',#1574);
#57=PLANE('',#1575);
#58=PLANE('',#1576);
#59=PLANE('',#1577);
#60=PLANE('',#1578);
#61=PLANE('',#1579);
#62=PLANE('',#1584);
#63=PLANE('',#1587);
#64=PLANE('',#1588);
#65=PLANE('',#1591);
#66=ELLIPSE('',#1448,3.81881307912987,2.5);
#67=ELLIPSE('',#1449,3.81881307912987,2.5);
#68=ELLIPSE('',#1460,3.81881307912987,2.5);
#69=ELLIPSE('',#1461,3.81881307912987,2.5);
#70=ELLIPSE('',#1471,2.88675134594813,2.5);
#71=ELLIPSE('',#1482,2.88675134594813,2.5);
#72=ELLIPSE('',#1489,2.88675134594813,2.5);
#73=ELLIPSE('',#1495,2.88675134594813,2.5);
#74=ELLIPSE('',#1518,3.53553390593274,2.5);
#75=ELLIPSE('',#1521,3.53553390593274,2.5);
#76=ELLIPSE('',#1527,3.53553390593274,2.5);
#77=ELLIPSE('',#1530,3.53553390593274,2.5);
#78=B_SPLINE_SURFACE_WITH_KNOTS('',3,3,((#2027,#2028,#2029,#2030,#2031,
#2032),(#2033,#2034,#2035,#2036,#2037,#2038),(#2039,#2040,#2041,#2042,#2043,
#2044),(#2045,#2046,#2047,#2048,#2049,#2050),(#2051,#2052,#2053,#2054,#2055,
#2056)),.UNSPECIFIED.,.F.,.F.,.F.,(4,1,4),(4,1,1,4),(0.,0.5,1.),(-5.55111512312578E-17,
0.535299735553994,0.892166225923324,1.24903271629265),.UNSPECIFIED.);
#79=B_SPLINE_SURFACE_WITH_KNOTS('',3,3,((#2169,#2170,#2171,#2172,#2173,
#2174),(#2175,#2176,#2177,#2178,#2179,#2180),(#2181,#2182,#2183,#2184,#2185,
#2186),(#2187,#2188,#2189,#2190,#2191,#2192),(#2193,#2194,#2195,#2196,#2197,
#2198)),.UNSPECIFIED.,.F.,.F.,.F.,(4,1,4),(4,1,1,4),(0.,0.5,1.),(-1.26378864968001E-15,
0.535299735553993,0.892166225923323,1.24903271629265),.UNSPECIFIED.);
#80=B_SPLINE_CURVE_WITH_KNOTS('',3,(#2009,#2010,#2011,#2012,#2013,#2014),
 .UNSPECIFIED.,.F.,.F.,(4,2,4),(-0.0604750325397802,-0.0558570441997821,
-0.04003176810699),.UNSPECIFIED.);
#81=B_SPLINE_CURVE_WITH_KNOTS('',3,(#2022,#2023,#2024,#2025),
 .UNSPECIFIED.,.F.,.F.,(4,4),(-0.166060381136976,-0.145612561047839),
 .UNSPECIFIED.);
#82=B_SPLINE_CURVE_WITH_KNOTS('',3,(#2059,#2060,#2061,#2062,#2063,#2064,
#2065,#2066,#2067,#2068,#2069,#2070,#2071,#2072,#2073,#2074,#2075,#2076,
#2077,#2078,#2079,#2080,#2081,#2082,#2083,#2084,#2085,#2086),
 .UNSPECIFIED.,.F.,.F.,(4,3,3,3,3,3,3,3,3,4),(0.,0.0137687730952005,0.0249496596714391,
0.0352999753829105,0.0414001529637789,0.0536085686039315,0.0565006005481559,
0.0681004888718702,0.0804732139681483,0.0826405326734028),.UNSPECIFIED.);
#83=B_SPLINE_CURVE_WITH_KNOTS('',3,(#2091,#2092,#2093,#2094,#2095,#2096),
 .UNSPECIFIED.,.F.,.F.,(4,2,4),(1.823977805656,1.82990007468903,1.91823583209631),
 .UNSPECIFIED.);
#84=B_SPLINE_CURVE_WITH_KNOTS('',3,(#2104,#2105,#2106,#2107,#2108,#2109),
 .UNSPECIFIED.,.F.,.F.,(4,2,4),(0.138810751351772,0.227146508759052,0.233068777792083),
 .UNSPECIFIED.);
#85=B_SPLINE_CURVE_WITH_KNOTS('',3,(#2118,#2119,#2120,#2121,#2122,#2123,
#2124,#2125,#2126,#2127),.UNSPECIFIED.,.F.,.F.,(4,2,2,2,4),(0.147221329639271,
0.149896227570256,0.153398567441073,0.167234664362576,0.19892643710414),
 .UNSPECIFIED.);
#86=B_SPLINE_CURVE_WITH_KNOTS('',3,(#2135,#2136,#2137,#2138,#2139,#2140,
#2141,#2142,#2143,#2144),.UNSPECIFIED.,.F.,.F.,(4,2,2,2,4),(0.0955162221744024,
0.127207994915967,0.14104409183747,0.144546431708287,0.147221329639271),
 .UNSPECIFIED.);
#87=B_SPLINE_CURVE_WITH_KNOTS('',3,(#2151,#2152,#2153,#2154,#2155,#2156),
 .UNSPECIFIED.,.F.,.F.,(4,2,4),(-0.0604750325397645,-0.055857044199759,
-0.0400317681069683),.UNSPECIFIED.);
#88=B_SPLINE_CURVE_WITH_KNOTS('',3,(#2164,#2165,#2166,#2167),
 .UNSPECIFIED.,.F.,.F.,(4,4),(-0.166060381137026,-0.145612561047875),
 .UNSPECIFIED.);
#89=B_SPLINE_CURVE_WITH_KNOTS('',3,(#2201,#2202,#2203,#2204,#2205,#2206,
#2207,#2208,#2209,#2210,#2211,#2212,#2213,#2214,#2215,#2216,#2217,#2218,
#2219,#2220,#2221,#2222,#2223,#2224,#2225,#2226,#2227,#2228),
 .UNSPECIFIED.,.F.,.F.,(4,3,3,3,3,3,3,3,3,4),(0.,0.0137691664565267,0.0249501240031666,
0.0352999753829068,0.0414001529637746,0.0536087269391127,0.0565006005481469,
0.068100553122661,0.080473213968137,0.0826405326733755),.UNSPECIFIED.);
#90=B_SPLINE_CURVE_WITH_KNOTS('',3,(#2233,#2234,#2235,#2236,#2237,#2238),
 .UNSPECIFIED.,.F.,.F.,(4,2,4),(1.823977805656,1.82990007468903,1.91823583209631),
 .UNSPECIFIED.);
#91=B_SPLINE_CURVE_WITH_KNOTS('',3,(#2242,#2243,#2244,#2245,#2246,#2247,
#2248,#2249,#2250,#2251,#2252,#2253,#2254,#2255,#2256),.UNSPECIFIED.,.F.,
 .F.,(4,2,2,3,2,2,4),(-0.259361087385318,-0.246959599799994,-0.123479799899997,
0.,0.123479799899997,0.246959599799993,0.259361087385318),.UNSPECIFIED.);
#92=B_SPLINE_CURVE_WITH_KNOTS('',3,(#2264,#2265,#2266,#2267,#2268,#2269),
 .UNSPECIFIED.,.F.,.F.,(4,2,4),(0.138810751351772,0.227146508759051,0.233068777792083),
 .UNSPECIFIED.);
#93=B_SPLINE_CURVE_WITH_KNOTS('',3,(#2278,#2279,#2280,#2281,#2282,#2283,
#2284,#2285,#2286,#2287),.UNSPECIFIED.,.F.,.F.,(4,2,2,2,4),(0.147221329639272,
0.149896227570257,0.153398567441073,0.167234664362577,0.198926437104142),
 .UNSPECIFIED.);
#94=B_SPLINE_CURVE_WITH_KNOTS('',3,(#2295,#2296,#2297,#2298,#2299,#2300,
#2301,#2302,#2303,#2304),.UNSPECIFIED.,.F.,.F.,(4,2,2,2,4),(0.0955162221744019,
0.127207994915967,0.14104409183747,0.144546431708287,0.147221329639272),
 .UNSPECIFIED.);
#95=B_SPLINE_CURVE_WITH_KNOTS('',3,(#2313,#2314,#2315,#2316,#2317,#2318),
 .UNSPECIFIED.,.F.,.F.,(4,2,4),(1.66120206635219,1.7065748091641,1.7413266576286),
 .UNSPECIFIED.);
#96=B_SPLINE_CURVE_WITH_KNOTS('',3,(#2321,#2322,#2323,#2324,#2325,#2326,
#2327,#2328,#2329,#2330),.UNSPECIFIED.,.F.,.F.,(4,2,2,2,4),(0.60558174496567,
0.635481233068366,0.688361170883514,0.739548595684251,0.759454441680507),
 .UNSPECIFIED.);
#97=B_SPLINE_CURVE_WITH_KNOTS('',3,(#2336,#2337,#2338,#2339,#2340,#2341,
#2342,#2343,#2344,#2345,#2346),.UNSPECIFIED.,.F.,.F.,(4,2,3,2,4),(1.6612020663522,
1.7065748091641,1.89166000875856,2.07674520835301,2.12211795116492),
 .UNSPECIFIED.);
#98=B_SPLINE_CURVE_WITH_KNOTS('',3,(#2359,#2360,#2361,#2362,#2363,#2364),
 .UNSPECIFIED.,.F.,.F.,(4,2,4),(0.150333350955199,0.185085199594456,0.23045794240636),
 .UNSPECIFIED.);
#99=B_SPLINE_CURVE_WITH_KNOTS('',3,(#2370,#2371,#2372,#2373,#2374,#2375,
#2376,#2377,#2378,#2379),.UNSPECIFIED.,.F.,.F.,(4,2,2,2,4),(0.605581744965482,
0.635481233068143,0.688361170883267,0.73954859568399,0.759454441680231),
 .UNSPECIFIED.);
#100=B_SPLINE_CURVE_WITH_KNOTS('',3,(#2402,#2403,#2404,#2405,#2406,#2407),
 .UNSPECIFIED.,.F.,.F.,(4,2,4),(1.66120206635219,1.7065748091641,1.7413266576286),
 .UNSPECIFIED.);
#101=B_SPLINE_CURVE_WITH_KNOTS('',3,(#2415,#2416,#2417,#2418,#2419,#2420),
 .UNSPECIFIED.,.F.,.F.,(4,2,4),(0.150333350955198,0.185085199594457,0.23045794240636),
 .UNSPECIFIED.);
#102=B_SPLINE_CURVE_WITH_KNOTS('',3,(#2427,#2428,#2429,#2430,#2431,#2432,
#2433,#2434,#2435,#2436),.UNSPECIFIED.,.F.,.F.,(4,2,2,2,4),(1.74422472164631,
1.76085929433852,1.81421318827475,1.8628862897688,1.89614651433623),
 .UNSPECIFIED.);
#103=B_SPLINE_CURVE_WITH_KNOTS('',3,(#2442,#2443,#2444,#2445,#2446,#2447,
#2448,#2449,#2450,#2451,#2452),.UNSPECIFIED.,.F.,.F.,(4,2,3,2,4),(1.6612020663522,
1.7065748091641,1.89166000875856,2.07674520835301,2.12211795116493),
 .UNSPECIFIED.);
#104=B_SPLINE_CURVE_WITH_KNOTS('',3,(#2457,#2458,#2459,#2460,#2461,#2462,
#2463,#2464,#2465,#2466),.UNSPECIFIED.,.F.,.F.,(4,2,2,2,4),(1.74422472164552,
1.76085929433771,1.81421318827391,1.86288628976793,1.89614651433534),
 .UNSPECIFIED.);
#105=B_SPLINE_CURVE_WITH_KNOTS('',3,(#2472,#2473,#2474,#2475),
 .UNSPECIFIED.,.F.,.F.,(4,4),(-0.166086588246037,-0.145625833910072),
 .UNSPECIFIED.);
#106=B_SPLINE_CURVE_WITH_KNOTS('',3,(#2479,#2480,#2481,#2482,#2483,#2484),
 .UNSPECIFIED.,.F.,.F.,(4,2,4),(-0.0604761360414861,-0.0558696500018935,
-0.0400322594988499),.UNSPECIFIED.);
#107=B_SPLINE_CURVE_WITH_KNOTS('',3,(#2488,#2489,#2490,#2491,#2492,#2493,
#2494,#2495,#2496,#2497),.UNSPECIFIED.,.F.,.F.,(4,2,2,2,4),(0.147221329639271,
0.149896227570256,0.153398567441073,0.167234664362576,0.198926437104141),
 .UNSPECIFIED.);
#108=B_SPLINE_CURVE_WITH_KNOTS('',3,(#2504,#2505,#2506,#2507,#2508,#2509,
#2510,#2511,#2512,#2513),.UNSPECIFIED.,.F.,.F.,(4,2,2,2,4),(0.0955162221744014,
0.127207994915967,0.14104409183747,0.144546431708287,0.147221329639271),
 .UNSPECIFIED.);
#109=B_SPLINE_CURVE_WITH_KNOTS('',3,(#2516,#2517,#2518,#2519),
 .UNSPECIFIED.,.F.,.F.,(4,4),(-0.166067459376759,-0.145616113689964),
 .UNSPECIFIED.);
#110=B_SPLINE_CURVE_WITH_KNOTS('',3,(#2523,#2524,#2525,#2526,#2527,#2528),
 .UNSPECIFIED.,.F.,.F.,(4,2,4),(-0.0604753288059683,-0.0558604277884614,
-0.0400319000981918),.UNSPECIFIED.);
#111=B_SPLINE_CURVE_WITH_KNOTS('',3,(#2532,#2533,#2534,#2535,#2536,#2537,
#2538,#2539,#2540,#2541),.UNSPECIFIED.,.F.,.F.,(4,2,2,2,4),(0.147221329639272,
0.149896227570256,0.153398567441073,0.167234664362576,0.198926437104141),
 .UNSPECIFIED.);
#112=B_SPLINE_CURVE_WITH_KNOTS('',3,(#2548,#2549,#2550,#2551,#2552,#2553,
#2554,#2555,#2556,#2557),.UNSPECIFIED.,.F.,.F.,(4,2,2,2,4),(0.0955162221744022,
0.127207994915967,0.14104409183747,0.144546431708287,0.147221329639272),
 .UNSPECIFIED.);
#113=B_SPLINE_CURVE_WITH_KNOTS('',3,(#2562,#2563,#2564,#2565),
 .UNSPECIFIED.,.F.,.F.,(4,4),(-0.166086588246829,-0.145625833910754),
 .UNSPECIFIED.);
#114=B_SPLINE_CURVE_WITH_KNOTS('',3,(#2569,#2570,#2571,#2572,#2573,#2574),
 .UNSPECIFIED.,.F.,.F.,(4,2,4),(-0.0604761360417197,-0.0558696500021087,
-0.0400322594989643),.UNSPECIFIED.);
#115=B_SPLINE_CURVE_WITH_KNOTS('',3,(#2578,#2579,#2580,#2581,#2582,#2583,
#2584,#2585,#2586,#2587),.UNSPECIFIED.,.F.,.F.,(4,2,2,2,4),(0.14722132963927,
0.149896227570255,0.153398567441072,0.167234664362575,0.198926437104138),
 .UNSPECIFIED.);
#116=B_SPLINE_CURVE_WITH_KNOTS('',3,(#2594,#2595,#2596,#2597,#2598,#2599,
#2600,#2601,#2602,#2603),.UNSPECIFIED.,.F.,.F.,(4,2,2,2,4),(0.095516222174402,
0.127207994915966,0.141044091837469,0.144546431708286,0.14722132963927),
 .UNSPECIFIED.);
#117=B_SPLINE_CURVE_WITH_KNOTS('',3,(#2606,#2607,#2608,#2609),
 .UNSPECIFIED.,.F.,.F.,(4,4),(-0.166067459382197,-0.145616113694622),
 .UNSPECIFIED.);
#118=B_SPLINE_CURVE_WITH_KNOTS('',3,(#2613,#2614,#2615,#2616,#2617,#2618),
 .UNSPECIFIED.,.F.,.F.,(4,2,4),(-0.0604753288073729,-0.0558604277896851,
-0.0400319000988133),.UNSPECIFIED.);
#119=B_SPLINE_CURVE_WITH_KNOTS('',3,(#2622,#2623,#2624,#2625,#2626,#2627,
#2628,#2629,#2630,#2631),.UNSPECIFIED.,.F.,.F.,(4,2,2,2,4),(0.147221329639272,
0.149896227570256,0.153398567441073,0.167234664362576,0.198926437104141),
 .UNSPECIFIED.);
#120=B_SPLINE_CURVE_WITH_KNOTS('',3,(#2638,#2639,#2640,#2641,#2642,#2643,
#2644,#2645,#2646,#2647),.UNSPECIFIED.,.F.,.F.,(4,2,2,2,4),(0.0955162221744031,
0.127207994915967,0.14104409183747,0.144546431708287,0.147221329639272),
 .UNSPECIFIED.);
#121=CYLINDRICAL_SURFACE('',#1443,6.25);
#122=CYLINDRICAL_SURFACE('',#1445,2.5);
#123=CYLINDRICAL_SURFACE('',#1454,2.5);
#124=CYLINDRICAL_SURFACE('',#1457,2.5);
#125=CYLINDRICAL_SURFACE('',#1467,2.5);
#126=CYLINDRICAL_SURFACE('',#1470,2.5);
#127=CYLINDRICAL_SURFACE('',#1476,2.5);
#128=CYLINDRICAL_SURFACE('',#1478,2.5);
#129=CYLINDRICAL_SURFACE('',#1480,2.5);
#130=CYLINDRICAL_SURFACE('',#1488,2.5);
#131=CYLINDRICAL_SURFACE('',#1491,2.5);
#132=CYLINDRICAL_SURFACE('',#1493,2.5);
#133=CYLINDRICAL_SURFACE('',#1499,2.5);
#134=CYLINDRICAL_SURFACE('',#1503,2.5);
#135=CYLINDRICAL_SURFACE('',#1506,2.5);
#136=CYLINDRICAL_SURFACE('',#1509,2.5);
#137=CYLINDRICAL_SURFACE('',#1512,2.5);
#138=CYLINDRICAL_SURFACE('',#1516,2.5);
#139=CYLINDRICAL_SURFACE('',#1519,2.5);
#140=CYLINDRICAL_SURFACE('',#1522,2.5);
#141=CYLINDRICAL_SURFACE('',#1525,2.5);
#142=CYLINDRICAL_SURFACE('',#1528,2.5);
#143=CYLINDRICAL_SURFACE('',#1531,2.5);
#144=CYLINDRICAL_SURFACE('',#1536,6.75);
#145=CYLINDRICAL_SURFACE('',#1571,1.2645);
#146=CYLINDRICAL_SURFACE('',#1580,1.7);
#147=CYLINDRICAL_SURFACE('',#1582,1.7);
#148=CYLINDRICAL_SURFACE('',#1585,7.5);
#149=CYLINDRICAL_SURFACE('',#1589,7.5);
#150=FACE_OUTER_BOUND('',#229,.T.);
#151=FACE_OUTER_BOUND('',#230,.T.);
#152=FACE_OUTER_BOUND('',#231,.T.);
#153=FACE_OUTER_BOUND('',#232,.T.);
#154=FACE_OUTER_BOUND('',#233,.T.);
#155=FACE_OUTER_BOUND('',#234,.T.);
#156=FACE_OUTER_BOUND('',#235,.T.);
#157=FACE_OUTER_BOUND('',#236,.T.);
#158=FACE_OUTER_BOUND('',#237,.T.);
#159=FACE_OUTER_BOUND('',#238,.T.);
#160=FACE_OUTER_BOUND('',#239,.T.);
#161=FACE_OUTER_BOUND('',#240,.T.);
#162=FACE_OUTER_BOUND('',#241,.T.);
#163=FACE_OUTER_BOUND('',#242,.T.);
#164=FACE_OUTER_BOUND('',#243,.T.);
#165=FACE_OUTER_BOUND('',#244,.T.);
#166=FACE_OUTER_BOUND('',#245,.T.);
#167=FACE_OUTER_BOUND('',#246,.T.);
#168=FACE_OUTER_BOUND('',#247,.T.);
#169=FACE_OUTER_BOUND('',#248,.T.);
#170=FACE_OUTER_BOUND('',#249,.T.);
#171=FACE_OUTER_BOUND('',#250,.T.);
#172=FACE_OUTER_BOUND('',#251,.T.);
#173=FACE_OUTER_BOUND('',#252,.T.);
#174=FACE_OUTER_BOUND('',#253,.T.);
#175=FACE_OUTER_BOUND('',#254,.T.);
#176=FACE_OUTER_BOUND('',#255,.T.);
#177=FACE_OUTER_BOUND('',#256,.T.);
#178=FACE_OUTER_BOUND('',#257,.T.);
#179=FACE_OUTER_BOUND('',#258,.T.);
#180=FACE_OUTER_BOUND('',#259,.T.);
#181=FACE_OUTER_BOUND('',#260,.T.);
#182=FACE_OUTER_BOUND('',#261,.T.);
#183=FACE_OUTER_BOUND('',#262,.T.);
#184=FACE_OUTER_BOUND('',#263,.T.);
#185=FACE_OUTER_BOUND('',#265,.T.);
#186=FACE_OUTER_BOUND('',#266,.T.);
#187=FACE_OUTER_BOUND('',#267,.T.);
#188=FACE_OUTER_BOUND('',#268,.T.);
#189=FACE_OUTER_BOUND('',#269,.T.);
#190=FACE_OUTER_BOUND('',#270,.T.);
#191=FACE_OUTER_BOUND('',#271,.T.);
#192=FACE_OUTER_BOUND('',#272,.T.);
#193=FACE_OUTER_BOUND('',#273,.T.);
#194=FACE_OUTER_BOUND('',#274,.T.);
#195=FACE_OUTER_BOUND('',#275,.T.);
#196=FACE_OUTER_BOUND('',#276,.T.);
#197=FACE_OUTER_BOUND('',#277,.T.);
#198=FACE_OUTER_BOUND('',#278,.T.);
#199=FACE_OUTER_BOUND('',#279,.T.);
#200=FACE_OUTER_BOUND('',#280,.T.);
#201=FACE_OUTER_BOUND('',#281,.T.);
#202=FACE_OUTER_BOUND('',#282,.T.);
#203=FACE_OUTER_BOUND('',#283,.T.);
#204=FACE_OUTER_BOUND('',#284,.T.);
#205=FACE_OUTER_BOUND('',#285,.T.);
#206=FACE_OUTER_BOUND('',#286,.T.);
#207=FACE_OUTER_BOUND('',#287,.T.);
#208=FACE_OUTER_BOUND('',#288,.T.);
#209=FACE_OUTER_BOUND('',#289,.T.);
#210=FACE_OUTER_BOUND('',#290,.T.);
#211=FACE_OUTER_BOUND('',#291,.T.);
#212=FACE_OUTER_BOUND('',#292,.T.);
#213=FACE_OUTER_BOUND('',#294,.T.);
#214=FACE_OUTER_BOUND('',#295,.T.);
#215=FACE_OUTER_BOUND('',#296,.T.);
#216=FACE_OUTER_BOUND('',#297,.T.);
#217=FACE_OUTER_BOUND('',#298,.T.);
#218=FACE_OUTER_BOUND('',#299,.T.);
#219=FACE_OUTER_BOUND('',#300,.T.);
#220=FACE_OUTER_BOUND('',#302,.T.);
#221=FACE_OUTER_BOUND('',#303,.T.);
#222=FACE_OUTER_BOUND('',#304,.T.);
#223=FACE_OUTER_BOUND('',#305,.T.);
#224=FACE_OUTER_BOUND('',#306,.T.);
#225=FACE_OUTER_BOUND('',#307,.T.);
#226=FACE_OUTER_BOUND('',#308,.T.);
#227=FACE_OUTER_BOUND('',#309,.T.);
#228=FACE_OUTER_BOUND('',#310,.T.);
#229=EDGE_LOOP('',(#918,#919,#920,#921));
#230=EDGE_LOOP('',(#922,#923,#924,#925));
#231=EDGE_LOOP('',(#926,#927,#928,#929,#930,#931));
#232=EDGE_LOOP('',(#932,#933,#934,#935));
#233=EDGE_LOOP('',(#936,#937,#938,#939,#940,#941,#942,#943));
#234=EDGE_LOOP('',(#944,#945,#946,#947,#948));
#235=EDGE_LOOP('',(#949,#950,#951,#952,#953,#954,#955,#956,#957));
#236=EDGE_LOOP('',(#958,#959,#960,#961,#962,#963));
#237=EDGE_LOOP('',(#964,#965,#966,#967));
#238=EDGE_LOOP('',(#968,#969,#970,#971,#972,#973,#974,#975,#976,#977));
#239=EDGE_LOOP('',(#978,#979,#980,#981,#982));
#240=EDGE_LOOP('',(#983,#984,#985,#986,#987,#988,#989,#990,#991));
#241=EDGE_LOOP('',(#992,#993,#994,#995,#996));
#242=EDGE_LOOP('',(#997,#998,#999,#1000));
#243=EDGE_LOOP('',(#1001,#1002,#1003,#1004));
#244=EDGE_LOOP('',(#1005,#1006,#1007,#1008,#1009));
#245=EDGE_LOOP('',(#1010,#1011,#1012,#1013,#1014));
#246=EDGE_LOOP('',(#1015,#1016,#1017,#1018));
#247=EDGE_LOOP('',(#1019,#1020,#1021,#1022,#1023));
#248=EDGE_LOOP('',(#1024,#1025,#1026,#1027));
#249=EDGE_LOOP('',(#1028,#1029,#1030,#1031,#1032,#1033,#1034));
#250=EDGE_LOOP('',(#1035,#1036,#1037,#1038,#1039));
#251=EDGE_LOOP('',(#1040,#1041,#1042,#1043,#1044));
#252=EDGE_LOOP('',(#1045,#1046,#1047,#1048,#1049));
#253=EDGE_LOOP('',(#1050,#1051,#1052,#1053));
#254=EDGE_LOOP('',(#1054,#1055,#1056,#1057));
#255=EDGE_LOOP('',(#1058,#1059,#1060,#1061));
#256=EDGE_LOOP('',(#1062,#1063,#1064,#1065,#1066,#1067));
#257=EDGE_LOOP('',(#1068,#1069,#1070,#1071,#1072,#1073,#1074,#1075,#1076));
#258=EDGE_LOOP('',(#1077,#1078,#1079,#1080,#1081,#1082));
#259=EDGE_LOOP('',(#1083,#1084,#1085,#1086,#1087,#1088,#1089,#1090));
#260=EDGE_LOOP('',(#1091,#1092,#1093,#1094,#1095,#1096));
#261=EDGE_LOOP('',(#1097,#1098,#1099,#1100,#1101,#1102,#1103,#1104,#1105));
#262=EDGE_LOOP('',(#1106,#1107,#1108,#1109,#1110,#1111));
#263=EDGE_LOOP('',(#1112,#1113,#1114,#1115,#1116,#1117,#1118,#1119));
#264=EDGE_LOOP('',(#1120));
#265=EDGE_LOOP('',(#1121,#1122,#1123,#1124));
#266=EDGE_LOOP('',(#1125,#1126,#1127,#1128));
#267=EDGE_LOOP('',(#1129,#1130,#1131,#1132,#1133,#1134));
#268=EDGE_LOOP('',(#1135,#1136,#1137,#1138,#1139));
#269=EDGE_LOOP('',(#1140,#1141,#1142,#1143,#1144));
#270=EDGE_LOOP('',(#1145,#1146,#1147,#1148));
#271=EDGE_LOOP('',(#1149,#1150,#1151,#1152));
#272=EDGE_LOOP('',(#1153,#1154,#1155,#1156));
#273=EDGE_LOOP('',(#1157,#1158,#1159,#1160,#1161));
#274=EDGE_LOOP('',(#1162,#1163,#1164,#1165,#1166,#1167));
#275=EDGE_LOOP('',(#1168,#1169,#1170,#1171,#1172,#1173,#1174,#1175,#1176,
#1177,#1178,#1179,#1180,#1181,#1182,#1183,#1184,#1185,#1186,#1187,#1188,
#1189,#1190,#1191,#1192,#1193,#1194,#1195));
#276=EDGE_LOOP('',(#1196,#1197,#1198,#1199,#1200,#1201,#1202));
#277=EDGE_LOOP('',(#1203,#1204,#1205,#1206,#1207,#1208));
#278=EDGE_LOOP('',(#1209,#1210,#1211,#1212,#1213,#1214));
#279=EDGE_LOOP('',(#1215,#1216,#1217,#1218,#1219,#1220));
#280=EDGE_LOOP('',(#1221,#1222,#1223,#1224,#1225,#1226));
#281=EDGE_LOOP('',(#1227,#1228));
#282=EDGE_LOOP('',(#1229,#1230));
#283=EDGE_LOOP('',(#1231,#1232));
#284=EDGE_LOOP('',(#1233,#1234));
#285=EDGE_LOOP('',(#1235,#1236));
#286=EDGE_LOOP('',(#1237,#1238));
#287=EDGE_LOOP('',(#1239,#1240));
#288=EDGE_LOOP('',(#1241,#1242));
#289=EDGE_LOOP('',(#1243,#1244));
#290=EDGE_LOOP('',(#1245,#1246));
#291=EDGE_LOOP('',(#1247,#1248));
#292=EDGE_LOOP('',(#1249));
#293=EDGE_LOOP('',(#1250,#1251,#1252,#1253,#1254,#1255));
#294=EDGE_LOOP('',(#1256,#1257,#1258,#1259));
#295=EDGE_LOOP('',(#1260,#1261,#1262,#1263));
#296=EDGE_LOOP('',(#1264,#1265,#1266,#1267));
#297=EDGE_LOOP('',(#1268,#1269,#1270,#1271));
#298=EDGE_LOOP('',(#1272,#1273,#1274,#1275));
#299=EDGE_LOOP('',(#1276,#1277,#1278,#1279));
#300=EDGE_LOOP('',(#1280,#1281,#1282,#1283));
#301=EDGE_LOOP('',(#1284));
#302=EDGE_LOOP('',(#1285,#1286));
#303=EDGE_LOOP('',(#1287,#1288,#1289,#1290));
#304=EDGE_LOOP('',(#1291,#1292,#1293,#1294));
#305=EDGE_LOOP('',(#1295,#1296,#1297,#1298));
#306=EDGE_LOOP('',(#1299,#1300,#1301,#1302,#1303,#1304,#1305,#1306));
#307=EDGE_LOOP('',(#1307,#1308,#1309,#1310));
#308=EDGE_LOOP('',(#1311,#1312,#1313,#1314,#1315));
#309=EDGE_LOOP('',(#1316,#1317,#1318,#1319,#1320,#1321,#1322,#1323));
#310=EDGE_LOOP('',(#1324,#1325,#1326,#1327,#1328,#1329,#1330,#1331,#1332,
#1333,#1334,#1335));
#311=EDGE_LOOP('',(#1336,#1337,#1338,#1339,#1340,#1341));
#312=EDGE_LOOP('',(#1342));
#313=EDGE_LOOP('',(#1343));
#314=LINE('',#2000,#411);
#315=LINE('',#2004,#412);
#316=LINE('',#2016,#413);
#317=LINE('',#2020,#414);
#318=LINE('',#2100,#415);
#319=LINE('',#2112,#416);
#320=LINE('',#2115,#417);
#321=LINE('',#2129,#418);
#322=LINE('',#2131,#419);
#323=LINE('',#2133,#420);
#324=LINE('',#2146,#421);
#325=LINE('',#2147,#422);
#326=LINE('',#2158,#423);
#327=LINE('',#2162,#424);
#328=LINE('',#2260,#425);
#329=LINE('',#2272,#426);
#330=LINE('',#2275,#427);
#331=LINE('',#2289,#428);
#332=LINE('',#2291,#429);
#333=LINE('',#2293,#430);
#334=LINE('',#2306,#431);
#335=LINE('',#2307,#432);
#336=LINE('',#2348,#433);
#337=LINE('',#2352,#434);
#338=LINE('',#2355,#435);
#339=LINE('',#2367,#436);
#340=LINE('',#2383,#437);
#341=LINE('',#2384,#438);
#342=LINE('',#2387,#439);
#343=LINE('',#2388,#440);
#344=LINE('',#2391,#441);
#345=LINE('',#2393,#442);
#346=LINE('',#2395,#443);
#347=LINE('',#2396,#444);
#348=LINE('',#2411,#445);
#349=LINE('',#2423,#446);
#350=LINE('',#2455,#447);
#351=LINE('',#2470,#448);
#352=LINE('',#2485,#449);
#353=LINE('',#2499,#450);
#354=LINE('',#2501,#451);
#355=LINE('',#2503,#452);
#356=LINE('',#2529,#453);
#357=LINE('',#2543,#454);
#358=LINE('',#2545,#455);
#359=LINE('',#2547,#456);
#360=LINE('',#2560,#457);
#361=LINE('',#2575,#458);
#362=LINE('',#2589,#459);
#363=LINE('',#2591,#460);
#364=LINE('',#2593,#461);
#365=LINE('',#2619,#462);
#366=LINE('',#2633,#463);
#367=LINE('',#2635,#464);
#368=LINE('',#2637,#465);
#369=LINE('',#2652,#466);
#370=LINE('',#2656,#467);
#371=LINE('',#2661,#468);
#372=LINE('',#2664,#469);
#373=LINE('',#2667,#470);
#374=LINE('',#2670,#471);
#375=LINE('',#2671,#472);
#376=LINE('',#2674,#473);
#377=LINE('',#2675,#474);
#378=LINE('',#2678,#475);
#379=LINE('',#2682,#476);
#380=LINE('',#2687,#477);
#381=LINE('',#2690,#478);
#382=LINE('',#2693,#479);
#383=LINE('',#2696,#480);
#384=LINE('',#2697,#481);
#385=LINE('',#2703,#482);
#386=LINE('',#2740,#483);
#387=LINE('',#2742,#484);
#388=LINE('',#2744,#485);
#389=LINE('',#2746,#486);
#390=LINE('',#2748,#487);
#391=LINE('',#2749,#488);
#392=LINE('',#2753,#489);
#393=LINE('',#2756,#490);
#394=LINE('',#2758,#491);
#395=LINE('',#2759,#492);
#396=LINE('',#2762,#493);
#397=LINE('',#2763,#494);
#398=LINE('',#2766,#495);
#399=LINE('',#2767,#496);
#400=LINE('',#2770,#497);
#401=LINE('',#2771,#498);
#402=LINE('',#2774,#499);
#403=LINE('',#2775,#500);
#404=LINE('',#2777,#501);
#405=LINE('',#2781,#502);
#406=LINE('',#2785,#503);
#407=LINE('',#2788,#504);
#408=LINE('',#2792,#505);
#409=LINE('',#2795,#506);
#410=LINE('',#2796,#507);
#411=VECTOR('',#1598,6.5);
#412=VECTOR('',#1603,6.25);
#413=VECTOR('',#1608,10.);
#414=VECTOR('',#1611,10.);
#415=VECTOR('',#1622,2.425);
#416=VECTOR('',#1629,10.);
#417=VECTOR('',#1632,10.);
#418=VECTOR('',#1635,10.);
#419=VECTOR('',#1636,10.);
#420=VECTOR('',#1637,10.);
#421=VECTOR('',#1638,10.);
#422=VECTOR('',#1639,10.);
#423=VECTOR('',#1642,10.);
#424=VECTOR('',#1645,10.);
#425=VECTOR('',#1658,2.425);
#426=VECTOR('',#1665,10.);
#427=VECTOR('',#1668,10.);
#428=VECTOR('',#1671,10.);
#429=VECTOR('',#1672,10.);
#430=VECTOR('',#1673,10.);
#431=VECTOR('',#1674,10.);
#432=VECTOR('',#1675,10.);
#433=VECTOR('',#1690,10.);
#434=VECTOR('',#1695,10.);
#435=VECTOR('',#1698,10.);
#436=VECTOR('',#1703,10.);
#437=VECTOR('',#1712,10.);
#438=VECTOR('',#1713,10.);
#439=VECTOR('',#1716,10.);
#440=VECTOR('',#1717,10.);
#441=VECTOR('',#1720,10.);
#442=VECTOR('',#1721,10.);
#443=VECTOR('',#1722,10.);
#444=VECTOR('',#1723,10.);
#445=VECTOR('',#1734,10.);
#446=VECTOR('',#1739,10.);
#447=VECTOR('',#1752,10.);
#448=VECTOR('',#1759,10.);
#449=VECTOR('',#1762,10.);
#450=VECTOR('',#1765,10.);
#451=VECTOR('',#1766,10.);
#452=VECTOR('',#1767,10.);
#453=VECTOR('',#1772,10.);
#454=VECTOR('',#1775,10.);
#455=VECTOR('',#1776,10.);
#456=VECTOR('',#1777,10.);
#457=VECTOR('',#1780,10.);
#458=VECTOR('',#1783,10.);
#459=VECTOR('',#1786,10.);
#460=VECTOR('',#1787,10.);
#461=VECTOR('',#1788,10.);
#462=VECTOR('',#1793,10.);
#463=VECTOR('',#1796,10.);
#464=VECTOR('',#1797,10.);
#465=VECTOR('',#1798,10.);
#466=VECTOR('',#1803,10.);
#467=VECTOR('',#1806,10.);
#468=VECTOR('',#1811,10.);
#469=VECTOR('',#1814,10.);
#470=VECTOR('',#1819,10.);
#471=VECTOR('',#1822,10.);
#472=VECTOR('',#1823,10.);
#473=VECTOR('',#1826,10.);
#474=VECTOR('',#1827,10.);
#475=VECTOR('',#1830,10.);
#476=VECTOR('',#1833,10.);
#477=VECTOR('',#1838,10.);
#478=VECTOR('',#1841,10.);
#479=VECTOR('',#1846,10.);
#480=VECTOR('',#1849,10.);
#481=VECTOR('',#1850,10.);
#482=VECTOR('',#1859,6.75);
#483=VECTOR('',#1928,10.);
#484=VECTOR('',#1929,10.);
#485=VECTOR('',#1930,10.);
#486=VECTOR('',#1931,10.);
#487=VECTOR('',#1932,10.);
#488=VECTOR('',#1933,10.);
#489=VECTOR('',#1938,1.2645);
#490=VECTOR('',#1941,10.);
#491=VECTOR('',#1942,10.);
#492=VECTOR('',#1943,10.);
#493=VECTOR('',#1946,10.);
#494=VECTOR('',#1947,10.);
#495=VECTOR('',#1950,10.);
#496=VECTOR('',#1951,10.);
#497=VECTOR('',#1954,10.);
#498=VECTOR('',#1955,10.);
#499=VECTOR('',#1958,10.);
#500=VECTOR('',#1959,10.);
#501=VECTOR('',#1962,10.);
#502=VECTOR('',#1967,1.7);
#503=VECTOR('',#1972,1.7);
#504=VECTOR('',#1977,10.);
#505=VECTOR('',#1984,10.);
#506=VECTOR('',#1987,10.);
#507=VECTOR('',#1988,10.);
#508=CIRCLE('',#1441,6.75);
#509=CIRCLE('',#1442,6.25);
#510=CIRCLE('',#1444,6.25);
#511=CIRCLE('',#1446,2.5);
#512=CIRCLE('',#1447,2.5);
#513=CIRCLE('',#1451,3.15);
#514=CIRCLE('',#1452,1.7);
#515=CIRCLE('',#1453,3.15);
#516=CIRCLE('',#1455,2.5);
#517=CIRCLE('',#1458,2.5);
#518=CIRCLE('',#1459,2.5);
#519=CIRCLE('',#1463,3.15);
#520=CIRCLE('',#1464,3.15);
#521=CIRCLE('',#1465,1.7);
#522=CIRCLE('',#1466,3.15);
#523=CIRCLE('',#1468,2.5);
#524=CIRCLE('',#1472,2.5);
#525=CIRCLE('',#1474,2.5);
#526=CIRCLE('',#1475,2.5);
#527=CIRCLE('',#1477,2.5);
#528=CIRCLE('',#1479,2.5);
#529=CIRCLE('',#1481,2.5);
#530=CIRCLE('',#1484,2.5);
#531=CIRCLE('',#1490,2.5);
#532=CIRCLE('',#1492,2.5);
#533=CIRCLE('',#1494,2.5);
#534=CIRCLE('',#1497,2.5);
#535=CIRCLE('',#1498,2.5);
#536=CIRCLE('',#1500,2.5);
#537=CIRCLE('',#1502,2.5);
#538=CIRCLE('',#1504,2.5);
#539=CIRCLE('',#1507,2.5);
#540=CIRCLE('',#1510,2.5);
#541=CIRCLE('',#1513,2.5);
#542=CIRCLE('',#1515,1.2645);
#543=CIRCLE('',#1517,2.5);
#544=CIRCLE('',#1520,2.5);
#545=CIRCLE('',#1526,2.5);
#546=CIRCLE('',#1529,2.5);
#547=CIRCLE('',#1534,6.75);
#548=CIRCLE('',#1535,7.);
#549=CIRCLE('',#1537,6.75);
#550=CIRCLE('',#1538,6.75);
#551=CIRCLE('',#1539,6.75);
#552=CIRCLE('',#1540,6.75);
#553=CIRCLE('',#1541,6.75);
#554=CIRCLE('',#1542,6.75);
#555=CIRCLE('',#1543,6.75);
#556=CIRCLE('',#1544,6.75);
#557=CIRCLE('',#1545,6.75);
#558=CIRCLE('',#1546,6.75);
#559=CIRCLE('',#1547,6.75);
#560=CIRCLE('',#1548,6.75);
#561=CIRCLE('',#1550,7.);
#562=CIRCLE('',#1552,7.);
#563=CIRCLE('',#1554,7.);
#564=CIRCLE('',#1556,7.);
#565=CIRCLE('',#1558,7.);
#566=CIRCLE('',#1572,1.2645);
#567=CIRCLE('',#1581,1.7);
#568=CIRCLE('',#1583,1.7);
#569=CIRCLE('',#1586,7.5);
#570=CIRCLE('',#1590,7.5);
#571=VERTEX_POINT('',#1997);
#572=VERTEX_POINT('',#1999);
#573=VERTEX_POINT('',#2003);
#574=VERTEX_POINT('',#2007);
#575=VERTEX_POINT('',#2008);
#576=VERTEX_POINT('',#2015);
#577=VERTEX_POINT('',#2017);
#578=VERTEX_POINT('',#2019);
#579=VERTEX_POINT('',#2021);
#580=VERTEX_POINT('',#2057);
#581=VERTEX_POINT('',#2058);
#582=VERTEX_POINT('',#2090);
#583=VERTEX_POINT('',#2097);
#584=VERTEX_POINT('',#2099);
#585=VERTEX_POINT('',#2102);
#586=VERTEX_POINT('',#2111);
#587=VERTEX_POINT('',#2113);
#588=VERTEX_POINT('',#2117);
#589=VERTEX_POINT('',#2128);
#590=VERTEX_POINT('',#2130);
#591=VERTEX_POINT('',#2132);
#592=VERTEX_POINT('',#2134);
#593=VERTEX_POINT('',#2145);
#594=VERTEX_POINT('',#2149);
#595=VERTEX_POINT('',#2150);
#596=VERTEX_POINT('',#2157);
#597=VERTEX_POINT('',#2159);
#598=VERTEX_POINT('',#2161);
#599=VERTEX_POINT('',#2163);
#600=VERTEX_POINT('',#2199);
#601=VERTEX_POINT('',#2200);
#602=VERTEX_POINT('',#2232);
#603=VERTEX_POINT('',#2239);
#604=VERTEX_POINT('',#2241);
#605=VERTEX_POINT('',#2257);
#606=VERTEX_POINT('',#2259);
#607=VERTEX_POINT('',#2262);
#608=VERTEX_POINT('',#2271);
#609=VERTEX_POINT('',#2273);
#610=VERTEX_POINT('',#2277);
#611=VERTEX_POINT('',#2288);
#612=VERTEX_POINT('',#2290);
#613=VERTEX_POINT('',#2292);
#614=VERTEX_POINT('',#2294);
#615=VERTEX_POINT('',#2305);
#616=VERTEX_POINT('',#2309);
#617=VERTEX_POINT('',#2311);
#618=VERTEX_POINT('',#2320);
#619=VERTEX_POINT('',#2331);
#620=VERTEX_POINT('',#2335);
#621=VERTEX_POINT('',#2347);
#622=VERTEX_POINT('',#2351);
#623=VERTEX_POINT('',#2353);
#624=VERTEX_POINT('',#2357);
#625=VERTEX_POINT('',#2358);
#626=VERTEX_POINT('',#2365);
#627=VERTEX_POINT('',#2382);
#628=VERTEX_POINT('',#2386);
#629=VERTEX_POINT('',#2390);
#630=VERTEX_POINT('',#2392);
#631=VERTEX_POINT('',#2394);
#632=VERTEX_POINT('',#2398);
#633=VERTEX_POINT('',#2400);
#634=VERTEX_POINT('',#2409);
#635=VERTEX_POINT('',#2413);
#636=VERTEX_POINT('',#2414);
#637=VERTEX_POINT('',#2421);
#638=VERTEX_POINT('',#2426);
#639=VERTEX_POINT('',#2437);
#640=VERTEX_POINT('',#2441);
#641=VERTEX_POINT('',#2453);
#642=VERTEX_POINT('',#2469);
#643=VERTEX_POINT('',#2471);
#644=VERTEX_POINT('',#2476);
#645=VERTEX_POINT('',#2478);
#646=VERTEX_POINT('',#2487);
#647=VERTEX_POINT('',#2498);
#648=VERTEX_POINT('',#2500);
#649=VERTEX_POINT('',#2502);
#650=VERTEX_POINT('',#2515);
#651=VERTEX_POINT('',#2520);
#652=VERTEX_POINT('',#2522);
#653=VERTEX_POINT('',#2531);
#654=VERTEX_POINT('',#2542);
#655=VERTEX_POINT('',#2544);
#656=VERTEX_POINT('',#2546);
#657=VERTEX_POINT('',#2559);
#658=VERTEX_POINT('',#2561);
#659=VERTEX_POINT('',#2566);
#660=VERTEX_POINT('',#2568);
#661=VERTEX_POINT('',#2577);
#662=VERTEX_POINT('',#2588);
#663=VERTEX_POINT('',#2590);
#664=VERTEX_POINT('',#2592);
#665=VERTEX_POINT('',#2605);
#666=VERTEX_POINT('',#2610);
#667=VERTEX_POINT('',#2612);
#668=VERTEX_POINT('',#2621);
#669=VERTEX_POINT('',#2632);
#670=VERTEX_POINT('',#2634);
#671=VERTEX_POINT('',#2636);
#672=VERTEX_POINT('',#2648);
#673=VERTEX_POINT('',#2651);
#674=VERTEX_POINT('',#2653);
#675=VERTEX_POINT('',#2655);
#676=VERTEX_POINT('',#2659);
#677=VERTEX_POINT('',#2660);
#678=VERTEX_POINT('',#2662);
#679=VERTEX_POINT('',#2669);
#680=VERTEX_POINT('',#2673);
#681=VERTEX_POINT('',#2677);
#682=VERTEX_POINT('',#2679);
#683=VERTEX_POINT('',#2681);
#684=VERTEX_POINT('',#2685);
#685=VERTEX_POINT('',#2686);
#686=VERTEX_POINT('',#2688);
#687=VERTEX_POINT('',#2695);
#688=VERTEX_POINT('',#2702);
#689=VERTEX_POINT('',#2738);
#690=VERTEX_POINT('',#2739);
#691=VERTEX_POINT('',#2741);
#692=VERTEX_POINT('',#2743);
#693=VERTEX_POINT('',#2745);
#694=VERTEX_POINT('',#2747);
#695=VERTEX_POINT('',#2751);
#696=VERTEX_POINT('',#2755);
#697=VERTEX_POINT('',#2757);
#698=VERTEX_POINT('',#2761);
#699=VERTEX_POINT('',#2765);
#700=VERTEX_POINT('',#2769);
#701=VERTEX_POINT('',#2773);
#702=VERTEX_POINT('',#2780);
#703=VERTEX_POINT('',#2784);
#704=VERTEX_POINT('',#2794);
#705=EDGE_CURVE('',#571,#571,#508,.T.);
#706=EDGE_CURVE('',#571,#572,#314,.T.);
#707=EDGE_CURVE('',#572,#572,#509,.T.);
#708=EDGE_CURVE('',#572,#573,#315,.T.);
#709=EDGE_CURVE('',#573,#573,#510,.T.);
#710=EDGE_CURVE('',#574,#575,#80,.T.);
#711=EDGE_CURVE('',#575,#576,#316,.T.);
#712=EDGE_CURVE('',#576,#577,#511,.T.);
#713=EDGE_CURVE('',#577,#578,#317,.T.);
#714=EDGE_CURVE('',#578,#579,#81,.T.);
#715=EDGE_CURVE('',#579,#574,#512,.T.);
#716=EDGE_CURVE('',#580,#581,#82,.T.);
#717=EDGE_CURVE('',#581,#577,#66,.T.);
#718=EDGE_CURVE('',#576,#580,#67,.T.);
#719=EDGE_CURVE('',#582,#580,#83,.T.);
#720=EDGE_CURVE('',#583,#582,#513,.T.);
#721=EDGE_CURVE('',#583,#584,#318,.T.);
#722=EDGE_CURVE('',#584,#584,#514,.T.);
#723=EDGE_CURVE('',#585,#583,#515,.T.);
#724=EDGE_CURVE('',#581,#585,#84,.T.);
#725=EDGE_CURVE('',#576,#586,#319,.T.);
#726=EDGE_CURVE('',#586,#587,#516,.T.);
#727=EDGE_CURVE('',#587,#582,#320,.T.);
#728=EDGE_CURVE('',#588,#575,#85,.T.);
#729=EDGE_CURVE('',#589,#588,#321,.T.);
#730=EDGE_CURVE('',#590,#589,#322,.T.);
#731=EDGE_CURVE('',#591,#590,#323,.T.);
#732=EDGE_CURVE('',#591,#592,#86,.F.);
#733=EDGE_CURVE('',#593,#592,#324,.T.);
#734=EDGE_CURVE('',#586,#593,#325,.T.);
#735=EDGE_CURVE('',#594,#595,#87,.T.);
#736=EDGE_CURVE('',#595,#596,#326,.T.);
#737=EDGE_CURVE('',#596,#597,#517,.T.);
#738=EDGE_CURVE('',#597,#598,#327,.T.);
#739=EDGE_CURVE('',#598,#599,#88,.T.);
#740=EDGE_CURVE('',#599,#594,#518,.T.);
#741=EDGE_CURVE('',#600,#601,#89,.T.);
#742=EDGE_CURVE('',#601,#597,#68,.T.);
#743=EDGE_CURVE('',#596,#600,#69,.T.);
#744=EDGE_CURVE('',#600,#602,#90,.F.);
#745=EDGE_CURVE('',#603,#602,#519,.T.);
#746=EDGE_CURVE('',#603,#604,#91,.T.);
#747=EDGE_CURVE('',#605,#604,#520,.T.);
#748=EDGE_CURVE('',#605,#606,#328,.T.);
#749=EDGE_CURVE('',#606,#606,#521,.T.);
#750=EDGE_CURVE('',#607,#605,#522,.T.);
#751=EDGE_CURVE('',#607,#601,#92,.F.);
#752=EDGE_CURVE('',#596,#608,#329,.T.);
#753=EDGE_CURVE('',#608,#609,#523,.T.);
#754=EDGE_CURVE('',#609,#602,#330,.T.);
#755=EDGE_CURVE('',#610,#595,#93,.T.);
#756=EDGE_CURVE('',#611,#610,#331,.T.);
#757=EDGE_CURVE('',#612,#611,#332,.T.);
#758=EDGE_CURVE('',#613,#612,#333,.T.);
#759=EDGE_CURVE('',#613,#614,#94,.F.);
#760=EDGE_CURVE('',#615,#614,#334,.T.);
#761=EDGE_CURVE('',#608,#615,#335,.T.);
#762=EDGE_CURVE('',#616,#587,#70,.T.);
#763=EDGE_CURVE('',#593,#617,#524,.T.);
#764=EDGE_CURVE('',#617,#616,#95,.T.);
#765=EDGE_CURVE('',#618,#617,#96,.T.);
#766=EDGE_CURVE('',#593,#619,#525,.T.);
#767=EDGE_CURVE('',#619,#618,#526,.T.);
#768=EDGE_CURVE('',#620,#618,#97,.T.);
#769=EDGE_CURVE('',#619,#621,#336,.T.);
#770=EDGE_CURVE('',#621,#620,#527,.T.);
#771=EDGE_CURVE('',#607,#622,#337,.T.);
#772=EDGE_CURVE('',#622,#623,#528,.T.);
#773=EDGE_CURVE('',#623,#597,#338,.T.);
#774=EDGE_CURVE('',#624,#625,#98,.T.);
#775=EDGE_CURVE('',#625,#626,#529,.T.);
#776=EDGE_CURVE('',#626,#623,#339,.T.);
#777=EDGE_CURVE('',#622,#624,#71,.T.);
#778=EDGE_CURVE('',#625,#620,#99,.T.);
#779=EDGE_CURVE('',#621,#626,#530,.T.);
#780=EDGE_CURVE('',#627,#604,#340,.T.);
#781=EDGE_CURVE('',#627,#622,#341,.T.);
#782=EDGE_CURVE('',#609,#628,#342,.T.);
#783=EDGE_CURVE('',#603,#628,#343,.T.);
#784=EDGE_CURVE('',#585,#629,#344,.T.);
#785=EDGE_CURVE('',#587,#630,#345,.T.);
#786=EDGE_CURVE('',#631,#630,#346,.T.);
#787=EDGE_CURVE('',#631,#629,#347,.T.);
#788=EDGE_CURVE('',#632,#609,#72,.T.);
#789=EDGE_CURVE('',#615,#633,#531,.T.);
#790=EDGE_CURVE('',#633,#632,#100,.T.);
#791=EDGE_CURVE('',#629,#634,#532,.T.);
#792=EDGE_CURVE('',#634,#577,#348,.T.);
#793=EDGE_CURVE('',#635,#636,#101,.T.);
#794=EDGE_CURVE('',#636,#637,#533,.T.);
#795=EDGE_CURVE('',#637,#634,#349,.T.);
#796=EDGE_CURVE('',#629,#635,#73,.T.);
#797=EDGE_CURVE('',#636,#638,#102,.T.);
#798=EDGE_CURVE('',#638,#639,#534,.T.);
#799=EDGE_CURVE('',#639,#637,#535,.T.);
#800=EDGE_CURVE('',#638,#640,#103,.T.);
#801=EDGE_CURVE('',#640,#641,#536,.T.);
#802=EDGE_CURVE('',#641,#639,#350,.T.);
#803=EDGE_CURVE('',#640,#633,#104,.T.);
#804=EDGE_CURVE('',#615,#641,#537,.T.);
#805=EDGE_CURVE('',#621,#642,#351,.T.);
#806=EDGE_CURVE('',#642,#643,#105,.T.);
#807=EDGE_CURVE('',#643,#644,#538,.T.);
#808=EDGE_CURVE('',#644,#645,#106,.T.);
#809=EDGE_CURVE('',#645,#626,#352,.T.);
#810=EDGE_CURVE('',#646,#645,#107,.T.);
#811=EDGE_CURVE('',#647,#646,#353,.T.);
#812=EDGE_CURVE('',#648,#647,#354,.T.);
#813=EDGE_CURVE('',#649,#648,#355,.T.);
#814=EDGE_CURVE('',#649,#598,#108,.F.);
#815=EDGE_CURVE('',#592,#650,#109,.T.);
#816=EDGE_CURVE('',#650,#651,#539,.T.);
#817=EDGE_CURVE('',#651,#652,#110,.T.);
#818=EDGE_CURVE('',#652,#619,#356,.T.);
#819=EDGE_CURVE('',#653,#652,#111,.T.);
#820=EDGE_CURVE('',#654,#653,#357,.T.);
#821=EDGE_CURVE('',#655,#654,#358,.T.);
#822=EDGE_CURVE('',#656,#655,#359,.T.);
#823=EDGE_CURVE('',#656,#642,#112,.F.);
#824=EDGE_CURVE('',#639,#657,#360,.T.);
#825=EDGE_CURVE('',#657,#658,#113,.T.);
#826=EDGE_CURVE('',#658,#659,#540,.T.);
#827=EDGE_CURVE('',#659,#660,#114,.T.);
#828=EDGE_CURVE('',#660,#637,#361,.T.);
#829=EDGE_CURVE('',#661,#660,#115,.T.);
#830=EDGE_CURVE('',#662,#661,#362,.T.);
#831=EDGE_CURVE('',#663,#662,#363,.T.);
#832=EDGE_CURVE('',#664,#663,#364,.T.);
#833=EDGE_CURVE('',#664,#578,#116,.F.);
#834=EDGE_CURVE('',#614,#665,#117,.T.);
#835=EDGE_CURVE('',#665,#666,#541,.T.);
#836=EDGE_CURVE('',#666,#667,#118,.T.);
#837=EDGE_CURVE('',#667,#641,#365,.T.);
#838=EDGE_CURVE('',#668,#667,#119,.T.);
#839=EDGE_CURVE('',#669,#668,#366,.T.);
#840=EDGE_CURVE('',#670,#669,#367,.T.);
#841=EDGE_CURVE('',#671,#670,#368,.T.);
#842=EDGE_CURVE('',#671,#657,#120,.F.);
#843=EDGE_CURVE('',#672,#672,#542,.T.);
#844=EDGE_CURVE('',#628,#673,#369,.T.);
#845=EDGE_CURVE('',#673,#674,#543,.T.);
#846=EDGE_CURVE('',#674,#675,#370,.T.);
#847=EDGE_CURVE('',#675,#628,#74,.T.);
#848=EDGE_CURVE('',#676,#677,#371,.T.);
#849=EDGE_CURVE('',#677,#678,#544,.T.);
#850=EDGE_CURVE('',#678,#627,#372,.T.);
#851=EDGE_CURVE('',#627,#676,#75,.T.);
#852=EDGE_CURVE('',#675,#676,#373,.T.);
#853=EDGE_CURVE('',#679,#632,#374,.T.);
#854=EDGE_CURVE('',#673,#679,#375,.T.);
#855=EDGE_CURVE('',#680,#678,#376,.T.);
#856=EDGE_CURVE('',#680,#624,#377,.T.);
#857=EDGE_CURVE('',#630,#681,#378,.T.);
#858=EDGE_CURVE('',#681,#682,#545,.T.);
#859=EDGE_CURVE('',#682,#683,#379,.T.);
#860=EDGE_CURVE('',#683,#630,#76,.T.);
#861=EDGE_CURVE('',#684,#685,#380,.T.);
#862=EDGE_CURVE('',#685,#686,#546,.T.);
#863=EDGE_CURVE('',#686,#631,#381,.T.);
#864=EDGE_CURVE('',#631,#684,#77,.T.);
#865=EDGE_CURVE('',#683,#684,#382,.T.);
#866=EDGE_CURVE('',#687,#686,#383,.T.);
#867=EDGE_CURVE('',#687,#635,#384,.T.);
#868=EDGE_CURVE('',#591,#653,#547,.T.);
#869=EDGE_CURVE('',#651,#650,#548,.T.);
#870=EDGE_CURVE('',#571,#688,#385,.T.);
#871=EDGE_CURVE('',#656,#688,#549,.T.);
#872=EDGE_CURVE('',#654,#655,#550,.T.);
#873=EDGE_CURVE('',#589,#590,#551,.T.);
#874=EDGE_CURVE('',#664,#588,#552,.T.);
#875=EDGE_CURVE('',#662,#663,#553,.T.);
#876=EDGE_CURVE('',#671,#661,#554,.T.);
#877=EDGE_CURVE('',#669,#670,#555,.T.);
#878=EDGE_CURVE('',#613,#668,#556,.T.);
#879=EDGE_CURVE('',#611,#612,#557,.T.);
#880=EDGE_CURVE('',#649,#610,#558,.T.);
#881=EDGE_CURVE('',#647,#648,#559,.T.);
#882=EDGE_CURVE('',#688,#646,#560,.T.);
#883=EDGE_CURVE('',#644,#643,#561,.T.);
#884=EDGE_CURVE('',#574,#579,#562,.T.);
#885=EDGE_CURVE('',#659,#658,#563,.T.);
#886=EDGE_CURVE('',#594,#599,#564,.T.);
#887=EDGE_CURVE('',#666,#665,#565,.T.);
#888=EDGE_CURVE('',#689,#690,#386,.T.);
#889=EDGE_CURVE('',#690,#691,#387,.T.);
#890=EDGE_CURVE('',#691,#692,#388,.T.);
#891=EDGE_CURVE('',#692,#693,#389,.T.);
#892=EDGE_CURVE('',#693,#694,#390,.T.);
#893=EDGE_CURVE('',#694,#689,#391,.T.);
#894=EDGE_CURVE('',#695,#695,#566,.T.);
#895=EDGE_CURVE('',#695,#672,#392,.T.);
#896=EDGE_CURVE('',#696,#689,#393,.T.);
#897=EDGE_CURVE('',#694,#697,#394,.T.);
#898=EDGE_CURVE('',#696,#697,#395,.T.);
#899=EDGE_CURVE('',#693,#698,#396,.T.);
#900=EDGE_CURVE('',#697,#698,#397,.T.);
#901=EDGE_CURVE('',#692,#699,#398,.T.);
#902=EDGE_CURVE('',#698,#699,#399,.T.);
#903=EDGE_CURVE('',#691,#700,#400,.T.);
#904=EDGE_CURVE('',#699,#700,#401,.T.);
#905=EDGE_CURVE('',#690,#701,#402,.T.);
#906=EDGE_CURVE('',#700,#701,#403,.T.);
#907=EDGE_CURVE('',#701,#696,#404,.T.);
#908=EDGE_CURVE('',#584,#702,#405,.T.);
#909=EDGE_CURVE('',#702,#702,#567,.T.);
#910=EDGE_CURVE('',#606,#703,#406,.T.);
#911=EDGE_CURVE('',#703,#703,#568,.T.);
#912=EDGE_CURVE('',#677,#674,#407,.T.);
#913=EDGE_CURVE('',#687,#679,#569,.T.);
#914=EDGE_CURVE('',#685,#682,#408,.T.);
#915=EDGE_CURVE('',#704,#616,#409,.T.);
#916=EDGE_CURVE('',#681,#704,#410,.T.);
#917=EDGE_CURVE('',#680,#704,#570,.T.);
#918=ORIENTED_EDGE('',*,*,#705,.T.);
#919=ORIENTED_EDGE('',*,*,#706,.T.);
#920=ORIENTED_EDGE('',*,*,#707,.T.);
#921=ORIENTED_EDGE('',*,*,#706,.F.);
#922=ORIENTED_EDGE('',*,*,#707,.F.);
#923=ORIENTED_EDGE('',*,*,#708,.T.);
#924=ORIENTED_EDGE('',*,*,#709,.F.);
#925=ORIENTED_EDGE('',*,*,#708,.F.);
#926=ORIENTED_EDGE('',*,*,#710,.T.);
#927=ORIENTED_EDGE('',*,*,#711,.T.);
#928=ORIENTED_EDGE('',*,*,#712,.T.);
#929=ORIENTED_EDGE('',*,*,#713,.T.);
#930=ORIENTED_EDGE('',*,*,#714,.T.);
#931=ORIENTED_EDGE('',*,*,#715,.T.);
#932=ORIENTED_EDGE('',*,*,#716,.T.);
#933=ORIENTED_EDGE('',*,*,#717,.T.);
#934=ORIENTED_EDGE('',*,*,#712,.F.);
#935=ORIENTED_EDGE('',*,*,#718,.T.);
#936=ORIENTED_EDGE('',*,*,#716,.F.);
#937=ORIENTED_EDGE('',*,*,#719,.F.);
#938=ORIENTED_EDGE('',*,*,#720,.F.);
#939=ORIENTED_EDGE('',*,*,#721,.T.);
#940=ORIENTED_EDGE('',*,*,#722,.T.);
#941=ORIENTED_EDGE('',*,*,#721,.F.);
#942=ORIENTED_EDGE('',*,*,#723,.F.);
#943=ORIENTED_EDGE('',*,*,#724,.F.);
#944=ORIENTED_EDGE('',*,*,#718,.F.);
#945=ORIENTED_EDGE('',*,*,#725,.T.);
#946=ORIENTED_EDGE('',*,*,#726,.T.);
#947=ORIENTED_EDGE('',*,*,#727,.T.);
#948=ORIENTED_EDGE('',*,*,#719,.T.);
#949=ORIENTED_EDGE('',*,*,#711,.F.);
#950=ORIENTED_EDGE('',*,*,#728,.F.);
#951=ORIENTED_EDGE('',*,*,#729,.F.);
#952=ORIENTED_EDGE('',*,*,#730,.F.);
#953=ORIENTED_EDGE('',*,*,#731,.F.);
#954=ORIENTED_EDGE('',*,*,#732,.T.);
#955=ORIENTED_EDGE('',*,*,#733,.F.);
#956=ORIENTED_EDGE('',*,*,#734,.F.);
#957=ORIENTED_EDGE('',*,*,#725,.F.);
#958=ORIENTED_EDGE('',*,*,#735,.T.);
#959=ORIENTED_EDGE('',*,*,#736,.T.);
#960=ORIENTED_EDGE('',*,*,#737,.T.);
#961=ORIENTED_EDGE('',*,*,#738,.T.);
#962=ORIENTED_EDGE('',*,*,#739,.T.);
#963=ORIENTED_EDGE('',*,*,#740,.T.);
#964=ORIENTED_EDGE('',*,*,#741,.T.);
#965=ORIENTED_EDGE('',*,*,#742,.T.);
#966=ORIENTED_EDGE('',*,*,#737,.F.);
#967=ORIENTED_EDGE('',*,*,#743,.T.);
#968=ORIENTED_EDGE('',*,*,#741,.F.);
#969=ORIENTED_EDGE('',*,*,#744,.T.);
#970=ORIENTED_EDGE('',*,*,#745,.F.);
#971=ORIENTED_EDGE('',*,*,#746,.T.);
#972=ORIENTED_EDGE('',*,*,#747,.F.);
#973=ORIENTED_EDGE('',*,*,#748,.T.);
#974=ORIENTED_EDGE('',*,*,#749,.T.);
#975=ORIENTED_EDGE('',*,*,#748,.F.);
#976=ORIENTED_EDGE('',*,*,#750,.F.);
#977=ORIENTED_EDGE('',*,*,#751,.T.);
#978=ORIENTED_EDGE('',*,*,#743,.F.);
#979=ORIENTED_EDGE('',*,*,#752,.T.);
#980=ORIENTED_EDGE('',*,*,#753,.T.);
#981=ORIENTED_EDGE('',*,*,#754,.T.);
#982=ORIENTED_EDGE('',*,*,#744,.F.);
#983=ORIENTED_EDGE('',*,*,#736,.F.);
#984=ORIENTED_EDGE('',*,*,#755,.F.);
#985=ORIENTED_EDGE('',*,*,#756,.F.);
#986=ORIENTED_EDGE('',*,*,#757,.F.);
#987=ORIENTED_EDGE('',*,*,#758,.F.);
#988=ORIENTED_EDGE('',*,*,#759,.T.);
#989=ORIENTED_EDGE('',*,*,#760,.F.);
#990=ORIENTED_EDGE('',*,*,#761,.F.);
#991=ORIENTED_EDGE('',*,*,#752,.F.);
#992=ORIENTED_EDGE('',*,*,#762,.T.);
#993=ORIENTED_EDGE('',*,*,#726,.F.);
#994=ORIENTED_EDGE('',*,*,#734,.T.);
#995=ORIENTED_EDGE('',*,*,#763,.T.);
#996=ORIENTED_EDGE('',*,*,#764,.T.);
#997=ORIENTED_EDGE('',*,*,#765,.T.);
#998=ORIENTED_EDGE('',*,*,#763,.F.);
#999=ORIENTED_EDGE('',*,*,#766,.T.);
#1000=ORIENTED_EDGE('',*,*,#767,.T.);
#1001=ORIENTED_EDGE('',*,*,#768,.T.);
#1002=ORIENTED_EDGE('',*,*,#767,.F.);
#1003=ORIENTED_EDGE('',*,*,#769,.T.);
#1004=ORIENTED_EDGE('',*,*,#770,.T.);
#1005=ORIENTED_EDGE('',*,*,#742,.F.);
#1006=ORIENTED_EDGE('',*,*,#751,.F.);
#1007=ORIENTED_EDGE('',*,*,#771,.T.);
#1008=ORIENTED_EDGE('',*,*,#772,.T.);
#1009=ORIENTED_EDGE('',*,*,#773,.T.);
#1010=ORIENTED_EDGE('',*,*,#774,.T.);
#1011=ORIENTED_EDGE('',*,*,#775,.T.);
#1012=ORIENTED_EDGE('',*,*,#776,.T.);
#1013=ORIENTED_EDGE('',*,*,#772,.F.);
#1014=ORIENTED_EDGE('',*,*,#777,.T.);
#1015=ORIENTED_EDGE('',*,*,#778,.T.);
#1016=ORIENTED_EDGE('',*,*,#770,.F.);
#1017=ORIENTED_EDGE('',*,*,#779,.T.);
#1018=ORIENTED_EDGE('',*,*,#775,.F.);
#1019=ORIENTED_EDGE('',*,*,#771,.F.);
#1020=ORIENTED_EDGE('',*,*,#750,.T.);
#1021=ORIENTED_EDGE('',*,*,#747,.T.);
#1022=ORIENTED_EDGE('',*,*,#780,.F.);
#1023=ORIENTED_EDGE('',*,*,#781,.T.);
#1024=ORIENTED_EDGE('',*,*,#754,.F.);
#1025=ORIENTED_EDGE('',*,*,#782,.T.);
#1026=ORIENTED_EDGE('',*,*,#783,.F.);
#1027=ORIENTED_EDGE('',*,*,#745,.T.);
#1028=ORIENTED_EDGE('',*,*,#784,.F.);
#1029=ORIENTED_EDGE('',*,*,#723,.T.);
#1030=ORIENTED_EDGE('',*,*,#720,.T.);
#1031=ORIENTED_EDGE('',*,*,#727,.F.);
#1032=ORIENTED_EDGE('',*,*,#785,.T.);
#1033=ORIENTED_EDGE('',*,*,#786,.F.);
#1034=ORIENTED_EDGE('',*,*,#787,.T.);
#1035=ORIENTED_EDGE('',*,*,#788,.T.);
#1036=ORIENTED_EDGE('',*,*,#753,.F.);
#1037=ORIENTED_EDGE('',*,*,#761,.T.);
#1038=ORIENTED_EDGE('',*,*,#789,.T.);
#1039=ORIENTED_EDGE('',*,*,#790,.T.);
#1040=ORIENTED_EDGE('',*,*,#717,.F.);
#1041=ORIENTED_EDGE('',*,*,#724,.T.);
#1042=ORIENTED_EDGE('',*,*,#784,.T.);
#1043=ORIENTED_EDGE('',*,*,#791,.T.);
#1044=ORIENTED_EDGE('',*,*,#792,.T.);
#1045=ORIENTED_EDGE('',*,*,#793,.T.);
#1046=ORIENTED_EDGE('',*,*,#794,.T.);
#1047=ORIENTED_EDGE('',*,*,#795,.T.);
#1048=ORIENTED_EDGE('',*,*,#791,.F.);
#1049=ORIENTED_EDGE('',*,*,#796,.T.);
#1050=ORIENTED_EDGE('',*,*,#797,.T.);
#1051=ORIENTED_EDGE('',*,*,#798,.T.);
#1052=ORIENTED_EDGE('',*,*,#799,.T.);
#1053=ORIENTED_EDGE('',*,*,#794,.F.);
#1054=ORIENTED_EDGE('',*,*,#800,.T.);
#1055=ORIENTED_EDGE('',*,*,#801,.T.);
#1056=ORIENTED_EDGE('',*,*,#802,.T.);
#1057=ORIENTED_EDGE('',*,*,#798,.F.);
#1058=ORIENTED_EDGE('',*,*,#803,.T.);
#1059=ORIENTED_EDGE('',*,*,#789,.F.);
#1060=ORIENTED_EDGE('',*,*,#804,.T.);
#1061=ORIENTED_EDGE('',*,*,#801,.F.);
#1062=ORIENTED_EDGE('',*,*,#779,.F.);
#1063=ORIENTED_EDGE('',*,*,#805,.T.);
#1064=ORIENTED_EDGE('',*,*,#806,.T.);
#1065=ORIENTED_EDGE('',*,*,#807,.T.);
#1066=ORIENTED_EDGE('',*,*,#808,.T.);
#1067=ORIENTED_EDGE('',*,*,#809,.T.);
#1068=ORIENTED_EDGE('',*,*,#738,.F.);
#1069=ORIENTED_EDGE('',*,*,#773,.F.);
#1070=ORIENTED_EDGE('',*,*,#776,.F.);
#1071=ORIENTED_EDGE('',*,*,#809,.F.);
#1072=ORIENTED_EDGE('',*,*,#810,.F.);
#1073=ORIENTED_EDGE('',*,*,#811,.F.);
#1074=ORIENTED_EDGE('',*,*,#812,.F.);
#1075=ORIENTED_EDGE('',*,*,#813,.F.);
#1076=ORIENTED_EDGE('',*,*,#814,.T.);
#1077=ORIENTED_EDGE('',*,*,#766,.F.);
#1078=ORIENTED_EDGE('',*,*,#733,.T.);
#1079=ORIENTED_EDGE('',*,*,#815,.T.);
#1080=ORIENTED_EDGE('',*,*,#816,.T.);
#1081=ORIENTED_EDGE('',*,*,#817,.T.);
#1082=ORIENTED_EDGE('',*,*,#818,.T.);
#1083=ORIENTED_EDGE('',*,*,#769,.F.);
#1084=ORIENTED_EDGE('',*,*,#818,.F.);
#1085=ORIENTED_EDGE('',*,*,#819,.F.);
#1086=ORIENTED_EDGE('',*,*,#820,.F.);
#1087=ORIENTED_EDGE('',*,*,#821,.F.);
#1088=ORIENTED_EDGE('',*,*,#822,.F.);
#1089=ORIENTED_EDGE('',*,*,#823,.T.);
#1090=ORIENTED_EDGE('',*,*,#805,.F.);
#1091=ORIENTED_EDGE('',*,*,#799,.F.);
#1092=ORIENTED_EDGE('',*,*,#824,.T.);
#1093=ORIENTED_EDGE('',*,*,#825,.T.);
#1094=ORIENTED_EDGE('',*,*,#826,.T.);
#1095=ORIENTED_EDGE('',*,*,#827,.T.);
#1096=ORIENTED_EDGE('',*,*,#828,.T.);
#1097=ORIENTED_EDGE('',*,*,#713,.F.);
#1098=ORIENTED_EDGE('',*,*,#792,.F.);
#1099=ORIENTED_EDGE('',*,*,#795,.F.);
#1100=ORIENTED_EDGE('',*,*,#828,.F.);
#1101=ORIENTED_EDGE('',*,*,#829,.F.);
#1102=ORIENTED_EDGE('',*,*,#830,.F.);
#1103=ORIENTED_EDGE('',*,*,#831,.F.);
#1104=ORIENTED_EDGE('',*,*,#832,.F.);
#1105=ORIENTED_EDGE('',*,*,#833,.T.);
#1106=ORIENTED_EDGE('',*,*,#804,.F.);
#1107=ORIENTED_EDGE('',*,*,#760,.T.);
#1108=ORIENTED_EDGE('',*,*,#834,.T.);
#1109=ORIENTED_EDGE('',*,*,#835,.T.);
#1110=ORIENTED_EDGE('',*,*,#836,.T.);
#1111=ORIENTED_EDGE('',*,*,#837,.T.);
#1112=ORIENTED_EDGE('',*,*,#802,.F.);
#1113=ORIENTED_EDGE('',*,*,#837,.F.);
#1114=ORIENTED_EDGE('',*,*,#838,.F.);
#1115=ORIENTED_EDGE('',*,*,#839,.F.);
#1116=ORIENTED_EDGE('',*,*,#840,.F.);
#1117=ORIENTED_EDGE('',*,*,#841,.F.);
#1118=ORIENTED_EDGE('',*,*,#842,.T.);
#1119=ORIENTED_EDGE('',*,*,#824,.F.);
#1120=ORIENTED_EDGE('',*,*,#843,.T.);
#1121=ORIENTED_EDGE('',*,*,#844,.T.);
#1122=ORIENTED_EDGE('',*,*,#845,.T.);
#1123=ORIENTED_EDGE('',*,*,#846,.T.);
#1124=ORIENTED_EDGE('',*,*,#847,.T.);
#1125=ORIENTED_EDGE('',*,*,#848,.T.);
#1126=ORIENTED_EDGE('',*,*,#849,.T.);
#1127=ORIENTED_EDGE('',*,*,#850,.T.);
#1128=ORIENTED_EDGE('',*,*,#851,.T.);
#1129=ORIENTED_EDGE('',*,*,#746,.F.);
#1130=ORIENTED_EDGE('',*,*,#783,.T.);
#1131=ORIENTED_EDGE('',*,*,#847,.F.);
#1132=ORIENTED_EDGE('',*,*,#852,.T.);
#1133=ORIENTED_EDGE('',*,*,#851,.F.);
#1134=ORIENTED_EDGE('',*,*,#780,.T.);
#1135=ORIENTED_EDGE('',*,*,#844,.F.);
#1136=ORIENTED_EDGE('',*,*,#782,.F.);
#1137=ORIENTED_EDGE('',*,*,#788,.F.);
#1138=ORIENTED_EDGE('',*,*,#853,.F.);
#1139=ORIENTED_EDGE('',*,*,#854,.F.);
#1140=ORIENTED_EDGE('',*,*,#850,.F.);
#1141=ORIENTED_EDGE('',*,*,#855,.F.);
#1142=ORIENTED_EDGE('',*,*,#856,.T.);
#1143=ORIENTED_EDGE('',*,*,#777,.F.);
#1144=ORIENTED_EDGE('',*,*,#781,.F.);
#1145=ORIENTED_EDGE('',*,*,#857,.T.);
#1146=ORIENTED_EDGE('',*,*,#858,.T.);
#1147=ORIENTED_EDGE('',*,*,#859,.T.);
#1148=ORIENTED_EDGE('',*,*,#860,.T.);
#1149=ORIENTED_EDGE('',*,*,#861,.T.);
#1150=ORIENTED_EDGE('',*,*,#862,.T.);
#1151=ORIENTED_EDGE('',*,*,#863,.T.);
#1152=ORIENTED_EDGE('',*,*,#864,.T.);
#1153=ORIENTED_EDGE('',*,*,#865,.T.);
#1154=ORIENTED_EDGE('',*,*,#864,.F.);
#1155=ORIENTED_EDGE('',*,*,#786,.T.);
#1156=ORIENTED_EDGE('',*,*,#860,.F.);
#1157=ORIENTED_EDGE('',*,*,#863,.F.);
#1158=ORIENTED_EDGE('',*,*,#866,.F.);
#1159=ORIENTED_EDGE('',*,*,#867,.T.);
#1160=ORIENTED_EDGE('',*,*,#796,.F.);
#1161=ORIENTED_EDGE('',*,*,#787,.F.);
#1162=ORIENTED_EDGE('',*,*,#815,.F.);
#1163=ORIENTED_EDGE('',*,*,#732,.F.);
#1164=ORIENTED_EDGE('',*,*,#868,.T.);
#1165=ORIENTED_EDGE('',*,*,#819,.T.);
#1166=ORIENTED_EDGE('',*,*,#817,.F.);
#1167=ORIENTED_EDGE('',*,*,#869,.T.);
#1168=ORIENTED_EDGE('',*,*,#705,.F.);
#1169=ORIENTED_EDGE('',*,*,#870,.T.);
#1170=ORIENTED_EDGE('',*,*,#871,.F.);
#1171=ORIENTED_EDGE('',*,*,#822,.T.);
#1172=ORIENTED_EDGE('',*,*,#872,.F.);
#1173=ORIENTED_EDGE('',*,*,#820,.T.);
#1174=ORIENTED_EDGE('',*,*,#868,.F.);
#1175=ORIENTED_EDGE('',*,*,#731,.T.);
#1176=ORIENTED_EDGE('',*,*,#873,.F.);
#1177=ORIENTED_EDGE('',*,*,#729,.T.);
#1178=ORIENTED_EDGE('',*,*,#874,.F.);
#1179=ORIENTED_EDGE('',*,*,#832,.T.);
#1180=ORIENTED_EDGE('',*,*,#875,.F.);
#1181=ORIENTED_EDGE('',*,*,#830,.T.);
#1182=ORIENTED_EDGE('',*,*,#876,.F.);
#1183=ORIENTED_EDGE('',*,*,#841,.T.);
#1184=ORIENTED_EDGE('',*,*,#877,.F.);
#1185=ORIENTED_EDGE('',*,*,#839,.T.);
#1186=ORIENTED_EDGE('',*,*,#878,.F.);
#1187=ORIENTED_EDGE('',*,*,#758,.T.);
#1188=ORIENTED_EDGE('',*,*,#879,.F.);
#1189=ORIENTED_EDGE('',*,*,#756,.T.);
#1190=ORIENTED_EDGE('',*,*,#880,.F.);
#1191=ORIENTED_EDGE('',*,*,#813,.T.);
#1192=ORIENTED_EDGE('',*,*,#881,.F.);
#1193=ORIENTED_EDGE('',*,*,#811,.T.);
#1194=ORIENTED_EDGE('',*,*,#882,.F.);
#1195=ORIENTED_EDGE('',*,*,#870,.F.);
#1196=ORIENTED_EDGE('',*,*,#806,.F.);
#1197=ORIENTED_EDGE('',*,*,#823,.F.);
#1198=ORIENTED_EDGE('',*,*,#871,.T.);
#1199=ORIENTED_EDGE('',*,*,#882,.T.);
#1200=ORIENTED_EDGE('',*,*,#810,.T.);
#1201=ORIENTED_EDGE('',*,*,#808,.F.);
#1202=ORIENTED_EDGE('',*,*,#883,.T.);
#1203=ORIENTED_EDGE('',*,*,#714,.F.);
#1204=ORIENTED_EDGE('',*,*,#833,.F.);
#1205=ORIENTED_EDGE('',*,*,#874,.T.);
#1206=ORIENTED_EDGE('',*,*,#728,.T.);
#1207=ORIENTED_EDGE('',*,*,#710,.F.);
#1208=ORIENTED_EDGE('',*,*,#884,.T.);
#1209=ORIENTED_EDGE('',*,*,#825,.F.);
#1210=ORIENTED_EDGE('',*,*,#842,.F.);
#1211=ORIENTED_EDGE('',*,*,#876,.T.);
#1212=ORIENTED_EDGE('',*,*,#829,.T.);
#1213=ORIENTED_EDGE('',*,*,#827,.F.);
#1214=ORIENTED_EDGE('',*,*,#885,.T.);
#1215=ORIENTED_EDGE('',*,*,#739,.F.);
#1216=ORIENTED_EDGE('',*,*,#814,.F.);
#1217=ORIENTED_EDGE('',*,*,#880,.T.);
#1218=ORIENTED_EDGE('',*,*,#755,.T.);
#1219=ORIENTED_EDGE('',*,*,#735,.F.);
#1220=ORIENTED_EDGE('',*,*,#886,.T.);
#1221=ORIENTED_EDGE('',*,*,#834,.F.);
#1222=ORIENTED_EDGE('',*,*,#759,.F.);
#1223=ORIENTED_EDGE('',*,*,#878,.T.);
#1224=ORIENTED_EDGE('',*,*,#838,.T.);
#1225=ORIENTED_EDGE('',*,*,#836,.F.);
#1226=ORIENTED_EDGE('',*,*,#887,.T.);
#1227=ORIENTED_EDGE('',*,*,#757,.T.);
#1228=ORIENTED_EDGE('',*,*,#879,.T.);
#1229=ORIENTED_EDGE('',*,*,#812,.T.);
#1230=ORIENTED_EDGE('',*,*,#881,.T.);
#1231=ORIENTED_EDGE('',*,*,#840,.T.);
#1232=ORIENTED_EDGE('',*,*,#877,.T.);
#1233=ORIENTED_EDGE('',*,*,#831,.T.);
#1234=ORIENTED_EDGE('',*,*,#875,.T.);
#1235=ORIENTED_EDGE('',*,*,#821,.T.);
#1236=ORIENTED_EDGE('',*,*,#872,.T.);
#1237=ORIENTED_EDGE('',*,*,#730,.T.);
#1238=ORIENTED_EDGE('',*,*,#873,.T.);
#1239=ORIENTED_EDGE('',*,*,#835,.F.);
#1240=ORIENTED_EDGE('',*,*,#887,.F.);
#1241=ORIENTED_EDGE('',*,*,#740,.F.);
#1242=ORIENTED_EDGE('',*,*,#886,.F.);
#1243=ORIENTED_EDGE('',*,*,#807,.F.);
#1244=ORIENTED_EDGE('',*,*,#883,.F.);
#1245=ORIENTED_EDGE('',*,*,#816,.F.);
#1246=ORIENTED_EDGE('',*,*,#869,.F.);
#1247=ORIENTED_EDGE('',*,*,#826,.F.);
#1248=ORIENTED_EDGE('',*,*,#885,.F.);
#1249=ORIENTED_EDGE('',*,*,#709,.T.);
#1250=ORIENTED_EDGE('',*,*,#888,.T.);
#1251=ORIENTED_EDGE('',*,*,#889,.T.);
#1252=ORIENTED_EDGE('',*,*,#890,.T.);
#1253=ORIENTED_EDGE('',*,*,#891,.T.);
#1254=ORIENTED_EDGE('',*,*,#892,.T.);
#1255=ORIENTED_EDGE('',*,*,#893,.T.);
#1256=ORIENTED_EDGE('',*,*,#894,.F.);
#1257=ORIENTED_EDGE('',*,*,#895,.T.);
#1258=ORIENTED_EDGE('',*,*,#843,.F.);
#1259=ORIENTED_EDGE('',*,*,#895,.F.);
#1260=ORIENTED_EDGE('',*,*,#896,.T.);
#1261=ORIENTED_EDGE('',*,*,#893,.F.);
#1262=ORIENTED_EDGE('',*,*,#897,.T.);
#1263=ORIENTED_EDGE('',*,*,#898,.F.);
#1264=ORIENTED_EDGE('',*,*,#897,.F.);
#1265=ORIENTED_EDGE('',*,*,#892,.F.);
#1266=ORIENTED_EDGE('',*,*,#899,.T.);
#1267=ORIENTED_EDGE('',*,*,#900,.F.);
#1268=ORIENTED_EDGE('',*,*,#899,.F.);
#1269=ORIENTED_EDGE('',*,*,#891,.F.);
#1270=ORIENTED_EDGE('',*,*,#901,.T.);
#1271=ORIENTED_EDGE('',*,*,#902,.F.);
#1272=ORIENTED_EDGE('',*,*,#901,.F.);
#1273=ORIENTED_EDGE('',*,*,#890,.F.);
#1274=ORIENTED_EDGE('',*,*,#903,.T.);
#1275=ORIENTED_EDGE('',*,*,#904,.F.);
#1276=ORIENTED_EDGE('',*,*,#903,.F.);
#1277=ORIENTED_EDGE('',*,*,#889,.F.);
#1278=ORIENTED_EDGE('',*,*,#905,.T.);
#1279=ORIENTED_EDGE('',*,*,#906,.F.);
#1280=ORIENTED_EDGE('',*,*,#905,.F.);
#1281=ORIENTED_EDGE('',*,*,#888,.F.);
#1282=ORIENTED_EDGE('',*,*,#896,.F.);
#1283=ORIENTED_EDGE('',*,*,#907,.F.);
#1284=ORIENTED_EDGE('',*,*,#894,.T.);
#1285=ORIENTED_EDGE('',*,*,#715,.F.);
#1286=ORIENTED_EDGE('',*,*,#884,.F.);
#1287=ORIENTED_EDGE('',*,*,#722,.F.);
#1288=ORIENTED_EDGE('',*,*,#908,.T.);
#1289=ORIENTED_EDGE('',*,*,#909,.F.);
#1290=ORIENTED_EDGE('',*,*,#908,.F.);
#1291=ORIENTED_EDGE('',*,*,#749,.F.);
#1292=ORIENTED_EDGE('',*,*,#910,.T.);
#1293=ORIENTED_EDGE('',*,*,#911,.F.);
#1294=ORIENTED_EDGE('',*,*,#910,.F.);
#1295=ORIENTED_EDGE('',*,*,#846,.F.);
#1296=ORIENTED_EDGE('',*,*,#912,.F.);
#1297=ORIENTED_EDGE('',*,*,#848,.F.);
#1298=ORIENTED_EDGE('',*,*,#852,.F.);
#1299=ORIENTED_EDGE('',*,*,#913,.T.);
#1300=ORIENTED_EDGE('',*,*,#853,.T.);
#1301=ORIENTED_EDGE('',*,*,#790,.F.);
#1302=ORIENTED_EDGE('',*,*,#803,.F.);
#1303=ORIENTED_EDGE('',*,*,#800,.F.);
#1304=ORIENTED_EDGE('',*,*,#797,.F.);
#1305=ORIENTED_EDGE('',*,*,#793,.F.);
#1306=ORIENTED_EDGE('',*,*,#867,.F.);
#1307=ORIENTED_EDGE('',*,*,#859,.F.);
#1308=ORIENTED_EDGE('',*,*,#914,.F.);
#1309=ORIENTED_EDGE('',*,*,#861,.F.);
#1310=ORIENTED_EDGE('',*,*,#865,.F.);
#1311=ORIENTED_EDGE('',*,*,#857,.F.);
#1312=ORIENTED_EDGE('',*,*,#785,.F.);
#1313=ORIENTED_EDGE('',*,*,#762,.F.);
#1314=ORIENTED_EDGE('',*,*,#915,.F.);
#1315=ORIENTED_EDGE('',*,*,#916,.F.);
#1316=ORIENTED_EDGE('',*,*,#917,.T.);
#1317=ORIENTED_EDGE('',*,*,#915,.T.);
#1318=ORIENTED_EDGE('',*,*,#764,.F.);
#1319=ORIENTED_EDGE('',*,*,#765,.F.);
#1320=ORIENTED_EDGE('',*,*,#768,.F.);
#1321=ORIENTED_EDGE('',*,*,#778,.F.);
#1322=ORIENTED_EDGE('',*,*,#774,.F.);
#1323=ORIENTED_EDGE('',*,*,#856,.F.);
#1324=ORIENTED_EDGE('',*,*,#845,.F.);
#1325=ORIENTED_EDGE('',*,*,#854,.T.);
#1326=ORIENTED_EDGE('',*,*,#913,.F.);
#1327=ORIENTED_EDGE('',*,*,#866,.T.);
#1328=ORIENTED_EDGE('',*,*,#862,.F.);
#1329=ORIENTED_EDGE('',*,*,#914,.T.);
#1330=ORIENTED_EDGE('',*,*,#858,.F.);
#1331=ORIENTED_EDGE('',*,*,#916,.T.);
#1332=ORIENTED_EDGE('',*,*,#917,.F.);
#1333=ORIENTED_EDGE('',*,*,#855,.T.);
#1334=ORIENTED_EDGE('',*,*,#849,.F.);
#1335=ORIENTED_EDGE('',*,*,#912,.T.);
#1336=ORIENTED_EDGE('',*,*,#906,.T.);
#1337=ORIENTED_EDGE('',*,*,#907,.T.);
#1338=ORIENTED_EDGE('',*,*,#898,.T.);
#1339=ORIENTED_EDGE('',*,*,#900,.T.);
#1340=ORIENTED_EDGE('',*,*,#902,.T.);
#1341=ORIENTED_EDGE('',*,*,#904,.T.);
#1342=ORIENTED_EDGE('',*,*,#909,.T.);
#1343=ORIENTED_EDGE('',*,*,#911,.T.);
#1344=CONICAL_SURFACE('',#1440,6.5,0.321750554396644);
#1345=CONICAL_SURFACE('',#1450,2.425,0.785398163397448);
#1346=CONICAL_SURFACE('',#1462,2.425,0.785398163397448);
#1347=ADVANCED_FACE('',(#150),#1344,.F.);
#1348=ADVANCED_FACE('',(#151),#121,.F.);
#1349=ADVANCED_FACE('',(#152),#122,.T.);
#1350=ADVANCED_FACE('',(#153),#78,.F.);
#1351=ADVANCED_FACE('',(#154),#1345,.F.);
#1352=ADVANCED_FACE('',(#155),#123,.F.);
#1353=ADVANCED_FACE('',(#156),#31,.T.);
#1354=ADVANCED_FACE('',(#157),#124,.T.);
#1355=ADVANCED_FACE('',(#158),#79,.F.);
#1356=ADVANCED_FACE('',(#159),#1346,.F.);
#1357=ADVANCED_FACE('',(#160),#125,.F.);
#1358=ADVANCED_FACE('',(#161),#32,.T.);
#1359=ADVANCED_FACE('',(#162),#126,.F.);
#1360=ADVANCED_FACE('',(#163),#21,.F.);
#1361=ADVANCED_FACE('',(#164),#127,.F.);
#1362=ADVANCED_FACE('',(#165),#128,.F.);
#1363=ADVANCED_FACE('',(#166),#129,.F.);
#1364=ADVANCED_FACE('',(#167),#22,.F.);
#1365=ADVANCED_FACE('',(#168),#33,.T.);
#1366=ADVANCED_FACE('',(#169),#34,.T.);
#1367=ADVANCED_FACE('',(#170),#35,.T.);
#1368=ADVANCED_FACE('',(#171),#130,.F.);
#1369=ADVANCED_FACE('',(#172),#131,.F.);
#1370=ADVANCED_FACE('',(#173),#132,.F.);
#1371=ADVANCED_FACE('',(#174),#23,.F.);
#1372=ADVANCED_FACE('',(#175),#133,.F.);
#1373=ADVANCED_FACE('',(#176),#24,.F.);
#1374=ADVANCED_FACE('',(#177),#134,.T.);
#1375=ADVANCED_FACE('',(#178),#36,.T.);
#1376=ADVANCED_FACE('',(#179),#135,.T.);
#1377=ADVANCED_FACE('',(#180),#37,.T.);
#1378=ADVANCED_FACE('',(#181),#136,.T.);
#1379=ADVANCED_FACE('',(#182),#38,.T.);
#1380=ADVANCED_FACE('',(#183),#137,.T.);
#1381=ADVANCED_FACE('',(#184,#15),#39,.T.);
#1382=ADVANCED_FACE('',(#185),#138,.T.);
#1383=ADVANCED_FACE('',(#186),#139,.T.);
#1384=ADVANCED_FACE('',(#187),#140,.T.);
#1385=ADVANCED_FACE('',(#188),#40,.T.);
#1386=ADVANCED_FACE('',(#189),#41,.T.);
#1387=ADVANCED_FACE('',(#190),#141,.T.);
#1388=ADVANCED_FACE('',(#191),#142,.T.);
#1389=ADVANCED_FACE('',(#192),#143,.T.);
#1390=ADVANCED_FACE('',(#193),#42,.T.);
#1391=ADVANCED_FACE('',(#194),#25,.F.);
#1392=ADVANCED_FACE('',(#195),#144,.T.);
#1393=ADVANCED_FACE('',(#196),#26,.F.);
#1394=ADVANCED_FACE('',(#197),#27,.F.);
#1395=ADVANCED_FACE('',(#198),#28,.F.);
#1396=ADVANCED_FACE('',(#199),#29,.F.);
#1397=ADVANCED_FACE('',(#200),#30,.F.);
#1398=ADVANCED_FACE('',(#201),#43,.F.);
#1399=ADVANCED_FACE('',(#202),#44,.F.);
#1400=ADVANCED_FACE('',(#203),#45,.F.);
#1401=ADVANCED_FACE('',(#204),#46,.F.);
#1402=ADVANCED_FACE('',(#205),#47,.F.);
#1403=ADVANCED_FACE('',(#206),#48,.F.);
#1404=ADVANCED_FACE('',(#207),#49,.T.);
#1405=ADVANCED_FACE('',(#208),#50,.T.);
#1406=ADVANCED_FACE('',(#209),#51,.T.);
#1407=ADVANCED_FACE('',(#210),#52,.T.);
#1408=ADVANCED_FACE('',(#211),#53,.T.);
#1409=ADVANCED_FACE('',(#212,#16),#54,.T.);
#1410=ADVANCED_FACE('',(#213),#145,.F.);
#1411=ADVANCED_FACE('',(#214),#55,.T.);
#1412=ADVANCED_FACE('',(#215),#56,.T.);
#1413=ADVANCED_FACE('',(#216),#57,.T.);
#1414=ADVANCED_FACE('',(#217),#58,.T.);
#1415=ADVANCED_FACE('',(#218),#59,.T.);
#1416=ADVANCED_FACE('',(#219,#17),#60,.T.);
#1417=ADVANCED_FACE('',(#220),#61,.T.);
#1418=ADVANCED_FACE('',(#221),#146,.F.);
#1419=ADVANCED_FACE('',(#222),#147,.F.);
#1420=ADVANCED_FACE('',(#223),#62,.T.);
#1421=ADVANCED_FACE('',(#224),#148,.T.);
#1422=ADVANCED_FACE('',(#225),#63,.T.);
#1423=ADVANCED_FACE('',(#226),#64,.T.);
#1424=ADVANCED_FACE('',(#227),#149,.T.);
#1425=ADVANCED_FACE('',(#228,#18,#19,#20),#65,.F.);
#1426=CLOSED_SHELL('',(#1347,#1348,#1349,#1350,#1351,#1352,#1353,#1354,
#1355,#1356,#1357,#1358,#1359,#1360,#1361,#1362,#1363,#1364,#1365,#1366,
#1367,#1368,#1369,#1370,#1371,#1372,#1373,#1374,#1375,#1376,#1377,#1378,
#1379,#1380,#1381,#1382,#1383,#1384,#1385,#1386,#1387,#1388,#1389,#1390,
#1391,#1392,#1393,#1394,#1395,#1396,#1397,#1398,#1399,#1400,#1401,#1402,
#1403,#1404,#1405,#1406,#1407,#1408,#1409,#1410,#1411,#1412,#1413,#1414,
#1415,#1416,#1417,#1418,#1419,#1420,#1421,#1422,#1423,#1424,#1425));
#1427=DERIVED_UNIT_ELEMENT(#1429,1.);
#1428=DERIVED_UNIT_ELEMENT(#2805,-3.);
#1429=(
MASS_UNIT()
NAMED_UNIT(*)
SI_UNIT(.KILO.,.GRAM.)
);
#1430=DERIVED_UNIT((#1427,#1428));
#1431=MEASURE_REPRESENTATION_ITEM('density measure',
POSITIVE_RATIO_MEASURE(7850.),#1430);
#1432=PROPERTY_DEFINITION_REPRESENTATION(#1437,#1434);
#1433=PROPERTY_DEFINITION_REPRESENTATION(#1438,#1435);
#1434=REPRESENTATION('material name',(#1436),#2802);
#1435=REPRESENTATION('density',(#1431),#2802);
#1436=DESCRIPTIVE_REPRESENTATION_ITEM('Steel','Steel');
#1437=PROPERTY_DEFINITION('material property','material name',#2812);
#1438=PROPERTY_DEFINITION('material property','density of part',#2812);
#1439=AXIS2_PLACEMENT_3D('',#1995,#1592,#1593);
#1440=AXIS2_PLACEMENT_3D('',#1996,#1594,#1595);
#1441=AXIS2_PLACEMENT_3D('',#1998,#1596,#1597);
#1442=AXIS2_PLACEMENT_3D('',#2001,#1599,#1600);
#1443=AXIS2_PLACEMENT_3D('',#2002,#1601,#1602);
#1444=AXIS2_PLACEMENT_3D('',#2005,#1604,#1605);
#1445=AXIS2_PLACEMENT_3D('',#2006,#1606,#1607);
#1446=AXIS2_PLACEMENT_3D('',#2018,#1609,#1610);
#1447=AXIS2_PLACEMENT_3D('',#2026,#1612,#1613);
#1448=AXIS2_PLACEMENT_3D('',#2087,#1614,#1615);
#1449=AXIS2_PLACEMENT_3D('',#2088,#1616,#1617);
#1450=AXIS2_PLACEMENT_3D('',#2089,#1618,#1619);
#1451=AXIS2_PLACEMENT_3D('',#2098,#1620,#1621);
#1452=AXIS2_PLACEMENT_3D('',#2101,#1623,#1624);
#1453=AXIS2_PLACEMENT_3D('',#2103,#1625,#1626);
#1454=AXIS2_PLACEMENT_3D('',#2110,#1627,#1628);
#1455=AXIS2_PLACEMENT_3D('',#2114,#1630,#1631);
#1456=AXIS2_PLACEMENT_3D('',#2116,#1633,#1634);
#1457=AXIS2_PLACEMENT_3D('',#2148,#1640,#1641);
#1458=AXIS2_PLACEMENT_3D('',#2160,#1643,#1644);
#1459=AXIS2_PLACEMENT_3D('',#2168,#1646,#1647);
#1460=AXIS2_PLACEMENT_3D('',#2229,#1648,#1649);
#1461=AXIS2_PLACEMENT_3D('',#2230,#1650,#1651);
#1462=AXIS2_PLACEMENT_3D('',#2231,#1652,#1653);
#1463=AXIS2_PLACEMENT_3D('',#2240,#1654,#1655);
#1464=AXIS2_PLACEMENT_3D('',#2258,#1656,#1657);
#1465=AXIS2_PLACEMENT_3D('',#2261,#1659,#1660);
#1466=AXIS2_PLACEMENT_3D('',#2263,#1661,#1662);
#1467=AXIS2_PLACEMENT_3D('',#2270,#1663,#1664);
#1468=AXIS2_PLACEMENT_3D('',#2274,#1666,#1667);
#1469=AXIS2_PLACEMENT_3D('',#2276,#1669,#1670);
#1470=AXIS2_PLACEMENT_3D('',#2308,#1676,#1677);
#1471=AXIS2_PLACEMENT_3D('',#2310,#1678,#1679);
#1472=AXIS2_PLACEMENT_3D('',#2312,#1680,#1681);
#1473=AXIS2_PLACEMENT_3D('',#2319,#1682,#1683);
#1474=AXIS2_PLACEMENT_3D('',#2332,#1684,#1685);
#1475=AXIS2_PLACEMENT_3D('',#2333,#1686,#1687);
#1476=AXIS2_PLACEMENT_3D('',#2334,#1688,#1689);
#1477=AXIS2_PLACEMENT_3D('',#2349,#1691,#1692);
#1478=AXIS2_PLACEMENT_3D('',#2350,#1693,#1694);
#1479=AXIS2_PLACEMENT_3D('',#2354,#1696,#1697);
#1480=AXIS2_PLACEMENT_3D('',#2356,#1699,#1700);
#1481=AXIS2_PLACEMENT_3D('',#2366,#1701,#1702);
#1482=AXIS2_PLACEMENT_3D('',#2368,#1704,#1705);
#1483=AXIS2_PLACEMENT_3D('',#2369,#1706,#1707);
#1484=AXIS2_PLACEMENT_3D('',#2380,#1708,#1709);
#1485=AXIS2_PLACEMENT_3D('',#2381,#1710,#1711);
#1486=AXIS2_PLACEMENT_3D('',#2385,#1714,#1715);
#1487=AXIS2_PLACEMENT_3D('',#2389,#1718,#1719);
#1488=AXIS2_PLACEMENT_3D('',#2397,#1724,#1725);
#1489=AXIS2_PLACEMENT_3D('',#2399,#1726,#1727);
#1490=AXIS2_PLACEMENT_3D('',#2401,#1728,#1729);
#1491=AXIS2_PLACEMENT_3D('',#2408,#1730,#1731);
#1492=AXIS2_PLACEMENT_3D('',#2410,#1732,#1733);
#1493=AXIS2_PLACEMENT_3D('',#2412,#1735,#1736);
#1494=AXIS2_PLACEMENT_3D('',#2422,#1737,#1738);
#1495=AXIS2_PLACEMENT_3D('',#2424,#1740,#1741);
#1496=AXIS2_PLACEMENT_3D('',#2425,#1742,#1743);
#1497=AXIS2_PLACEMENT_3D('',#2438,#1744,#1745);
#1498=AXIS2_PLACEMENT_3D('',#2439,#1746,#1747);
#1499=AXIS2_PLACEMENT_3D('',#2440,#1748,#1749);
#1500=AXIS2_PLACEMENT_3D('',#2454,#1750,#1751);
#1501=AXIS2_PLACEMENT_3D('',#2456,#1753,#1754);
#1502=AXIS2_PLACEMENT_3D('',#2467,#1755,#1756);
#1503=AXIS2_PLACEMENT_3D('',#2468,#1757,#1758);
#1504=AXIS2_PLACEMENT_3D('',#2477,#1760,#1761);
#1505=AXIS2_PLACEMENT_3D('',#2486,#1763,#1764);
#1506=AXIS2_PLACEMENT_3D('',#2514,#1768,#1769);
#1507=AXIS2_PLACEMENT_3D('',#2521,#1770,#1771);
#1508=AXIS2_PLACEMENT_3D('',#2530,#1773,#1774);
#1509=AXIS2_PLACEMENT_3D('',#2558,#1778,#1779);
#1510=AXIS2_PLACEMENT_3D('',#2567,#1781,#1782);
#1511=AXIS2_PLACEMENT_3D('',#2576,#1784,#1785);
#1512=AXIS2_PLACEMENT_3D('',#2604,#1789,#1790);
#1513=AXIS2_PLACEMENT_3D('',#2611,#1791,#1792);
#1514=AXIS2_PLACEMENT_3D('',#2620,#1794,#1795);
#1515=AXIS2_PLACEMENT_3D('',#2649,#1799,#1800);
#1516=AXIS2_PLACEMENT_3D('',#2650,#1801,#1802);
#1517=AXIS2_PLACEMENT_3D('',#2654,#1804,#1805);
#1518=AXIS2_PLACEMENT_3D('',#2657,#1807,#1808);
#1519=AXIS2_PLACEMENT_3D('',#2658,#1809,#1810);
#1520=AXIS2_PLACEMENT_3D('',#2663,#1812,#1813);
#1521=AXIS2_PLACEMENT_3D('',#2665,#1815,#1816);
#1522=AXIS2_PLACEMENT_3D('',#2666,#1817,#1818);
#1523=AXIS2_PLACEMENT_3D('',#2668,#1820,#1821);
#1524=AXIS2_PLACEMENT_3D('',#2672,#1824,#1825);
#1525=AXIS2_PLACEMENT_3D('',#2676,#1828,#1829);
#1526=AXIS2_PLACEMENT_3D('',#2680,#1831,#1832);
#1527=AXIS2_PLACEMENT_3D('',#2683,#1834,#1835);
#1528=AXIS2_PLACEMENT_3D('',#2684,#1836,#1837);
#1529=AXIS2_PLACEMENT_3D('',#2689,#1839,#1840);
#1530=AXIS2_PLACEMENT_3D('',#2691,#1842,#1843);
#1531=AXIS2_PLACEMENT_3D('',#2692,#1844,#1845);
#1532=AXIS2_PLACEMENT_3D('',#2694,#1847,#1848);
#1533=AXIS2_PLACEMENT_3D('',#2698,#1851,#1852);
#1534=AXIS2_PLACEMENT_3D('',#2699,#1853,#1854);
#1535=AXIS2_PLACEMENT_3D('',#2700,#1855,#1856);
#1536=AXIS2_PLACEMENT_3D('',#2701,#1857,#1858);
#1537=AXIS2_PLACEMENT_3D('',#2704,#1860,#1861);
#1538=AXIS2_PLACEMENT_3D('',#2705,#1862,#1863);
#1539=AXIS2_PLACEMENT_3D('',#2706,#1864,#1865);
#1540=AXIS2_PLACEMENT_3D('',#2707,#1866,#1867);
#1541=AXIS2_PLACEMENT_3D('',#2708,#1868,#1869);
#1542=AXIS2_PLACEMENT_3D('',#2709,#1870,#1871);
#1543=AXIS2_PLACEMENT_3D('',#2710,#1872,#1873);
#1544=AXIS2_PLACEMENT_3D('',#2711,#1874,#1875);
#1545=AXIS2_PLACEMENT_3D('',#2712,#1876,#1877);
#1546=AXIS2_PLACEMENT_3D('',#2713,#1878,#1879);
#1547=AXIS2_PLACEMENT_3D('',#2714,#1880,#1881);
#1548=AXIS2_PLACEMENT_3D('',#2715,#1882,#1883);
#1549=AXIS2_PLACEMENT_3D('',#2716,#1884,#1885);
#1550=AXIS2_PLACEMENT_3D('',#2717,#1886,#1887);
#1551=AXIS2_PLACEMENT_3D('',#2718,#1888,#1889);
#1552=AXIS2_PLACEMENT_3D('',#2719,#1890,#1891);
#1553=AXIS2_PLACEMENT_3D('',#2720,#1892,#1893);
#1554=AXIS2_PLACEMENT_3D('',#2721,#1894,#1895);
#1555=AXIS2_PLACEMENT_3D('',#2722,#1896,#1897);
#1556=AXIS2_PLACEMENT_3D('',#2723,#1898,#1899);
#1557=AXIS2_PLACEMENT_3D('',#2724,#1900,#1901);
#1558=AXIS2_PLACEMENT_3D('',#2725,#1902,#1903);
#1559=AXIS2_PLACEMENT_3D('',#2726,#1904,#1905);
#1560=AXIS2_PLACEMENT_3D('',#2727,#1906,#1907);
#1561=AXIS2_PLACEMENT_3D('',#2728,#1908,#1909);
#1562=AXIS2_PLACEMENT_3D('',#2729,#1910,#1911);
#1563=AXIS2_PLACEMENT_3D('',#2730,#1912,#1913);
#1564=AXIS2_PLACEMENT_3D('',#2731,#1914,#1915);
#1565=AXIS2_PLACEMENT_3D('',#2732,#1916,#1917);
#1566=AXIS2_PLACEMENT_3D('',#2733,#1918,#1919);
#1567=AXIS2_PLACEMENT_3D('',#2734,#1920,#1921);
#1568=AXIS2_PLACEMENT_3D('',#2735,#1922,#1923);
#1569=AXIS2_PLACEMENT_3D('',#2736,#1924,#1925);
#1570=AXIS2_PLACEMENT_3D('',#2737,#1926,#1927);
#1571=AXIS2_PLACEMENT_3D('',#2750,#1934,#1935);
#1572=AXIS2_PLACEMENT_3D('',#2752,#1936,#1937);
#1573=AXIS2_PLACEMENT_3D('',#2754,#1939,#1940);
#1574=AXIS2_PLACEMENT_3D('',#2760,#1944,#1945);
#1575=AXIS2_PLACEMENT_3D('',#2764,#1948,#1949);
#1576=AXIS2_PLACEMENT_3D('',#2768,#1952,#1953);
#1577=AXIS2_PLACEMENT_3D('',#2772,#1956,#1957);
#1578=AXIS2_PLACEMENT_3D('',#2776,#1960,#1961);
#1579=AXIS2_PLACEMENT_3D('',#2778,#1963,#1964);
#1580=AXIS2_PLACEMENT_3D('',#2779,#1965,#1966);
#1581=AXIS2_PLACEMENT_3D('',#2782,#1968,#1969);
#1582=AXIS2_PLACEMENT_3D('',#2783,#1970,#1971);
#1583=AXIS2_PLACEMENT_3D('',#2786,#1973,#1974);
#1584=AXIS2_PLACEMENT_3D('',#2787,#1975,#1976);
#1585=AXIS2_PLACEMENT_3D('',#2789,#1978,#1979);
#1586=AXIS2_PLACEMENT_3D('',#2790,#1980,#1981);
#1587=AXIS2_PLACEMENT_3D('',#2791,#1982,#1983);
#1588=AXIS2_PLACEMENT_3D('',#2793,#1985,#1986);
#1589=AXIS2_PLACEMENT_3D('',#2797,#1989,#1990);
#1590=AXIS2_PLACEMENT_3D('',#2798,#1991,#1992);
#1591=AXIS2_PLACEMENT_3D('',#2799,#1993,#1994);
#1592=DIRECTION('axis',(0.,0.,1.));
#1593=DIRECTION('refdir',(1.,0.,0.));
#1594=DIRECTION('center_axis',(0.,0.,-1.));
#1595=DIRECTION('ref_axis',(-1.,0.,0.));
#1596=DIRECTION('center_axis',(0.,0.,-1.));
#1597=DIRECTION('ref_axis',(-1.,0.,0.));
#1598=DIRECTION('',(-0.316227766016839,3.8726732145404E-17,0.948683298050513));
#1599=DIRECTION('center_axis',(0.,0.,1.));
#1600=DIRECTION('ref_axis',(-1.,0.,0.));
#1601=DIRECTION('center_axis',(0.,0.,-1.));
#1602=DIRECTION('ref_axis',(-1.,0.,0.));
#1603=DIRECTION('',(0.,0.,1.));
#1604=DIRECTION('center_axis',(0.,0.,-1.));
#1605=DIRECTION('ref_axis',(-1.,0.,0.));
#1606=DIRECTION('center_axis',(0.,0.,-1.));
#1607=DIRECTION('ref_axis',(-0.509802390301735,-0.860291533634173,0.));
#1608=DIRECTION('',(0.,0.,1.));
#1609=DIRECTION('center_axis',(0.,0.,-1.));
#1610=DIRECTION('ref_axis',(-0.0113560540942448,-0.999935517938736,0.));
#1611=DIRECTION('',(0.,0.,-1.));
#1612=DIRECTION('center_axis',(0.,0.,1.));
#1613=DIRECTION('ref_axis',(-0.509802390301735,-0.860291533634173,0.));
#1614=DIRECTION('center_axis',(-0.979771093434216,0.200121474286796,7.36903860349187E-16));
#1615=DIRECTION('ref_axis',(0.200121474286796,0.979771093434216,-5.81449262700296E-16));
#1616=DIRECTION('center_axis',(0.646027087287484,-0.763314484659403,5.73787317470472E-16));
#1617=DIRECTION('ref_axis',(0.763314484659403,0.646027087287484,0.));
#1618=DIRECTION('center_axis',(0.,0.,-1.));
#1619=DIRECTION('ref_axis',(-1.,0.,0.));
#1620=DIRECTION('center_axis',(0.,0.,1.));
#1621=DIRECTION('ref_axis',(-1.,0.,0.));
#1622=DIRECTION('',(-0.707106781186547,-8.65956056235493E-17,0.707106781186548));
#1623=DIRECTION('center_axis',(0.,0.,1.));
#1624=DIRECTION('ref_axis',(-1.,0.,0.));
#1625=DIRECTION('center_axis',(0.,0.,1.));
#1626=DIRECTION('ref_axis',(-1.,0.,0.));
#1627=DIRECTION('center_axis',(0.999935517938736,-0.011356054094245,0.));
#1628=DIRECTION('ref_axis',(0.00802994285756237,0.707061185483763,0.707106781186547));
#1629=DIRECTION('',(0.999935517938736,-0.011356054094245,0.));
#1630=DIRECTION('center_axis',(0.999935517938736,-0.0113560540942452,-1.00862021794559E-17));
#1631=DIRECTION('ref_axis',(0.0113560540942452,0.999935517938736,0.));
#1632=DIRECTION('',(-0.999935517938736,0.011356054094245,0.));
#1633=DIRECTION('center_axis',(-0.011356054094245,-0.999935517938736,0.));
#1634=DIRECTION('ref_axis',(-0.999935517938736,0.011356054094245,0.));
#1635=DIRECTION('',(0.,0.,-1.));
#1636=DIRECTION('',(-0.999935517938736,0.011356054094245,0.));
#1637=DIRECTION('',(0.,0.,1.));
#1638=DIRECTION('',(0.,0.,-1.));
#1639=DIRECTION('',(0.999935517938736,-0.011356054094245,0.));
#1640=DIRECTION('center_axis',(0.,0.,-1.));
#1641=DIRECTION('ref_axis',(0.509802390301735,0.860291533634173,0.));
#1642=DIRECTION('',(0.,0.,1.));
#1643=DIRECTION('center_axis',(0.,0.,-1.));
#1644=DIRECTION('ref_axis',(0.0113560540942452,0.999935517938736,0.));
#1645=DIRECTION('',(0.,0.,-1.));
#1646=DIRECTION('center_axis',(0.,0.,1.));
#1647=DIRECTION('ref_axis',(0.509802390301735,0.860291533634173,0.));
#1648=DIRECTION('center_axis',(0.979771093434216,-0.200121474286796,-2.17552885358566E-16));
#1649=DIRECTION('ref_axis',(-0.200121474286796,-0.979771093434216,5.81449262700297E-16));
#1650=DIRECTION('center_axis',(-0.646027087287484,0.763314484659403,1.14757463494095E-15));
#1651=DIRECTION('ref_axis',(-0.763314484659403,-0.646027087287484,5.81449262700297E-16));
#1652=DIRECTION('center_axis',(0.,0.,-1.));
#1653=DIRECTION('ref_axis',(-1.,0.,0.));
#1654=DIRECTION('center_axis',(0.,0.,1.));
#1655=DIRECTION('ref_axis',(-1.,0.,0.));
#1656=DIRECTION('center_axis',(0.,0.,1.));
#1657=DIRECTION('ref_axis',(-1.,0.,0.));
#1658=DIRECTION('',(-0.707106781186547,-8.65956056235493E-17,0.707106781186548));
#1659=DIRECTION('center_axis',(0.,0.,1.));
#1660=DIRECTION('ref_axis',(-1.,0.,0.));
#1661=DIRECTION('center_axis',(0.,0.,1.));
#1662=DIRECTION('ref_axis',(-1.,0.,0.));
#1663=DIRECTION('center_axis',(-0.999935517938736,0.0113560540942454,0.));
#1664=DIRECTION('ref_axis',(-0.00802994285756174,-0.707061185483763,0.707106781186547));
#1665=DIRECTION('',(-0.999935517938736,0.0113560540942454,0.));
#1666=DIRECTION('center_axis',(-0.999935517938736,0.0113560540942452,0.));
#1667=DIRECTION('ref_axis',(-0.0113560540942452,-0.999935517938736,0.));
#1668=DIRECTION('',(0.999935517938736,-0.0113560540942454,0.));
#1669=DIRECTION('center_axis',(0.0113560540942454,0.999935517938736,0.));
#1670=DIRECTION('ref_axis',(0.999935517938736,-0.0113560540942454,0.));
#1671=DIRECTION('',(0.,0.,-1.));
#1672=DIRECTION('',(0.999935517938736,-0.0113560540942454,0.));
#1673=DIRECTION('',(0.,0.,1.));
#1674=DIRECTION('',(0.,0.,-1.));
#1675=DIRECTION('',(-0.999935517938736,0.0113560540942454,0.));
#1676=DIRECTION('center_axis',(0.999935517938736,-0.011356054094245,0.));
#1677=DIRECTION('ref_axis',(0.00802994285756237,0.707061185483763,0.707106781186547));
#1678=DIRECTION('center_axis',(0.860291533634173,-0.509802390301735,0.));
#1679=DIRECTION('ref_axis',(0.509802390301735,0.860291533634173,-2.40370335797945E-16));
#1680=DIRECTION('center_axis',(0.999935517938736,-0.0113560540942452,0.));
#1681=DIRECTION('ref_axis',(0.0113560540942452,0.999935517938736,0.));
#1682=DIRECTION('center_axis',(0.,0.,1.));
#1683=DIRECTION('ref_axis',(1.,0.,0.));
#1684=DIRECTION('center_axis',(0.,0.,1.));
#1685=DIRECTION('ref_axis',(0.490133127637001,-0.871647587728419,0.));
#1686=DIRECTION('center_axis',(0.509802390301736,0.860291533634173,0.));
#1687=DIRECTION('ref_axis',(-0.860291533634173,0.509802390301736,0.));
#1688=DIRECTION('center_axis',(0.509802390301736,0.860291533634173,0.));
#1689=DIRECTION('ref_axis',(-0.608317977230098,0.360484727247468,0.707106781186548));
#1690=DIRECTION('',(0.509802390301736,0.860291533634173,0.));
#1691=DIRECTION('center_axis',(0.509802390301736,0.860291533634173,0.));
#1692=DIRECTION('ref_axis',(-0.860291533634173,0.509802390301736,0.));
#1693=DIRECTION('center_axis',(-0.490133127637001,0.871647587728419,0.));
#1694=DIRECTION('ref_axis',(-0.616347920087661,-0.346576458236295,0.707106781186548));
#1695=DIRECTION('',(0.490133127637001,-0.871647587728419,0.));
#1696=DIRECTION('center_axis',(0.490133127637001,-0.871647587728419,4.82363782452845E-17));
#1697=DIRECTION('ref_axis',(-8.88178419700125E-16,-4.44089209850063E-16,
1.));
#1698=DIRECTION('',(-0.490133127637001,0.871647587728419,0.));
#1699=DIRECTION('center_axis',(-0.490133127637001,0.871647587728419,0.));
#1700=DIRECTION('ref_axis',(-0.616347920087661,-0.346576458236295,0.707106781186548));
#1701=DIRECTION('center_axis',(0.490133127637001,-0.871647587728419,0.));
#1702=DIRECTION('ref_axis',(0.,0.,1.));
#1703=DIRECTION('',(-0.490133127637001,0.871647587728419,0.));
#1704=DIRECTION('center_axis',(0.860291533634173,-0.509802390301735,0.));
#1705=DIRECTION('ref_axis',(-0.509802390301735,-0.860291533634173,7.21111007393836E-16));
#1706=DIRECTION('center_axis',(0.,0.,1.));
#1707=DIRECTION('ref_axis',(1.,0.,0.));
#1708=DIRECTION('center_axis',(0.,0.,1.));
#1709=DIRECTION('ref_axis',(0.999935517938736,-0.0113560540942461,0.));
#1710=DIRECTION('center_axis',(0.,0.,-1.));
#1711=DIRECTION('ref_axis',(1.,0.,0.));
#1712=DIRECTION('',(-0.860291533634169,0.509802390301741,0.));
#1713=DIRECTION('',(-0.509802390301735,-0.860291533634173,0.));
#1714=DIRECTION('center_axis',(0.,0.,-1.));
#1715=DIRECTION('ref_axis',(1.,0.,0.));
#1716=DIRECTION('',(0.509802390301735,0.860291533634173,0.));
#1717=DIRECTION('',(-0.860291533634169,0.509802390301741,0.));
#1718=DIRECTION('center_axis',(0.,0.,-1.));
#1719=DIRECTION('ref_axis',(1.,0.,0.));
#1720=DIRECTION('',(-0.490133127637,0.871647587728419,0.));
#1721=DIRECTION('',(-0.509802390301735,-0.860291533634173,0.));
#1722=DIRECTION('',(0.860291533634174,-0.509802390301734,0.));
#1723=DIRECTION('',(0.509802390301735,0.860291533634173,0.));
#1724=DIRECTION('center_axis',(-0.999935517938736,0.0113560540942454,0.));
#1725=DIRECTION('ref_axis',(-0.00802994285756174,-0.707061185483763,0.707106781186547));
#1726=DIRECTION('center_axis',(-0.860291533634173,0.509802390301735,0.));
#1727=DIRECTION('ref_axis',(-0.509802390301735,-0.860291533634173,-2.40370335797945E-16));
#1728=DIRECTION('center_axis',(-0.999935517938736,0.0113560540942452,0.));
#1729=DIRECTION('ref_axis',(-0.0113560540942452,-0.999935517938736,0.));
#1730=DIRECTION('center_axis',(0.490133127637,-0.871647587728419,0.));
#1731=DIRECTION('ref_axis',(0.616347920087662,0.346576458236294,0.707106781186547));
#1732=DIRECTION('center_axis',(-0.490133127637,0.871647587728419,1.93544644251013E-16));
#1733=DIRECTION('ref_axis',(0.,-2.22044604925031E-16,1.));
#1734=DIRECTION('',(0.490133127637,-0.871647587728419,0.));
#1735=DIRECTION('center_axis',(0.490133127637,-0.871647587728419,0.));
#1736=DIRECTION('ref_axis',(0.616347920087662,0.346576458236294,0.707106781186547));
#1737=DIRECTION('center_axis',(-0.490133127637,0.87164758772842,0.));
#1738=DIRECTION('ref_axis',(0.,0.,1.));
#1739=DIRECTION('',(0.490133127637,-0.871647587728419,0.));
#1740=DIRECTION('center_axis',(-0.860291533634173,0.509802390301735,0.));
#1741=DIRECTION('ref_axis',(0.509802390301735,0.860291533634173,-1.92296268638356E-16));
#1742=DIRECTION('center_axis',(0.,0.,1.));
#1743=DIRECTION('ref_axis',(-0.999935517938735,0.0113560540943697,0.));
#1744=DIRECTION('center_axis',(0.509802390301735,0.860291533634173,0.));
#1745=DIRECTION('ref_axis',(0.,0.,1.));
#1746=DIRECTION('center_axis',(0.,0.,1.));
#1747=DIRECTION('ref_axis',(-0.999935517938736,0.011356054094247,0.));
#1748=DIRECTION('center_axis',(-0.509802390301736,-0.860291533634173,0.));
#1749=DIRECTION('ref_axis',(0.608317977230099,-0.360484727247468,0.707106781186547));
#1750=DIRECTION('center_axis',(0.509802390301735,0.860291533634173,0.));
#1751=DIRECTION('ref_axis',(0.,0.,1.));
#1752=DIRECTION('',(-0.509802390301736,-0.860291533634173,0.));
#1753=DIRECTION('center_axis',(0.,0.,1.));
#1754=DIRECTION('ref_axis',(1.,0.,0.));
#1755=DIRECTION('center_axis',(0.,0.,1.));
#1756=DIRECTION('ref_axis',(-0.490133127637001,0.871647587728419,0.));
#1757=DIRECTION('center_axis',(0.,0.,-1.));
#1758=DIRECTION('ref_axis',(0.999935517938736,-0.0113560540942461,0.));
#1759=DIRECTION('',(0.,0.,-1.));
#1760=DIRECTION('center_axis',(0.,0.,1.));
#1761=DIRECTION('ref_axis',(0.999935517938736,-0.0113560540942461,0.));
#1762=DIRECTION('',(0.,0.,1.));
#1763=DIRECTION('center_axis',(0.871647587728419,0.490133127637001,0.));
#1764=DIRECTION('ref_axis',(0.490133127637001,-0.871647587728419,0.));
#1765=DIRECTION('',(0.,0.,-1.));
#1766=DIRECTION('',(0.490133127637001,-0.871647587728419,0.));
#1767=DIRECTION('',(0.,0.,1.));
#1768=DIRECTION('center_axis',(0.,0.,-1.));
#1769=DIRECTION('ref_axis',(0.490133127637001,-0.871647587728419,0.));
#1770=DIRECTION('center_axis',(0.,0.,1.));
#1771=DIRECTION('ref_axis',(0.490133127637001,-0.871647587728419,0.));
#1772=DIRECTION('',(0.,0.,1.));
#1773=DIRECTION('center_axis',(0.860291533634173,-0.509802390301736,0.));
#1774=DIRECTION('ref_axis',(-0.509802390301736,-0.860291533634173,0.));
#1775=DIRECTION('',(0.,0.,-1.));
#1776=DIRECTION('',(-0.509802390301736,-0.860291533634173,0.));
#1777=DIRECTION('',(0.,0.,1.));
#1778=DIRECTION('center_axis',(0.,0.,-1.));
#1779=DIRECTION('ref_axis',(-0.999935517938736,0.0113560540942466,0.));
#1780=DIRECTION('',(0.,0.,-1.));
#1781=DIRECTION('center_axis',(0.,0.,1.));
#1782=DIRECTION('ref_axis',(-0.999935517938736,0.0113560540942466,0.));
#1783=DIRECTION('',(0.,0.,1.));
#1784=DIRECTION('center_axis',(-0.871647587728419,-0.490133127637,0.));
#1785=DIRECTION('ref_axis',(-0.490133127637,0.871647587728419,0.));
#1786=DIRECTION('',(0.,0.,-1.));
#1787=DIRECTION('',(-0.490133127637,0.871647587728419,0.));
#1788=DIRECTION('',(0.,0.,1.));
#1789=DIRECTION('center_axis',(0.,0.,-1.));
#1790=DIRECTION('ref_axis',(-0.490133127637001,0.871647587728419,0.));
#1791=DIRECTION('center_axis',(0.,0.,1.));
#1792=DIRECTION('ref_axis',(-0.490133127637001,0.871647587728419,0.));
#1793=DIRECTION('',(0.,0.,1.));
#1794=DIRECTION('center_axis',(-0.860291533634173,0.509802390301736,0.));
#1795=DIRECTION('ref_axis',(0.509802390301736,0.860291533634173,0.));
#1796=DIRECTION('',(0.,0.,-1.));
#1797=DIRECTION('',(0.509802390301736,0.860291533634173,0.));
#1798=DIRECTION('',(0.,0.,1.));
#1799=DIRECTION('center_axis',(0.860291533634173,-0.509802390301736,0.));
#1800=DIRECTION('ref_axis',(0.509802390301736,0.860291533634173,0.));
#1801=DIRECTION('center_axis',(0.,0.,-1.));
#1802=DIRECTION('ref_axis',(-0.247833249982627,0.968802704477567,0.));
#1803=DIRECTION('',(0.,0.,1.));
#1804=DIRECTION('center_axis',(0.,0.,-1.));
#1805=DIRECTION('ref_axis',(-0.247833249982627,0.968802704477567,0.));
#1806=DIRECTION('',(0.,0.,-1.));
#1807=DIRECTION('center_axis',(-0.608317977230097,0.360484727247472,0.707106781186547));
#1808=DIRECTION('ref_axis',(0.608317977230096,-0.360484727247472,0.707106781186548));
#1809=DIRECTION('center_axis',(0.,0.,-1.));
#1810=DIRECTION('ref_axis',(0.968802704477567,0.247833249982628,0.));
#1811=DIRECTION('',(0.,0.,1.));
#1812=DIRECTION('center_axis',(0.,0.,-1.));
#1813=DIRECTION('ref_axis',(0.968802704477567,0.247833249982628,0.));
#1814=DIRECTION('',(0.,0.,-1.));
#1815=DIRECTION('center_axis',(0.608317977230096,-0.360484727247472,0.707106781186547));
#1816=DIRECTION('ref_axis',(-0.608317977230096,0.360484727247472,0.707106781186548));
#1817=DIRECTION('center_axis',(0.860291533634169,-0.509802390301741,0.));
#1818=DIRECTION('ref_axis',(0.360484727247472,0.608317977230096,-0.707106781186547));
#1819=DIRECTION('',(0.860291533634169,-0.509802390301741,0.));
#1820=DIRECTION('center_axis',(-0.860291533634173,0.509802390301735,0.));
#1821=DIRECTION('ref_axis',(0.509802390301735,0.860291533634173,0.));
#1822=DIRECTION('',(0.,0.,-1.));
#1823=DIRECTION('',(-0.509802390301735,-0.860291533634173,0.));
#1824=DIRECTION('center_axis',(0.860291533634173,-0.509802390301735,0.));
#1825=DIRECTION('ref_axis',(-0.509802390301735,-0.860291533634173,0.));
#1826=DIRECTION('',(0.509802390301735,0.860291533634173,0.));
#1827=DIRECTION('',(0.,0.,-1.));
#1828=DIRECTION('center_axis',(0.,0.,-1.));
#1829=DIRECTION('ref_axis',(0.247833249982631,-0.968802704477566,0.));
#1830=DIRECTION('',(0.,0.,1.));
#1831=DIRECTION('center_axis',(0.,0.,-1.));
#1832=DIRECTION('ref_axis',(0.247833249982631,-0.968802704477566,0.));
#1833=DIRECTION('',(0.,0.,-1.));
#1834=DIRECTION('center_axis',(0.6083179772301,-0.360484727247468,0.707106781186547));
#1835=DIRECTION('ref_axis',(-0.608317977230098,0.360484727247467,0.707106781186548));
#1836=DIRECTION('center_axis',(0.,0.,-1.));
#1837=DIRECTION('ref_axis',(-0.968802704477566,-0.247833249982631,0.));
#1838=DIRECTION('',(0.,0.,1.));
#1839=DIRECTION('center_axis',(0.,0.,-1.));
#1840=DIRECTION('ref_axis',(-0.968802704477566,-0.247833249982631,0.));
#1841=DIRECTION('',(0.,0.,-1.));
#1842=DIRECTION('center_axis',(-0.608317977230099,0.360484727247467,0.707106781186547));
#1843=DIRECTION('ref_axis',(0.608317977230099,-0.360484727247467,0.707106781186548));
#1844=DIRECTION('center_axis',(-0.860291533634174,0.509802390301734,0.));
#1845=DIRECTION('ref_axis',(-0.360484727247466,-0.608317977230099,-0.707106781186548));
#1846=DIRECTION('',(-0.860291533634174,0.509802390301734,0.));
#1847=DIRECTION('center_axis',(-0.860291533634173,0.509802390301735,0.));
#1848=DIRECTION('ref_axis',(0.509802390301735,0.860291533634173,0.));
#1849=DIRECTION('',(-0.509802390301735,-0.860291533634173,0.));
#1850=DIRECTION('',(0.,0.,-1.));
#1851=DIRECTION('center_axis',(0.,0.,1.));
#1852=DIRECTION('ref_axis',(1.,0.,0.));
#1853=DIRECTION('center_axis',(0.,0.,1.));
#1854=DIRECTION('ref_axis',(0.490133127637002,-0.871647587728418,0.));
#1855=DIRECTION('center_axis',(0.,0.,-1.));
#1856=DIRECTION('ref_axis',(0.490133127637001,-0.871647587728418,0.));
#1857=DIRECTION('center_axis',(0.,0.,-1.));
#1858=DIRECTION('ref_axis',(-1.,0.,0.));
#1859=DIRECTION('',(0.,0.,1.));
#1860=DIRECTION('center_axis',(0.,0.,1.));
#1861=DIRECTION('ref_axis',(0.999935517938736,-0.0113560540942464,0.));
#1862=DIRECTION('center_axis',(0.,0.,1.));
#1863=DIRECTION('ref_axis',(-1.,0.,0.));
#1864=DIRECTION('center_axis',(0.,0.,1.));
#1865=DIRECTION('ref_axis',(-1.,0.,0.));
#1866=DIRECTION('center_axis',(0.,0.,1.));
#1867=DIRECTION('ref_axis',(-0.509802390301734,-0.860291533634174,0.));
#1868=DIRECTION('center_axis',(0.,0.,1.));
#1869=DIRECTION('ref_axis',(-1.,0.,0.));
#1870=DIRECTION('center_axis',(0.,0.,1.));
#1871=DIRECTION('ref_axis',(-0.999935517938736,0.0113560540942486,0.));
#1872=DIRECTION('center_axis',(0.,0.,1.));
#1873=DIRECTION('ref_axis',(-1.,0.,0.));
#1874=DIRECTION('center_axis',(0.,0.,1.));
#1875=DIRECTION('ref_axis',(-0.490133127637,0.871647587728419,0.));
#1876=DIRECTION('center_axis',(0.,0.,1.));
#1877=DIRECTION('ref_axis',(-1.,0.,0.));
#1878=DIRECTION('center_axis',(0.,0.,1.));
#1879=DIRECTION('ref_axis',(0.509802390301734,0.860291533634173,0.));
#1880=DIRECTION('center_axis',(0.,0.,1.));
#1881=DIRECTION('ref_axis',(-1.,0.,0.));
#1882=DIRECTION('center_axis',(0.,0.,1.));
#1883=DIRECTION('ref_axis',(0.999935517938736,-0.0113560540942464,0.));
#1884=DIRECTION('center_axis',(0.,0.,1.));
#1885=DIRECTION('ref_axis',(1.,0.,0.));
#1886=DIRECTION('center_axis',(0.,0.,-1.));
#1887=DIRECTION('ref_axis',(0.999935517938736,-0.0113560540942464,0.));
#1888=DIRECTION('center_axis',(0.,0.,1.));
#1889=DIRECTION('ref_axis',(1.,0.,0.));
#1890=DIRECTION('center_axis',(0.,0.,-1.));
#1891=DIRECTION('ref_axis',(-0.509802390301734,-0.860291533634174,0.));
#1892=DIRECTION('center_axis',(0.,0.,1.));
#1893=DIRECTION('ref_axis',(-0.999935517938736,0.0113560540942492,0.));
#1894=DIRECTION('center_axis',(0.,0.,-1.));
#1895=DIRECTION('ref_axis',(-0.999935517938736,0.0113560540942486,0.));
#1896=DIRECTION('center_axis',(0.,0.,1.));
#1897=DIRECTION('ref_axis',(1.,0.,0.));
#1898=DIRECTION('center_axis',(0.,0.,-1.));
#1899=DIRECTION('ref_axis',(0.509802390301734,0.860291533634174,0.));
#1900=DIRECTION('center_axis',(0.,0.,1.));
#1901=DIRECTION('ref_axis',(1.,0.,0.));
#1902=DIRECTION('center_axis',(0.,0.,-1.));
#1903=DIRECTION('ref_axis',(-0.490133127637,0.871647587728419,0.));
#1904=DIRECTION('center_axis',(0.,0.,-1.));
#1905=DIRECTION('ref_axis',(-1.,0.,0.));
#1906=DIRECTION('center_axis',(0.,0.,-1.));
#1907=DIRECTION('ref_axis',(-1.,0.,0.));
#1908=DIRECTION('center_axis',(0.,0.,-1.));
#1909=DIRECTION('ref_axis',(-1.,0.,0.));
#1910=DIRECTION('center_axis',(0.,0.,-1.));
#1911=DIRECTION('ref_axis',(-1.,0.,0.));
#1912=DIRECTION('center_axis',(0.,0.,-1.));
#1913=DIRECTION('ref_axis',(-1.,0.,0.));
#1914=DIRECTION('center_axis',(0.,0.,-1.));
#1915=DIRECTION('ref_axis',(-1.,0.,0.));
#1916=DIRECTION('center_axis',(0.,0.,-1.));
#1917=DIRECTION('ref_axis',(-1.,0.,0.));
#1918=DIRECTION('center_axis',(0.,0.,-1.));
#1919=DIRECTION('ref_axis',(-1.,0.,0.));
#1920=DIRECTION('center_axis',(0.,0.,-1.));
#1921=DIRECTION('ref_axis',(-1.,0.,0.));
#1922=DIRECTION('center_axis',(0.,0.,-1.));
#1923=DIRECTION('ref_axis',(-1.,0.,0.));
#1924=DIRECTION('center_axis',(0.,0.,-1.));
#1925=DIRECTION('ref_axis',(-1.,0.,0.));
#1926=DIRECTION('center_axis',(0.,0.,-1.));
#1927=DIRECTION('ref_axis',(-1.,0.,0.));
#1928=DIRECTION('',(-0.509802390301735,-0.860291533634173,0.));
#1929=DIRECTION('',(0.490133127637001,-0.871647587728419,0.));
#1930=DIRECTION('',(0.999935517938736,-0.0113560540942456,0.));
#1931=DIRECTION('',(0.509802390301735,0.860291533634173,0.));
#1932=DIRECTION('',(-0.490133127637001,0.871647587728419,0.));
#1933=DIRECTION('',(-0.999935517938736,0.011356054094246,0.));
#1934=DIRECTION('center_axis',(-0.860291533634173,0.509802390301736,0.));
#1935=DIRECTION('ref_axis',(0.509802390301736,0.860291533634173,0.));
#1936=DIRECTION('center_axis',(-0.860291533634173,0.509802390301735,0.));
#1937=DIRECTION('ref_axis',(0.509802390301736,0.860291533634173,0.));
#1938=DIRECTION('',(-0.860291533634173,0.509802390301736,0.));
#1939=DIRECTION('center_axis',(-0.011356054094246,-0.999935517938736,0.));
#1940=DIRECTION('ref_axis',(-0.999935517938736,0.011356054094246,0.));
#1941=DIRECTION('',(0.,0.,-1.));
#1942=DIRECTION('',(0.,0.,1.));
#1943=DIRECTION('',(0.999935517938736,-0.011356054094246,0.));
#1944=DIRECTION('center_axis',(-0.871647587728419,-0.490133127637001,0.));
#1945=DIRECTION('ref_axis',(-0.490133127637001,0.871647587728419,0.));
#1946=DIRECTION('',(0.,0.,1.));
#1947=DIRECTION('',(0.490133127637001,-0.871647587728419,0.));
#1948=DIRECTION('center_axis',(-0.860291533634173,0.509802390301735,0.));
#1949=DIRECTION('ref_axis',(0.509802390301735,0.860291533634173,0.));
#1950=DIRECTION('',(0.,0.,1.));
#1951=DIRECTION('',(-0.509802390301735,-0.860291533634173,0.));
#1952=DIRECTION('center_axis',(0.0113560540942456,0.999935517938736,0.));
#1953=DIRECTION('ref_axis',(0.999935517938736,-0.0113560540942456,0.));
#1954=DIRECTION('',(0.,0.,1.));
#1955=DIRECTION('',(-0.999935517938736,0.0113560540942456,0.));
#1956=DIRECTION('center_axis',(0.871647587728419,0.490133127637001,0.));
#1957=DIRECTION('ref_axis',(0.490133127637001,-0.871647587728419,0.));
#1958=DIRECTION('',(0.,0.,1.));
#1959=DIRECTION('',(-0.490133127637001,0.871647587728419,0.));
#1960=DIRECTION('center_axis',(0.860291533634173,-0.509802390301735,0.));
#1961=DIRECTION('ref_axis',(-0.509802390301735,-0.860291533634173,0.));
#1962=DIRECTION('',(0.509802390301735,0.860291533634173,0.));
#1963=DIRECTION('center_axis',(0.,0.,-1.));
#1964=DIRECTION('ref_axis',(-1.,0.,0.));
#1965=DIRECTION('center_axis',(0.,0.,1.));
#1966=DIRECTION('ref_axis',(-1.,0.,0.));
#1967=DIRECTION('',(0.,0.,1.));
#1968=DIRECTION('center_axis',(0.,0.,-1.));
#1969=DIRECTION('ref_axis',(-1.,0.,0.));
#1970=DIRECTION('center_axis',(0.,0.,1.));
#1971=DIRECTION('ref_axis',(-1.,0.,0.));
#1972=DIRECTION('',(0.,0.,1.));
#1973=DIRECTION('center_axis',(0.,0.,-1.));
#1974=DIRECTION('ref_axis',(-1.,0.,0.));
#1975=DIRECTION('center_axis',(0.509802390301741,0.860291533634169,0.));
#1976=DIRECTION('ref_axis',(0.860291533634169,-0.509802390301741,0.));
#1977=DIRECTION('',(-0.860291533634169,0.509802390301741,0.));
#1978=DIRECTION('center_axis',(0.,0.,-1.));
#1979=DIRECTION('ref_axis',(-0.86029153369506,0.509802390198989,0.));
#1980=DIRECTION('center_axis',(0.,0.,-1.));
#1981=DIRECTION('ref_axis',(1.,0.,0.));
#1982=DIRECTION('center_axis',(-0.509802390301734,-0.860291533634174,0.));
#1983=DIRECTION('ref_axis',(-0.860291533634174,0.509802390301734,0.));
#1984=DIRECTION('',(0.860291533634174,-0.509802390301734,0.));
#1985=DIRECTION('center_axis',(0.860291533634173,-0.509802390301735,0.));
#1986=DIRECTION('ref_axis',(-0.509802390301735,-0.860291533634173,0.));
#1987=DIRECTION('',(0.,0.,-1.));
#1988=DIRECTION('',(0.509802390301735,0.860291533634173,0.));
#1989=DIRECTION('center_axis',(0.,0.,-1.));
#1990=DIRECTION('ref_axis',(1.,0.,0.));
#1991=DIRECTION('center_axis',(0.,0.,-1.));
#1992=DIRECTION('ref_axis',(1.,0.,0.));
#1993=DIRECTION('center_axis',(0.,0.,-1.));
#1994=DIRECTION('ref_axis',(1.,0.,0.));
#1995=CARTESIAN_POINT('',(0.,0.,0.));
#1996=CARTESIAN_POINT('Origin',(-6.75,4.,-60.75));
#1997=CARTESIAN_POINT('',(-2.22044604925031E-15,4.,-61.5));
#1998=CARTESIAN_POINT('Origin',(-6.75,4.,-61.5));
#1999=CARTESIAN_POINT('',(-0.5,4.,-60.));
#2000=CARTESIAN_POINT('',(-0.25,4.,-60.75));
#2001=CARTESIAN_POINT('Origin',(-6.75,4.,-60.));
#2002=CARTESIAN_POINT('Origin',(-6.75,4.,-60.5));
#2003=CARTESIAN_POINT('',(-0.5,4.,-41.5));
#2004=CARTESIAN_POINT('',(-0.5,4.,-60.5));
#2005=CARTESIAN_POINT('Origin',(-6.75,4.,-41.5));
#2006=CARTESIAN_POINT('Origin',(-9.1018451908919,0.0312612403699299,-15.5));
#2007=CARTESIAN_POINT('',(-9.50138084755559,-2.4366065152147,-41.5));
#2008=CARTESIAN_POINT('',(-9.13023532702494,-2.46857755446672,-41.5242423807804));
#2009=CARTESIAN_POINT('Ctrl Pts',(-9.50138084755559,-2.4366065152147,-41.5));
#2010=CARTESIAN_POINT('Ctrl Pts',(-9.47074267133337,-2.44156668531629,-41.5));
#2011=CARTESIAN_POINT('Ctrl Pts',(-9.44033856715638,-2.44590339116688,-41.5003352907482));
#2012=CARTESIAN_POINT('Ctrl Pts',(-9.30691797179529,-2.46248635697315,-41.5036592802932));
#2013=CARTESIAN_POINT('Ctrl Pts',(-9.21315374987036,-2.46763586761906,-41.5110412677249));
#2014=CARTESIAN_POINT('Ctrl Pts',(-9.13023532704712,-2.46857755446647,-41.5242423809198));
#2015=CARTESIAN_POINT('',(-9.13023532612751,-2.46857755447691,-18.));
#2016=CARTESIAN_POINT('',(-9.13023532612751,-2.46857755447691,-15.5));
#2017=CARTESIAN_POINT('',(-11.2809641602129,-1.19407157872257,-18.));
#2018=CARTESIAN_POINT('Origin',(-9.1018451908919,0.0312612403699299,-18.));
#2019=CARTESIAN_POINT('',(-11.2809641597731,-1.19407157950486,-41.5242423807804));
#2020=CARTESIAN_POINT('',(-11.2809641602129,-1.19407157872257,-15.5));
#2021=CARTESIAN_POINT('',(-11.074695318022,-1.50427201419753,-41.5));
#2022=CARTESIAN_POINT('Ctrl Pts',(-11.2809641597622,-1.1940715795242,-41.5242423809198));
#2023=CARTESIAN_POINT('Ctrl Pts',(-11.2276237191287,-1.28893165680696,-41.5069173483926));
#2024=CARTESIAN_POINT('Ctrl Pts',(-11.1601796096106,-1.39444196328425,-41.5));
#2025=CARTESIAN_POINT('Ctrl Pts',(-11.074695318022,-1.50427201419753,-41.5));
#2026=CARTESIAN_POINT('Origin',(-9.1018451908919,0.0312612403699299,-41.5));
#2027=CARTESIAN_POINT('Ctrl Pts',(-9.13023532612751,-2.46857755447691,-18.));
#2028=CARTESIAN_POINT('Ctrl Pts',(-9.13023532612751,-2.46857755447691,-17.5539168870383));
#2029=CARTESIAN_POINT('Ctrl Pts',(-9.36833191997095,-2.67008931942447,-16.8115176019648));
#2030=CARTESIAN_POINT('Ctrl Pts',(-10.17660414154,-3.35416614428467,-16.0122417815297));
#2031=CARTESIAN_POINT('Ctrl Pts',(-10.7944102800646,-3.87704302950121,-15.7223483378282));
#2032=CARTESIAN_POINT('Ctrl Pts',(-11.1233647443386,-4.15545186187129,-15.6283020768336));
#2033=CARTESIAN_POINT('Ctrl Pts',(-9.56653950351916,-2.46362254112743,-18.));
#2034=CARTESIAN_POINT('Ctrl Pts',(-9.56653950351916,-2.46362254112743,-17.5990635903463));
#2035=CARTESIAN_POINT('Ctrl Pts',(-9.7498356638009,-2.61657207837198,-16.92174279399));
#2036=CARTESIAN_POINT('Ctrl Pts',(-10.4195122339384,-3.2542543294248,-16.0845642320161));
#2037=CARTESIAN_POINT('Ctrl Pts',(-10.9523993287412,-3.79747400729775,-15.7562560354992));
#2038=CARTESIAN_POINT('Ctrl Pts',(-11.2387267074895,-4.09383479909049,-15.6484039626044));
#2039=CARTESIAN_POINT('Ctrl Pts',(-10.4358650982191,-2.21989735324466,-18.));
#2040=CARTESIAN_POINT('Ctrl Pts',(-10.4358650982191,-2.21989735324466,-17.6468223011082));
#2041=CARTESIAN_POINT('Ctrl Pts',(-10.5106931727928,-2.34616972908776,-17.0377394993091));
#2042=CARTESIAN_POINT('Ctrl Pts',(-10.9050457452345,-3.01163969508324,-16.1579942833273));
#2043=CARTESIAN_POINT('Ctrl Pts',(-11.2682132168564,-3.6244848034452,-15.7904372396768));
#2044=CARTESIAN_POINT('Ctrl Pts',(-11.4693737393825,-3.96394318520792,-15.6686325781791));
#2045=CARTESIAN_POINT('Ctrl Pts',(-11.0671032389539,-1.57439958679575,-18.));
#2046=CARTESIAN_POINT('Ctrl Pts',(-11.0671032389539,-1.57439958679575,-17.5990635903463));
#2047=CARTESIAN_POINT('Ctrl Pts',(-11.1132446768889,-1.80862599654204,-16.92174279399));
#2048=CARTESIAN_POINT('Ctrl Pts',(-11.3510116283961,-2.70225468826463,-16.0845642320161));
#2049=CARTESIAN_POINT('Ctrl Pts',(-11.5716067612291,-3.4305362695271,-15.7562560354992));
#2050=CARTESIAN_POINT('Ctrl Pts',(-11.6940665317479,-3.82400379212252,-15.6484039626044));
#2051=CARTESIAN_POINT('Ctrl Pts',(-11.2809641602129,-1.19407157872257,-18.));
#2052=CARTESIAN_POINT('Ctrl Pts',(-11.2809641602129,-1.19407157872257,-17.5539168870383));
#2053=CARTESIAN_POINT('Ctrl Pts',(-11.3433869785142,-1.4996863217692,-16.8115176019648));
#2054=CARTESIAN_POINT('Ctrl Pts',(-11.5552952179833,-2.53716402491081,-16.0122417815297));
#2055=CARTESIAN_POINT('Ctrl Pts',(-11.7172681370747,-3.33016429942115,-15.7223483378282));
#2056=CARTESIAN_POINT('Ctrl Pts',(-11.803511557954,-3.75240189824739,-15.6283020768336));
#2057=CARTESIAN_POINT('',(-11.1233647443386,-4.15545186187129,-15.6283020768336));
#2058=CARTESIAN_POINT('',(-11.803511557954,-3.75240189824739,-15.6283020768336));
#2059=CARTESIAN_POINT('Ctrl Pts',(-11.1233647443386,-4.15545186187129,-15.6283020768336));
#2060=CARTESIAN_POINT('Ctrl Pts',(-11.1501690698696,-4.12007791695932,-15.6399916764013));
#2061=CARTESIAN_POINT('Ctrl Pts',(-11.1788831957936,-4.08607784156171,-15.6502684651655));
#2062=CARTESIAN_POINT('Ctrl Pts',(-11.2097117918526,-4.05381680739693,-15.658774037931));
#2063=CARTESIAN_POINT('Ctrl Pts',(-11.2347460511476,-4.02761934148369,-15.6656809601164));
#2064=CARTESIAN_POINT('Ctrl Pts',(-11.2611776998587,-4.00256615462977,-15.671419923153));
#2065=CARTESIAN_POINT('Ctrl Pts',(-11.2891229769258,-3.97885572859621,-15.6757984583225));
#2066=CARTESIAN_POINT('Ctrl Pts',(-11.3149923423216,-3.95690662881531,-15.6798517345138));
#2067=CARTESIAN_POINT('Ctrl Pts',(-11.3421607982183,-3.93610638802898,-15.6827386418019));
#2068=CARTESIAN_POINT('Ctrl Pts',(-11.3706947308073,-3.91664281437346,-15.6843100955875));
#2069=CARTESIAN_POINT('Ctrl Pts',(-11.3875118077666,-3.90517154538354,-15.6852362651285));
#2070=CARTESIAN_POINT('Ctrl Pts',(-11.4046125111872,-3.894292973922,-15.6856958518594));
#2071=CARTESIAN_POINT('Ctrl Pts',(-11.4219958726583,-3.88399303511088,-15.6856954959023));
#2072=CARTESIAN_POINT('Ctrl Pts',(-11.4567855651302,-3.8633795476497,-15.6856947835178));
#2073=CARTESIAN_POINT('Ctrl Pts',(-11.4927078201681,-3.84508057003506,-15.6838517636121));
#2074=CARTESIAN_POINT('Ctrl Pts',(-11.5297966943826,-3.82899835340806,-15.6802316166475));
#2075=CARTESIAN_POINT('Ctrl Pts',(-11.5385826181392,-3.82518866297892,-15.6793740458559));
#2076=CARTESIAN_POINT('Ctrl Pts',(-11.54743399855,-3.82150357838288,-15.6784167694389));
#2077=CARTESIAN_POINT('Ctrl Pts',(-11.5563510627603,-3.81794231398627,-15.6773607158634));
#2078=CARTESIAN_POINT('Ctrl Pts',(-11.5921172475779,-3.80365814628388,-15.6731249038893));
#2079=CARTESIAN_POINT('Ctrl Pts',(-11.6283722946319,-3.79158703835127,-15.6673674329661));
#2080=CARTESIAN_POINT('Ctrl Pts',(-11.6649292086859,-3.78149582360231,-15.6603289940566));
#2081=CARTESIAN_POINT('Ctrl Pts',(-11.7039217089011,-3.77073228670505,-15.6528216226661));
#2082=CARTESIAN_POINT('Ctrl Pts',(-11.743261350141,-3.76222037681177,-15.6438575791402));
#2083=CARTESIAN_POINT('Ctrl Pts',(-11.7827550448716,-3.75566588899727,-15.6337281137093));
#2084=CARTESIAN_POINT('Ctrl Pts',(-11.7896731185104,-3.75451774548537,-15.6319537447056));
#2085=CARTESIAN_POINT('Ctrl Pts',(-11.796592442974,-3.75343029783731,-15.6301444827373));
#2086=CARTESIAN_POINT('Ctrl Pts',(-11.803511557954,-3.75240189824739,-15.6283020768336));
#2087=CARTESIAN_POINT('Origin',(-12.0451906636341,-4.93563424488253,-18.));
#2088=CARTESIAN_POINT('Origin',(-12.0451906636341,-4.93563424488253,-18.));
#2089=CARTESIAN_POINT('Origin',(-13.1225298787717,-6.75364417042717,-14.775));
#2090=CARTESIAN_POINT('',(-10.5380995681612,-4.95274995654404,-15.5));
#2091=CARTESIAN_POINT('Ctrl Pts',(-10.5380995681612,-4.95274995654404,-15.5));
#2092=CARTESIAN_POINT('Ctrl Pts',(-10.5503034416598,-4.93523640114832,-15.5));
#2093=CARTESIAN_POINT('Ctrl Pts',(-10.5625407032496,-4.91773771294437,-15.5001811624961));
#2094=CARTESIAN_POINT('Ctrl Pts',(-10.7577720456192,-4.63959624191207,-15.5059284812719));
#2095=CARTESIAN_POINT('Ctrl Pts',(-10.9491884906318,-4.38531406066041,-15.5523422972195));
#2096=CARTESIAN_POINT('Ctrl Pts',(-11.1233647443386,-4.15545186187129,-15.6283020768336));
#2097=CARTESIAN_POINT('',(-9.97252987877169,-6.75364417042717,-15.5));
#2098=CARTESIAN_POINT('Origin',(-13.1225298787717,-6.75364417042717,-15.5));
#2099=CARTESIAN_POINT('',(-11.4225298787717,-6.75364417042717,-14.05));
#2100=CARTESIAN_POINT('',(-10.6975298787717,-6.75364417042717,-14.775));
#2101=CARTESIAN_POINT('Origin',(-13.1225298787717,-6.75364417042717,-14.05));
#2102=CARTESIAN_POINT('',(-12.7839135702679,-3.6218972145549,-15.5));
#2103=CARTESIAN_POINT('Origin',(-13.1225298787717,-6.75364417042717,-15.5));
#2104=CARTESIAN_POINT('Ctrl Pts',(-11.803511557954,-3.75240189824739,-15.6283020768336));
#2105=CARTESIAN_POINT('Ctrl Pts',(-12.088776845017,-3.71000244324692,-15.5523422972195));
#2106=CARTESIAN_POINT('Ctrl Pts',(-12.4037410918114,-3.66420717750189,-15.5059284812719));
#2107=CARTESIAN_POINT('Ctrl Pts',(-12.7414656155806,-3.62652295008152,-15.5001811624961));
#2108=CARTESIAN_POINT('Ctrl Pts',(-12.7626910890224,-3.62419186937787,-15.5));
#2109=CARTESIAN_POINT('Ctrl Pts',(-12.7839135702679,-3.6218972145549,-15.5));
#2110=CARTESIAN_POINT('Origin',(-5.12057341612327,-5.01427564388671,-18.));
#2111=CARTESIAN_POINT('',(-6.24367012385653,-2.50135965891813,-18.));
#2112=CARTESIAN_POINT('',(-5.09218328088766,-2.51443684903987,-18.));
#2113=CARTESIAN_POINT('',(-6.27206025909214,-5.00119845376497,-15.5));
#2114=CARTESIAN_POINT('Origin',(-6.27206025909214,-5.00119845376497,-18.));
#2115=CARTESIAN_POINT('',(-5.12057341612327,-5.01427564388671,-15.5));
#2116=CARTESIAN_POINT('Origin',(-3.0740015427225,-2.53735690796314,-15.5));
#2117=CARTESIAN_POINT('',(-8.66075858096939,-2.47390930159296,-41.75));
#2118=CARTESIAN_POINT('Ctrl Pts',(-8.66075858096939,-2.47390930159296,-41.75));
#2119=CARTESIAN_POINT('Ctrl Pts',(-8.66075858096939,-2.47390930159296,-41.7410836735634));
#2120=CARTESIAN_POINT('Ctrl Pts',(-8.66301421510196,-2.47388368483791,-41.7306245760162));
#2121=CARTESIAN_POINT('Ctrl Pts',(-8.67078349010402,-2.47379545084121,-41.7115559807981));
#2122=CARTESIAN_POINT('Ctrl Pts',(-8.67866078951126,-2.4737059900344,-41.6999714089914));
#2123=CARTESIAN_POINT('Ctrl Pts',(-8.71678641570008,-2.47327300544129,-41.6565377029191));
#2124=CARTESIAN_POINT('Ctrl Pts',(-8.76570021706786,-2.47271750184698,-41.6306507815137));
#2125=CARTESIAN_POINT('Ctrl Pts',(-8.90452436998449,-2.4711409055947,-41.5693618376069));
#2126=CARTESIAN_POINT('Ctrl Pts',(-9.01667534935241,-2.4698672308771,-41.542321814542));
#2127=CARTESIAN_POINT('Ctrl Pts',(-9.13023532704712,-2.46857755446647,-41.5242423809198));
#2128=CARTESIAN_POINT('',(-8.66075858096939,-2.47390930159296,-41.5));
#2129=CARTESIAN_POINT('',(-8.66075858096939,-2.47390930159296,-60.5));
#2130=CARTESIAN_POINT('',(-4.98676088901611,-2.51563410862648,-41.5));
#2131=CARTESIAN_POINT('',(-3.0740015427225,-2.53735690796314,-41.5));
#2132=CARTESIAN_POINT('',(-4.98676088901611,-2.51563410862648,-41.75));
#2133=CARTESIAN_POINT('',(-4.98676088901611,-2.51563410862648,-60.5));
#2134=CARTESIAN_POINT('',(-4.51728414296056,-2.52096585575272,-41.5242423807804));
#2135=CARTESIAN_POINT('Ctrl Pts',(-4.51728414293838,-2.52096585575297,-41.5242423809198));
#2136=CARTESIAN_POINT('Ctrl Pts',(-4.63084412063309,-2.51967617934233,-41.542321814542));
#2137=CARTESIAN_POINT('Ctrl Pts',(-4.74299510000101,-2.51840250462474,-41.5693618376069));
#2138=CARTESIAN_POINT('Ctrl Pts',(-4.88181925291764,-2.51682590837245,-41.6306507815137));
#2139=CARTESIAN_POINT('Ctrl Pts',(-4.93073305428542,-2.51627040477815,-41.6565377029191));
#2140=CARTESIAN_POINT('Ctrl Pts',(-4.96885868047425,-2.51583742018503,-41.6999714089914));
#2141=CARTESIAN_POINT('Ctrl Pts',(-4.97673597988148,-2.51574795937823,-41.7115559807981));
#2142=CARTESIAN_POINT('Ctrl Pts',(-4.98450525488354,-2.51565972538152,-41.7306245760162));
#2143=CARTESIAN_POINT('Ctrl Pts',(-4.98676088901611,-2.51563410862648,-41.7410836735634));
#2144=CARTESIAN_POINT('Ctrl Pts',(-4.98676088901611,-2.51563410862648,-41.75));
#2145=CARTESIAN_POINT('',(-4.51728414385799,-2.52096585574253,-18.));
#2146=CARTESIAN_POINT('',(-4.51728414385799,-2.52096585574253,-15.5));
#2147=CARTESIAN_POINT('',(-5.09218328088766,-2.51443684903987,-18.));
#2148=CARTESIAN_POINT('Origin',(-4.3981548091081,7.96873875963007,-15.5));
#2149=CARTESIAN_POINT('',(-3.99861915244443,10.4366065152147,-41.5));
#2150=CARTESIAN_POINT('',(-4.36976467297506,10.4685775544667,-41.5242423807804));
#2151=CARTESIAN_POINT('Ctrl Pts',(-3.99861915244443,10.4366065152147,-41.5));
#2152=CARTESIAN_POINT('Ctrl Pts',(-4.02925732866669,10.4415666853163,-41.5));
#2153=CARTESIAN_POINT('Ctrl Pts',(-4.05966143284371,10.4459033911669,-41.5003352907482));
#2154=CARTESIAN_POINT('Ctrl Pts',(-4.19308202820477,10.4624863569732,-41.5036592802932));
#2155=CARTESIAN_POINT('Ctrl Pts',(-4.28684625012966,10.4676358676191,-41.5110412677249));
#2156=CARTESIAN_POINT('Ctrl Pts',(-4.36976467295288,10.4685775544665,-41.5242423809197));
#2157=CARTESIAN_POINT('',(-4.36976467387248,10.4685775544769,-18.));
#2158=CARTESIAN_POINT('',(-4.36976467387248,10.4685775544769,-15.5));
#2159=CARTESIAN_POINT('',(-2.21903583978705,9.19407157872257,-18.));
#2160=CARTESIAN_POINT('Origin',(-4.3981548091081,7.96873875963007,-18.));
#2161=CARTESIAN_POINT('',(-2.21903584022694,9.19407157950486,-41.5242423807804));
#2162=CARTESIAN_POINT('',(-2.21903583978705,9.19407157872257,-15.5));
#2163=CARTESIAN_POINT('',(-2.42530468197793,9.50427201419751,-41.5));
#2164=CARTESIAN_POINT('Ctrl Pts',(-2.21903584023781,9.1940715795242,-41.5242423809197));
#2165=CARTESIAN_POINT('Ctrl Pts',(-2.27237628087126,9.28893165680696,-41.5069173483926));
#2166=CARTESIAN_POINT('Ctrl Pts',(-2.33982039038935,9.39444196328424,-41.5));
#2167=CARTESIAN_POINT('Ctrl Pts',(-2.42530468197793,9.50427201419751,-41.5));
#2168=CARTESIAN_POINT('Origin',(-4.3981548091081,7.96873875963007,-41.5));
#2169=CARTESIAN_POINT('Ctrl Pts',(-4.36976467387248,10.4685775544769,-18.));
#2170=CARTESIAN_POINT('Ctrl Pts',(-4.36976467387248,10.4685775544769,-17.5539168870383));
#2171=CARTESIAN_POINT('Ctrl Pts',(-4.13165588972348,10.6700996366237,-16.8115204934983));
#2172=CARTESIAN_POINT('Ctrl Pts',(-3.32339181121896,11.3541695696453,-16.0122434479113));
#2173=CARTESIAN_POINT('Ctrl Pts',(-2.70558971993544,11.8770430295012,-15.7223483378282));
#2174=CARTESIAN_POINT('Ctrl Pts',(-2.37663525566136,12.1554518618713,-15.6283020768336));
#2175=CARTESIAN_POINT('Ctrl Pts',(-3.93346049648084,10.4636225411274,-18.));
#2176=CARTESIAN_POINT('Ctrl Pts',(-3.93346049648084,10.4636225411274,-17.5990635903463));
#2177=CARTESIAN_POINT('Ctrl Pts',(-3.75016064617992,10.6165646630067,-16.9217291623915));
#2178=CARTESIAN_POINT('Ctrl Pts',(-3.08048678786412,11.2542493791923,-16.0845614662321));
#2179=CARTESIAN_POINT('Ctrl Pts',(-2.54760067125881,11.7974740072977,-15.7562560354992));
#2180=CARTESIAN_POINT('Ctrl Pts',(-2.26127329251053,12.0938347990905,-15.6484039626044));
#2181=CARTESIAN_POINT('Ctrl Pts',(-3.06413981757938,10.2198890578348,-18.));
#2182=CARTESIAN_POINT('Ctrl Pts',(-3.06413981757938,10.2198890578348,-17.6468223011082));
#2183=CARTESIAN_POINT('Ctrl Pts',(-2.98932057856811,10.3461465236663,-17.0376871192034));
#2184=CARTESIAN_POINT('Ctrl Pts',(-2.59495742198559,11.0116343503993,-16.1579814917467));
#2185=CARTESIAN_POINT('Ctrl Pts',(-2.23178679516207,11.624484783164,-15.7904371580148));
#2186=CARTESIAN_POINT('Ctrl Pts',(-2.03062627263601,11.9639431649267,-15.668632496517));
#2187=CARTESIAN_POINT('Ctrl Pts',(-2.43289676104613,9.57439958679575,-18.));
#2188=CARTESIAN_POINT('Ctrl Pts',(-2.43289676104613,9.57439958679575,-17.5990635903463));
#2189=CARTESIAN_POINT('Ctrl Pts',(-2.3867635995118,9.80862567238851,-16.9217291623915));
#2190=CARTESIAN_POINT('Ctrl Pts',(-2.14899318347015,10.7022531691811,-16.0845614662321));
#2191=CARTESIAN_POINT('Ctrl Pts',(-1.92839323877086,11.4305362695271,-15.7562560354992));
#2192=CARTESIAN_POINT('Ctrl Pts',(-1.80593346825208,11.8240037921225,-15.6484039626044));
#2193=CARTESIAN_POINT('Ctrl Pts',(-2.21903583978705,9.19407157872257,-18.));
#2194=CARTESIAN_POINT('Ctrl Pts',(-2.21903583978705,9.19407157872257,-17.5539168870383));
#2195=CARTESIAN_POINT('Ctrl Pts',(-2.15660982550042,9.49970196893593,-16.8115204934983));
#2196=CARTESIAN_POINT('Ctrl Pts',(-1.94470372093389,10.5371692198467,-16.0122434479113));
#2197=CARTESIAN_POINT('Ctrl Pts',(-1.78273186292534,11.3301642994211,-15.7223483378282));
#2198=CARTESIAN_POINT('Ctrl Pts',(-1.69648844204604,11.7524018982474,-15.6283020768336));
#2199=CARTESIAN_POINT('',(-2.37663525566137,12.1554518618713,-15.6283020768336));
#2200=CARTESIAN_POINT('',(-1.69648844204603,11.7524018982474,-15.6283020768336));
#2201=CARTESIAN_POINT('Ctrl Pts',(-2.37663525566137,12.1554518618713,-15.6283020768336));
#2202=CARTESIAN_POINT('Ctrl Pts',(-2.34983016435523,12.1200769063579,-15.6399920103626));
#2203=CARTESIAN_POINT('Ctrl Pts',(-2.32111516127504,12.0860758976793,-15.6502690473521));
#2204=CARTESIAN_POINT('Ctrl Pts',(-2.29028556473902,12.0538140331991,-15.6587747483602));
#2205=CARTESIAN_POINT('Ctrl Pts',(-2.26525104931372,12.0276164751793,-15.6656816212036));
#2206=CARTESIAN_POINT('Ctrl Pts',(-2.23881912448272,12.0025632145958,-15.671420508181));
#2207=CARTESIAN_POINT('Ctrl Pts',(-2.21087354882203,11.9788527422892,-15.675798942167));
#2208=CARTESIAN_POINT('Ctrl Pts',(-2.18500523176574,11.9569047236608,-15.6798519171329));
#2209=CARTESIAN_POINT('Ctrl Pts',(-2.15783793820686,11.9361054704034,-15.6827386214679));
#2210=CARTESIAN_POINT('Ctrl Pts',(-2.12930529006887,11.9166427680633,-15.684309996423));
#2211=CARTESIAN_POINT('Ctrl Pts',(-2.11248821568703,11.905171497982,-15.6852361610529));
#2212=CARTESIAN_POINT('Ctrl Pts',(-2.09538751456147,11.8942929265615,-15.6856957450355));
#2213=CARTESIAN_POINT('Ctrl Pts',(-2.07800415480451,11.8839929887673,-15.6856953890801));
#2214=CARTESIAN_POINT('Ctrl Pts',(-2.04321401456361,11.863379235998,-15.6856946766897));
#2215=CARTESIAN_POINT('Ctrl Pts',(-2.00729127977249,11.8450800570787,-15.6838516203662));
#2216=CARTESIAN_POINT('Ctrl Pts',(-1.97020189145419,11.8289976972425,-15.6802313963264));
#2217=CARTESIAN_POINT('Ctrl Pts',(-1.96141644087909,11.8251882308727,-15.6793738653501));
#2218=CARTESIAN_POINT('Ctrl Pts',(-1.95256554061337,11.8215033567239,-15.6784166399477));
#2219=CARTESIAN_POINT('Ctrl Pts',(-1.94364896357992,11.8179422892441,-15.677360648311));
#2220=CARTESIAN_POINT('Ctrl Pts',(-1.90788257655947,11.8036580502123,-15.6731248294057));
#2221=CARTESIAN_POINT('Ctrl Pts',(-1.87162731920214,11.7915868956403,-15.6673673358026));
#2222=CARTESIAN_POINT('Ctrl Pts',(-1.83507019368162,11.7814956515654,-15.6603288559581));
#2223=CARTESIAN_POINT('Ctrl Pts',(-1.796077886373,11.7707321989008,-15.6528215214733));
#2224=CARTESIAN_POINT('Ctrl Pts',(-1.75673844512021,11.7622203436637,-15.643857524949));
#2225=CARTESIAN_POINT('Ctrl Pts',(-1.71724495517563,11.7556658892173,-15.633728113395));
#2226=CARTESIAN_POINT('Ctrl Pts',(-1.71032688148388,11.7545177455882,-15.6319537446147));
#2227=CARTESIAN_POINT('Ctrl Pts',(-1.70340755702611,11.7534302978373,-15.6301444827373));
#2228=CARTESIAN_POINT('Ctrl Pts',(-1.69648844204604,11.7524018982474,-15.6283020768336));
#2229=CARTESIAN_POINT('Origin',(-1.45480933636588,12.9356342448825,-18.));
#2230=CARTESIAN_POINT('Origin',(-1.45480933636588,12.9356342448825,-18.));
#2231=CARTESIAN_POINT('Origin',(-0.377470121228312,14.7536441704272,-14.775));
#2232=CARTESIAN_POINT('',(-2.96190043183881,12.952749956544,-15.5));
#2233=CARTESIAN_POINT('Ctrl Pts',(-2.96190043183881,12.952749956544,-15.5));
#2234=CARTESIAN_POINT('Ctrl Pts',(-2.9496965583402,12.9352364011483,-15.5));
#2235=CARTESIAN_POINT('Ctrl Pts',(-2.93745929675042,12.9177377129444,-15.5001811624961));
#2236=CARTESIAN_POINT('Ctrl Pts',(-2.74222795438082,12.6395962419121,-15.5059284812719));
#2237=CARTESIAN_POINT('Ctrl Pts',(-2.55081150936821,12.3853140606604,-15.5523422972195));
#2238=CARTESIAN_POINT('Ctrl Pts',(-2.37663525566137,12.1554518618713,-15.6283020768336));
#2239=CARTESIAN_POINT('',(-1.426467209744,17.7238470436811,-15.5));
#2240=CARTESIAN_POINT('Origin',(-0.377470121228312,14.7536441704272,-15.5));
#2241=CARTESIAN_POINT('',(2.73159678776588,15.2598091192307,-15.5));
#2242=CARTESIAN_POINT('Ctrl Pts',(-1.426467209744,17.723847043681,-15.5));
#2243=CARTESIAN_POINT('Ctrl Pts',(-1.38629530736985,17.7380346969926,-15.5));
#2244=CARTESIAN_POINT('Ctrl Pts',(-1.34608623503562,17.7506341309175,-15.4993586111307));
#2245=CARTESIAN_POINT('Ctrl Pts',(-0.91000204287544,17.8724208401726,-15.4870676838611));
#2246=CARTESIAN_POINT('Ctrl Pts',(-0.478161659336097,17.8624740622149,-15.430640134087));
#2247=CARTESIAN_POINT('Ctrl Pts',(0.367164600880541,17.6853025988298,-15.3440748362286));
#2248=CARTESIAN_POINT('Ctrl Pts',(0.779890432111841,17.5140604516607,-15.3147879325849));
#2249=CARTESIAN_POINT('Ctrl Pts',(1.1339858535412,17.3042261278507,-15.3147879325849));
#2250=CARTESIAN_POINT('Ctrl Pts',(1.48808127497056,17.0943918040407,-15.3147879325849));
#2251=CARTESIAN_POINT('Ctrl Pts',(1.83647978596192,16.8145973039667,-15.3440748362286));
#2252=CARTESIAN_POINT('Ctrl Pts',(2.39781528387788,16.1581914291992,-15.430640134087));
#2253=CARTESIAN_POINT('Ctrl Pts',(2.61391124080126,15.7841759313271,-15.4870676838611));
#2254=CARTESIAN_POINT('Ctrl Pts',(2.71649408962906,15.3431791237088,-15.4993586111307));
#2255=CARTESIAN_POINT('Ctrl Pts',(2.72475092242394,15.301859153411,-15.5));
#2256=CARTESIAN_POINT('Ctrl Pts',(2.73159678776588,15.2598091192307,-15.5));
#2257=CARTESIAN_POINT('',(2.77252987877169,14.7536441704272,-15.5));
#2258=CARTESIAN_POINT('Origin',(-0.377470121228312,14.7536441704272,-15.5));
#2259=CARTESIAN_POINT('',(1.32252987877169,14.7536441704272,-14.05));
#2260=CARTESIAN_POINT('',(2.04752987877169,14.7536441704272,-14.775));
#2261=CARTESIAN_POINT('Origin',(-0.377470121228312,14.7536441704272,-14.05));
#2262=CARTESIAN_POINT('',(-0.716086429732141,11.6218972145549,-15.5));
#2263=CARTESIAN_POINT('Origin',(-0.377470121228312,14.7536441704272,-15.5));
#2264=CARTESIAN_POINT('Ctrl Pts',(-1.69648844204603,11.7524018982474,-15.6283020768336));
#2265=CARTESIAN_POINT('Ctrl Pts',(-1.41122315498296,11.7100024432469,-15.5523422972195));
#2266=CARTESIAN_POINT('Ctrl Pts',(-1.09625890818864,11.6642071775019,-15.5059284812719));
#2267=CARTESIAN_POINT('Ctrl Pts',(-0.758534384419375,11.6265229500815,-15.5001811624961));
#2268=CARTESIAN_POINT('Ctrl Pts',(-0.737308910977568,11.6241918693779,-15.5));
#2269=CARTESIAN_POINT('Ctrl Pts',(-0.716086429732141,11.6218972145549,-15.5));
#2270=CARTESIAN_POINT('Origin',(-8.6660318679368,13.0175305588798,-18.));
#2271=CARTESIAN_POINT('',(-7.25632987614347,10.5013596589181,-18.));
#2272=CARTESIAN_POINT('',(-8.69442200317242,10.517691764033,-18.));
#2273=CARTESIAN_POINT('',(-7.22793974090785,13.001198453765,-15.5));
#2274=CARTESIAN_POINT('Origin',(-7.22793974090785,13.001198453765,-18.));
#2275=CARTESIAN_POINT('',(-8.6660318679368,13.0175305588798,-15.5));
#2276=CARTESIAN_POINT('Origin',(-10.4259984572775,10.5373569079631,-15.5));
#2277=CARTESIAN_POINT('',(-4.83924141903062,10.473909301593,-41.75));
#2278=CARTESIAN_POINT('Ctrl Pts',(-4.83924141903062,10.473909301593,-41.75));
#2279=CARTESIAN_POINT('Ctrl Pts',(-4.83924141903062,10.473909301593,-41.7410836735634));
#2280=CARTESIAN_POINT('Ctrl Pts',(-4.83698578489806,10.4738836848379,-41.7306245760162));
#2281=CARTESIAN_POINT('Ctrl Pts',(-4.82921650989599,10.4737954508412,-41.7115559807981));
#2282=CARTESIAN_POINT('Ctrl Pts',(-4.82133921048876,10.4737059900344,-41.6999714089914));
#2283=CARTESIAN_POINT('Ctrl Pts',(-4.78321358429993,10.4732730054413,-41.6565377029191));
#2284=CARTESIAN_POINT('Ctrl Pts',(-4.73429978293215,10.472717501847,-41.6306507815137));
#2285=CARTESIAN_POINT('Ctrl Pts',(-4.59547563001552,10.4711409055947,-41.5693618376069));
#2286=CARTESIAN_POINT('Ctrl Pts',(-4.48332465064759,10.4698672308771,-41.542321814542));
#2287=CARTESIAN_POINT('Ctrl Pts',(-4.36976467295288,10.4685775544665,-41.5242423809197));
#2288=CARTESIAN_POINT('',(-4.83924141903062,10.473909301593,-41.5));
#2289=CARTESIAN_POINT('',(-4.83924141903062,10.473909301593,-60.5));
#2290=CARTESIAN_POINT('',(-8.51323911098388,10.5156341086265,-41.5));
#2291=CARTESIAN_POINT('',(-10.4259984572775,10.5373569079631,-41.5));
#2292=CARTESIAN_POINT('',(-8.51323911098387,10.5156341086265,-41.75));
#2293=CARTESIAN_POINT('',(-8.51323911098388,10.5156341086265,-60.5));
#2294=CARTESIAN_POINT('',(-8.98271585703944,10.5209658557527,-41.5242423807804));
#2295=CARTESIAN_POINT('Ctrl Pts',(-8.98271585706162,10.520965855753,-41.5242423809198));
#2296=CARTESIAN_POINT('Ctrl Pts',(-8.86915587936691,10.5196761793423,-41.542321814542));
#2297=CARTESIAN_POINT('Ctrl Pts',(-8.75700489999898,10.5184025046247,-41.5693618376069));
#2298=CARTESIAN_POINT('Ctrl Pts',(-8.61818074708235,10.5168259083725,-41.6306507815137));
#2299=CARTESIAN_POINT('Ctrl Pts',(-8.56926694571457,10.5162704047782,-41.6565377029191));
#2300=CARTESIAN_POINT('Ctrl Pts',(-8.53114131952574,10.515837420185,-41.6999714089914));
#2301=CARTESIAN_POINT('Ctrl Pts',(-8.52326402011851,10.5157479593782,-41.7115559807981));
#2302=CARTESIAN_POINT('Ctrl Pts',(-8.51549474511644,10.5156597253815,-41.7306245760162));
#2303=CARTESIAN_POINT('Ctrl Pts',(-8.51323911098388,10.5156341086265,-41.7410836735634));
#2304=CARTESIAN_POINT('Ctrl Pts',(-8.51323911098388,10.5156341086265,-41.75));
#2305=CARTESIAN_POINT('',(-8.98271585614201,10.5209658557425,-18.));
#2306=CARTESIAN_POINT('',(-8.98271585614201,10.5209658557425,-15.5));
#2307=CARTESIAN_POINT('',(-8.69442200317242,10.517691764033,-18.));
#2308=CARTESIAN_POINT('Origin',(-5.12057341612327,-5.01427564388671,-18.));
#2309=CARTESIAN_POINT('',(-5.29842433134552,-3.35818782569257,-16.1253235299974));
#2310=CARTESIAN_POINT('Origin',(-6.27206025909214,-5.00119845376497,-18.));
#2311=CARTESIAN_POINT('',(-4.52456677112655,-3.16222360331105,-16.328105576358));
#2312=CARTESIAN_POINT('Origin',(-4.5456742790936,-5.02080465058937,-18.));
#2313=CARTESIAN_POINT('Ctrl Pts',(-4.52456677112627,-3.16222360331096,-16.3281055763581));
#2314=CARTESIAN_POINT('Ctrl Pts',(-4.66300678894055,-3.20523943650937,-16.2785387287614));
#2315=CARTESIAN_POINT('Ctrl Pts',(-4.8065946147626,-3.24542766517265,-16.2359869291639));
#2316=CARTESIAN_POINT('Ctrl Pts',(-5.06688107872511,-3.30962589699004,-16.1713119923945));
#2317=CARTESIAN_POINT('Ctrl Pts',(-5.18192234437826,-3.33520506775846,-16.1467663433854));
#2318=CARTESIAN_POINT('Ctrl Pts',(-5.29842433134553,-3.35818782569257,-16.1253235299974));
#2319=CARTESIAN_POINT('Origin',(-4.48889400862237,-0.0211270608956854,-18.));
#2320=CARTESIAN_POINT('',(-1.78646098840329,-1.62256885065515,-16.328105576358));
#2321=CARTESIAN_POINT('Ctrl Pts',(-1.7864609884029,-1.6225688506548,-16.3281055763578));
#2322=CARTESIAN_POINT('Ctrl Pts',(-1.95487566571014,-1.77124338771141,-16.4049164462001));
#2323=CARTESIAN_POINT('Ctrl Pts',(-2.12306796492611,-1.90628356395499,-16.4744650267479));
#2324=CARTESIAN_POINT('Ctrl Pts',(-2.58289599544484,-2.2464998960133,-16.6259808997481));
#2325=CARTESIAN_POINT('Ctrl Pts',(-2.84850526067135,-2.41256302085715,-16.668682517341));
#2326=CARTESIAN_POINT('Ctrl Pts',(-3.37239183443635,-2.70287657484469,-16.6592738782453));
#2327=CARTESIAN_POINT('Ctrl Pts',(-3.66265682711734,-2.84754593165582,-16.6094210859141));
#2328=CARTESIAN_POINT('Ctrl Pts',(-4.19775111526311,-3.05420592385815,-16.443235389749));
#2329=CARTESIAN_POINT('Ctrl Pts',(-4.35667681419399,-3.11005713802796,-16.3882166341264));
#2330=CARTESIAN_POINT('Ctrl Pts',(-4.52456677112654,-3.16222360331105,-16.328105576358));
#2331=CARTESIAN_POINT('',(-2.33816517453694,-1.29563303665002,-18.));
#2332=CARTESIAN_POINT('Origin',(-4.48889400862237,-0.0211270608956854,-18.));
#2333=CARTESIAN_POINT('Origin',(-0.18743634045151,-2.57013901240436,-18.));
#2334=CARTESIAN_POINT('Origin',(1.79824425570897,0.780696993616427,-18.));
#2335=CARTESIAN_POINT('',(0.56538420248861,2.34616990897491,-16.328105576358));
#2336=CARTESIAN_POINT('Ctrl Pts',(0.565384202488674,2.3461699089752,-16.3281055763581));
#2337=CARTESIAN_POINT('Ctrl Pts',(0.533416997896316,2.20476942004845,-16.2785387287614));
#2338=CARTESIAN_POINT('Ctrl Pts',(0.496427111940785,2.06032460088074,-16.2359869291639));
#2339=CARTESIAN_POINT('Ctrl Pts',(0.28201475850075,1.31965184464315,-16.0499659758499));
#2340=CARTESIAN_POINT('Ctrl Pts',(0.0167094261320516,0.707239506777321,
-15.9964019155946));
#2341=CARTESIAN_POINT('Ctrl Pts',(-0.297813497743706,0.176482072736983,
-15.9964019155946));
#2342=CARTESIAN_POINT('Ctrl Pts',(-0.612336421619464,-0.354275361303355,
-15.9964019155946));
#2343=CARTESIAN_POINT('Ctrl Pts',(-1.02211798274199,-0.881072156203955,
-16.0499659758499));
#2344=CARTESIAN_POINT('Ctrl Pts',(-1.56884307737361,-1.42481884358727,-16.2359869291639));
#2345=CARTESIAN_POINT('Ctrl Pts',(-1.67778125778369,-1.52662763641154,-16.2785387287614));
#2346=CARTESIAN_POINT('Ctrl Pts',(-1.78646098840351,-1.62256885065534,-16.3281055763581));
#2347=CARTESIAN_POINT('',(0.0136800163549641,2.67310572298004,-18.));
#2348=CARTESIAN_POINT('',(-0.352484578376459,2.05520296937077,-18.));
#2349=CARTESIAN_POINT('Origin',(2.1644088504404,1.3985997472257,-18.));
#2350=CARTESIAN_POINT('Origin',(0.24187841238285,9.91826263718231,-18.));
#2351=CARTESIAN_POINT('',(1.37497559543388,7.90317455074761,-15.5));
#2352=CARTESIAN_POINT('',(0.24187841238285,9.91826263718231,-15.5));
#2353=CARTESIAN_POINT('',(-0.804143373887168,6.67784173165511,-18.));
#2354=CARTESIAN_POINT('Origin',(1.37497559543388,7.90317455074761,-18.));
#2355=CARTESIAN_POINT('',(-1.9372405569382,8.69292981808981,-18.));
#2356=CARTESIAN_POINT('Origin',(0.24187841238285,9.91826263718231,-18.));
#2357=CARTESIAN_POINT('',(0.401339667734489,6.26016392454772,-16.1253235295545));
#2358=CARTESIAN_POINT('',(0.601056964992787,5.48726645139027,-16.328105576358));
#2359=CARTESIAN_POINT('Ctrl Pts',(0.401339667147394,6.2601639243834,-16.1253235296739));
#2360=CARTESIAN_POINT('Ctrl Pts',(0.43712478104296,6.14693695808512,-16.1467663431384));
#2361=CARTESIAN_POINT('Ctrl Pts',(0.469930989456739,6.03374446888473,-16.1713119922534));
#2362=CARTESIAN_POINT('Ctrl Pts',(0.538609390788295,5.77460409419443,-16.2359869291639));
#2363=CARTESIAN_POINT('Ctrl Pts',(0.572309301497693,5.62935646610511,-16.2785387287614));
#2364=CARTESIAN_POINT('Ctrl Pts',(0.601056964992843,5.48726645138999,-16.3281055763581));
#2365=CARTESIAN_POINT('',(0.0420701515905794,5.17294451782688,-18.));
#2366=CARTESIAN_POINT('Origin',(2.22118912091163,6.39827733691938,-18.));
#2367=CARTESIAN_POINT('',(-1.9372405569382,8.69292981808981,-18.));
#2368=CARTESIAN_POINT('Origin',(1.37497559543388,7.90317455074761,-18.));
#2369=CARTESIAN_POINT('Origin',(-2.13704881773047,3.94761169873438,-18.));
#2370=CARTESIAN_POINT('Ctrl Pts',(0.601056964992681,5.4872664513908,-16.3281055763578));
#2371=CARTESIAN_POINT('Ctrl Pts',(0.645605552325977,5.26707779394426,-16.4049164462001));
#2372=CARTESIAN_POINT('Ctrl Pts',(0.678457625876465,5.05389890198053,-16.4744650267479));
#2373=CARTESIAN_POINT('Ctrl Pts',(0.743179596961981,4.48556798014972,-16.6259808997481));
#2374=CARTESIAN_POINT('Ctrl Pts',(0.754189849095292,4.17251204656114,-16.668682517341));
#2375=CARTESIAN_POINT('Ctrl Pts',(0.743665475028951,3.57365618798571,-16.6592738782453));
#2376=CARTESIAN_POINT('Ctrl Pts',(0.723820316836076,3.24994465208912,-16.6094210859142));
#2377=CARTESIAN_POINT('Ctrl Pts',(0.635245975956273,2.68320940903358,-16.443235389749));
#2378=CARTESIAN_POINT('Ctrl Pts',(0.604151696794095,2.51765010936033,-16.3882166341264));
#2379=CARTESIAN_POINT('Ctrl Pts',(0.565384202488611,2.34616990897491,-16.328105576358));
#2380=CARTESIAN_POINT('Origin',(-2.13704881773047,3.94761169873438,-18.));
#2381=CARTESIAN_POINT('Origin',(-7.04224296220247,3.50684000128338,-15.5));
#2382=CARTESIAN_POINT('',(4.95402245718178,13.9428161299472,-15.5));
#2383=CARTESIAN_POINT('',(-1.49816404507446,17.7663340572102,-15.5));
#2384=CARTESIAN_POINT('',(-11.7100990209993,-14.1778888644833,-15.5));
#2385=CARTESIAN_POINT('Origin',(-7.04224296220247,3.50684000128338,-15.5));
#2386=CARTESIAN_POINT('',(-3.64889287915993,19.0408400329646,-15.5));
#2387=CARTESIAN_POINT('',(-2.37438690340558,21.19156886705,-15.5));
#2388=CARTESIAN_POINT('',(-1.49816404507446,17.7663340572102,-15.5));
#2389=CARTESIAN_POINT('Origin',(-7.04224296220247,3.50684000128338,-15.5));
#2390=CARTESIAN_POINT('',(-14.8749755954339,0.096825449252389,-15.5));
#2391=CARTESIAN_POINT('',(-13.601394609424,-2.16809755153371,-15.5));
#2392=CARTESIAN_POINT('',(-10.435593045245,-12.0271600303978,-15.5));
#2393=CARTESIAN_POINT('',(-11.7100990209993,-14.1778888644833,-15.5));
#2394=CARTESIAN_POINT('',(-19.0385083815867,-6.92913612738048,-15.5));
#2395=CARTESIAN_POINT('',(-12.5863218793304,-10.7526540546435,-15.5));
#2396=CARTESIAN_POINT('',(-2.37438690340558,21.19156886705,-15.5));
#2397=CARTESIAN_POINT('Origin',(-8.6660318679368,13.0175305588798,-18.));
#2398=CARTESIAN_POINT('',(-8.20157566865447,11.3581878256926,-16.1253235299974));
#2399=CARTESIAN_POINT('Origin',(-7.22793974090786,13.001198453765,-18.));
#2400=CARTESIAN_POINT('',(-8.97543322887346,11.162223603311,-16.328105576358));
#2401=CARTESIAN_POINT('Origin',(-8.9543257209064,13.0208046505894,-18.));
#2402=CARTESIAN_POINT('Ctrl Pts',(-8.97543322887373,11.162223603311,-16.3281055763581));
#2403=CARTESIAN_POINT('Ctrl Pts',(-8.83699321105945,11.2052394365094,-16.2785387287614));
#2404=CARTESIAN_POINT('Ctrl Pts',(-8.6934053852374,11.2454276651727,-16.2359869291639));
#2405=CARTESIAN_POINT('Ctrl Pts',(-8.43311892127489,11.30962589699,-16.1713119923945));
#2406=CARTESIAN_POINT('Ctrl Pts',(-8.31807765562174,11.3352050677585,-16.1467663433854));
#2407=CARTESIAN_POINT('Ctrl Pts',(-8.20157566865447,11.3581878256926,-16.1253235299974));
#2408=CARTESIAN_POINT('Origin',(-13.601394609424,-2.16809755153371,-18.));
#2409=CARTESIAN_POINT('',(-12.6958566261128,1.32215826834489,-18.));
#2410=CARTESIAN_POINT('Origin',(-14.8749755954339,0.0968254492523896,-18.));
#2411=CARTESIAN_POINT('',(-11.422275640103,-0.942764732441214,-18.));
#2412=CARTESIAN_POINT('Origin',(-13.601394609424,-2.16809755153371,-18.));
#2413=CARTESIAN_POINT('',(-13.9013396677345,1.73983607545228,-16.1253235295545));
#2414=CARTESIAN_POINT('',(-14.1010569649928,2.51273354860974,-16.328105576358));
#2415=CARTESIAN_POINT('Ctrl Pts',(-13.9013396671474,1.73983607561659,-16.1253235296738));
#2416=CARTESIAN_POINT('Ctrl Pts',(-13.937124781043,1.85306304191488,-16.1467663431384));
#2417=CARTESIAN_POINT('Ctrl Pts',(-13.9699309894567,1.96625553111528,-16.1713119922534));
#2418=CARTESIAN_POINT('Ctrl Pts',(-14.0386093907883,2.22539590580559,-16.2359869291639));
#2419=CARTESIAN_POINT('Ctrl Pts',(-14.0723093014977,2.37064353389491,-16.2785387287614));
#2420=CARTESIAN_POINT('Ctrl Pts',(-14.1010569649928,2.51273354861002,-16.3281055763581));
#2421=CARTESIAN_POINT('',(-13.5420701515906,2.82705548217313,-18.));
#2422=CARTESIAN_POINT('Origin',(-15.7211891209116,1.60172266308064,-18.));
#2423=CARTESIAN_POINT('',(-11.422275640103,-0.942764732441214,-18.));
#2424=CARTESIAN_POINT('Origin',(-14.8749755954339,0.0968254492523901,-18.));
#2425=CARTESIAN_POINT('Origin',(-11.3629511822695,4.05238830126563,-18.));
#2426=CARTESIAN_POINT('',(-14.0653842024886,5.6538300910251,-16.328105576358));
#2427=CARTESIAN_POINT('Ctrl Pts',(-14.1010569649928,2.51273354860955,-16.3281055763579));
#2428=CARTESIAN_POINT('Ctrl Pts',(-14.1276819877416,2.64433206529617,-16.3740125574617));
#2429=CARTESIAN_POINT('Ctrl Pts',(-14.1499321098899,2.77248440386255,-16.4170134850055));
#2430=CARTESIAN_POINT('Ctrl Pts',(-14.2277009480784,3.29542534177144,-16.5789979109204));
#2431=CARTESIAN_POINT('Ctrl Pts',(-14.2485592896418,3.63586479638542,-16.64898877703));
#2432=CARTESIAN_POINT('Ctrl Pts',(-14.2511918603283,4.27292299232463,-16.6738635198078));
#2433=CARTESIAN_POINT('Ctrl Pts',(-14.2358112468417,4.57683127740514,-16.6390433167338));
#2434=CARTESIAN_POINT('Ctrl Pts',(-14.1641901455679,5.15579732622824,-16.4960840423782));
#2435=CARTESIAN_POINT('Ctrl Pts',(-14.1226735563648,5.40042217651752,-16.4169357605641));
#2436=CARTESIAN_POINT('Ctrl Pts',(-14.0653842024884,5.65383009102608,-16.3281055763576));
#2437=CARTESIAN_POINT('',(-13.513680016355,5.32689427701997,-18.));
#2438=CARTESIAN_POINT('Origin',(-15.6644088504404,6.60140025277431,-18.));
#2439=CARTESIAN_POINT('Origin',(-11.3629511822695,4.05238830126563,-18.));
#2440=CARTESIAN_POINT('Origin',(-15.5904872179114,6.72614300766695,-18.));
#2441=CARTESIAN_POINT('',(-11.7135390115965,9.62256885065502,-16.3281055763583));
#2442=CARTESIAN_POINT('Ctrl Pts',(-14.0653842024887,5.65383009102482,-16.3281055763581));
#2443=CARTESIAN_POINT('Ctrl Pts',(-14.0334169978963,5.79523057995156,-16.2785387287614));
#2444=CARTESIAN_POINT('Ctrl Pts',(-13.9964271119408,5.93967539911926,-16.2359869291639));
#2445=CARTESIAN_POINT('Ctrl Pts',(-13.7820147585008,6.68034815535685,-16.0499659758499));
#2446=CARTESIAN_POINT('Ctrl Pts',(-13.5167094261321,7.29276049322268,-15.9964019155946));
#2447=CARTESIAN_POINT('Ctrl Pts',(-13.2021865022563,7.82351792726302,-15.9964019155946));
#2448=CARTESIAN_POINT('Ctrl Pts',(-12.8876635783805,8.35427536130336,-15.9964019155946));
#2449=CARTESIAN_POINT('Ctrl Pts',(-12.477882017258,8.88107215620396,-16.0499659758499));
#2450=CARTESIAN_POINT('Ctrl Pts',(-11.9311569226264,9.42481884358731,-16.2359869291639));
#2451=CARTESIAN_POINT('Ctrl Pts',(-11.8222187422162,9.52662763641161,-16.2785387287614));
#2452=CARTESIAN_POINT('Ctrl Pts',(-11.7135390115964,9.62256885065545,-16.3281055763581));
#2453=CARTESIAN_POINT('',(-11.1618348254631,9.29563303665003,-18.));
#2454=CARTESIAN_POINT('Origin',(-13.3125636595485,10.5701390124044,-18.));
#2455=CARTESIAN_POINT('',(-13.439758383826,5.45163703191261,-18.));
#2456=CARTESIAN_POINT('Origin',(-9.01110599137763,8.02112706089569,-18.));
#2457=CARTESIAN_POINT('Ctrl Pts',(-11.7135390115967,9.62256885065513,-16.328105576358));
#2458=CARTESIAN_POINT('Ctrl Pts',(-11.6128838644202,9.71142605507518,-16.3740125574617));
#2459=CARTESIAN_POINT('Ctrl Pts',(-11.5130257447416,9.79477139537605,-16.4170134850055));
#2460=CARTESIAN_POINT('Ctrl Pts',(-11.0990300269279,10.1235916538245,-16.5789979109203));
#2461=CARTESIAN_POINT('Ctrl Pts',(-10.8146299815634,10.3118752348063,-16.64898877703));
#2462=CARTESIAN_POINT('Ctrl Pts',(-10.2642376855343,10.6326842058676,-16.6738635198078));
#2463=CARTESIAN_POINT('Ctrl Pts',(-9.99335508349072,10.7713183464026,-16.6390433167339));
#2464=CARTESIAN_POINT('Ctrl Pts',(-9.45614522664425,10.9987756776641,-16.4960840423782));
#2465=CARTESIAN_POINT('Ctrl Pts',(-9.2235355972952,11.0851336818804,-16.4169357605641));
#2466=CARTESIAN_POINT('Ctrl Pts',(-8.97543322887249,11.1622236033113,-16.3281055763577));
#2467=CARTESIAN_POINT('Origin',(-9.01110599137763,8.02112706089569,-18.));
#2468=CARTESIAN_POINT('Origin',(-2.13704881773047,3.94761169873438,-15.5));
#2469=CARTESIAN_POINT('',(0.0136800168125023,2.67310572375214,-41.5242423807804));
#2470=CARTESIAN_POINT('',(0.0136800163549641,2.67310572298004,-15.5));
#2471=CARTESIAN_POINT('',(0.179187052645823,3.00683999806402,-41.5));
#2472=CARTESIAN_POINT('Ctrl Pts',(0.0136800168238105,2.67310572377122,-41.5242423809198));
#2473=CARTESIAN_POINT('Ctrl Pts',(0.0691967203616463,2.7667901610699,-41.5069062043906));
#2474=CARTESIAN_POINT('Ctrl Pts',(0.126840621598628,2.87795997202658,-41.5));
#2475=CARTESIAN_POINT('Ctrl Pts',(0.179187052645821,3.00683999806402,-41.5));
#2476=CARTESIAN_POINT('',(0.199955180118149,4.83553754813825,-41.5));
#2477=CARTESIAN_POINT('Origin',(-2.13704881773047,3.94761169873438,-41.5));
#2478=CARTESIAN_POINT('',(0.042070152030465,5.17294451704459,-41.5242423807804));
#2479=CARTESIAN_POINT('Ctrl Pts',(0.199955180118148,4.83553754813825,-41.5));
#2480=CARTESIAN_POINT('Ctrl Pts',(0.188958920953043,4.86447949373819,-41.5));
#2481=CARTESIAN_POINT('Ctrl Pts',(0.177541811854416,4.89290962095314,-41.5003336411812));
#2482=CARTESIAN_POINT('Ctrl Pts',(0.125197891275725,5.01676565658526,-41.5036487537374));
#2483=CARTESIAN_POINT('Ctrl Pts',(0.0827436300406805,5.10061123242541,-41.5110315914721));
#2484=CARTESIAN_POINT('Ctrl Pts',(0.0420701520413371,5.17294451702526,-41.5242423809198));
#2485=CARTESIAN_POINT('',(0.0420701515905794,5.17294451782688,-15.5));
#2486=CARTESIAN_POINT('Origin',(-2.92648207273699,10.4521865022563,-15.5));
#2487=CARTESIAN_POINT('',(-0.18805079253943,5.58218917917788,-41.75));
#2488=CARTESIAN_POINT('Ctrl Pts',(-0.18805079253943,5.58218917917788,-41.75));
#2489=CARTESIAN_POINT('Ctrl Pts',(-0.18805079253943,5.58218917917788,-41.7410836735634));
#2490=CARTESIAN_POINT('Ctrl Pts',(-0.186945160233781,5.58022293433991,-41.7306245760162));
#2491=CARTESIAN_POINT('Ctrl Pts',(-0.183136935615373,5.57345042782078,-41.7115559807981));
#2492=CARTESIAN_POINT('Ctrl Pts',(-0.179275761243091,5.5665837560175,-41.6999714089914));
#2493=CARTESIAN_POINT('Ctrl Pts',(-0.160587923805764,5.53334950290623,-41.6565377029191));
#2494=CARTESIAN_POINT('Ctrl Pts',(-0.136612103346438,5.49071115652892,-41.6306507815137));
#2495=CARTESIAN_POINT('Ctrl Pts',(-0.068565399294113,5.36969761531812,-41.5693618376069));
#2496=CARTESIAN_POINT('Ctrl Pts',(-0.0135929442717452,5.27193518076739,
-41.542321814542));
#2497=CARTESIAN_POINT('Ctrl Pts',(0.0420701520413379,5.17294451702526,-41.5242423809198));
#2498=CARTESIAN_POINT('',(-0.18805079253943,5.58218917917788,-41.5));
#2499=CARTESIAN_POINT('',(-0.18805079253943,5.58218917917788,-60.5));
#2500=CARTESIAN_POINT('',(-1.98891489565704,8.78482691737157,-41.5));
#2501=CARTESIAN_POINT('',(-2.92648207273699,10.4521865022563,-41.5));
#2502=CARTESIAN_POINT('',(-1.98891489565704,8.78482691737157,-41.75));
#2503=CARTESIAN_POINT('',(-1.98891489565704,8.78482691737157,-60.5));
#2504=CARTESIAN_POINT('Ctrl Pts',(-2.21903584023781,9.1940715795242,-41.5242423809197));
#2505=CARTESIAN_POINT('Ctrl Pts',(-2.16337274392472,9.09508091578206,-41.542321814542));
#2506=CARTESIAN_POINT('Ctrl Pts',(-2.10840028890236,8.99731848123134,-41.5693618376069));
#2507=CARTESIAN_POINT('Ctrl Pts',(-2.04035358485003,8.87630494002053,-41.6306507815137));
#2508=CARTESIAN_POINT('Ctrl Pts',(-2.0163777643907,8.83366659364322,-41.6565377029191));
#2509=CARTESIAN_POINT('Ctrl Pts',(-1.99768992695338,8.80043234053195,-41.6999714089914));
#2510=CARTESIAN_POINT('Ctrl Pts',(-1.99382875258109,8.79356566872867,-41.7115559807981));
#2511=CARTESIAN_POINT('Ctrl Pts',(-1.99002052796269,8.78679316220954,-41.7306245760162));
#2512=CARTESIAN_POINT('Ctrl Pts',(-1.98891489565704,8.78482691737157,-41.7410836735634));
#2513=CARTESIAN_POINT('Ctrl Pts',(-1.98891489565704,8.78482691737157,-41.75));
#2514=CARTESIAN_POINT('Origin',(-4.48889400862237,-0.0211270608956854,-15.5));
#2515=CARTESIAN_POINT('',(-4.14550826537623,-2.49743201613349,-41.5));
#2516=CARTESIAN_POINT('Ctrl Pts',(-4.51728414293838,-2.52096585575297,-41.5242423809198));
#2517=CARTESIAN_POINT('Ctrl Pts',(-4.40844398031483,-2.52220193019194,-41.5069143703522));
#2518=CARTESIAN_POINT('Ctrl Pts',(-4.28334699649273,-2.51654592011063,-41.5));
#2519=CARTESIAN_POINT('Ctrl Pts',(-4.14550826537623,-2.49743201613349,-41.5));
#2520=CARTESIAN_POINT('',(-2.55142566743745,-1.60106896707646,-41.5));
#2521=CARTESIAN_POINT('Origin',(-4.48889400862237,-0.0211270608956854,-41.5));
#2522=CARTESIAN_POINT('',(-2.33816517499448,-1.29563303742212,-41.5242423807804));
#2523=CARTESIAN_POINT('Ctrl Pts',(-2.55142566743745,-1.60106896707646,-41.5));
#2524=CARTESIAN_POINT('Ctrl Pts',(-2.53182393436253,-1.5770315406898,-41.5));
#2525=CARTESIAN_POINT('Ctrl Pts',(-2.51287828683484,-1.55288521866016,-41.5003348475991));
#2526=CARTESIAN_POINT('Ctrl Pts',(-2.43180163466463,-1.44562972342373,-41.503656454187));
#2527=CARTESIAN_POINT('Ctrl Pts',(-2.38044822825442,-1.36698568973842,-41.5110386705463));
#2528=CARTESIAN_POINT('Ctrl Pts',(-2.33816517500579,-1.2956330374412,-41.5242423809198));
#2529=CARTESIAN_POINT('',(-2.33816517453694,-1.29563303665002,-15.5));
#2530=CARTESIAN_POINT('Origin',(0.749516384540519,3.91482959429315,-15.5));
#2531=CARTESIAN_POINT('',(-2.09880937350882,-0.891720122415081,-41.75));
#2532=CARTESIAN_POINT('Ctrl Pts',(-2.09880937350883,-0.89172012241508,-41.75));
#2533=CARTESIAN_POINT('Ctrl Pts',(-2.09880937350883,-0.89172012241508,-41.7410836735634));
#2534=CARTESIAN_POINT('Ctrl Pts',(-2.09995937533574,-0.893660750497998,
-41.7306245760162));
#2535=CARTESIAN_POINT('Ctrl Pts',(-2.1039204257194,-0.900345023020421,-41.7115559807981));
#2536=CARTESIAN_POINT('Ctrl Pts',(-2.10793655075435,-0.9071222340169,-41.6999714089914));
#2537=CARTESIAN_POINT('Ctrl Pts',(-2.12737433950585,-0.939923502535054,
-41.6565377029191));
#2538=CARTESIAN_POINT('Ctrl Pts',(-2.1523123204143,-0.982006345318063,-41.6306507815137));
#2539=CARTESIAN_POINT('Ctrl Pts',(-2.2230897692786,-1.10144329027658,-41.5693618376069));
#2540=CARTESIAN_POINT('Ctrl Pts',(-2.28026829362416,-1.19793205010971,-41.542321814542));
#2541=CARTESIAN_POINT('Ctrl Pts',(-2.33816517500579,-1.2956330374412,-41.5242423809198));
#2542=CARTESIAN_POINT('',(-2.09880937350883,-0.89172012241508,-41.5));
#2543=CARTESIAN_POINT('',(-2.09880937350883,-0.89172012241508,-60.5));
#2544=CARTESIAN_POINT('',(-0.225675784673154,2.26919280874509,-41.5));
#2545=CARTESIAN_POINT('',(0.749516384540519,3.91482959429315,-41.5));
#2546=CARTESIAN_POINT('',(-0.225675784673154,2.26919280874509,-41.75));
#2547=CARTESIAN_POINT('',(-0.225675784673154,2.26919280874509,-60.5));
#2548=CARTESIAN_POINT('Ctrl Pts',(0.0136800168238113,2.67310572377122,-41.5242423809198));
#2549=CARTESIAN_POINT('Ctrl Pts',(-0.0442168645578161,2.57540473643972,
-41.542321814542));
#2550=CARTESIAN_POINT('Ctrl Pts',(-0.101395388903376,2.47891597660659,-41.5693618376069));
#2551=CARTESIAN_POINT('Ctrl Pts',(-0.172172837767682,2.35947903164808,-41.6306507815137));
#2552=CARTESIAN_POINT('Ctrl Pts',(-0.197110818676132,2.31739618886507,-41.6565377029191));
#2553=CARTESIAN_POINT('Ctrl Pts',(-0.216548607427631,2.28459492034691,-41.6999714089914));
#2554=CARTESIAN_POINT('Ctrl Pts',(-0.220564732462581,2.27781770935043,-41.7115559807981));
#2555=CARTESIAN_POINT('Ctrl Pts',(-0.22452578284624,2.27113343682801,-41.7306245760162));
#2556=CARTESIAN_POINT('Ctrl Pts',(-0.225675784673154,2.26919280874509,-41.7410836735634));
#2557=CARTESIAN_POINT('Ctrl Pts',(-0.225675784673154,2.26919280874509,-41.75));
#2558=CARTESIAN_POINT('Origin',(-11.3629511822695,4.05238830126563,-15.5));
#2559=CARTESIAN_POINT('',(-13.5136800168125,5.32689427624788,-41.5242423807804));
#2560=CARTESIAN_POINT('',(-13.513680016355,5.32689427701997,-15.5));
#2561=CARTESIAN_POINT('',(-13.6791870526458,4.99316000193597,-41.5));
#2562=CARTESIAN_POINT('Ctrl Pts',(-13.5136800168238,5.32689427622879,-41.5242423809198));
#2563=CARTESIAN_POINT('Ctrl Pts',(-13.5691967203616,5.23320983893012,-41.5069062043906));
#2564=CARTESIAN_POINT('Ctrl Pts',(-13.6268406215986,5.12204002797344,-41.5));
#2565=CARTESIAN_POINT('Ctrl Pts',(-13.6791870526458,4.99316000193597,-41.5));
#2566=CARTESIAN_POINT('',(-13.6999551801182,3.16446245186179,-41.5));
#2567=CARTESIAN_POINT('Origin',(-11.3629511822695,4.05238830126563,-41.5));
#2568=CARTESIAN_POINT('',(-13.5420701520305,2.82705548295542,-41.5242423807804));
#2569=CARTESIAN_POINT('Ctrl Pts',(-13.6999551801182,3.16446245186179,-41.5));
#2570=CARTESIAN_POINT('Ctrl Pts',(-13.6889589209531,3.13552050626188,-41.5));
#2571=CARTESIAN_POINT('Ctrl Pts',(-13.6775418118545,3.10709037904696,-41.5003336411812));
#2572=CARTESIAN_POINT('Ctrl Pts',(-13.6251978912757,2.98323434341473,-41.5036487537374));
#2573=CARTESIAN_POINT('Ctrl Pts',(-13.5827436300407,2.89938876757456,-41.5110315914722));
#2574=CARTESIAN_POINT('Ctrl Pts',(-13.5420701520413,2.82705548297476,-41.5242423809198));
#2575=CARTESIAN_POINT('',(-13.5420701515906,2.82705548217313,-15.5));
#2576=CARTESIAN_POINT('Origin',(-10.573517927263,-2.4521865022563,-15.5));
#2577=CARTESIAN_POINT('',(-13.3119492074606,2.41781082082215,-41.75));
#2578=CARTESIAN_POINT('Ctrl Pts',(-13.3119492074606,2.41781082082216,-41.75));
#2579=CARTESIAN_POINT('Ctrl Pts',(-13.3119492074606,2.41781082082216,-41.7410836735634));
#2580=CARTESIAN_POINT('Ctrl Pts',(-13.3130548397662,2.41977706566012,-41.7306245760162));
#2581=CARTESIAN_POINT('Ctrl Pts',(-13.3168630643846,2.42654957217925,-41.7115559807981));
#2582=CARTESIAN_POINT('Ctrl Pts',(-13.3207242387569,2.43341624398254,-41.6999714089914));
#2583=CARTESIAN_POINT('Ctrl Pts',(-13.3394120761942,2.46665049709381,-41.6565377029191));
#2584=CARTESIAN_POINT('Ctrl Pts',(-13.3633878966536,2.50928884347112,-41.6306507815137));
#2585=CARTESIAN_POINT('Ctrl Pts',(-13.4314346007059,2.63030238468191,-41.5693618376069));
#2586=CARTESIAN_POINT('Ctrl Pts',(-13.4864070557283,2.72806481923263,-41.542321814542));
#2587=CARTESIAN_POINT('Ctrl Pts',(-13.5420701520413,2.82705548297476,-41.5242423809198));
#2588=CARTESIAN_POINT('',(-13.3119492074606,2.41781082082215,-41.5));
#2589=CARTESIAN_POINT('',(-13.3119492074606,2.41781082082215,-60.5));
#2590=CARTESIAN_POINT('',(-11.511085104343,-0.784826917371583,-41.5));
#2591=CARTESIAN_POINT('',(-10.573517927263,-2.4521865022563,-41.5));
#2592=CARTESIAN_POINT('',(-11.511085104343,-0.784826917371583,-41.75));
#2593=CARTESIAN_POINT('',(-11.511085104343,-0.784826917371583,-60.5));
#2594=CARTESIAN_POINT('Ctrl Pts',(-11.2809641597622,-1.1940715795242,-41.5242423809198));
#2595=CARTESIAN_POINT('Ctrl Pts',(-11.3366272560753,-1.09508091578207,-41.542321814542));
#2596=CARTESIAN_POINT('Ctrl Pts',(-11.3915997110976,-0.997318481231344,
-41.5693618376069));
#2597=CARTESIAN_POINT('Ctrl Pts',(-11.45964641515,-0.876304940020547,-41.6306507815137));
#2598=CARTESIAN_POINT('Ctrl Pts',(-11.4836222356093,-0.833666593643236,
-41.6565377029191));
#2599=CARTESIAN_POINT('Ctrl Pts',(-11.5023100730466,-0.800432340531966,
-41.6999714089914));
#2600=CARTESIAN_POINT('Ctrl Pts',(-11.5061712474189,-0.793565668728682,
-41.7115559807981));
#2601=CARTESIAN_POINT('Ctrl Pts',(-11.5099794720373,-0.786793162209553,
-41.7306245760162));
#2602=CARTESIAN_POINT('Ctrl Pts',(-11.511085104343,-0.784826917371587,-41.7410836735634));
#2603=CARTESIAN_POINT('Ctrl Pts',(-11.511085104343,-0.784826917371587,-41.75));
#2604=CARTESIAN_POINT('Origin',(-9.01110599137763,8.02112706089569,-15.5));
#2605=CARTESIAN_POINT('',(-9.35449173462376,10.4974320161335,-41.5));
#2606=CARTESIAN_POINT('Ctrl Pts',(-8.98271585706162,10.520965855753,-41.5242423809198));
#2607=CARTESIAN_POINT('Ctrl Pts',(-9.09155601968518,10.5222019301919,-41.5069143703522));
#2608=CARTESIAN_POINT('Ctrl Pts',(-9.21665300350728,10.5165459201106,-41.5));
#2609=CARTESIAN_POINT('Ctrl Pts',(-9.35449173462376,10.4974320161335,-41.5));
#2610=CARTESIAN_POINT('',(-10.9485743325626,9.60106896707645,-41.5));
#2611=CARTESIAN_POINT('Origin',(-9.01110599137763,8.02112706089569,-41.5));
#2612=CARTESIAN_POINT('',(-11.1618348250055,9.29563303742212,-41.5242423807804));
#2613=CARTESIAN_POINT('Ctrl Pts',(-10.9485743325626,9.60106896707645,-41.5));
#2614=CARTESIAN_POINT('Ctrl Pts',(-10.9681760656375,9.57703154068976,-41.5));
#2615=CARTESIAN_POINT('Ctrl Pts',(-10.9871217131652,9.55288521866009,-41.5003348475991));
#2616=CARTESIAN_POINT('Ctrl Pts',(-11.0681983653355,9.44562972342361,-41.5036564541871));
#2617=CARTESIAN_POINT('Ctrl Pts',(-11.1195517717456,9.36698568973835,-41.5110386705463));
#2618=CARTESIAN_POINT('Ctrl Pts',(-11.1618348249942,9.29563303744121,-41.5242423809198));
#2619=CARTESIAN_POINT('',(-11.1618348254631,9.29563303665003,-15.5));
#2620=CARTESIAN_POINT('Origin',(-14.2495163845405,4.08517040570686,-15.5));
#2621=CARTESIAN_POINT('',(-11.4011906264912,8.89172012241508,-41.75));
#2622=CARTESIAN_POINT('Ctrl Pts',(-11.4011906264912,8.89172012241507,-41.75));
#2623=CARTESIAN_POINT('Ctrl Pts',(-11.4011906264912,8.89172012241507,-41.7410836735634));
#2624=CARTESIAN_POINT('Ctrl Pts',(-11.4000406246643,8.893660750498,-41.7306245760162));
#2625=CARTESIAN_POINT('Ctrl Pts',(-11.3960795742806,8.90034502302042,-41.7115559807981));
#2626=CARTESIAN_POINT('Ctrl Pts',(-11.3920634492457,8.9071222340169,-41.6999714089914));
#2627=CARTESIAN_POINT('Ctrl Pts',(-11.3726256604942,8.93992350253506,-41.6565377029191));
#2628=CARTESIAN_POINT('Ctrl Pts',(-11.3476876795857,8.98200634531806,-41.6306507815137));
#2629=CARTESIAN_POINT('Ctrl Pts',(-11.2769102307214,9.10144329027658,-41.5693618376069));
#2630=CARTESIAN_POINT('Ctrl Pts',(-11.2197317063758,9.19793205010971,-41.542321814542));
#2631=CARTESIAN_POINT('Ctrl Pts',(-11.1618348249942,9.29563303744121,-41.5242423809198));
#2632=CARTESIAN_POINT('',(-11.4011906264912,8.89172012241508,-41.5));
#2633=CARTESIAN_POINT('',(-11.4011906264912,8.89172012241508,-60.5));
#2634=CARTESIAN_POINT('',(-13.2743242153268,5.73080719125491,-41.5));
#2635=CARTESIAN_POINT('',(-10.4259984572775,10.5373569079631,-41.5));
#2636=CARTESIAN_POINT('',(-13.2743242153268,5.73080719125491,-41.75));
#2637=CARTESIAN_POINT('',(-13.2743242153268,5.73080719125491,-60.5));
#2638=CARTESIAN_POINT('Ctrl Pts',(-13.5136800168238,5.32689427622879,-41.5242423809198));
#2639=CARTESIAN_POINT('Ctrl Pts',(-13.4557831354422,5.42459526356028,-41.542321814542));
#2640=CARTESIAN_POINT('Ctrl Pts',(-13.3986046110966,5.52108402339341,-41.5693618376069));
#2641=CARTESIAN_POINT('Ctrl Pts',(-13.3278271622323,5.64052096835192,-41.6306507815137));
#2642=CARTESIAN_POINT('Ctrl Pts',(-13.3028891813239,5.68260381113493,-41.6565377029191));
#2643=CARTESIAN_POINT('Ctrl Pts',(-13.2834513925724,5.71540507965309,-41.6999714089914));
#2644=CARTESIAN_POINT('Ctrl Pts',(-13.2794352675374,5.72218229064956,-41.7115559807981));
#2645=CARTESIAN_POINT('Ctrl Pts',(-13.2754742171538,5.72886656317199,-41.7306245760162));
#2646=CARTESIAN_POINT('Ctrl Pts',(-13.2743242153268,5.73080719125491,-41.7410836735634));
#2647=CARTESIAN_POINT('Ctrl Pts',(-13.2743242153268,5.73080719125491,-41.75));
#2648=CARTESIAN_POINT('',(-12.9824025434456,6.22342501255459,-38.5));
#2649=CARTESIAN_POINT('Origin',(-12.337757420909,7.311263656835,-38.5));
#2650=CARTESIAN_POINT('Origin',(-1.49816404507449,17.7663340572102,-12.5));
#2651=CARTESIAN_POINT('',(-3.64889287915993,19.0408400329646,-12.5));
#2652=CARTESIAN_POINT('',(-3.64889287915993,19.0408400329646,-12.5));
#2653=CARTESIAN_POINT('',(-0.22365806932014,19.9170628912957,-12.5));
#2654=CARTESIAN_POINT('Origin',(-1.49816404507449,17.7663340572102,-12.5));
#2655=CARTESIAN_POINT('',(-0.22365806932014,19.9170628912957,-13.));
#2656=CARTESIAN_POINT('',(-0.223658069320139,19.9170628912957,-12.5));
#2657=CARTESIAN_POINT('Origin',(-1.49816404507449,17.7663340572102,-13.));
#2658=CARTESIAN_POINT('Origin',(2.80329362309636,15.2173221057015,-12.5));
#2659=CARTESIAN_POINT('',(4.07779959885071,17.368050939787,-13.));
#2660=CARTESIAN_POINT('',(4.07779959885071,17.368050939787,-12.5));
#2661=CARTESIAN_POINT('',(4.07779959885071,17.368050939787,-12.5));
#2662=CARTESIAN_POINT('',(4.95402245718179,13.9428161299472,-12.5));
#2663=CARTESIAN_POINT('Origin',(2.80329362309636,15.2173221057015,-12.5));
#2664=CARTESIAN_POINT('',(4.95402245718179,13.9428161299472,-12.5));
#2665=CARTESIAN_POINT('Origin',(2.80329362309636,15.2173221057015,-13.));
#2666=CARTESIAN_POINT('Origin',(-1.49816404507446,17.7663340572102,-13.));
#2667=CARTESIAN_POINT('',(-0.223658069320107,19.9170628912956,-13.));
#2668=CARTESIAN_POINT('Origin',(-8.20157566865447,11.3581878256926,-12.5));
#2669=CARTESIAN_POINT('',(-8.20157566865447,11.3581878256926,-12.5));
#2670=CARTESIAN_POINT('',(-8.20157566865447,11.3581878256926,-12.5));
#2671=CARTESIAN_POINT('',(-2.37438690340558,21.19156886705,-12.5));
#2672=CARTESIAN_POINT('Origin',(6.22852843293612,16.0935449640326,-12.5));
#2673=CARTESIAN_POINT('',(0.40133966768726,6.26016392267522,-12.5));
#2674=CARTESIAN_POINT('',(-11.7100990209993,-14.1778888644833,-12.5));
#2675=CARTESIAN_POINT('',(0.40133966768726,6.26016392267522,-12.5));
#2676=CARTESIAN_POINT('Origin',(-12.5863218793304,-10.7526540546435,-12.5));
#2677=CARTESIAN_POINT('',(-10.435593045245,-12.0271600303978,-12.5));
#2678=CARTESIAN_POINT('',(-10.435593045245,-12.0271600303978,-12.5));
#2679=CARTESIAN_POINT('',(-13.8608278550847,-12.9033828887289,-12.5));
#2680=CARTESIAN_POINT('Origin',(-12.5863218793304,-10.7526540546435,-12.5));
#2681=CARTESIAN_POINT('',(-13.8608278550847,-12.9033828887289,-13.));
#2682=CARTESIAN_POINT('',(-13.8608278550847,-12.9033828887289,-12.5));
#2683=CARTESIAN_POINT('Origin',(-12.5863218793304,-10.7526540546435,-13.));
#2684=CARTESIAN_POINT('Origin',(-16.8877795475013,-8.20364210313482,-12.5));
#2685=CARTESIAN_POINT('',(-18.1622855232556,-10.3543709372203,-13.));
#2686=CARTESIAN_POINT('',(-18.1622855232556,-10.3543709372203,-12.5));
#2687=CARTESIAN_POINT('',(-18.1622855232556,-10.3543709372203,-12.5));
#2688=CARTESIAN_POINT('',(-19.0385083815867,-6.92913612738048,-12.5));
#2689=CARTESIAN_POINT('Origin',(-16.8877795475013,-8.20364210313482,-12.5));
#2690=CARTESIAN_POINT('',(-19.0385083815867,-6.92913612738048,-12.5));
#2691=CARTESIAN_POINT('Origin',(-16.8877795475013,-8.20364210313482,-13.));
#2692=CARTESIAN_POINT('Origin',(-12.5863218793304,-10.7526540546435,-13.));
#2693=CARTESIAN_POINT('',(-13.8608278550847,-12.9033828887289,-13.));
#2694=CARTESIAN_POINT('Origin',(-20.313014357341,-9.07986496146592,-12.5));
#2695=CARTESIAN_POINT('',(-13.9013396676873,1.73983607732478,-12.5));
#2696=CARTESIAN_POINT('',(-2.37438690340558,21.19156886705,-12.5));
#2697=CARTESIAN_POINT('',(-13.9013396676873,1.73983607732478,-12.5));
#2698=CARTESIAN_POINT('Origin',(-6.75,4.,-41.75));
#2699=CARTESIAN_POINT('Origin',(-6.75,4.,-41.75));
#2700=CARTESIAN_POINT('Origin',(-6.75,4.,-41.5));
#2701=CARTESIAN_POINT('Origin',(-6.75,4.,-60.5));
#2702=CARTESIAN_POINT('',(-2.22044604925031E-15,4.,-41.75));
#2703=CARTESIAN_POINT('',(-2.22044604925031E-15,4.,-60.5));
#2704=CARTESIAN_POINT('Origin',(-6.75,4.,-41.75));
#2705=CARTESIAN_POINT('Origin',(-6.75,4.,-41.5));
#2706=CARTESIAN_POINT('Origin',(-6.75,4.,-41.5));
#2707=CARTESIAN_POINT('Origin',(-6.75,4.,-41.75));
#2708=CARTESIAN_POINT('Origin',(-6.75,4.,-41.5));
#2709=CARTESIAN_POINT('Origin',(-6.75,4.,-41.75));
#2710=CARTESIAN_POINT('Origin',(-6.75,4.,-41.5));
#2711=CARTESIAN_POINT('Origin',(-6.75,4.,-41.75));
#2712=CARTESIAN_POINT('Origin',(-6.75,4.,-41.5));
#2713=CARTESIAN_POINT('Origin',(-6.75,4.,-41.75));
#2714=CARTESIAN_POINT('Origin',(-6.75,4.,-41.5));
#2715=CARTESIAN_POINT('Origin',(-6.75,4.,-41.75));
#2716=CARTESIAN_POINT('Origin',(-6.75,4.,-41.75));
#2717=CARTESIAN_POINT('Origin',(-6.75,4.,-41.5));
#2718=CARTESIAN_POINT('Origin',(-6.75,4.,-41.75));
#2719=CARTESIAN_POINT('Origin',(-6.75,4.,-41.5));
#2720=CARTESIAN_POINT('Origin',(-6.75,4.,-41.75));
#2721=CARTESIAN_POINT('Origin',(-6.75,4.,-41.5));
#2722=CARTESIAN_POINT('Origin',(-6.75,4.,-41.75));
#2723=CARTESIAN_POINT('Origin',(-6.75,4.,-41.5));
#2724=CARTESIAN_POINT('Origin',(-6.75,4.,-41.75));
#2725=CARTESIAN_POINT('Origin',(-6.75,4.,-41.5));
#2726=CARTESIAN_POINT('Origin',(-6.75,4.,-41.5));
#2727=CARTESIAN_POINT('Origin',(-6.75,4.,-41.5));
#2728=CARTESIAN_POINT('Origin',(-6.75,4.,-41.5));
#2729=CARTESIAN_POINT('Origin',(-6.75,4.,-41.5));
#2730=CARTESIAN_POINT('Origin',(-6.75,4.,-41.5));
#2731=CARTESIAN_POINT('Origin',(-6.75,4.,-41.5));
#2732=CARTESIAN_POINT('Origin',(-6.75,4.,-41.5));
#2733=CARTESIAN_POINT('Origin',(-6.75,4.,-41.5));
#2734=CARTESIAN_POINT('Origin',(-6.75,4.,-41.5));
#2735=CARTESIAN_POINT('Origin',(-6.75,4.,-41.5));
#2736=CARTESIAN_POINT('Origin',(-6.75,4.,-41.5));
#2737=CARTESIAN_POINT('Origin',(-6.75,4.,-41.5));
#2738=CARTESIAN_POINT('',(-9.0279768700988,8.0511300537786,-41.5));
#2739=CARTESIAN_POINT('',(-11.3973699756563,4.05277918815037,-41.5));
#2740=CARTESIAN_POINT('',(-11.3973699756563,4.05277918815037,-41.5));
#2741=CARTESIAN_POINT('',(-9.11939310555748,0.00164913437177061,-41.5));
#2742=CARTESIAN_POINT('',(-9.11939310555748,0.00164913437177061,-41.5));
#2743=CARTESIAN_POINT('',(-4.4720231299012,-0.0511300537785986,-41.5));
#2744=CARTESIAN_POINT('',(-4.4720231299012,-0.051130053778599,-41.5));
#2745=CARTESIAN_POINT('',(-2.10263002434371,3.94722081184963,-41.5));
#2746=CARTESIAN_POINT('',(-2.10263002434371,3.94722081184963,-41.5));
#2747=CARTESIAN_POINT('',(-4.38060689444251,7.99835086562823,-41.5));
#2748=CARTESIAN_POINT('',(-4.38060689444251,7.99835086562823,-41.5));
#2749=CARTESIAN_POINT('',(-9.0279768700988,8.0511300537786,-41.5));
#2750=CARTESIAN_POINT('Origin',(-17.9760277807893,10.6524609071344,-38.5));
#2751=CARTESIAN_POINT('',(-10.8573185454141,4.96411597668408,-38.5));
#2752=CARTESIAN_POINT('Origin',(-10.2126734228775,6.05195462096449,-38.5));
#2753=CARTESIAN_POINT('',(-18.6206729033258,9.56462226285403,-38.5));
#2754=CARTESIAN_POINT('Origin',(-4.38060689444251,7.99835086562823,-15.5));
#2755=CARTESIAN_POINT('',(-9.0279768700988,8.0511300537786,-12.5));
#2756=CARTESIAN_POINT('',(-9.0279768700988,8.0511300537786,-15.5));
#2757=CARTESIAN_POINT('',(-4.38060689444251,7.99835086562823,-12.5));
#2758=CARTESIAN_POINT('',(-4.38060689444251,7.99835086562823,-15.5));
#2759=CARTESIAN_POINT('',(-5.68575203038663,8.01317312016238,-12.5));
#2760=CARTESIAN_POINT('Origin',(-2.10263002434371,3.94722081184963,-15.5));
#2761=CARTESIAN_POINT('',(-2.10263002434371,3.94722081184963,-12.5));
#2762=CARTESIAN_POINT('',(-2.10263002434371,3.94722081184963,-15.5));
#2763=CARTESIAN_POINT('',(-2.601882340389,4.83508586811857,-12.5));
#2764=CARTESIAN_POINT('Origin',(-4.47202312990119,-0.0511300537785991,-15.5));
#2765=CARTESIAN_POINT('',(-4.4720231299012,-0.051130053778599,-12.5));
#2766=CARTESIAN_POINT('',(-4.4720231299012,-0.051130053778599,-15.5));
#2767=CARTESIAN_POINT('',(-4.02579633461305,0.701877663270143,-12.5));
#2768=CARTESIAN_POINT('Origin',(-9.11939310555748,0.00164913437177061,-15.5));
#2769=CARTESIAN_POINT('',(-9.11939310555748,0.00164913437177061,-12.5));
#2770=CARTESIAN_POINT('',(-9.11939310555748,0.00164913437177061,-15.5));
#2771=CARTESIAN_POINT('',(-8.10085325367345,-0.00991820516926728,-12.5));
#2772=CARTESIAN_POINT('Origin',(-11.3973699756563,4.05277918815037,-15.5));
#2773=CARTESIAN_POINT('',(-11.3973699756563,4.05277918815037,-12.5));
#2774=CARTESIAN_POINT('',(-11.3973699756563,4.05277918815037,-15.5));
#2775=CARTESIAN_POINT('',(-10.7576338566522,2.91507921753002,-12.5));
#2776=CARTESIAN_POINT('Origin',(-9.0279768700988,8.0511300537786,-15.5));
#2777=CARTESIAN_POINT('',(-9.7664466275894,6.80496233801323,-12.5));
#2778=CARTESIAN_POINT('Origin',(-6.75,4.,-41.5));
#2779=CARTESIAN_POINT('Origin',(-13.1225298787717,-6.75364417042717,-13.85));
#2780=CARTESIAN_POINT('',(-11.4225298787717,-6.75364417042717,-12.5));
#2781=CARTESIAN_POINT('',(-11.4225298787717,-6.75364417042717,-13.85));
#2782=CARTESIAN_POINT('Origin',(-13.1225298787717,-6.75364417042717,-12.5));
#2783=CARTESIAN_POINT('Origin',(-0.377470121228312,14.7536441704272,-13.85));
#2784=CARTESIAN_POINT('',(1.32252987877169,14.7536441704272,-12.5));
#2785=CARTESIAN_POINT('',(1.32252987877169,14.7536441704272,-13.85));
#2786=CARTESIAN_POINT('Origin',(-0.377470121228312,14.7536441704272,-12.5));
#2787=CARTESIAN_POINT('Origin',(-2.37438690340558,21.19156886705,-12.5));
#2788=CARTESIAN_POINT('',(6.22852843293612,16.0935449640326,-12.5));
#2789=CARTESIAN_POINT('Origin',(-6.75,4.,-12.5));
#2790=CARTESIAN_POINT('Origin',(-6.75,4.,-12.5));
#2791=CARTESIAN_POINT('Origin',(-11.7100990209993,-14.1778888644833,-12.5));
#2792=CARTESIAN_POINT('',(-20.313014357341,-9.07986496146592,-12.5));
#2793=CARTESIAN_POINT('Origin',(-5.29842433134552,-3.35818782569256,-12.5));
#2794=CARTESIAN_POINT('',(-5.29842433134552,-3.35818782569257,-12.5));
#2795=CARTESIAN_POINT('',(-5.29842433134552,-3.35818782569257,-12.5));
#2796=CARTESIAN_POINT('',(-11.7100990209993,-14.1778888644833,-12.5));
#2797=CARTESIAN_POINT('Origin',(-6.75,4.,-12.5));
#2798=CARTESIAN_POINT('Origin',(-6.75,4.,-12.5));
#2799=CARTESIAN_POINT('Origin',(-7.04224296220247,3.50684000128338,-12.5));
#2800=UNCERTAINTY_MEASURE_WITH_UNIT(LENGTH_MEASURE(0.01),#2804,
'DISTANCE_ACCURACY_VALUE',
'Maximum model space distance between geometric entities at asserted c
onnectivities');
#2801=UNCERTAINTY_MEASURE_WITH_UNIT(LENGTH_MEASURE(0.01),#2804,
'DISTANCE_ACCURACY_VALUE',
'Maximum model space distance between geometric entities at asserted c
onnectivities');
#2802=(
GEOMETRIC_REPRESENTATION_CONTEXT(3)
GLOBAL_UNCERTAINTY_ASSIGNED_CONTEXT((#2800))
GLOBAL_UNIT_ASSIGNED_CONTEXT((#2804,#2806,#2807))
REPRESENTATION_CONTEXT('','3D')
);
#2803=(
GEOMETRIC_REPRESENTATION_CONTEXT(3)
GLOBAL_UNCERTAINTY_ASSIGNED_CONTEXT((#2801))
GLOBAL_UNIT_ASSIGNED_CONTEXT((#2804,#2806,#2807))
REPRESENTATION_CONTEXT('','3D')
);
#2804=(
LENGTH_UNIT()
NAMED_UNIT(*)
SI_UNIT(.MILLI.,.METRE.)
);
#2805=(
LENGTH_UNIT()
NAMED_UNIT(*)
SI_UNIT($,.METRE.)
);
#2806=(
NAMED_UNIT(*)
PLANE_ANGLE_UNIT()
SI_UNIT($,.RADIAN.)
);
#2807=(
NAMED_UNIT(*)
SI_UNIT($,.STERADIAN.)
SOLID_ANGLE_UNIT()
);
#2808=SHAPE_DEFINITION_REPRESENTATION(#2809,#2810);
#2809=PRODUCT_DEFINITION_SHAPE('',$,#2812);
#2810=SHAPE_REPRESENTATION('',(#1439),#2802);
#2811=PRODUCT_DEFINITION_CONTEXT('part definition',#2816,'design');
#2812=PRODUCT_DEFINITION('fraction_collector_toohead',
'fraction_collector_toohead v60',#2813,#2811);
#2813=PRODUCT_DEFINITION_FORMATION('',$,#2818);
#2814=PRODUCT_RELATED_PRODUCT_CATEGORY('fraction_collector_toohead v60',
'fraction_collector_toohead v60',(#2818));
#2815=APPLICATION_PROTOCOL_DEFINITION('international standard',
'automotive_design',2009,#2816);
#2816=APPLICATION_CONTEXT(
'Core Data for Automotive Mechanical Design Process');
#2817=PRODUCT_CONTEXT('part definition',#2816,'mechanical');
#2818=PRODUCT('fraction_collector_toohead',
'fraction_collector_toohead v60',$,(#2817));
#2819=PRESENTATION_STYLE_ASSIGNMENT((#2820));
#2820=SURFACE_STYLE_USAGE(.BOTH.,#2821);
#2821=SURFACE_SIDE_STYLE('',(#2822));
#2822=SURFACE_STYLE_FILL_AREA(#2823);
#2823=FILL_AREA_STYLE('Steel - Satin',(#2824));
#2824=FILL_AREA_STYLE_COLOUR('Steel - Satin',#2825);
#2825=COLOUR_RGB('Steel - Satin',0.627450980392157,0.627450980392157,0.627450980392157);
ENDSEC;
END-ISO-10303-21;
