ISO-10303-21;
HEADER;
/* Generated by software containing ST-Developer
 * from STEP Tools, Inc. (www.steptools.com) 
 */

FILE_DESCRIPTION(
/* description */ (''),
/* implementation_level */ '2;1');

FILE_NAME(
/* name */ 'mounting plate.step',
/* time_stamp */ '2026-06-14T22:26:27-04:00',
/* author */ (''),
/* organization */ (''),
/* preprocessor_version */ 'ST-DEVELOPER v20.1',
/* originating_system */ 'Autodesk Translation Framework v15.8.0.0',
/* authorisation */ '');

FILE_SCHEMA (('AUTOMOTIVE_DESIGN { 1 0 10303 214 3 1 1 }'));
ENDSEC;

DATA;
#10=MECHANICAL_DESIGN_GEOMETRIC_PRESENTATION_REPRESENTATION('',(#13),#2935);
#11=SHAPE_REPRESENTATION_RELATIONSHIP('SRR','None',#2942,#12);
#12=ADVANCED_BREP_SHAPE_REPRESENTATION('',(#14),#2934);
#13=STYLED_ITEM('',(#2951),#14);
#14=MANIFOLD_SOLID_BREP('Body1',#1701);
#15=CONICAL_SURFACE('',#1885,2.425,0.785398163397448);
#16=CONICAL_SURFACE('',#1888,2.425,0.785398163397448);
#17=CONICAL_SURFACE('',#1891,2.425,0.785398163397448);
#18=CONICAL_SURFACE('',#1894,2.425,0.785398163397448);
#19=FACE_BOUND('',#185,.T.);
#20=FACE_BOUND('',#189,.T.);
#21=FACE_BOUND('',#204,.T.);
#22=FACE_BOUND('',#206,.T.);
#23=FACE_BOUND('',#208,.T.);
#24=FACE_BOUND('',#211,.T.);
#25=FACE_BOUND('',#212,.T.);
#26=FACE_BOUND('',#214,.T.);
#27=FACE_BOUND('',#216,.T.);
#28=FACE_BOUND('',#218,.T.);
#29=FACE_BOUND('',#219,.T.);
#30=FACE_BOUND('',#222,.T.);
#31=FACE_BOUND('',#226,.T.);
#32=FACE_BOUND('',#233,.T.);
#33=FACE_BOUND('',#234,.T.);
#34=FACE_BOUND('',#235,.T.);
#35=FACE_BOUND('',#236,.T.);
#36=FACE_BOUND('',#245,.T.);
#37=FACE_BOUND('',#281,.T.);
#38=FACE_BOUND('',#285,.T.);
#39=TOROIDAL_SURFACE('',#1732,2.8,0.25);
#40=TOROIDAL_SURFACE('',#1740,2.8,0.25);
#41=TOROIDAL_SURFACE('',#1748,2.8,0.25);
#42=TOROIDAL_SURFACE('',#1755,2.8,0.25);
#43=TOROIDAL_SURFACE('',#1762,2.8,0.25);
#44=TOROIDAL_SURFACE('',#1804,2.825,0.25);
#45=TOROIDAL_SURFACE('',#1815,2.825,0.25);
#46=PLANE('',#1726);
#47=PLANE('',#1727);
#48=PLANE('',#1739);
#49=PLANE('',#1747);
#50=PLANE('',#1771);
#51=PLANE('',#1778);
#52=PLANE('',#1779);
#53=PLANE('',#1780);
#54=PLANE('',#1781);
#55=PLANE('',#1782);
#56=PLANE('',#1783);
#57=PLANE('',#1784);
#58=PLANE('',#1785);
#59=PLANE('',#1787);
#60=PLANE('',#1789);
#61=PLANE('',#1809);
#62=PLANE('',#1820);
#63=PLANE('',#1828);
#64=PLANE('',#1833);
#65=PLANE('',#1841);
#66=PLANE('',#1845);
#67=PLANE('',#1848);
#68=PLANE('',#1851);
#69=PLANE('',#1858);
#70=PLANE('',#1859);
#71=PLANE('',#1863);
#72=PLANE('',#1866);
#73=PLANE('',#1868);
#74=PLANE('',#1878);
#75=PLANE('',#1884);
#76=PLANE('',#1897);
#77=PLANE('',#1898);
#78=PLANE('',#1900);
#79=PLANE('',#1902);
#80=PLANE('',#1903);
#81=PLANE('',#1904);
#82=PLANE('',#1905);
#83=PLANE('',#1906);
#84=FACE_OUTER_BOUND('',#175,.T.);
#85=FACE_OUTER_BOUND('',#176,.T.);
#86=FACE_OUTER_BOUND('',#177,.T.);
#87=FACE_OUTER_BOUND('',#178,.T.);
#88=FACE_OUTER_BOUND('',#179,.T.);
#89=FACE_OUTER_BOUND('',#180,.T.);
#90=FACE_OUTER_BOUND('',#181,.T.);
#91=FACE_OUTER_BOUND('',#182,.T.);
#92=FACE_OUTER_BOUND('',#183,.T.);
#93=FACE_OUTER_BOUND('',#184,.T.);
#94=FACE_OUTER_BOUND('',#186,.T.);
#95=FACE_OUTER_BOUND('',#187,.T.);
#96=FACE_OUTER_BOUND('',#188,.T.);
#97=FACE_OUTER_BOUND('',#190,.T.);
#98=FACE_OUTER_BOUND('',#191,.T.);
#99=FACE_OUTER_BOUND('',#192,.T.);
#100=FACE_OUTER_BOUND('',#193,.T.);
#101=FACE_OUTER_BOUND('',#194,.T.);
#102=FACE_OUTER_BOUND('',#195,.T.);
#103=FACE_OUTER_BOUND('',#196,.T.);
#104=FACE_OUTER_BOUND('',#197,.T.);
#105=FACE_OUTER_BOUND('',#198,.T.);
#106=FACE_OUTER_BOUND('',#199,.T.);
#107=FACE_OUTER_BOUND('',#200,.T.);
#108=FACE_OUTER_BOUND('',#201,.T.);
#109=FACE_OUTER_BOUND('',#202,.T.);
#110=FACE_OUTER_BOUND('',#203,.T.);
#111=FACE_OUTER_BOUND('',#205,.T.);
#112=FACE_OUTER_BOUND('',#207,.T.);
#113=FACE_OUTER_BOUND('',#209,.T.);
#114=FACE_OUTER_BOUND('',#210,.T.);
#115=FACE_OUTER_BOUND('',#213,.T.);
#116=FACE_OUTER_BOUND('',#215,.T.);
#117=FACE_OUTER_BOUND('',#217,.T.);
#118=FACE_OUTER_BOUND('',#220,.T.);
#119=FACE_OUTER_BOUND('',#221,.T.);
#120=FACE_OUTER_BOUND('',#223,.T.);
#121=FACE_OUTER_BOUND('',#224,.T.);
#122=FACE_OUTER_BOUND('',#225,.T.);
#123=FACE_OUTER_BOUND('',#227,.T.);
#124=FACE_OUTER_BOUND('',#228,.T.);
#125=FACE_OUTER_BOUND('',#229,.T.);
#126=FACE_OUTER_BOUND('',#230,.T.);
#127=FACE_OUTER_BOUND('',#231,.T.);
#128=FACE_OUTER_BOUND('',#232,.T.);
#129=FACE_OUTER_BOUND('',#237,.T.);
#130=FACE_OUTER_BOUND('',#238,.T.);
#131=FACE_OUTER_BOUND('',#239,.T.);
#132=FACE_OUTER_BOUND('',#240,.T.);
#133=FACE_OUTER_BOUND('',#241,.T.);
#134=FACE_OUTER_BOUND('',#242,.T.);
#135=FACE_OUTER_BOUND('',#243,.T.);
#136=FACE_OUTER_BOUND('',#244,.T.);
#137=FACE_OUTER_BOUND('',#246,.T.);
#138=FACE_OUTER_BOUND('',#247,.T.);
#139=FACE_OUTER_BOUND('',#248,.T.);
#140=FACE_OUTER_BOUND('',#249,.T.);
#141=FACE_OUTER_BOUND('',#250,.T.);
#142=FACE_OUTER_BOUND('',#251,.T.);
#143=FACE_OUTER_BOUND('',#252,.T.);
#144=FACE_OUTER_BOUND('',#253,.T.);
#145=FACE_OUTER_BOUND('',#254,.T.);
#146=FACE_OUTER_BOUND('',#255,.T.);
#147=FACE_OUTER_BOUND('',#256,.T.);
#148=FACE_OUTER_BOUND('',#257,.T.);
#149=FACE_OUTER_BOUND('',#258,.T.);
#150=FACE_OUTER_BOUND('',#259,.T.);
#151=FACE_OUTER_BOUND('',#260,.T.);
#152=FACE_OUTER_BOUND('',#261,.T.);
#153=FACE_OUTER_BOUND('',#262,.T.);
#154=FACE_OUTER_BOUND('',#263,.T.);
#155=FACE_OUTER_BOUND('',#264,.T.);
#156=FACE_OUTER_BOUND('',#265,.T.);
#157=FACE_OUTER_BOUND('',#266,.T.);
#158=FACE_OUTER_BOUND('',#267,.T.);
#159=FACE_OUTER_BOUND('',#268,.T.);
#160=FACE_OUTER_BOUND('',#269,.T.);
#161=FACE_OUTER_BOUND('',#270,.T.);
#162=FACE_OUTER_BOUND('',#271,.T.);
#163=FACE_OUTER_BOUND('',#272,.T.);
#164=FACE_OUTER_BOUND('',#273,.T.);
#165=FACE_OUTER_BOUND('',#274,.T.);
#166=FACE_OUTER_BOUND('',#275,.T.);
#167=FACE_OUTER_BOUND('',#276,.T.);
#168=FACE_OUTER_BOUND('',#277,.T.);
#169=FACE_OUTER_BOUND('',#278,.T.);
#170=FACE_OUTER_BOUND('',#279,.T.);
#171=FACE_OUTER_BOUND('',#280,.T.);
#172=FACE_OUTER_BOUND('',#282,.T.);
#173=FACE_OUTER_BOUND('',#283,.T.);
#174=FACE_OUTER_BOUND('',#284,.T.);
#175=EDGE_LOOP('',(#1078,#1079,#1080,#1081));
#176=EDGE_LOOP('',(#1082,#1083,#1084,#1085));
#177=EDGE_LOOP('',(#1086,#1087,#1088,#1089));
#178=EDGE_LOOP('',(#1090,#1091,#1092,#1093));
#179=EDGE_LOOP('',(#1094,#1095,#1096,#1097));
#180=EDGE_LOOP('',(#1098,#1099,#1100,#1101,#1102));
#181=EDGE_LOOP('',(#1103,#1104,#1105,#1106,#1107,#1108,#1109,#1110,#1111,
#1112,#1113,#1114,#1115,#1116,#1117,#1118));
#182=EDGE_LOOP('',(#1119,#1120,#1121,#1122,#1123));
#183=EDGE_LOOP('',(#1124,#1125,#1126,#1127,#1128));
#184=EDGE_LOOP('',(#1129,#1130,#1131,#1132));
#185=EDGE_LOOP('',(#1133));
#186=EDGE_LOOP('',(#1134,#1135,#1136,#1137,#1138));
#187=EDGE_LOOP('',(#1139,#1140,#1141,#1142,#1143));
#188=EDGE_LOOP('',(#1144,#1145,#1146,#1147));
#189=EDGE_LOOP('',(#1148));
#190=EDGE_LOOP('',(#1149,#1150,#1151,#1152,#1153));
#191=EDGE_LOOP('',(#1154,#1155,#1156,#1157,#1158));
#192=EDGE_LOOP('',(#1159,#1160,#1161,#1162,#1163));
#193=EDGE_LOOP('',(#1164,#1165,#1166,#1167,#1168));
#194=EDGE_LOOP('',(#1169,#1170,#1171,#1172,#1173));
#195=EDGE_LOOP('',(#1174,#1175,#1176,#1177,#1178));
#196=EDGE_LOOP('',(#1179,#1180,#1181,#1182));
#197=EDGE_LOOP('',(#1183,#1184,#1185,#1186,#1187,#1188,#1189,#1190));
#198=EDGE_LOOP('',(#1191,#1192,#1193,#1194));
#199=EDGE_LOOP('',(#1195,#1196,#1197,#1198));
#200=EDGE_LOOP('',(#1199,#1200,#1201,#1202));
#201=EDGE_LOOP('',(#1203,#1204,#1205,#1206,#1207));
#202=EDGE_LOOP('',(#1208,#1209,#1210,#1211));
#203=EDGE_LOOP('',(#1212,#1213,#1214,#1215));
#204=EDGE_LOOP('',(#1216));
#205=EDGE_LOOP('',(#1217,#1218,#1219,#1220));
#206=EDGE_LOOP('',(#1221));
#207=EDGE_LOOP('',(#1222,#1223,#1224,#1225));
#208=EDGE_LOOP('',(#1226));
#209=EDGE_LOOP('',(#1227,#1228,#1229,#1230));
#210=EDGE_LOOP('',(#1231,#1232,#1233,#1234,#1235,#1236,#1237,#1238));
#211=EDGE_LOOP('',(#1239));
#212=EDGE_LOOP('',(#1240));
#213=EDGE_LOOP('',(#1241));
#214=EDGE_LOOP('',(#1242));
#215=EDGE_LOOP('',(#1243));
#216=EDGE_LOOP('',(#1244));
#217=EDGE_LOOP('',(#1245,#1246,#1247,#1248,#1249,#1250,#1251,#1252,#1253,
#1254,#1255,#1256,#1257,#1258,#1259,#1260,#1261,#1262,#1263,#1264,#1265,
#1266,#1267,#1268,#1269,#1270,#1271,#1272,#1273,#1274));
#218=EDGE_LOOP('',(#1275));
#219=EDGE_LOOP('',(#1276));
#220=EDGE_LOOP('',(#1277,#1278,#1279,#1280,#1281));
#221=EDGE_LOOP('',(#1282,#1283,#1284,#1285,#1286,#1287,#1288));
#222=EDGE_LOOP('',(#1289));
#223=EDGE_LOOP('',(#1290,#1291,#1292,#1293,#1294));
#224=EDGE_LOOP('',(#1295,#1296,#1297,#1298,#1299));
#225=EDGE_LOOP('',(#1300,#1301,#1302,#1303,#1304,#1305,#1306));
#226=EDGE_LOOP('',(#1307));
#227=EDGE_LOOP('',(#1308,#1309,#1310,#1311,#1312));
#228=EDGE_LOOP('',(#1313,#1314,#1315,#1316));
#229=EDGE_LOOP('',(#1317,#1318,#1319,#1320));
#230=EDGE_LOOP('',(#1321,#1322,#1323,#1324));
#231=EDGE_LOOP('',(#1325,#1326,#1327,#1328));
#232=EDGE_LOOP('',(#1329,#1330,#1331,#1332,#1333,#1334,#1335,#1336,#1337,
#1338,#1339,#1340,#1341,#1342,#1343,#1344,#1345,#1346,#1347,#1348,#1349,
#1350));
#233=EDGE_LOOP('',(#1351));
#234=EDGE_LOOP('',(#1352));
#235=EDGE_LOOP('',(#1353));
#236=EDGE_LOOP('',(#1354));
#237=EDGE_LOOP('',(#1355,#1356,#1357,#1358));
#238=EDGE_LOOP('',(#1359,#1360,#1361,#1362));
#239=EDGE_LOOP('',(#1363,#1364,#1365,#1366));
#240=EDGE_LOOP('',(#1367,#1368,#1369,#1370));
#241=EDGE_LOOP('',(#1371,#1372,#1373,#1374));
#242=EDGE_LOOP('',(#1375,#1376,#1377,#1378));
#243=EDGE_LOOP('',(#1379,#1380,#1381,#1382));
#244=EDGE_LOOP('',(#1383,#1384,#1385,#1386,#1387,#1388,#1389,#1390,#1391));
#245=EDGE_LOOP('',(#1392));
#246=EDGE_LOOP('',(#1393,#1394,#1395,#1396));
#247=EDGE_LOOP('',(#1397,#1398,#1399,#1400,#1401));
#248=EDGE_LOOP('',(#1402,#1403,#1404,#1405));
#249=EDGE_LOOP('',(#1406,#1407,#1408,#1409,#1410,#1411,#1412));
#250=EDGE_LOOP('',(#1413,#1414,#1415,#1416,#1417));
#251=EDGE_LOOP('',(#1418,#1419,#1420,#1421));
#252=EDGE_LOOP('',(#1422,#1423,#1424,#1425));
#253=EDGE_LOOP('',(#1426,#1427,#1428,#1429,#1430,#1431,#1432));
#254=EDGE_LOOP('',(#1433,#1434,#1435,#1436));
#255=EDGE_LOOP('',(#1437,#1438,#1439,#1440,#1441,#1442));
#256=EDGE_LOOP('',(#1443,#1444,#1445,#1446));
#257=EDGE_LOOP('',(#1447,#1448,#1449,#1450));
#258=EDGE_LOOP('',(#1451,#1452,#1453,#1454));
#259=EDGE_LOOP('',(#1455,#1456,#1457,#1458));
#260=EDGE_LOOP('',(#1459,#1460,#1461,#1462));
#261=EDGE_LOOP('',(#1463,#1464,#1465,#1466));
#262=EDGE_LOOP('',(#1467,#1468,#1469,#1470));
#263=EDGE_LOOP('',(#1471,#1472,#1473,#1474));
#264=EDGE_LOOP('',(#1475,#1476,#1477,#1478));
#265=EDGE_LOOP('',(#1479,#1480,#1481,#1482));
#266=EDGE_LOOP('',(#1483,#1484,#1485,#1486));
#267=EDGE_LOOP('',(#1487,#1488,#1489,#1490));
#268=EDGE_LOOP('',(#1491,#1492,#1493,#1494));
#269=EDGE_LOOP('',(#1495,#1496,#1497,#1498));
#270=EDGE_LOOP('',(#1499,#1500,#1501,#1502));
#271=EDGE_LOOP('',(#1503,#1504,#1505,#1506));
#272=EDGE_LOOP('',(#1507,#1508,#1509,#1510));
#273=EDGE_LOOP('',(#1511,#1512,#1513,#1514));
#274=EDGE_LOOP('',(#1515,#1516,#1517,#1518));
#275=EDGE_LOOP('',(#1519,#1520,#1521,#1522));
#276=EDGE_LOOP('',(#1523,#1524,#1525,#1526));
#277=EDGE_LOOP('',(#1527,#1528,#1529,#1530));
#278=EDGE_LOOP('',(#1531,#1532,#1533,#1534));
#279=EDGE_LOOP('',(#1535,#1536,#1537,#1538));
#280=EDGE_LOOP('',(#1539,#1540,#1541,#1542,#1543,#1544,#1545,#1546,#1547));
#281=EDGE_LOOP('',(#1548));
#282=EDGE_LOOP('',(#1549,#1550,#1551,#1552));
#283=EDGE_LOOP('',(#1553,#1554,#1555,#1556,#1557,#1558));
#284=EDGE_LOOP('',(#1559,#1560,#1561,#1562,#1563,#1564,#1565,#1566));
#285=EDGE_LOOP('',(#1567));
#286=ELLIPSE('',#1717,0.353553390593276,0.25);
#287=ELLIPSE('',#1719,0.353553390593271,0.25);
#288=ELLIPSE('',#1721,0.353553390593274,0.25);
#289=ELLIPSE('',#1723,0.353553390593275,0.25);
#290=ELLIPSE('',#1874,3.53553390593273,2.5);
#291=ELLIPSE('',#1876,3.53553390593274,2.5);
#292=ELLIPSE('',#1880,3.53553390593273,2.5);
#293=ELLIPSE('',#1882,3.53553390593273,2.5);
#294=CIRCLE('',#1716,0.25);
#295=CIRCLE('',#1725,0.25);
#296=CIRCLE('',#1728,2.5);
#297=CIRCLE('',#1729,2.5);
#298=CIRCLE('',#1730,2.5);
#299=CIRCLE('',#1731,2.5);
#300=CIRCLE('',#1733,2.8);
#301=CIRCLE('',#1734,0.25);
#302=CIRCLE('',#1735,2.55);
#303=CIRCLE('',#1736,2.55);
#304=CIRCLE('',#1738,2.55);
#305=CIRCLE('',#1741,2.8);
#306=CIRCLE('',#1742,0.25);
#307=CIRCLE('',#1743,2.55);
#308=CIRCLE('',#1744,2.55);
#309=CIRCLE('',#1746,2.55);
#310=CIRCLE('',#1749,2.8);
#311=CIRCLE('',#1750,0.25);
#312=CIRCLE('',#1751,2.55);
#313=CIRCLE('',#1752,2.55);
#314=CIRCLE('',#1754,2.55);
#315=CIRCLE('',#1756,2.8);
#316=CIRCLE('',#1757,0.25);
#317=CIRCLE('',#1758,2.55);
#318=CIRCLE('',#1759,2.55);
#319=CIRCLE('',#1761,2.55);
#320=CIRCLE('',#1763,2.8);
#321=CIRCLE('',#1764,0.25);
#322=CIRCLE('',#1765,2.55);
#323=CIRCLE('',#1766,2.55);
#324=CIRCLE('',#1768,2.55);
#325=CIRCLE('',#1770,2.5);
#326=CIRCLE('',#1773,2.5);
#327=CIRCLE('',#1775,2.5);
#328=CIRCLE('',#1777,2.5);
#329=CIRCLE('',#1786,1.7);
#330=CIRCLE('',#1788,1.7);
#331=CIRCLE('',#1790,2.5);
#332=CIRCLE('',#1791,2.5);
#333=CIRCLE('',#1792,2.5);
#334=CIRCLE('',#1793,2.5);
#335=CIRCLE('',#1794,2.5);
#336=CIRCLE('',#1795,5.);
#337=CIRCLE('',#1796,5.);
#338=CIRCLE('',#1797,2.5);
#339=CIRCLE('',#1798,2.5);
#340=CIRCLE('',#1799,2.5);
#341=CIRCLE('',#1800,2.5);
#342=CIRCLE('',#1801,2.5);
#343=CIRCLE('',#1802,1.7);
#344=CIRCLE('',#1803,1.7);
#345=CIRCLE('',#1805,2.825);
#346=CIRCLE('',#1806,0.25);
#347=CIRCLE('',#1807,2.575);
#348=CIRCLE('',#1808,2.575);
#349=CIRCLE('',#1810,2.5);
#350=CIRCLE('',#1811,2.5);
#351=CIRCLE('',#1812,2.5);
#352=CIRCLE('',#1814,2.575);
#353=CIRCLE('',#1816,2.825);
#354=CIRCLE('',#1817,0.25);
#355=CIRCLE('',#1818,2.575);
#356=CIRCLE('',#1819,2.575);
#357=CIRCLE('',#1821,2.5);
#358=CIRCLE('',#1822,2.5);
#359=CIRCLE('',#1823,2.5);
#360=CIRCLE('',#1825,2.575);
#361=CIRCLE('',#1827,2.5);
#362=CIRCLE('',#1830,2.5);
#363=CIRCLE('',#1832,2.5);
#364=CIRCLE('',#1834,2.5);
#365=CIRCLE('',#1835,5.);
#366=CIRCLE('',#1836,5.);
#367=CIRCLE('',#1837,3.15);
#368=CIRCLE('',#1838,3.15);
#369=CIRCLE('',#1839,3.15);
#370=CIRCLE('',#1840,3.15);
#371=CIRCLE('',#1844,2.5);
#372=CIRCLE('',#1847,2.5);
#373=CIRCLE('',#1850,2.5);
#374=CIRCLE('',#1852,2.5);
#375=CIRCLE('',#1853,2.5);
#376=CIRCLE('',#1855,2.5);
#377=CIRCLE('',#1857,2.5);
#378=CIRCLE('',#1860,2.5);
#379=CIRCLE('',#1862,2.5);
#380=CIRCLE('',#1865,2.5);
#381=CIRCLE('',#1871,2.5);
#382=CIRCLE('',#1873,2.5);
#383=CIRCLE('',#1886,1.7);
#384=CIRCLE('',#1889,1.7);
#385=CIRCLE('',#1892,1.7);
#386=CIRCLE('',#1895,1.7);
#387=LINE('',#2441,#531);
#388=LINE('',#2445,#532);
#389=LINE('',#2449,#533);
#390=LINE('',#2452,#534);
#391=LINE('',#2455,#535);
#392=LINE('',#2458,#536);
#393=LINE('',#2461,#537);
#394=LINE('',#2464,#538);
#395=LINE('',#2467,#539);
#396=LINE('',#2470,#540);
#397=LINE('',#2473,#541);
#398=LINE('',#2475,#542);
#399=LINE('',#2477,#543);
#400=LINE('',#2478,#544);
#401=LINE('',#2481,#545);
#402=LINE('',#2483,#546);
#403=LINE('',#2487,#547);
#404=LINE('',#2491,#548);
#405=LINE('',#2495,#549);
#406=LINE('',#2498,#550);
#407=LINE('',#2510,#551);
#408=LINE('',#2513,#552);
#409=LINE('',#2515,#553);
#410=LINE('',#2516,#554);
#411=LINE('',#2527,#555);
#412=LINE('',#2531,#556);
#413=LINE('',#2533,#557);
#414=LINE('',#2534,#558);
#415=LINE('',#2545,#559);
#416=LINE('',#2557,#560);
#417=LINE('',#2569,#561);
#418=LINE('',#2574,#562);
#419=LINE('',#2577,#563);
#420=LINE('',#2578,#564);
#421=LINE('',#2580,#565);
#422=LINE('',#2581,#566);
#423=LINE('',#2587,#567);
#424=LINE('',#2590,#568);
#425=LINE('',#2594,#569);
#426=LINE('',#2595,#570);
#427=LINE('',#2598,#571);
#428=LINE('',#2599,#572);
#429=LINE('',#2602,#573);
#430=LINE('',#2603,#574);
#431=LINE('',#2606,#575);
#432=LINE('',#2607,#576);
#433=LINE('',#2610,#577);
#434=LINE('',#2611,#578);
#435=LINE('',#2613,#579);
#436=LINE('',#2623,#580);
#437=LINE('',#2627,#581);
#438=LINE('',#2631,#582);
#439=LINE('',#2637,#583);
#440=LINE('',#2641,#584);
#441=LINE('',#2645,#585);
#442=LINE('',#2649,#586);
#443=LINE('',#2653,#587);
#444=LINE('',#2659,#588);
#445=LINE('',#2663,#589);
#446=LINE('',#2666,#590);
#447=LINE('',#2684,#591);
#448=LINE('',#2690,#592);
#449=LINE('',#2692,#593);
#450=LINE('',#2693,#594);
#451=LINE('',#2697,#595);
#452=LINE('',#2711,#596);
#453=LINE('',#2713,#597);
#454=LINE('',#2715,#598);
#455=LINE('',#2720,#599);
#456=LINE('',#2723,#600);
#457=LINE('',#2727,#601);
#458=LINE('',#2730,#602);
#459=LINE('',#2733,#603);
#460=LINE('',#2734,#604);
#461=LINE('',#2738,#605);
#462=LINE('',#2741,#606);
#463=LINE('',#2744,#607);
#464=LINE('',#2746,#608);
#465=LINE('',#2748,#609);
#466=LINE('',#2752,#610);
#467=LINE('',#2754,#611);
#468=LINE('',#2756,#612);
#469=LINE('',#2758,#613);
#470=LINE('',#2760,#614);
#471=LINE('',#2762,#615);
#472=LINE('',#2766,#616);
#473=LINE('',#2770,#617);
#474=LINE('',#2772,#618);
#475=LINE('',#2774,#619);
#476=LINE('',#2776,#620);
#477=LINE('',#2778,#621);
#478=LINE('',#2779,#622);
#479=LINE('',#2789,#623);
#480=LINE('',#2791,#624);
#481=LINE('',#2796,#625);
#482=LINE('',#2797,#626);
#483=LINE('',#2800,#627);
#484=LINE('',#2801,#628);
#485=LINE('',#2804,#629);
#486=LINE('',#2807,#630);
#487=LINE('',#2810,#631);
#488=LINE('',#2811,#632);
#489=LINE('',#2815,#633);
#490=LINE('',#2820,#634);
#491=LINE('',#2821,#635);
#492=LINE('',#2824,#636);
#493=LINE('',#2827,#637);
#494=LINE('',#2830,#638);
#495=LINE('',#2834,#639);
#496=LINE('',#2835,#640);
#497=LINE('',#2838,#641);
#498=LINE('',#2839,#642);
#499=LINE('',#2842,#643);
#500=LINE('',#2844,#644);
#501=LINE('',#2846,#645);
#502=LINE('',#2848,#646);
#503=LINE('',#2852,#647);
#504=LINE('',#2854,#648);
#505=LINE('',#2857,#649);
#506=LINE('',#2858,#650);
#507=LINE('',#2862,#651);
#508=LINE('',#2865,#652);
#509=LINE('',#2866,#653);
#510=LINE('',#2867,#654);
#511=LINE('',#2869,#655);
#512=LINE('',#2871,#656);
#513=LINE('',#2872,#657);
#514=LINE('',#2882,#658);
#515=LINE('',#2885,#659);
#516=LINE('',#2890,#660);
#517=LINE('',#2894,#661);
#518=LINE('',#2897,#662);
#519=LINE('',#2900,#663);
#520=LINE('',#2903,#664);
#521=LINE('',#2906,#665);
#522=LINE('',#2909,#666);
#523=LINE('',#2912,#667);
#524=LINE('',#2915,#668);
#525=LINE('',#2917,#669);
#526=LINE('',#2919,#670);
#527=LINE('',#2921,#671);
#528=LINE('',#2922,#672);
#529=LINE('',#2924,#673);
#530=LINE('',#2928,#674);
#531=VECTOR('',#1911,10.);
#532=VECTOR('',#1914,10.);
#533=VECTOR('',#1919,10.);
#534=VECTOR('',#1922,10.);
#535=VECTOR('',#1925,10.);
#536=VECTOR('',#1928,10.);
#537=VECTOR('',#1931,10.);
#538=VECTOR('',#1934,10.);
#539=VECTOR('',#1937,10.);
#540=VECTOR('',#1940,10.);
#541=VECTOR('',#1943,10.);
#542=VECTOR('',#1944,10.);
#543=VECTOR('',#1945,10.);
#544=VECTOR('',#1946,10.);
#545=VECTOR('',#1949,10.);
#546=VECTOR('',#1950,10.);
#547=VECTOR('',#1953,10.);
#548=VECTOR('',#1956,10.);
#549=VECTOR('',#1959,10.);
#550=VECTOR('',#1962,10.);
#551=VECTOR('',#1977,2.55);
#552=VECTOR('',#1980,10.);
#553=VECTOR('',#1981,10.);
#554=VECTOR('',#1982,10.);
#555=VECTOR('',#1995,2.55);
#556=VECTOR('',#2000,10.);
#557=VECTOR('',#2001,10.);
#558=VECTOR('',#2002,10.);
#559=VECTOR('',#2015,2.55);
#560=VECTOR('',#2030,2.55);
#561=VECTOR('',#2045,2.55);
#562=VECTOR('',#2052,10.);
#563=VECTOR('',#2055,10.);
#564=VECTOR('',#2056,10.);
#565=VECTOR('',#2057,10.);
#566=VECTOR('',#2058,10.);
#567=VECTOR('',#2067,10.);
#568=VECTOR('',#2070,10.);
#569=VECTOR('',#2075,10.);
#570=VECTOR('',#2076,10.);
#571=VECTOR('',#2079,10.);
#572=VECTOR('',#2080,10.);
#573=VECTOR('',#2083,10.);
#574=VECTOR('',#2084,10.);
#575=VECTOR('',#2087,10.);
#576=VECTOR('',#2088,10.);
#577=VECTOR('',#2091,10.);
#578=VECTOR('',#2092,10.);
#579=VECTOR('',#2095,10.);
#580=VECTOR('',#2108,10.);
#581=VECTOR('',#2111,10.);
#582=VECTOR('',#2114,10.);
#583=VECTOR('',#2119,10.);
#584=VECTOR('',#2122,10.);
#585=VECTOR('',#2125,10.);
#586=VECTOR('',#2128,10.);
#587=VECTOR('',#2131,10.);
#588=VECTOR('',#2136,10.);
#589=VECTOR('',#2139,10.);
#590=VECTOR('',#2142,10.);
#591=VECTOR('',#2161,10.);
#592=VECTOR('',#2166,10.);
#593=VECTOR('',#2167,10.);
#594=VECTOR('',#2168,10.);
#595=VECTOR('',#2173,2.575);
#596=VECTOR('',#2188,10.);
#597=VECTOR('',#2189,10.);
#598=VECTOR('',#2190,10.);
#599=VECTOR('',#2195,10.);
#600=VECTOR('',#2198,2.575);
#601=VECTOR('',#2203,10.);
#602=VECTOR('',#2206,10.);
#603=VECTOR('',#2209,10.);
#604=VECTOR('',#2210,10.);
#605=VECTOR('',#2215,10.);
#606=VECTOR('',#2218,10.);
#607=VECTOR('',#2221,10.);
#608=VECTOR('',#2224,10.);
#609=VECTOR('',#2225,10.);
#610=VECTOR('',#2228,10.);
#611=VECTOR('',#2229,10.);
#612=VECTOR('',#2230,10.);
#613=VECTOR('',#2231,10.);
#614=VECTOR('',#2232,10.);
#615=VECTOR('',#2233,10.);
#616=VECTOR('',#2236,10.);
#617=VECTOR('',#2239,10.);
#618=VECTOR('',#2240,10.);
#619=VECTOR('',#2241,10.);
#620=VECTOR('',#2242,10.);
#621=VECTOR('',#2243,10.);
#622=VECTOR('',#2244,10.);
#623=VECTOR('',#2255,10.);
#624=VECTOR('',#2258,10.);
#625=VECTOR('',#2263,10.);
#626=VECTOR('',#2264,10.);
#627=VECTOR('',#2267,10.);
#628=VECTOR('',#2268,10.);
#629=VECTOR('',#2271,10.);
#630=VECTOR('',#2274,10.);
#631=VECTOR('',#2277,10.);
#632=VECTOR('',#2278,10.);
#633=VECTOR('',#2283,10.);
#634=VECTOR('',#2288,10.);
#635=VECTOR('',#2289,10.);
#636=VECTOR('',#2292,10.);
#637=VECTOR('',#2295,10.);
#638=VECTOR('',#2298,10.);
#639=VECTOR('',#2303,10.);
#640=VECTOR('',#2304,10.);
#641=VECTOR('',#2307,10.);
#642=VECTOR('',#2308,10.);
#643=VECTOR('',#2311,10.);
#644=VECTOR('',#2312,10.);
#645=VECTOR('',#2313,10.);
#646=VECTOR('',#2314,10.);
#647=VECTOR('',#2319,10.);
#648=VECTOR('',#2322,10.);
#649=VECTOR('',#2325,10.);
#650=VECTOR('',#2326,10.);
#651=VECTOR('',#2331,10.);
#652=VECTOR('',#2334,10.);
#653=VECTOR('',#2335,10.);
#654=VECTOR('',#2336,10.);
#655=VECTOR('',#2339,10.);
#656=VECTOR('',#2342,10.);
#657=VECTOR('',#2343,10.);
#658=VECTOR('',#2362,10.);
#659=VECTOR('',#2367,10.);
#660=VECTOR('',#2376,10.);
#661=VECTOR('',#2381,2.425);
#662=VECTOR('',#2386,1.7);
#663=VECTOR('',#2389,2.425);
#664=VECTOR('',#2394,1.7);
#665=VECTOR('',#2397,2.425);
#666=VECTOR('',#2402,1.7);
#667=VECTOR('',#2405,2.425);
#668=VECTOR('',#2410,1.7);
#669=VECTOR('',#2413,10.);
#670=VECTOR('',#2416,10.);
#671=VECTOR('',#2419,10.);
#672=VECTOR('',#2420,10.);
#673=VECTOR('',#2423,10.);
#674=VECTOR('',#2430,10.);
#675=VERTEX_POINT('',#2439);
#676=VERTEX_POINT('',#2440);
#677=VERTEX_POINT('',#2442);
#678=VERTEX_POINT('',#2444);
#679=VERTEX_POINT('',#2448);
#680=VERTEX_POINT('',#2450);
#681=VERTEX_POINT('',#2454);
#682=VERTEX_POINT('',#2456);
#683=VERTEX_POINT('',#2460);
#684=VERTEX_POINT('',#2462);
#685=VERTEX_POINT('',#2466);
#686=VERTEX_POINT('',#2468);
#687=VERTEX_POINT('',#2472);
#688=VERTEX_POINT('',#2474);
#689=VERTEX_POINT('',#2476);
#690=VERTEX_POINT('',#2480);
#691=VERTEX_POINT('',#2482);
#692=VERTEX_POINT('',#2484);
#693=VERTEX_POINT('',#2486);
#694=VERTEX_POINT('',#2488);
#695=VERTEX_POINT('',#2490);
#696=VERTEX_POINT('',#2492);
#697=VERTEX_POINT('',#2494);
#698=VERTEX_POINT('',#2496);
#699=VERTEX_POINT('',#2500);
#700=VERTEX_POINT('',#2502);
#701=VERTEX_POINT('',#2504);
#702=VERTEX_POINT('',#2508);
#703=VERTEX_POINT('',#2512);
#704=VERTEX_POINT('',#2514);
#705=VERTEX_POINT('',#2518);
#706=VERTEX_POINT('',#2520);
#707=VERTEX_POINT('',#2522);
#708=VERTEX_POINT('',#2526);
#709=VERTEX_POINT('',#2530);
#710=VERTEX_POINT('',#2532);
#711=VERTEX_POINT('',#2536);
#712=VERTEX_POINT('',#2538);
#713=VERTEX_POINT('',#2540);
#714=VERTEX_POINT('',#2544);
#715=VERTEX_POINT('',#2548);
#716=VERTEX_POINT('',#2550);
#717=VERTEX_POINT('',#2552);
#718=VERTEX_POINT('',#2556);
#719=VERTEX_POINT('',#2560);
#720=VERTEX_POINT('',#2562);
#721=VERTEX_POINT('',#2564);
#722=VERTEX_POINT('',#2568);
#723=VERTEX_POINT('',#2572);
#724=VERTEX_POINT('',#2576);
#725=VERTEX_POINT('',#2579);
#726=VERTEX_POINT('',#2585);
#727=VERTEX_POINT('',#2589);
#728=VERTEX_POINT('',#2593);
#729=VERTEX_POINT('',#2597);
#730=VERTEX_POINT('',#2601);
#731=VERTEX_POINT('',#2605);
#732=VERTEX_POINT('',#2609);
#733=VERTEX_POINT('',#2616);
#734=VERTEX_POINT('',#2619);
#735=VERTEX_POINT('',#2622);
#736=VERTEX_POINT('',#2624);
#737=VERTEX_POINT('',#2626);
#738=VERTEX_POINT('',#2628);
#739=VERTEX_POINT('',#2630);
#740=VERTEX_POINT('',#2632);
#741=VERTEX_POINT('',#2634);
#742=VERTEX_POINT('',#2636);
#743=VERTEX_POINT('',#2638);
#744=VERTEX_POINT('',#2640);
#745=VERTEX_POINT('',#2642);
#746=VERTEX_POINT('',#2644);
#747=VERTEX_POINT('',#2646);
#748=VERTEX_POINT('',#2648);
#749=VERTEX_POINT('',#2650);
#750=VERTEX_POINT('',#2652);
#751=VERTEX_POINT('',#2654);
#752=VERTEX_POINT('',#2656);
#753=VERTEX_POINT('',#2658);
#754=VERTEX_POINT('',#2660);
#755=VERTEX_POINT('',#2662);
#756=VERTEX_POINT('',#2664);
#757=VERTEX_POINT('',#2667);
#758=VERTEX_POINT('',#2669);
#759=VERTEX_POINT('',#2672);
#760=VERTEX_POINT('',#2674);
#761=VERTEX_POINT('',#2676);
#762=VERTEX_POINT('',#2680);
#763=VERTEX_POINT('',#2681);
#764=VERTEX_POINT('',#2683);
#765=VERTEX_POINT('',#2685);
#766=VERTEX_POINT('',#2687);
#767=VERTEX_POINT('',#2689);
#768=VERTEX_POINT('',#2691);
#769=VERTEX_POINT('',#2695);
#770=VERTEX_POINT('',#2699);
#771=VERTEX_POINT('',#2701);
#772=VERTEX_POINT('',#2703);
#773=VERTEX_POINT('',#2707);
#774=VERTEX_POINT('',#2708);
#775=VERTEX_POINT('',#2710);
#776=VERTEX_POINT('',#2712);
#777=VERTEX_POINT('',#2714);
#778=VERTEX_POINT('',#2716);
#779=VERTEX_POINT('',#2718);
#780=VERTEX_POINT('',#2722);
#781=VERTEX_POINT('',#2726);
#782=VERTEX_POINT('',#2728);
#783=VERTEX_POINT('',#2732);
#784=VERTEX_POINT('',#2736);
#785=VERTEX_POINT('',#2740);
#786=VERTEX_POINT('',#2742);
#787=VERTEX_POINT('',#2747);
#788=VERTEX_POINT('',#2749);
#789=VERTEX_POINT('',#2751);
#790=VERTEX_POINT('',#2753);
#791=VERTEX_POINT('',#2755);
#792=VERTEX_POINT('',#2757);
#793=VERTEX_POINT('',#2759);
#794=VERTEX_POINT('',#2761);
#795=VERTEX_POINT('',#2763);
#796=VERTEX_POINT('',#2765);
#797=VERTEX_POINT('',#2767);
#798=VERTEX_POINT('',#2769);
#799=VERTEX_POINT('',#2771);
#800=VERTEX_POINT('',#2773);
#801=VERTEX_POINT('',#2775);
#802=VERTEX_POINT('',#2777);
#803=VERTEX_POINT('',#2780);
#804=VERTEX_POINT('',#2782);
#805=VERTEX_POINT('',#2784);
#806=VERTEX_POINT('',#2786);
#807=VERTEX_POINT('',#2793);
#808=VERTEX_POINT('',#2794);
#809=VERTEX_POINT('',#2799);
#810=VERTEX_POINT('',#2803);
#811=VERTEX_POINT('',#2805);
#812=VERTEX_POINT('',#2809);
#813=VERTEX_POINT('',#2813);
#814=VERTEX_POINT('',#2817);
#815=VERTEX_POINT('',#2819);
#816=VERTEX_POINT('',#2822);
#817=VERTEX_POINT('',#2826);
#818=VERTEX_POINT('',#2828);
#819=VERTEX_POINT('',#2832);
#820=VERTEX_POINT('',#2837);
#821=VERTEX_POINT('',#2841);
#822=VERTEX_POINT('',#2843);
#823=VERTEX_POINT('',#2845);
#824=VERTEX_POINT('',#2847);
#825=VERTEX_POINT('',#2851);
#826=VERTEX_POINT('',#2856);
#827=VERTEX_POINT('',#2860);
#828=VERTEX_POINT('',#2864);
#829=VERTEX_POINT('',#2893);
#830=VERTEX_POINT('',#2899);
#831=VERTEX_POINT('',#2905);
#832=VERTEX_POINT('',#2911);
#833=EDGE_CURVE('',#675,#676,#387,.T.);
#834=EDGE_CURVE('',#676,#677,#294,.T.);
#835=EDGE_CURVE('',#677,#678,#388,.T.);
#836=EDGE_CURVE('',#678,#675,#286,.T.);
#837=EDGE_CURVE('',#678,#679,#389,.T.);
#838=EDGE_CURVE('',#679,#680,#287,.T.);
#839=EDGE_CURVE('',#680,#675,#390,.T.);
#840=EDGE_CURVE('',#679,#681,#391,.T.);
#841=EDGE_CURVE('',#681,#682,#288,.T.);
#842=EDGE_CURVE('',#682,#680,#392,.T.);
#843=EDGE_CURVE('',#681,#683,#393,.T.);
#844=EDGE_CURVE('',#683,#684,#289,.T.);
#845=EDGE_CURVE('',#684,#682,#394,.T.);
#846=EDGE_CURVE('',#683,#685,#395,.T.);
#847=EDGE_CURVE('',#685,#686,#295,.T.);
#848=EDGE_CURVE('',#686,#684,#396,.T.);
#849=EDGE_CURVE('',#687,#685,#397,.T.);
#850=EDGE_CURVE('',#688,#687,#398,.T.);
#851=EDGE_CURVE('',#689,#688,#399,.T.);
#852=EDGE_CURVE('',#689,#686,#400,.T.);
#853=EDGE_CURVE('',#677,#690,#401,.T.);
#854=EDGE_CURVE('',#690,#691,#402,.T.);
#855=EDGE_CURVE('',#692,#691,#296,.T.);
#856=EDGE_CURVE('',#692,#693,#403,.T.);
#857=EDGE_CURVE('',#694,#693,#297,.T.);
#858=EDGE_CURVE('',#694,#695,#404,.T.);
#859=EDGE_CURVE('',#696,#695,#298,.T.);
#860=EDGE_CURVE('',#696,#697,#405,.T.);
#861=EDGE_CURVE('',#698,#697,#299,.T.);
#862=EDGE_CURVE('',#698,#687,#406,.T.);
#863=EDGE_CURVE('',#699,#699,#300,.T.);
#864=EDGE_CURVE('',#699,#700,#301,.T.);
#865=EDGE_CURVE('',#700,#701,#302,.T.);
#866=EDGE_CURVE('',#701,#700,#303,.T.);
#867=EDGE_CURVE('',#702,#702,#304,.T.);
#868=EDGE_CURVE('',#702,#701,#407,.T.);
#869=EDGE_CURVE('',#697,#703,#408,.T.);
#870=EDGE_CURVE('',#704,#696,#409,.T.);
#871=EDGE_CURVE('',#703,#704,#410,.T.);
#872=EDGE_CURVE('',#705,#705,#305,.T.);
#873=EDGE_CURVE('',#705,#706,#306,.T.);
#874=EDGE_CURVE('',#706,#707,#307,.T.);
#875=EDGE_CURVE('',#707,#706,#308,.T.);
#876=EDGE_CURVE('',#707,#708,#411,.T.);
#877=EDGE_CURVE('',#708,#708,#309,.T.);
#878=EDGE_CURVE('',#709,#692,#412,.T.);
#879=EDGE_CURVE('',#710,#709,#413,.T.);
#880=EDGE_CURVE('',#693,#710,#414,.T.);
#881=EDGE_CURVE('',#711,#711,#310,.T.);
#882=EDGE_CURVE('',#711,#712,#311,.T.);
#883=EDGE_CURVE('',#712,#713,#312,.T.);
#884=EDGE_CURVE('',#713,#712,#313,.T.);
#885=EDGE_CURVE('',#713,#714,#415,.T.);
#886=EDGE_CURVE('',#714,#714,#314,.T.);
#887=EDGE_CURVE('',#715,#715,#315,.T.);
#888=EDGE_CURVE('',#715,#716,#316,.T.);
#889=EDGE_CURVE('',#716,#717,#317,.T.);
#890=EDGE_CURVE('',#717,#716,#318,.T.);
#891=EDGE_CURVE('',#717,#718,#416,.T.);
#892=EDGE_CURVE('',#718,#718,#319,.T.);
#893=EDGE_CURVE('',#719,#719,#320,.T.);
#894=EDGE_CURVE('',#719,#720,#321,.T.);
#895=EDGE_CURVE('',#720,#721,#322,.T.);
#896=EDGE_CURVE('',#721,#720,#323,.T.);
#897=EDGE_CURVE('',#721,#722,#417,.T.);
#898=EDGE_CURVE('',#722,#722,#324,.T.);
#899=EDGE_CURVE('',#723,#703,#325,.T.);
#900=EDGE_CURVE('',#723,#698,#418,.T.);
#901=EDGE_CURVE('',#724,#723,#419,.T.);
#902=EDGE_CURVE('',#691,#724,#420,.T.);
#903=EDGE_CURVE('',#725,#690,#421,.T.);
#904=EDGE_CURVE('',#688,#725,#422,.T.);
#905=EDGE_CURVE('',#709,#724,#326,.T.);
#906=EDGE_CURVE('',#726,#710,#327,.T.);
#907=EDGE_CURVE('',#726,#694,#423,.T.);
#908=EDGE_CURVE('',#695,#727,#424,.T.);
#909=EDGE_CURVE('',#704,#727,#328,.T.);
#910=EDGE_CURVE('',#728,#676,#425,.T.);
#911=EDGE_CURVE('',#725,#728,#426,.T.);
#912=EDGE_CURVE('',#729,#675,#427,.T.);
#913=EDGE_CURVE('',#728,#729,#428,.T.);
#914=EDGE_CURVE('',#730,#680,#429,.T.);
#915=EDGE_CURVE('',#729,#730,#430,.T.);
#916=EDGE_CURVE('',#731,#682,#431,.T.);
#917=EDGE_CURVE('',#730,#731,#432,.T.);
#918=EDGE_CURVE('',#732,#684,#433,.T.);
#919=EDGE_CURVE('',#731,#732,#434,.T.);
#920=EDGE_CURVE('',#732,#689,#435,.T.);
#921=EDGE_CURVE('',#733,#733,#329,.T.);
#922=EDGE_CURVE('',#734,#734,#330,.T.);
#923=EDGE_CURVE('',#727,#735,#436,.T.);
#924=EDGE_CURVE('',#736,#735,#331,.T.);
#925=EDGE_CURVE('',#736,#737,#437,.T.);
#926=EDGE_CURVE('',#738,#737,#332,.T.);
#927=EDGE_CURVE('',#738,#739,#438,.T.);
#928=EDGE_CURVE('',#740,#739,#333,.T.);
#929=EDGE_CURVE('',#741,#740,#334,.T.);
#930=EDGE_CURVE('',#742,#741,#439,.T.);
#931=EDGE_CURVE('',#743,#742,#335,.T.);
#932=EDGE_CURVE('',#744,#743,#440,.T.);
#933=EDGE_CURVE('',#745,#744,#336,.T.);
#934=EDGE_CURVE('',#745,#746,#441,.T.);
#935=EDGE_CURVE('',#747,#746,#337,.T.);
#936=EDGE_CURVE('',#747,#748,#442,.T.);
#937=EDGE_CURVE('',#749,#748,#338,.T.);
#938=EDGE_CURVE('',#750,#749,#443,.T.);
#939=EDGE_CURVE('',#751,#750,#339,.T.);
#940=EDGE_CURVE('',#752,#751,#340,.T.);
#941=EDGE_CURVE('',#752,#753,#444,.T.);
#942=EDGE_CURVE('',#754,#753,#341,.T.);
#943=EDGE_CURVE('',#754,#755,#445,.T.);
#944=EDGE_CURVE('',#756,#755,#342,.T.);
#945=EDGE_CURVE('',#756,#726,#446,.T.);
#946=EDGE_CURVE('',#757,#757,#343,.T.);
#947=EDGE_CURVE('',#758,#758,#344,.T.);
#948=EDGE_CURVE('',#759,#759,#345,.T.);
#949=EDGE_CURVE('',#759,#760,#346,.T.);
#950=EDGE_CURVE('',#760,#761,#347,.T.);
#951=EDGE_CURVE('',#761,#760,#348,.T.);
#952=EDGE_CURVE('',#762,#763,#349,.T.);
#953=EDGE_CURVE('',#764,#762,#447,.T.);
#954=EDGE_CURVE('',#765,#764,#350,.T.);
#955=EDGE_CURVE('',#766,#765,#351,.T.);
#956=EDGE_CURVE('',#767,#766,#448,.T.);
#957=EDGE_CURVE('',#768,#767,#449,.T.);
#958=EDGE_CURVE('',#768,#763,#450,.T.);
#959=EDGE_CURVE('',#769,#769,#352,.T.);
#960=EDGE_CURVE('',#769,#761,#451,.T.);
#961=EDGE_CURVE('',#770,#770,#353,.T.);
#962=EDGE_CURVE('',#770,#771,#354,.T.);
#963=EDGE_CURVE('',#771,#772,#355,.T.);
#964=EDGE_CURVE('',#772,#771,#356,.T.);
#965=EDGE_CURVE('',#773,#774,#357,.T.);
#966=EDGE_CURVE('',#775,#773,#452,.T.);
#967=EDGE_CURVE('',#776,#775,#453,.T.);
#968=EDGE_CURVE('',#777,#776,#454,.T.);
#969=EDGE_CURVE('',#778,#777,#358,.T.);
#970=EDGE_CURVE('',#779,#778,#359,.T.);
#971=EDGE_CURVE('',#774,#779,#455,.T.);
#972=EDGE_CURVE('',#772,#780,#456,.T.);
#973=EDGE_CURVE('',#780,#780,#360,.T.);
#974=EDGE_CURVE('',#735,#781,#457,.T.);
#975=EDGE_CURVE('',#781,#782,#361,.T.);
#976=EDGE_CURVE('',#782,#736,#458,.T.);
#977=EDGE_CURVE('',#783,#782,#459,.T.);
#978=EDGE_CURVE('',#737,#783,#460,.T.);
#979=EDGE_CURVE('',#783,#784,#362,.T.);
#980=EDGE_CURVE('',#784,#738,#461,.T.);
#981=EDGE_CURVE('',#755,#785,#462,.T.);
#982=EDGE_CURVE('',#785,#786,#363,.T.);
#983=EDGE_CURVE('',#786,#756,#463,.T.);
#984=EDGE_CURVE('',#781,#786,#464,.T.);
#985=EDGE_CURVE('',#785,#787,#465,.T.);
#986=EDGE_CURVE('',#788,#787,#364,.T.);
#987=EDGE_CURVE('',#788,#789,#466,.T.);
#988=EDGE_CURVE('',#790,#789,#467,.T.);
#989=EDGE_CURVE('',#791,#790,#468,.T.);
#990=EDGE_CURVE('',#791,#792,#469,.T.);
#991=EDGE_CURVE('',#792,#793,#470,.T.);
#992=EDGE_CURVE('',#793,#794,#471,.T.);
#993=EDGE_CURVE('',#795,#794,#365,.T.);
#994=EDGE_CURVE('',#795,#796,#472,.T.);
#995=EDGE_CURVE('',#797,#796,#366,.T.);
#996=EDGE_CURVE('',#797,#798,#473,.T.);
#997=EDGE_CURVE('',#798,#799,#474,.T.);
#998=EDGE_CURVE('',#799,#800,#475,.T.);
#999=EDGE_CURVE('',#801,#800,#476,.T.);
#1000=EDGE_CURVE('',#802,#801,#477,.T.);
#1001=EDGE_CURVE('',#802,#784,#478,.T.);
#1002=EDGE_CURVE('',#803,#803,#367,.T.);
#1003=EDGE_CURVE('',#804,#804,#368,.T.);
#1004=EDGE_CURVE('',#805,#805,#369,.T.);
#1005=EDGE_CURVE('',#806,#806,#370,.T.);
#1006=EDGE_CURVE('',#787,#754,#479,.T.);
#1007=EDGE_CURVE('',#753,#788,#480,.T.);
#1008=EDGE_CURVE('',#807,#808,#371,.T.);
#1009=EDGE_CURVE('',#808,#762,#481,.T.);
#1010=EDGE_CURVE('',#763,#807,#482,.T.);
#1011=EDGE_CURVE('',#809,#768,#483,.T.);
#1012=EDGE_CURVE('',#809,#807,#484,.T.);
#1013=EDGE_CURVE('',#774,#810,#485,.T.);
#1014=EDGE_CURVE('',#810,#811,#372,.T.);
#1015=EDGE_CURVE('',#811,#773,#486,.T.);
#1016=EDGE_CURVE('',#812,#779,#487,.T.);
#1017=EDGE_CURVE('',#812,#810,#488,.T.);
#1018=EDGE_CURVE('',#813,#812,#373,.T.);
#1019=EDGE_CURVE('',#813,#778,#489,.T.);
#1020=EDGE_CURVE('',#814,#813,#374,.T.);
#1021=EDGE_CURVE('',#815,#814,#490,.T.);
#1022=EDGE_CURVE('',#792,#815,#491,.T.);
#1023=EDGE_CURVE('',#816,#791,#375,.T.);
#1024=EDGE_CURVE('',#816,#811,#492,.T.);
#1025=EDGE_CURVE('',#764,#817,#493,.T.);
#1026=EDGE_CURVE('',#817,#818,#376,.T.);
#1027=EDGE_CURVE('',#765,#818,#494,.T.);
#1028=EDGE_CURVE('',#766,#819,#377,.T.);
#1029=EDGE_CURVE('',#819,#741,#495,.T.);
#1030=EDGE_CURVE('',#767,#740,#496,.T.);
#1031=EDGE_CURVE('',#819,#820,#497,.T.);
#1032=EDGE_CURVE('',#742,#820,#498,.T.);
#1033=EDGE_CURVE('',#821,#766,#499,.T.);
#1034=EDGE_CURVE('',#821,#822,#500,.T.);
#1035=EDGE_CURVE('',#822,#823,#501,.T.);
#1036=EDGE_CURVE('',#823,#824,#502,.T.);
#1037=EDGE_CURVE('',#820,#824,#378,.T.);
#1038=EDGE_CURVE('',#750,#825,#503,.T.);
#1039=EDGE_CURVE('',#825,#777,#379,.T.);
#1040=EDGE_CURVE('',#751,#776,#504,.T.);
#1041=EDGE_CURVE('',#826,#749,#505,.T.);
#1042=EDGE_CURVE('',#826,#825,#506,.T.);
#1043=EDGE_CURVE('',#827,#826,#380,.T.);
#1044=EDGE_CURVE('',#748,#827,#507,.T.);
#1045=EDGE_CURVE('',#828,#827,#508,.T.);
#1046=EDGE_CURVE('',#815,#828,#509,.T.);
#1047=EDGE_CURVE('',#777,#814,#510,.T.);
#1048=EDGE_CURVE('',#824,#743,#511,.T.);
#1049=EDGE_CURVE('',#823,#798,#512,.T.);
#1050=EDGE_CURVE('',#744,#797,#513,.T.);
#1051=EDGE_CURVE('',#821,#818,#381,.F.);
#1052=EDGE_CURVE('',#800,#809,#382,.T.);
#1053=EDGE_CURVE('',#768,#801,#290,.T.);
#1054=EDGE_CURVE('',#767,#802,#291,.T.);
#1055=EDGE_CURVE('',#739,#802,#514,.T.);
#1056=EDGE_CURVE('',#789,#752,#515,.T.);
#1057=EDGE_CURVE('',#776,#789,#292,.T.);
#1058=EDGE_CURVE('',#775,#790,#293,.T.);
#1059=EDGE_CURVE('',#775,#816,#516,.T.);
#1060=EDGE_CURVE('',#803,#829,#517,.T.);
#1061=EDGE_CURVE('',#829,#829,#383,.T.);
#1062=EDGE_CURVE('',#829,#734,#518,.T.);
#1063=EDGE_CURVE('',#804,#830,#519,.T.);
#1064=EDGE_CURVE('',#830,#830,#384,.T.);
#1065=EDGE_CURVE('',#830,#758,#520,.T.);
#1066=EDGE_CURVE('',#805,#831,#521,.T.);
#1067=EDGE_CURVE('',#831,#831,#385,.T.);
#1068=EDGE_CURVE('',#831,#757,#522,.T.);
#1069=EDGE_CURVE('',#806,#832,#523,.T.);
#1070=EDGE_CURVE('',#832,#832,#386,.T.);
#1071=EDGE_CURVE('',#832,#733,#524,.T.);
#1072=EDGE_CURVE('',#828,#793,#525,.T.);
#1073=EDGE_CURVE('',#799,#822,#526,.T.);
#1074=EDGE_CURVE('',#746,#795,#527,.T.);
#1075=EDGE_CURVE('',#794,#747,#528,.T.);
#1076=EDGE_CURVE('',#796,#745,#529,.T.);
#1077=EDGE_CURVE('',#808,#817,#530,.T.);
#1078=ORIENTED_EDGE('',*,*,#833,.T.);
#1079=ORIENTED_EDGE('',*,*,#834,.T.);
#1080=ORIENTED_EDGE('',*,*,#835,.T.);
#1081=ORIENTED_EDGE('',*,*,#836,.T.);
#1082=ORIENTED_EDGE('',*,*,#837,.T.);
#1083=ORIENTED_EDGE('',*,*,#838,.T.);
#1084=ORIENTED_EDGE('',*,*,#839,.T.);
#1085=ORIENTED_EDGE('',*,*,#836,.F.);
#1086=ORIENTED_EDGE('',*,*,#840,.T.);
#1087=ORIENTED_EDGE('',*,*,#841,.T.);
#1088=ORIENTED_EDGE('',*,*,#842,.T.);
#1089=ORIENTED_EDGE('',*,*,#838,.F.);
#1090=ORIENTED_EDGE('',*,*,#843,.T.);
#1091=ORIENTED_EDGE('',*,*,#844,.T.);
#1092=ORIENTED_EDGE('',*,*,#845,.T.);
#1093=ORIENTED_EDGE('',*,*,#841,.F.);
#1094=ORIENTED_EDGE('',*,*,#846,.T.);
#1095=ORIENTED_EDGE('',*,*,#847,.T.);
#1096=ORIENTED_EDGE('',*,*,#848,.T.);
#1097=ORIENTED_EDGE('',*,*,#844,.F.);
#1098=ORIENTED_EDGE('',*,*,#847,.F.);
#1099=ORIENTED_EDGE('',*,*,#849,.F.);
#1100=ORIENTED_EDGE('',*,*,#850,.F.);
#1101=ORIENTED_EDGE('',*,*,#851,.F.);
#1102=ORIENTED_EDGE('',*,*,#852,.T.);
#1103=ORIENTED_EDGE('',*,*,#846,.F.);
#1104=ORIENTED_EDGE('',*,*,#843,.F.);
#1105=ORIENTED_EDGE('',*,*,#840,.F.);
#1106=ORIENTED_EDGE('',*,*,#837,.F.);
#1107=ORIENTED_EDGE('',*,*,#835,.F.);
#1108=ORIENTED_EDGE('',*,*,#853,.T.);
#1109=ORIENTED_EDGE('',*,*,#854,.T.);
#1110=ORIENTED_EDGE('',*,*,#855,.F.);
#1111=ORIENTED_EDGE('',*,*,#856,.T.);
#1112=ORIENTED_EDGE('',*,*,#857,.F.);
#1113=ORIENTED_EDGE('',*,*,#858,.T.);
#1114=ORIENTED_EDGE('',*,*,#859,.F.);
#1115=ORIENTED_EDGE('',*,*,#860,.T.);
#1116=ORIENTED_EDGE('',*,*,#861,.F.);
#1117=ORIENTED_EDGE('',*,*,#862,.T.);
#1118=ORIENTED_EDGE('',*,*,#849,.T.);
#1119=ORIENTED_EDGE('',*,*,#863,.T.);
#1120=ORIENTED_EDGE('',*,*,#864,.T.);
#1121=ORIENTED_EDGE('',*,*,#865,.T.);
#1122=ORIENTED_EDGE('',*,*,#866,.T.);
#1123=ORIENTED_EDGE('',*,*,#864,.F.);
#1124=ORIENTED_EDGE('',*,*,#867,.F.);
#1125=ORIENTED_EDGE('',*,*,#868,.T.);
#1126=ORIENTED_EDGE('',*,*,#865,.F.);
#1127=ORIENTED_EDGE('',*,*,#866,.F.);
#1128=ORIENTED_EDGE('',*,*,#868,.F.);
#1129=ORIENTED_EDGE('',*,*,#869,.F.);
#1130=ORIENTED_EDGE('',*,*,#860,.F.);
#1131=ORIENTED_EDGE('',*,*,#870,.F.);
#1132=ORIENTED_EDGE('',*,*,#871,.F.);
#1133=ORIENTED_EDGE('',*,*,#863,.F.);
#1134=ORIENTED_EDGE('',*,*,#872,.T.);
#1135=ORIENTED_EDGE('',*,*,#873,.T.);
#1136=ORIENTED_EDGE('',*,*,#874,.T.);
#1137=ORIENTED_EDGE('',*,*,#875,.T.);
#1138=ORIENTED_EDGE('',*,*,#873,.F.);
#1139=ORIENTED_EDGE('',*,*,#875,.F.);
#1140=ORIENTED_EDGE('',*,*,#876,.T.);
#1141=ORIENTED_EDGE('',*,*,#877,.F.);
#1142=ORIENTED_EDGE('',*,*,#876,.F.);
#1143=ORIENTED_EDGE('',*,*,#874,.F.);
#1144=ORIENTED_EDGE('',*,*,#878,.F.);
#1145=ORIENTED_EDGE('',*,*,#879,.F.);
#1146=ORIENTED_EDGE('',*,*,#880,.F.);
#1147=ORIENTED_EDGE('',*,*,#856,.F.);
#1148=ORIENTED_EDGE('',*,*,#872,.F.);
#1149=ORIENTED_EDGE('',*,*,#881,.T.);
#1150=ORIENTED_EDGE('',*,*,#882,.T.);
#1151=ORIENTED_EDGE('',*,*,#883,.T.);
#1152=ORIENTED_EDGE('',*,*,#884,.T.);
#1153=ORIENTED_EDGE('',*,*,#882,.F.);
#1154=ORIENTED_EDGE('',*,*,#883,.F.);
#1155=ORIENTED_EDGE('',*,*,#884,.F.);
#1156=ORIENTED_EDGE('',*,*,#885,.T.);
#1157=ORIENTED_EDGE('',*,*,#886,.F.);
#1158=ORIENTED_EDGE('',*,*,#885,.F.);
#1159=ORIENTED_EDGE('',*,*,#887,.F.);
#1160=ORIENTED_EDGE('',*,*,#888,.T.);
#1161=ORIENTED_EDGE('',*,*,#889,.T.);
#1162=ORIENTED_EDGE('',*,*,#890,.T.);
#1163=ORIENTED_EDGE('',*,*,#888,.F.);
#1164=ORIENTED_EDGE('',*,*,#889,.F.);
#1165=ORIENTED_EDGE('',*,*,#890,.F.);
#1166=ORIENTED_EDGE('',*,*,#891,.T.);
#1167=ORIENTED_EDGE('',*,*,#892,.F.);
#1168=ORIENTED_EDGE('',*,*,#891,.F.);
#1169=ORIENTED_EDGE('',*,*,#893,.F.);
#1170=ORIENTED_EDGE('',*,*,#894,.T.);
#1171=ORIENTED_EDGE('',*,*,#895,.T.);
#1172=ORIENTED_EDGE('',*,*,#896,.T.);
#1173=ORIENTED_EDGE('',*,*,#894,.F.);
#1174=ORIENTED_EDGE('',*,*,#895,.F.);
#1175=ORIENTED_EDGE('',*,*,#896,.F.);
#1176=ORIENTED_EDGE('',*,*,#897,.T.);
#1177=ORIENTED_EDGE('',*,*,#898,.F.);
#1178=ORIENTED_EDGE('',*,*,#897,.F.);
#1179=ORIENTED_EDGE('',*,*,#861,.T.);
#1180=ORIENTED_EDGE('',*,*,#869,.T.);
#1181=ORIENTED_EDGE('',*,*,#899,.F.);
#1182=ORIENTED_EDGE('',*,*,#900,.T.);
#1183=ORIENTED_EDGE('',*,*,#900,.F.);
#1184=ORIENTED_EDGE('',*,*,#901,.F.);
#1185=ORIENTED_EDGE('',*,*,#902,.F.);
#1186=ORIENTED_EDGE('',*,*,#854,.F.);
#1187=ORIENTED_EDGE('',*,*,#903,.F.);
#1188=ORIENTED_EDGE('',*,*,#904,.F.);
#1189=ORIENTED_EDGE('',*,*,#850,.T.);
#1190=ORIENTED_EDGE('',*,*,#862,.F.);
#1191=ORIENTED_EDGE('',*,*,#855,.T.);
#1192=ORIENTED_EDGE('',*,*,#902,.T.);
#1193=ORIENTED_EDGE('',*,*,#905,.F.);
#1194=ORIENTED_EDGE('',*,*,#878,.T.);
#1195=ORIENTED_EDGE('',*,*,#857,.T.);
#1196=ORIENTED_EDGE('',*,*,#880,.T.);
#1197=ORIENTED_EDGE('',*,*,#906,.F.);
#1198=ORIENTED_EDGE('',*,*,#907,.T.);
#1199=ORIENTED_EDGE('',*,*,#859,.T.);
#1200=ORIENTED_EDGE('',*,*,#908,.T.);
#1201=ORIENTED_EDGE('',*,*,#909,.F.);
#1202=ORIENTED_EDGE('',*,*,#870,.T.);
#1203=ORIENTED_EDGE('',*,*,#834,.F.);
#1204=ORIENTED_EDGE('',*,*,#910,.F.);
#1205=ORIENTED_EDGE('',*,*,#911,.F.);
#1206=ORIENTED_EDGE('',*,*,#903,.T.);
#1207=ORIENTED_EDGE('',*,*,#853,.F.);
#1208=ORIENTED_EDGE('',*,*,#833,.F.);
#1209=ORIENTED_EDGE('',*,*,#912,.F.);
#1210=ORIENTED_EDGE('',*,*,#913,.F.);
#1211=ORIENTED_EDGE('',*,*,#910,.T.);
#1212=ORIENTED_EDGE('',*,*,#839,.F.);
#1213=ORIENTED_EDGE('',*,*,#914,.F.);
#1214=ORIENTED_EDGE('',*,*,#915,.F.);
#1215=ORIENTED_EDGE('',*,*,#912,.T.);
#1216=ORIENTED_EDGE('',*,*,#877,.T.);
#1217=ORIENTED_EDGE('',*,*,#842,.F.);
#1218=ORIENTED_EDGE('',*,*,#916,.F.);
#1219=ORIENTED_EDGE('',*,*,#917,.F.);
#1220=ORIENTED_EDGE('',*,*,#914,.T.);
#1221=ORIENTED_EDGE('',*,*,#886,.T.);
#1222=ORIENTED_EDGE('',*,*,#845,.F.);
#1223=ORIENTED_EDGE('',*,*,#918,.F.);
#1224=ORIENTED_EDGE('',*,*,#919,.F.);
#1225=ORIENTED_EDGE('',*,*,#916,.T.);
#1226=ORIENTED_EDGE('',*,*,#867,.T.);
#1227=ORIENTED_EDGE('',*,*,#848,.F.);
#1228=ORIENTED_EDGE('',*,*,#852,.F.);
#1229=ORIENTED_EDGE('',*,*,#920,.F.);
#1230=ORIENTED_EDGE('',*,*,#918,.T.);
#1231=ORIENTED_EDGE('',*,*,#911,.T.);
#1232=ORIENTED_EDGE('',*,*,#913,.T.);
#1233=ORIENTED_EDGE('',*,*,#915,.T.);
#1234=ORIENTED_EDGE('',*,*,#917,.T.);
#1235=ORIENTED_EDGE('',*,*,#919,.T.);
#1236=ORIENTED_EDGE('',*,*,#920,.T.);
#1237=ORIENTED_EDGE('',*,*,#851,.T.);
#1238=ORIENTED_EDGE('',*,*,#904,.T.);
#1239=ORIENTED_EDGE('',*,*,#892,.T.);
#1240=ORIENTED_EDGE('',*,*,#898,.T.);
#1241=ORIENTED_EDGE('',*,*,#893,.T.);
#1242=ORIENTED_EDGE('',*,*,#921,.T.);
#1243=ORIENTED_EDGE('',*,*,#887,.T.);
#1244=ORIENTED_EDGE('',*,*,#922,.T.);
#1245=ORIENTED_EDGE('',*,*,#906,.T.);
#1246=ORIENTED_EDGE('',*,*,#879,.T.);
#1247=ORIENTED_EDGE('',*,*,#905,.T.);
#1248=ORIENTED_EDGE('',*,*,#901,.T.);
#1249=ORIENTED_EDGE('',*,*,#899,.T.);
#1250=ORIENTED_EDGE('',*,*,#871,.T.);
#1251=ORIENTED_EDGE('',*,*,#909,.T.);
#1252=ORIENTED_EDGE('',*,*,#923,.T.);
#1253=ORIENTED_EDGE('',*,*,#924,.F.);
#1254=ORIENTED_EDGE('',*,*,#925,.T.);
#1255=ORIENTED_EDGE('',*,*,#926,.F.);
#1256=ORIENTED_EDGE('',*,*,#927,.T.);
#1257=ORIENTED_EDGE('',*,*,#928,.F.);
#1258=ORIENTED_EDGE('',*,*,#929,.F.);
#1259=ORIENTED_EDGE('',*,*,#930,.F.);
#1260=ORIENTED_EDGE('',*,*,#931,.F.);
#1261=ORIENTED_EDGE('',*,*,#932,.F.);
#1262=ORIENTED_EDGE('',*,*,#933,.F.);
#1263=ORIENTED_EDGE('',*,*,#934,.T.);
#1264=ORIENTED_EDGE('',*,*,#935,.F.);
#1265=ORIENTED_EDGE('',*,*,#936,.T.);
#1266=ORIENTED_EDGE('',*,*,#937,.F.);
#1267=ORIENTED_EDGE('',*,*,#938,.F.);
#1268=ORIENTED_EDGE('',*,*,#939,.F.);
#1269=ORIENTED_EDGE('',*,*,#940,.F.);
#1270=ORIENTED_EDGE('',*,*,#941,.T.);
#1271=ORIENTED_EDGE('',*,*,#942,.F.);
#1272=ORIENTED_EDGE('',*,*,#943,.T.);
#1273=ORIENTED_EDGE('',*,*,#944,.F.);
#1274=ORIENTED_EDGE('',*,*,#945,.T.);
#1275=ORIENTED_EDGE('',*,*,#946,.T.);
#1276=ORIENTED_EDGE('',*,*,#947,.T.);
#1277=ORIENTED_EDGE('',*,*,#948,.T.);
#1278=ORIENTED_EDGE('',*,*,#949,.T.);
#1279=ORIENTED_EDGE('',*,*,#950,.T.);
#1280=ORIENTED_EDGE('',*,*,#951,.T.);
#1281=ORIENTED_EDGE('',*,*,#949,.F.);
#1282=ORIENTED_EDGE('',*,*,#952,.F.);
#1283=ORIENTED_EDGE('',*,*,#953,.F.);
#1284=ORIENTED_EDGE('',*,*,#954,.F.);
#1285=ORIENTED_EDGE('',*,*,#955,.F.);
#1286=ORIENTED_EDGE('',*,*,#956,.F.);
#1287=ORIENTED_EDGE('',*,*,#957,.F.);
#1288=ORIENTED_EDGE('',*,*,#958,.T.);
#1289=ORIENTED_EDGE('',*,*,#948,.F.);
#1290=ORIENTED_EDGE('',*,*,#959,.F.);
#1291=ORIENTED_EDGE('',*,*,#960,.T.);
#1292=ORIENTED_EDGE('',*,*,#950,.F.);
#1293=ORIENTED_EDGE('',*,*,#951,.F.);
#1294=ORIENTED_EDGE('',*,*,#960,.F.);
#1295=ORIENTED_EDGE('',*,*,#961,.T.);
#1296=ORIENTED_EDGE('',*,*,#962,.T.);
#1297=ORIENTED_EDGE('',*,*,#963,.T.);
#1298=ORIENTED_EDGE('',*,*,#964,.T.);
#1299=ORIENTED_EDGE('',*,*,#962,.F.);
#1300=ORIENTED_EDGE('',*,*,#965,.F.);
#1301=ORIENTED_EDGE('',*,*,#966,.F.);
#1302=ORIENTED_EDGE('',*,*,#967,.F.);
#1303=ORIENTED_EDGE('',*,*,#968,.F.);
#1304=ORIENTED_EDGE('',*,*,#969,.F.);
#1305=ORIENTED_EDGE('',*,*,#970,.F.);
#1306=ORIENTED_EDGE('',*,*,#971,.F.);
#1307=ORIENTED_EDGE('',*,*,#961,.F.);
#1308=ORIENTED_EDGE('',*,*,#964,.F.);
#1309=ORIENTED_EDGE('',*,*,#972,.T.);
#1310=ORIENTED_EDGE('',*,*,#973,.F.);
#1311=ORIENTED_EDGE('',*,*,#972,.F.);
#1312=ORIENTED_EDGE('',*,*,#963,.F.);
#1313=ORIENTED_EDGE('',*,*,#924,.T.);
#1314=ORIENTED_EDGE('',*,*,#974,.T.);
#1315=ORIENTED_EDGE('',*,*,#975,.T.);
#1316=ORIENTED_EDGE('',*,*,#976,.T.);
#1317=ORIENTED_EDGE('',*,*,#976,.F.);
#1318=ORIENTED_EDGE('',*,*,#977,.F.);
#1319=ORIENTED_EDGE('',*,*,#978,.F.);
#1320=ORIENTED_EDGE('',*,*,#925,.F.);
#1321=ORIENTED_EDGE('',*,*,#926,.T.);
#1322=ORIENTED_EDGE('',*,*,#978,.T.);
#1323=ORIENTED_EDGE('',*,*,#979,.T.);
#1324=ORIENTED_EDGE('',*,*,#980,.T.);
#1325=ORIENTED_EDGE('',*,*,#944,.T.);
#1326=ORIENTED_EDGE('',*,*,#981,.T.);
#1327=ORIENTED_EDGE('',*,*,#982,.T.);
#1328=ORIENTED_EDGE('',*,*,#983,.T.);
#1329=ORIENTED_EDGE('',*,*,#975,.F.);
#1330=ORIENTED_EDGE('',*,*,#984,.T.);
#1331=ORIENTED_EDGE('',*,*,#982,.F.);
#1332=ORIENTED_EDGE('',*,*,#985,.T.);
#1333=ORIENTED_EDGE('',*,*,#986,.F.);
#1334=ORIENTED_EDGE('',*,*,#987,.T.);
#1335=ORIENTED_EDGE('',*,*,#988,.F.);
#1336=ORIENTED_EDGE('',*,*,#989,.F.);
#1337=ORIENTED_EDGE('',*,*,#990,.T.);
#1338=ORIENTED_EDGE('',*,*,#991,.T.);
#1339=ORIENTED_EDGE('',*,*,#992,.T.);
#1340=ORIENTED_EDGE('',*,*,#993,.F.);
#1341=ORIENTED_EDGE('',*,*,#994,.T.);
#1342=ORIENTED_EDGE('',*,*,#995,.F.);
#1343=ORIENTED_EDGE('',*,*,#996,.T.);
#1344=ORIENTED_EDGE('',*,*,#997,.T.);
#1345=ORIENTED_EDGE('',*,*,#998,.T.);
#1346=ORIENTED_EDGE('',*,*,#999,.F.);
#1347=ORIENTED_EDGE('',*,*,#1000,.F.);
#1348=ORIENTED_EDGE('',*,*,#1001,.T.);
#1349=ORIENTED_EDGE('',*,*,#979,.F.);
#1350=ORIENTED_EDGE('',*,*,#977,.T.);
#1351=ORIENTED_EDGE('',*,*,#1002,.T.);
#1352=ORIENTED_EDGE('',*,*,#1003,.T.);
#1353=ORIENTED_EDGE('',*,*,#1004,.T.);
#1354=ORIENTED_EDGE('',*,*,#1005,.T.);
#1355=ORIENTED_EDGE('',*,*,#981,.F.);
#1356=ORIENTED_EDGE('',*,*,#943,.F.);
#1357=ORIENTED_EDGE('',*,*,#1006,.F.);
#1358=ORIENTED_EDGE('',*,*,#985,.F.);
#1359=ORIENTED_EDGE('',*,*,#942,.T.);
#1360=ORIENTED_EDGE('',*,*,#1007,.T.);
#1361=ORIENTED_EDGE('',*,*,#986,.T.);
#1362=ORIENTED_EDGE('',*,*,#1006,.T.);
#1363=ORIENTED_EDGE('',*,*,#1008,.T.);
#1364=ORIENTED_EDGE('',*,*,#1009,.T.);
#1365=ORIENTED_EDGE('',*,*,#952,.T.);
#1366=ORIENTED_EDGE('',*,*,#1010,.T.);
#1367=ORIENTED_EDGE('',*,*,#1010,.F.);
#1368=ORIENTED_EDGE('',*,*,#958,.F.);
#1369=ORIENTED_EDGE('',*,*,#1011,.F.);
#1370=ORIENTED_EDGE('',*,*,#1012,.T.);
#1371=ORIENTED_EDGE('',*,*,#965,.T.);
#1372=ORIENTED_EDGE('',*,*,#1013,.T.);
#1373=ORIENTED_EDGE('',*,*,#1014,.T.);
#1374=ORIENTED_EDGE('',*,*,#1015,.T.);
#1375=ORIENTED_EDGE('',*,*,#1013,.F.);
#1376=ORIENTED_EDGE('',*,*,#971,.T.);
#1377=ORIENTED_EDGE('',*,*,#1016,.F.);
#1378=ORIENTED_EDGE('',*,*,#1017,.T.);
#1379=ORIENTED_EDGE('',*,*,#1018,.T.);
#1380=ORIENTED_EDGE('',*,*,#1016,.T.);
#1381=ORIENTED_EDGE('',*,*,#970,.T.);
#1382=ORIENTED_EDGE('',*,*,#1019,.F.);
#1383=ORIENTED_EDGE('',*,*,#1014,.F.);
#1384=ORIENTED_EDGE('',*,*,#1017,.F.);
#1385=ORIENTED_EDGE('',*,*,#1018,.F.);
#1386=ORIENTED_EDGE('',*,*,#1020,.F.);
#1387=ORIENTED_EDGE('',*,*,#1021,.F.);
#1388=ORIENTED_EDGE('',*,*,#1022,.F.);
#1389=ORIENTED_EDGE('',*,*,#990,.F.);
#1390=ORIENTED_EDGE('',*,*,#1023,.F.);
#1391=ORIENTED_EDGE('',*,*,#1024,.T.);
#1392=ORIENTED_EDGE('',*,*,#973,.T.);
#1393=ORIENTED_EDGE('',*,*,#954,.T.);
#1394=ORIENTED_EDGE('',*,*,#1025,.T.);
#1395=ORIENTED_EDGE('',*,*,#1026,.T.);
#1396=ORIENTED_EDGE('',*,*,#1027,.F.);
#1397=ORIENTED_EDGE('',*,*,#1028,.T.);
#1398=ORIENTED_EDGE('',*,*,#1029,.T.);
#1399=ORIENTED_EDGE('',*,*,#929,.T.);
#1400=ORIENTED_EDGE('',*,*,#1030,.F.);
#1401=ORIENTED_EDGE('',*,*,#956,.T.);
#1402=ORIENTED_EDGE('',*,*,#1029,.F.);
#1403=ORIENTED_EDGE('',*,*,#1031,.T.);
#1404=ORIENTED_EDGE('',*,*,#1032,.F.);
#1405=ORIENTED_EDGE('',*,*,#930,.T.);
#1406=ORIENTED_EDGE('',*,*,#1028,.F.);
#1407=ORIENTED_EDGE('',*,*,#1033,.F.);
#1408=ORIENTED_EDGE('',*,*,#1034,.T.);
#1409=ORIENTED_EDGE('',*,*,#1035,.T.);
#1410=ORIENTED_EDGE('',*,*,#1036,.T.);
#1411=ORIENTED_EDGE('',*,*,#1037,.F.);
#1412=ORIENTED_EDGE('',*,*,#1031,.F.);
#1413=ORIENTED_EDGE('',*,*,#939,.T.);
#1414=ORIENTED_EDGE('',*,*,#1038,.T.);
#1415=ORIENTED_EDGE('',*,*,#1039,.T.);
#1416=ORIENTED_EDGE('',*,*,#968,.T.);
#1417=ORIENTED_EDGE('',*,*,#1040,.F.);
#1418=ORIENTED_EDGE('',*,*,#1038,.F.);
#1419=ORIENTED_EDGE('',*,*,#938,.T.);
#1420=ORIENTED_EDGE('',*,*,#1041,.F.);
#1421=ORIENTED_EDGE('',*,*,#1042,.T.);
#1422=ORIENTED_EDGE('',*,*,#1043,.T.);
#1423=ORIENTED_EDGE('',*,*,#1041,.T.);
#1424=ORIENTED_EDGE('',*,*,#937,.T.);
#1425=ORIENTED_EDGE('',*,*,#1044,.T.);
#1426=ORIENTED_EDGE('',*,*,#1039,.F.);
#1427=ORIENTED_EDGE('',*,*,#1042,.F.);
#1428=ORIENTED_EDGE('',*,*,#1043,.F.);
#1429=ORIENTED_EDGE('',*,*,#1045,.F.);
#1430=ORIENTED_EDGE('',*,*,#1046,.F.);
#1431=ORIENTED_EDGE('',*,*,#1021,.T.);
#1432=ORIENTED_EDGE('',*,*,#1047,.F.);
#1433=ORIENTED_EDGE('',*,*,#931,.T.);
#1434=ORIENTED_EDGE('',*,*,#1032,.T.);
#1435=ORIENTED_EDGE('',*,*,#1037,.T.);
#1436=ORIENTED_EDGE('',*,*,#1048,.T.);
#1437=ORIENTED_EDGE('',*,*,#1048,.F.);
#1438=ORIENTED_EDGE('',*,*,#1036,.F.);
#1439=ORIENTED_EDGE('',*,*,#1049,.T.);
#1440=ORIENTED_EDGE('',*,*,#996,.F.);
#1441=ORIENTED_EDGE('',*,*,#1050,.F.);
#1442=ORIENTED_EDGE('',*,*,#932,.T.);
#1443=ORIENTED_EDGE('',*,*,#1020,.T.);
#1444=ORIENTED_EDGE('',*,*,#1019,.T.);
#1445=ORIENTED_EDGE('',*,*,#969,.T.);
#1446=ORIENTED_EDGE('',*,*,#1047,.T.);
#1447=ORIENTED_EDGE('',*,*,#1051,.F.);
#1448=ORIENTED_EDGE('',*,*,#1033,.T.);
#1449=ORIENTED_EDGE('',*,*,#955,.T.);
#1450=ORIENTED_EDGE('',*,*,#1027,.T.);
#1451=ORIENTED_EDGE('',*,*,#999,.T.);
#1452=ORIENTED_EDGE('',*,*,#1052,.T.);
#1453=ORIENTED_EDGE('',*,*,#1011,.T.);
#1454=ORIENTED_EDGE('',*,*,#1053,.T.);
#1455=ORIENTED_EDGE('',*,*,#1000,.T.);
#1456=ORIENTED_EDGE('',*,*,#1053,.F.);
#1457=ORIENTED_EDGE('',*,*,#957,.T.);
#1458=ORIENTED_EDGE('',*,*,#1054,.T.);
#1459=ORIENTED_EDGE('',*,*,#1030,.T.);
#1460=ORIENTED_EDGE('',*,*,#928,.T.);
#1461=ORIENTED_EDGE('',*,*,#1055,.T.);
#1462=ORIENTED_EDGE('',*,*,#1054,.F.);
#1463=ORIENTED_EDGE('',*,*,#980,.F.);
#1464=ORIENTED_EDGE('',*,*,#1001,.F.);
#1465=ORIENTED_EDGE('',*,*,#1055,.F.);
#1466=ORIENTED_EDGE('',*,*,#927,.F.);
#1467=ORIENTED_EDGE('',*,*,#1056,.T.);
#1468=ORIENTED_EDGE('',*,*,#940,.T.);
#1469=ORIENTED_EDGE('',*,*,#1040,.T.);
#1470=ORIENTED_EDGE('',*,*,#1057,.T.);
#1471=ORIENTED_EDGE('',*,*,#988,.T.);
#1472=ORIENTED_EDGE('',*,*,#1057,.F.);
#1473=ORIENTED_EDGE('',*,*,#967,.T.);
#1474=ORIENTED_EDGE('',*,*,#1058,.T.);
#1475=ORIENTED_EDGE('',*,*,#1059,.T.);
#1476=ORIENTED_EDGE('',*,*,#1023,.T.);
#1477=ORIENTED_EDGE('',*,*,#989,.T.);
#1478=ORIENTED_EDGE('',*,*,#1058,.F.);
#1479=ORIENTED_EDGE('',*,*,#1007,.F.);
#1480=ORIENTED_EDGE('',*,*,#941,.F.);
#1481=ORIENTED_EDGE('',*,*,#1056,.F.);
#1482=ORIENTED_EDGE('',*,*,#987,.F.);
#1483=ORIENTED_EDGE('',*,*,#1002,.F.);
#1484=ORIENTED_EDGE('',*,*,#1060,.T.);
#1485=ORIENTED_EDGE('',*,*,#1061,.T.);
#1486=ORIENTED_EDGE('',*,*,#1060,.F.);
#1487=ORIENTED_EDGE('',*,*,#1061,.F.);
#1488=ORIENTED_EDGE('',*,*,#1062,.T.);
#1489=ORIENTED_EDGE('',*,*,#922,.F.);
#1490=ORIENTED_EDGE('',*,*,#1062,.F.);
#1491=ORIENTED_EDGE('',*,*,#1003,.F.);
#1492=ORIENTED_EDGE('',*,*,#1063,.T.);
#1493=ORIENTED_EDGE('',*,*,#1064,.T.);
#1494=ORIENTED_EDGE('',*,*,#1063,.F.);
#1495=ORIENTED_EDGE('',*,*,#1064,.F.);
#1496=ORIENTED_EDGE('',*,*,#1065,.T.);
#1497=ORIENTED_EDGE('',*,*,#947,.F.);
#1498=ORIENTED_EDGE('',*,*,#1065,.F.);
#1499=ORIENTED_EDGE('',*,*,#1004,.F.);
#1500=ORIENTED_EDGE('',*,*,#1066,.T.);
#1501=ORIENTED_EDGE('',*,*,#1067,.T.);
#1502=ORIENTED_EDGE('',*,*,#1066,.F.);
#1503=ORIENTED_EDGE('',*,*,#1067,.F.);
#1504=ORIENTED_EDGE('',*,*,#1068,.T.);
#1505=ORIENTED_EDGE('',*,*,#946,.F.);
#1506=ORIENTED_EDGE('',*,*,#1068,.F.);
#1507=ORIENTED_EDGE('',*,*,#1005,.F.);
#1508=ORIENTED_EDGE('',*,*,#1069,.T.);
#1509=ORIENTED_EDGE('',*,*,#1070,.T.);
#1510=ORIENTED_EDGE('',*,*,#1069,.F.);
#1511=ORIENTED_EDGE('',*,*,#1070,.F.);
#1512=ORIENTED_EDGE('',*,*,#1071,.T.);
#1513=ORIENTED_EDGE('',*,*,#921,.F.);
#1514=ORIENTED_EDGE('',*,*,#1071,.F.);
#1515=ORIENTED_EDGE('',*,*,#1022,.T.);
#1516=ORIENTED_EDGE('',*,*,#1046,.T.);
#1517=ORIENTED_EDGE('',*,*,#1072,.T.);
#1518=ORIENTED_EDGE('',*,*,#991,.F.);
#1519=ORIENTED_EDGE('',*,*,#997,.F.);
#1520=ORIENTED_EDGE('',*,*,#1049,.F.);
#1521=ORIENTED_EDGE('',*,*,#1035,.F.);
#1522=ORIENTED_EDGE('',*,*,#1073,.F.);
#1523=ORIENTED_EDGE('',*,*,#935,.T.);
#1524=ORIENTED_EDGE('',*,*,#1074,.T.);
#1525=ORIENTED_EDGE('',*,*,#993,.T.);
#1526=ORIENTED_EDGE('',*,*,#1075,.T.);
#1527=ORIENTED_EDGE('',*,*,#1074,.F.);
#1528=ORIENTED_EDGE('',*,*,#934,.F.);
#1529=ORIENTED_EDGE('',*,*,#1076,.F.);
#1530=ORIENTED_EDGE('',*,*,#994,.F.);
#1531=ORIENTED_EDGE('',*,*,#933,.T.);
#1532=ORIENTED_EDGE('',*,*,#1050,.T.);
#1533=ORIENTED_EDGE('',*,*,#995,.T.);
#1534=ORIENTED_EDGE('',*,*,#1076,.T.);
#1535=ORIENTED_EDGE('',*,*,#1015,.F.);
#1536=ORIENTED_EDGE('',*,*,#1024,.F.);
#1537=ORIENTED_EDGE('',*,*,#1059,.F.);
#1538=ORIENTED_EDGE('',*,*,#966,.T.);
#1539=ORIENTED_EDGE('',*,*,#1008,.F.);
#1540=ORIENTED_EDGE('',*,*,#1012,.F.);
#1541=ORIENTED_EDGE('',*,*,#1052,.F.);
#1542=ORIENTED_EDGE('',*,*,#998,.F.);
#1543=ORIENTED_EDGE('',*,*,#1073,.T.);
#1544=ORIENTED_EDGE('',*,*,#1034,.F.);
#1545=ORIENTED_EDGE('',*,*,#1051,.T.);
#1546=ORIENTED_EDGE('',*,*,#1026,.F.);
#1547=ORIENTED_EDGE('',*,*,#1077,.F.);
#1548=ORIENTED_EDGE('',*,*,#959,.T.);
#1549=ORIENTED_EDGE('',*,*,#1009,.F.);
#1550=ORIENTED_EDGE('',*,*,#1077,.T.);
#1551=ORIENTED_EDGE('',*,*,#1025,.F.);
#1552=ORIENTED_EDGE('',*,*,#953,.T.);
#1553=ORIENTED_EDGE('',*,*,#1044,.F.);
#1554=ORIENTED_EDGE('',*,*,#936,.F.);
#1555=ORIENTED_EDGE('',*,*,#1075,.F.);
#1556=ORIENTED_EDGE('',*,*,#992,.F.);
#1557=ORIENTED_EDGE('',*,*,#1072,.F.);
#1558=ORIENTED_EDGE('',*,*,#1045,.T.);
#1559=ORIENTED_EDGE('',*,*,#974,.F.);
#1560=ORIENTED_EDGE('',*,*,#923,.F.);
#1561=ORIENTED_EDGE('',*,*,#908,.F.);
#1562=ORIENTED_EDGE('',*,*,#858,.F.);
#1563=ORIENTED_EDGE('',*,*,#907,.F.);
#1564=ORIENTED_EDGE('',*,*,#945,.F.);
#1565=ORIENTED_EDGE('',*,*,#983,.F.);
#1566=ORIENTED_EDGE('',*,*,#984,.F.);
#1567=ORIENTED_EDGE('',*,*,#881,.F.);
#1568=CYLINDRICAL_SURFACE('',#1715,0.25);
#1569=CYLINDRICAL_SURFACE('',#1718,0.25);
#1570=CYLINDRICAL_SURFACE('',#1720,0.25);
#1571=CYLINDRICAL_SURFACE('',#1722,0.25);
#1572=CYLINDRICAL_SURFACE('',#1724,0.25);
#1573=CYLINDRICAL_SURFACE('',#1737,2.55);
#1574=CYLINDRICAL_SURFACE('',#1745,2.55);
#1575=CYLINDRICAL_SURFACE('',#1753,2.55);
#1576=CYLINDRICAL_SURFACE('',#1760,2.55);
#1577=CYLINDRICAL_SURFACE('',#1767,2.55);
#1578=CYLINDRICAL_SURFACE('',#1769,2.5);
#1579=CYLINDRICAL_SURFACE('',#1772,2.5);
#1580=CYLINDRICAL_SURFACE('',#1774,2.5);
#1581=CYLINDRICAL_SURFACE('',#1776,2.5);
#1582=CYLINDRICAL_SURFACE('',#1813,2.575);
#1583=CYLINDRICAL_SURFACE('',#1824,2.575);
#1584=CYLINDRICAL_SURFACE('',#1826,2.5);
#1585=CYLINDRICAL_SURFACE('',#1829,2.5);
#1586=CYLINDRICAL_SURFACE('',#1831,2.5);
#1587=CYLINDRICAL_SURFACE('',#1842,2.5);
#1588=CYLINDRICAL_SURFACE('',#1843,2.5);
#1589=CYLINDRICAL_SURFACE('',#1846,2.5);
#1590=CYLINDRICAL_SURFACE('',#1849,2.5);
#1591=CYLINDRICAL_SURFACE('',#1854,2.5);
#1592=CYLINDRICAL_SURFACE('',#1856,2.5);
#1593=CYLINDRICAL_SURFACE('',#1861,2.5);
#1594=CYLINDRICAL_SURFACE('',#1864,2.5);
#1595=CYLINDRICAL_SURFACE('',#1867,2.5);
#1596=CYLINDRICAL_SURFACE('',#1869,2.5);
#1597=CYLINDRICAL_SURFACE('',#1870,2.5);
#1598=CYLINDRICAL_SURFACE('',#1872,2.5);
#1599=CYLINDRICAL_SURFACE('',#1875,2.5);
#1600=CYLINDRICAL_SURFACE('',#1877,2.5);
#1601=CYLINDRICAL_SURFACE('',#1879,2.5);
#1602=CYLINDRICAL_SURFACE('',#1881,2.5);
#1603=CYLINDRICAL_SURFACE('',#1883,2.5);
#1604=CYLINDRICAL_SURFACE('',#1887,1.7);
#1605=CYLINDRICAL_SURFACE('',#1890,1.7);
#1606=CYLINDRICAL_SURFACE('',#1893,1.7);
#1607=CYLINDRICAL_SURFACE('',#1896,1.7);
#1608=CYLINDRICAL_SURFACE('',#1899,5.);
#1609=CYLINDRICAL_SURFACE('',#1901,5.);
#1610=ADVANCED_FACE('',(#84),#1568,.T.);
#1611=ADVANCED_FACE('',(#85),#1569,.T.);
#1612=ADVANCED_FACE('',(#86),#1570,.T.);
#1613=ADVANCED_FACE('',(#87),#1571,.T.);
#1614=ADVANCED_FACE('',(#88),#1572,.T.);
#1615=ADVANCED_FACE('',(#89),#46,.T.);
#1616=ADVANCED_FACE('',(#90),#47,.T.);
#1617=ADVANCED_FACE('',(#91),#39,.T.);
#1618=ADVANCED_FACE('',(#92),#1573,.F.);
#1619=ADVANCED_FACE('',(#93,#19),#48,.T.);
#1620=ADVANCED_FACE('',(#94),#40,.T.);
#1621=ADVANCED_FACE('',(#95),#1574,.F.);
#1622=ADVANCED_FACE('',(#96,#20),#49,.T.);
#1623=ADVANCED_FACE('',(#97),#41,.T.);
#1624=ADVANCED_FACE('',(#98),#1575,.F.);
#1625=ADVANCED_FACE('',(#99),#42,.T.);
#1626=ADVANCED_FACE('',(#100),#1576,.F.);
#1627=ADVANCED_FACE('',(#101),#43,.T.);
#1628=ADVANCED_FACE('',(#102),#1577,.F.);
#1629=ADVANCED_FACE('',(#103),#1578,.T.);
#1630=ADVANCED_FACE('',(#104),#50,.T.);
#1631=ADVANCED_FACE('',(#105),#1579,.T.);
#1632=ADVANCED_FACE('',(#106),#1580,.T.);
#1633=ADVANCED_FACE('',(#107),#1581,.T.);
#1634=ADVANCED_FACE('',(#108),#51,.T.);
#1635=ADVANCED_FACE('',(#109),#52,.T.);
#1636=ADVANCED_FACE('',(#110,#21),#53,.T.);
#1637=ADVANCED_FACE('',(#111,#22),#54,.T.);
#1638=ADVANCED_FACE('',(#112,#23),#55,.T.);
#1639=ADVANCED_FACE('',(#113),#56,.T.);
#1640=ADVANCED_FACE('',(#114,#24,#25),#57,.T.);
#1641=ADVANCED_FACE('',(#115,#26),#58,.T.);
#1642=ADVANCED_FACE('',(#116,#27),#59,.T.);
#1643=ADVANCED_FACE('',(#117,#28,#29),#60,.T.);
#1644=ADVANCED_FACE('',(#118),#44,.T.);
#1645=ADVANCED_FACE('',(#119,#30),#61,.T.);
#1646=ADVANCED_FACE('',(#120),#1582,.F.);
#1647=ADVANCED_FACE('',(#121),#45,.T.);
#1648=ADVANCED_FACE('',(#122,#31),#62,.T.);
#1649=ADVANCED_FACE('',(#123),#1583,.F.);
#1650=ADVANCED_FACE('',(#124),#1584,.T.);
#1651=ADVANCED_FACE('',(#125),#63,.T.);
#1652=ADVANCED_FACE('',(#126),#1585,.T.);
#1653=ADVANCED_FACE('',(#127),#1586,.T.);
#1654=ADVANCED_FACE('',(#128,#32,#33,#34,#35),#64,.F.);
#1655=ADVANCED_FACE('',(#129),#65,.T.);
#1656=ADVANCED_FACE('',(#130),#1587,.T.);
#1657=ADVANCED_FACE('',(#131),#1588,.T.);
#1658=ADVANCED_FACE('',(#132),#66,.T.);
#1659=ADVANCED_FACE('',(#133),#1589,.T.);
#1660=ADVANCED_FACE('',(#134),#67,.T.);
#1661=ADVANCED_FACE('',(#135),#1590,.T.);
#1662=ADVANCED_FACE('',(#136,#36),#68,.T.);
#1663=ADVANCED_FACE('',(#137),#1591,.T.);
#1664=ADVANCED_FACE('',(#138),#1592,.T.);
#1665=ADVANCED_FACE('',(#139),#69,.T.);
#1666=ADVANCED_FACE('',(#140),#70,.T.);
#1667=ADVANCED_FACE('',(#141),#1593,.T.);
#1668=ADVANCED_FACE('',(#142),#71,.T.);
#1669=ADVANCED_FACE('',(#143),#1594,.T.);
#1670=ADVANCED_FACE('',(#144),#72,.T.);
#1671=ADVANCED_FACE('',(#145),#1595,.T.);
#1672=ADVANCED_FACE('',(#146),#73,.F.);
#1673=ADVANCED_FACE('',(#147),#1596,.F.);
#1674=ADVANCED_FACE('',(#148),#1597,.F.);
#1675=ADVANCED_FACE('',(#149),#1598,.F.);
#1676=ADVANCED_FACE('',(#150),#1599,.F.);
#1677=ADVANCED_FACE('',(#151),#1600,.F.);
#1678=ADVANCED_FACE('',(#152),#74,.T.);
#1679=ADVANCED_FACE('',(#153),#1601,.F.);
#1680=ADVANCED_FACE('',(#154),#1602,.F.);
#1681=ADVANCED_FACE('',(#155),#1603,.F.);
#1682=ADVANCED_FACE('',(#156),#75,.T.);
#1683=ADVANCED_FACE('',(#157),#15,.F.);
#1684=ADVANCED_FACE('',(#158),#1604,.F.);
#1685=ADVANCED_FACE('',(#159),#16,.F.);
#1686=ADVANCED_FACE('',(#160),#1605,.F.);
#1687=ADVANCED_FACE('',(#161),#17,.F.);
#1688=ADVANCED_FACE('',(#162),#1606,.F.);
#1689=ADVANCED_FACE('',(#163),#18,.F.);
#1690=ADVANCED_FACE('',(#164),#1607,.F.);
#1691=ADVANCED_FACE('',(#165),#76,.F.);
#1692=ADVANCED_FACE('',(#166),#77,.F.);
#1693=ADVANCED_FACE('',(#167),#1608,.F.);
#1694=ADVANCED_FACE('',(#168),#78,.F.);
#1695=ADVANCED_FACE('',(#169),#1609,.F.);
#1696=ADVANCED_FACE('',(#170),#79,.T.);
#1697=ADVANCED_FACE('',(#171,#37),#80,.T.);
#1698=ADVANCED_FACE('',(#172),#81,.T.);
#1699=ADVANCED_FACE('',(#173),#82,.F.);
#1700=ADVANCED_FACE('',(#174,#38),#83,.T.);
#1701=CLOSED_SHELL('',(#1610,#1611,#1612,#1613,#1614,#1615,#1616,#1617,
#1618,#1619,#1620,#1621,#1622,#1623,#1624,#1625,#1626,#1627,#1628,#1629,
#1630,#1631,#1632,#1633,#1634,#1635,#1636,#1637,#1638,#1639,#1640,#1641,
#1642,#1643,#1644,#1645,#1646,#1647,#1648,#1649,#1650,#1651,#1652,#1653,
#1654,#1655,#1656,#1657,#1658,#1659,#1660,#1661,#1662,#1663,#1664,#1665,
#1666,#1667,#1668,#1669,#1670,#1671,#1672,#1673,#1674,#1675,#1676,#1677,
#1678,#1679,#1680,#1681,#1682,#1683,#1684,#1685,#1686,#1687,#1688,#1689,
#1690,#1691,#1692,#1693,#1694,#1695,#1696,#1697,#1698,#1699,#1700));
#1702=DERIVED_UNIT_ELEMENT(#1704,1.);
#1703=DERIVED_UNIT_ELEMENT(#2937,-3.);
#1704=(
MASS_UNIT()
NAMED_UNIT(*)
SI_UNIT(.KILO.,.GRAM.)
);
#1705=DERIVED_UNIT((#1702,#1703));
#1706=MEASURE_REPRESENTATION_ITEM('density measure',
POSITIVE_RATIO_MEASURE(7850.),#1705);
#1707=PROPERTY_DEFINITION_REPRESENTATION(#1712,#1709);
#1708=PROPERTY_DEFINITION_REPRESENTATION(#1713,#1710);
#1709=REPRESENTATION('material name',(#1711),#2934);
#1710=REPRESENTATION('density',(#1706),#2934);
#1711=DESCRIPTIVE_REPRESENTATION_ITEM('Steel','Steel');
#1712=PROPERTY_DEFINITION('material property','material name',#2944);
#1713=PROPERTY_DEFINITION('material property','density of part',#2944);
#1714=AXIS2_PLACEMENT_3D('',#2437,#1907,#1908);
#1715=AXIS2_PLACEMENT_3D('',#2438,#1909,#1910);
#1716=AXIS2_PLACEMENT_3D('',#2443,#1912,#1913);
#1717=AXIS2_PLACEMENT_3D('',#2446,#1915,#1916);
#1718=AXIS2_PLACEMENT_3D('',#2447,#1917,#1918);
#1719=AXIS2_PLACEMENT_3D('',#2451,#1920,#1921);
#1720=AXIS2_PLACEMENT_3D('',#2453,#1923,#1924);
#1721=AXIS2_PLACEMENT_3D('',#2457,#1926,#1927);
#1722=AXIS2_PLACEMENT_3D('',#2459,#1929,#1930);
#1723=AXIS2_PLACEMENT_3D('',#2463,#1932,#1933);
#1724=AXIS2_PLACEMENT_3D('',#2465,#1935,#1936);
#1725=AXIS2_PLACEMENT_3D('',#2469,#1938,#1939);
#1726=AXIS2_PLACEMENT_3D('',#2471,#1941,#1942);
#1727=AXIS2_PLACEMENT_3D('',#2479,#1947,#1948);
#1728=AXIS2_PLACEMENT_3D('',#2485,#1951,#1952);
#1729=AXIS2_PLACEMENT_3D('',#2489,#1954,#1955);
#1730=AXIS2_PLACEMENT_3D('',#2493,#1957,#1958);
#1731=AXIS2_PLACEMENT_3D('',#2497,#1960,#1961);
#1732=AXIS2_PLACEMENT_3D('',#2499,#1963,#1964);
#1733=AXIS2_PLACEMENT_3D('',#2501,#1965,#1966);
#1734=AXIS2_PLACEMENT_3D('',#2503,#1967,#1968);
#1735=AXIS2_PLACEMENT_3D('',#2505,#1969,#1970);
#1736=AXIS2_PLACEMENT_3D('',#2506,#1971,#1972);
#1737=AXIS2_PLACEMENT_3D('',#2507,#1973,#1974);
#1738=AXIS2_PLACEMENT_3D('',#2509,#1975,#1976);
#1739=AXIS2_PLACEMENT_3D('',#2511,#1978,#1979);
#1740=AXIS2_PLACEMENT_3D('',#2517,#1983,#1984);
#1741=AXIS2_PLACEMENT_3D('',#2519,#1985,#1986);
#1742=AXIS2_PLACEMENT_3D('',#2521,#1987,#1988);
#1743=AXIS2_PLACEMENT_3D('',#2523,#1989,#1990);
#1744=AXIS2_PLACEMENT_3D('',#2524,#1991,#1992);
#1745=AXIS2_PLACEMENT_3D('',#2525,#1993,#1994);
#1746=AXIS2_PLACEMENT_3D('',#2528,#1996,#1997);
#1747=AXIS2_PLACEMENT_3D('',#2529,#1998,#1999);
#1748=AXIS2_PLACEMENT_3D('',#2535,#2003,#2004);
#1749=AXIS2_PLACEMENT_3D('',#2537,#2005,#2006);
#1750=AXIS2_PLACEMENT_3D('',#2539,#2007,#2008);
#1751=AXIS2_PLACEMENT_3D('',#2541,#2009,#2010);
#1752=AXIS2_PLACEMENT_3D('',#2542,#2011,#2012);
#1753=AXIS2_PLACEMENT_3D('',#2543,#2013,#2014);
#1754=AXIS2_PLACEMENT_3D('',#2546,#2016,#2017);
#1755=AXIS2_PLACEMENT_3D('',#2547,#2018,#2019);
#1756=AXIS2_PLACEMENT_3D('',#2549,#2020,#2021);
#1757=AXIS2_PLACEMENT_3D('',#2551,#2022,#2023);
#1758=AXIS2_PLACEMENT_3D('',#2553,#2024,#2025);
#1759=AXIS2_PLACEMENT_3D('',#2554,#2026,#2027);
#1760=AXIS2_PLACEMENT_3D('',#2555,#2028,#2029);
#1761=AXIS2_PLACEMENT_3D('',#2558,#2031,#2032);
#1762=AXIS2_PLACEMENT_3D('',#2559,#2033,#2034);
#1763=AXIS2_PLACEMENT_3D('',#2561,#2035,#2036);
#1764=AXIS2_PLACEMENT_3D('',#2563,#2037,#2038);
#1765=AXIS2_PLACEMENT_3D('',#2565,#2039,#2040);
#1766=AXIS2_PLACEMENT_3D('',#2566,#2041,#2042);
#1767=AXIS2_PLACEMENT_3D('',#2567,#2043,#2044);
#1768=AXIS2_PLACEMENT_3D('',#2570,#2046,#2047);
#1769=AXIS2_PLACEMENT_3D('',#2571,#2048,#2049);
#1770=AXIS2_PLACEMENT_3D('',#2573,#2050,#2051);
#1771=AXIS2_PLACEMENT_3D('',#2575,#2053,#2054);
#1772=AXIS2_PLACEMENT_3D('',#2582,#2059,#2060);
#1773=AXIS2_PLACEMENT_3D('',#2583,#2061,#2062);
#1774=AXIS2_PLACEMENT_3D('',#2584,#2063,#2064);
#1775=AXIS2_PLACEMENT_3D('',#2586,#2065,#2066);
#1776=AXIS2_PLACEMENT_3D('',#2588,#2068,#2069);
#1777=AXIS2_PLACEMENT_3D('',#2591,#2071,#2072);
#1778=AXIS2_PLACEMENT_3D('',#2592,#2073,#2074);
#1779=AXIS2_PLACEMENT_3D('',#2596,#2077,#2078);
#1780=AXIS2_PLACEMENT_3D('',#2600,#2081,#2082);
#1781=AXIS2_PLACEMENT_3D('',#2604,#2085,#2086);
#1782=AXIS2_PLACEMENT_3D('',#2608,#2089,#2090);
#1783=AXIS2_PLACEMENT_3D('',#2612,#2093,#2094);
#1784=AXIS2_PLACEMENT_3D('',#2614,#2096,#2097);
#1785=AXIS2_PLACEMENT_3D('',#2615,#2098,#2099);
#1786=AXIS2_PLACEMENT_3D('',#2617,#2100,#2101);
#1787=AXIS2_PLACEMENT_3D('',#2618,#2102,#2103);
#1788=AXIS2_PLACEMENT_3D('',#2620,#2104,#2105);
#1789=AXIS2_PLACEMENT_3D('',#2621,#2106,#2107);
#1790=AXIS2_PLACEMENT_3D('',#2625,#2109,#2110);
#1791=AXIS2_PLACEMENT_3D('',#2629,#2112,#2113);
#1792=AXIS2_PLACEMENT_3D('',#2633,#2115,#2116);
#1793=AXIS2_PLACEMENT_3D('',#2635,#2117,#2118);
#1794=AXIS2_PLACEMENT_3D('',#2639,#2120,#2121);
#1795=AXIS2_PLACEMENT_3D('',#2643,#2123,#2124);
#1796=AXIS2_PLACEMENT_3D('',#2647,#2126,#2127);
#1797=AXIS2_PLACEMENT_3D('',#2651,#2129,#2130);
#1798=AXIS2_PLACEMENT_3D('',#2655,#2132,#2133);
#1799=AXIS2_PLACEMENT_3D('',#2657,#2134,#2135);
#1800=AXIS2_PLACEMENT_3D('',#2661,#2137,#2138);
#1801=AXIS2_PLACEMENT_3D('',#2665,#2140,#2141);
#1802=AXIS2_PLACEMENT_3D('',#2668,#2143,#2144);
#1803=AXIS2_PLACEMENT_3D('',#2670,#2145,#2146);
#1804=AXIS2_PLACEMENT_3D('',#2671,#2147,#2148);
#1805=AXIS2_PLACEMENT_3D('',#2673,#2149,#2150);
#1806=AXIS2_PLACEMENT_3D('',#2675,#2151,#2152);
#1807=AXIS2_PLACEMENT_3D('',#2677,#2153,#2154);
#1808=AXIS2_PLACEMENT_3D('',#2678,#2155,#2156);
#1809=AXIS2_PLACEMENT_3D('',#2679,#2157,#2158);
#1810=AXIS2_PLACEMENT_3D('',#2682,#2159,#2160);
#1811=AXIS2_PLACEMENT_3D('',#2686,#2162,#2163);
#1812=AXIS2_PLACEMENT_3D('',#2688,#2164,#2165);
#1813=AXIS2_PLACEMENT_3D('',#2694,#2169,#2170);
#1814=AXIS2_PLACEMENT_3D('',#2696,#2171,#2172);
#1815=AXIS2_PLACEMENT_3D('',#2698,#2174,#2175);
#1816=AXIS2_PLACEMENT_3D('',#2700,#2176,#2177);
#1817=AXIS2_PLACEMENT_3D('',#2702,#2178,#2179);
#1818=AXIS2_PLACEMENT_3D('',#2704,#2180,#2181);
#1819=AXIS2_PLACEMENT_3D('',#2705,#2182,#2183);
#1820=AXIS2_PLACEMENT_3D('',#2706,#2184,#2185);
#1821=AXIS2_PLACEMENT_3D('',#2709,#2186,#2187);
#1822=AXIS2_PLACEMENT_3D('',#2717,#2191,#2192);
#1823=AXIS2_PLACEMENT_3D('',#2719,#2193,#2194);
#1824=AXIS2_PLACEMENT_3D('',#2721,#2196,#2197);
#1825=AXIS2_PLACEMENT_3D('',#2724,#2199,#2200);
#1826=AXIS2_PLACEMENT_3D('',#2725,#2201,#2202);
#1827=AXIS2_PLACEMENT_3D('',#2729,#2204,#2205);
#1828=AXIS2_PLACEMENT_3D('',#2731,#2207,#2208);
#1829=AXIS2_PLACEMENT_3D('',#2735,#2211,#2212);
#1830=AXIS2_PLACEMENT_3D('',#2737,#2213,#2214);
#1831=AXIS2_PLACEMENT_3D('',#2739,#2216,#2217);
#1832=AXIS2_PLACEMENT_3D('',#2743,#2219,#2220);
#1833=AXIS2_PLACEMENT_3D('',#2745,#2222,#2223);
#1834=AXIS2_PLACEMENT_3D('',#2750,#2226,#2227);
#1835=AXIS2_PLACEMENT_3D('',#2764,#2234,#2235);
#1836=AXIS2_PLACEMENT_3D('',#2768,#2237,#2238);
#1837=AXIS2_PLACEMENT_3D('',#2781,#2245,#2246);
#1838=AXIS2_PLACEMENT_3D('',#2783,#2247,#2248);
#1839=AXIS2_PLACEMENT_3D('',#2785,#2249,#2250);
#1840=AXIS2_PLACEMENT_3D('',#2787,#2251,#2252);
#1841=AXIS2_PLACEMENT_3D('',#2788,#2253,#2254);
#1842=AXIS2_PLACEMENT_3D('',#2790,#2256,#2257);
#1843=AXIS2_PLACEMENT_3D('',#2792,#2259,#2260);
#1844=AXIS2_PLACEMENT_3D('',#2795,#2261,#2262);
#1845=AXIS2_PLACEMENT_3D('',#2798,#2265,#2266);
#1846=AXIS2_PLACEMENT_3D('',#2802,#2269,#2270);
#1847=AXIS2_PLACEMENT_3D('',#2806,#2272,#2273);
#1848=AXIS2_PLACEMENT_3D('',#2808,#2275,#2276);
#1849=AXIS2_PLACEMENT_3D('',#2812,#2279,#2280);
#1850=AXIS2_PLACEMENT_3D('',#2814,#2281,#2282);
#1851=AXIS2_PLACEMENT_3D('',#2816,#2284,#2285);
#1852=AXIS2_PLACEMENT_3D('',#2818,#2286,#2287);
#1853=AXIS2_PLACEMENT_3D('',#2823,#2290,#2291);
#1854=AXIS2_PLACEMENT_3D('',#2825,#2293,#2294);
#1855=AXIS2_PLACEMENT_3D('',#2829,#2296,#2297);
#1856=AXIS2_PLACEMENT_3D('',#2831,#2299,#2300);
#1857=AXIS2_PLACEMENT_3D('',#2833,#2301,#2302);
#1858=AXIS2_PLACEMENT_3D('',#2836,#2305,#2306);
#1859=AXIS2_PLACEMENT_3D('',#2840,#2309,#2310);
#1860=AXIS2_PLACEMENT_3D('',#2849,#2315,#2316);
#1861=AXIS2_PLACEMENT_3D('',#2850,#2317,#2318);
#1862=AXIS2_PLACEMENT_3D('',#2853,#2320,#2321);
#1863=AXIS2_PLACEMENT_3D('',#2855,#2323,#2324);
#1864=AXIS2_PLACEMENT_3D('',#2859,#2327,#2328);
#1865=AXIS2_PLACEMENT_3D('',#2861,#2329,#2330);
#1866=AXIS2_PLACEMENT_3D('',#2863,#2332,#2333);
#1867=AXIS2_PLACEMENT_3D('',#2868,#2337,#2338);
#1868=AXIS2_PLACEMENT_3D('',#2870,#2340,#2341);
#1869=AXIS2_PLACEMENT_3D('',#2873,#2344,#2345);
#1870=AXIS2_PLACEMENT_3D('',#2874,#2346,#2347);
#1871=AXIS2_PLACEMENT_3D('',#2875,#2348,#2349);
#1872=AXIS2_PLACEMENT_3D('',#2876,#2350,#2351);
#1873=AXIS2_PLACEMENT_3D('',#2877,#2352,#2353);
#1874=AXIS2_PLACEMENT_3D('',#2878,#2354,#2355);
#1875=AXIS2_PLACEMENT_3D('',#2879,#2356,#2357);
#1876=AXIS2_PLACEMENT_3D('',#2880,#2358,#2359);
#1877=AXIS2_PLACEMENT_3D('',#2881,#2360,#2361);
#1878=AXIS2_PLACEMENT_3D('',#2883,#2363,#2364);
#1879=AXIS2_PLACEMENT_3D('',#2884,#2365,#2366);
#1880=AXIS2_PLACEMENT_3D('',#2886,#2368,#2369);
#1881=AXIS2_PLACEMENT_3D('',#2887,#2370,#2371);
#1882=AXIS2_PLACEMENT_3D('',#2888,#2372,#2373);
#1883=AXIS2_PLACEMENT_3D('',#2889,#2374,#2375);
#1884=AXIS2_PLACEMENT_3D('',#2891,#2377,#2378);
#1885=AXIS2_PLACEMENT_3D('',#2892,#2379,#2380);
#1886=AXIS2_PLACEMENT_3D('',#2895,#2382,#2383);
#1887=AXIS2_PLACEMENT_3D('',#2896,#2384,#2385);
#1888=AXIS2_PLACEMENT_3D('',#2898,#2387,#2388);
#1889=AXIS2_PLACEMENT_3D('',#2901,#2390,#2391);
#1890=AXIS2_PLACEMENT_3D('',#2902,#2392,#2393);
#1891=AXIS2_PLACEMENT_3D('',#2904,#2395,#2396);
#1892=AXIS2_PLACEMENT_3D('',#2907,#2398,#2399);
#1893=AXIS2_PLACEMENT_3D('',#2908,#2400,#2401);
#1894=AXIS2_PLACEMENT_3D('',#2910,#2403,#2404);
#1895=AXIS2_PLACEMENT_3D('',#2913,#2406,#2407);
#1896=AXIS2_PLACEMENT_3D('',#2914,#2408,#2409);
#1897=AXIS2_PLACEMENT_3D('',#2916,#2411,#2412);
#1898=AXIS2_PLACEMENT_3D('',#2918,#2414,#2415);
#1899=AXIS2_PLACEMENT_3D('',#2920,#2417,#2418);
#1900=AXIS2_PLACEMENT_3D('',#2923,#2421,#2422);
#1901=AXIS2_PLACEMENT_3D('',#2925,#2424,#2425);
#1902=AXIS2_PLACEMENT_3D('',#2926,#2426,#2427);
#1903=AXIS2_PLACEMENT_3D('',#2927,#2428,#2429);
#1904=AXIS2_PLACEMENT_3D('',#2929,#2431,#2432);
#1905=AXIS2_PLACEMENT_3D('',#2930,#2433,#2434);
#1906=AXIS2_PLACEMENT_3D('',#2931,#2435,#2436);
#1907=DIRECTION('axis',(0.,0.,1.));
#1908=DIRECTION('refdir',(1.,0.,0.));
#1909=DIRECTION('center_axis',(-1.,5.71543384620415E-17,0.));
#1910=DIRECTION('ref_axis',(0.,0.707106781186554,0.707106781186541));
#1911=DIRECTION('',(-1.,5.71543384620415E-17,0.));
#1912=DIRECTION('center_axis',(1.,0.,0.));
#1913=DIRECTION('ref_axis',(0.,0.707106781186554,0.707106781186541));
#1914=DIRECTION('',(1.,-5.71543384620415E-17,0.));
#1915=DIRECTION('center_axis',(-0.707106781186543,-0.707106781186552,3.14018491736758E-15));
#1916=DIRECTION('ref_axis',(0.707106781186552,-0.707106781186543,3.14018491736754E-15));
#1917=DIRECTION('center_axis',(0.,-1.,0.));
#1918=DIRECTION('ref_axis',(-0.70710678118656,0.,0.707106781186535));
#1919=DIRECTION('',(0.,1.,0.));
#1920=DIRECTION('center_axis',(0.707106781186541,-0.707106781186554,0.));
#1921=DIRECTION('ref_axis',(0.707106781186554,0.707106781186541,0.));
#1922=DIRECTION('',(0.,-1.,0.));
#1923=DIRECTION('center_axis',(1.,1.14308676924083E-16,0.));
#1924=DIRECTION('ref_axis',(0.,-0.707106781186548,0.707106781186548));
#1925=DIRECTION('',(-1.,-1.14308676924083E-16,0.));
#1926=DIRECTION('center_axis',(0.707106781186548,0.707106781186548,0.));
#1927=DIRECTION('ref_axis',(-0.707106781186547,0.707106781186547,0.));
#1928=DIRECTION('',(1.,1.14308676924083E-16,0.));
#1929=DIRECTION('center_axis',(0.,1.,0.));
#1930=DIRECTION('ref_axis',(0.70710678118656,0.,0.707106781186535));
#1931=DIRECTION('',(0.,-1.,0.));
#1932=DIRECTION('center_axis',(-0.707106781186549,0.707106781186546,0.));
#1933=DIRECTION('ref_axis',(-0.707106781186546,-0.707106781186549,0.));
#1934=DIRECTION('',(0.,1.,0.));
#1935=DIRECTION('center_axis',(-1.,5.71543384620415E-17,0.));
#1936=DIRECTION('ref_axis',(0.,0.707106781186557,0.707106781186538));
#1937=DIRECTION('',(1.,-5.71543384620415E-17,0.));
#1938=DIRECTION('center_axis',(-1.,0.,0.));
#1939=DIRECTION('ref_axis',(0.,0.707106781186557,0.707106781186538));
#1940=DIRECTION('',(-1.,5.71543384620415E-17,0.));
#1941=DIRECTION('center_axis',(1.,0.,0.));
#1942=DIRECTION('ref_axis',(0.,1.,0.));
#1943=DIRECTION('',(0.,1.,0.));
#1944=DIRECTION('',(0.,0.,1.));
#1945=DIRECTION('',(0.,-1.,0.));
#1946=DIRECTION('',(0.,0.,1.));
#1947=DIRECTION('center_axis',(0.,0.,1.));
#1948=DIRECTION('ref_axis',(1.,0.,0.));
#1949=DIRECTION('',(0.,-1.,0.));
#1950=DIRECTION('',(1.,0.,0.));
#1951=DIRECTION('center_axis',(0.,0.,-1.));
#1952=DIRECTION('ref_axis',(0.707106781186547,-0.707106781186547,0.));
#1953=DIRECTION('',(0.,1.,0.));
#1954=DIRECTION('center_axis',(0.,0.,-1.));
#1955=DIRECTION('ref_axis',(0.707106781186547,0.707106781186547,0.));
#1956=DIRECTION('',(-1.,2.40806033939124E-14,0.));
#1957=DIRECTION('center_axis',(0.,0.,-1.));
#1958=DIRECTION('ref_axis',(-0.707106781186547,0.707106781186547,0.));
#1959=DIRECTION('',(0.,-1.,0.));
#1960=DIRECTION('center_axis',(0.,0.,-1.));
#1961=DIRECTION('ref_axis',(-0.707106781186547,-0.707106781186547,0.));
#1962=DIRECTION('',(1.,0.,0.));
#1963=DIRECTION('center_axis',(1.,0.,0.));
#1964=DIRECTION('ref_axis',(0.,0.,-1.));
#1965=DIRECTION('center_axis',(-1.,0.,0.));
#1966=DIRECTION('ref_axis',(0.,1.,0.));
#1967=DIRECTION('center_axis',(0.,-1.,0.));
#1968=DIRECTION('ref_axis',(0.,0.,1.));
#1969=DIRECTION('center_axis',(1.,0.,0.));
#1970=DIRECTION('ref_axis',(0.,1.,0.));
#1971=DIRECTION('center_axis',(1.,0.,0.));
#1972=DIRECTION('ref_axis',(0.,1.,0.));
#1973=DIRECTION('center_axis',(-1.,0.,0.));
#1974=DIRECTION('ref_axis',(0.,1.,0.));
#1975=DIRECTION('center_axis',(-1.,0.,0.));
#1976=DIRECTION('ref_axis',(0.,1.,0.));
#1977=DIRECTION('',(-1.,0.,0.));
#1978=DIRECTION('center_axis',(-1.,0.,0.));
#1979=DIRECTION('ref_axis',(0.,-1.,0.));
#1980=DIRECTION('',(0.,0.,-1.));
#1981=DIRECTION('',(0.,0.,1.));
#1982=DIRECTION('',(0.,1.,0.));
#1983=DIRECTION('center_axis',(-1.,0.,0.));
#1984=DIRECTION('ref_axis',(0.,0.,1.));
#1985=DIRECTION('center_axis',(1.,0.,0.));
#1986=DIRECTION('ref_axis',(0.,-1.,0.));
#1987=DIRECTION('center_axis',(0.,-1.,0.));
#1988=DIRECTION('ref_axis',(0.,0.,-1.));
#1989=DIRECTION('center_axis',(-1.,0.,0.));
#1990=DIRECTION('ref_axis',(0.,-1.,0.));
#1991=DIRECTION('center_axis',(-1.,0.,0.));
#1992=DIRECTION('ref_axis',(0.,-1.,0.));
#1993=DIRECTION('center_axis',(-1.,0.,0.));
#1994=DIRECTION('ref_axis',(0.,1.,0.));
#1995=DIRECTION('',(-1.,0.,0.));
#1996=DIRECTION('center_axis',(1.,0.,0.));
#1997=DIRECTION('ref_axis',(0.,1.,0.));
#1998=DIRECTION('center_axis',(1.,0.,0.));
#1999=DIRECTION('ref_axis',(0.,1.,0.));
#2000=DIRECTION('',(0.,0.,1.));
#2001=DIRECTION('',(0.,-1.,0.));
#2002=DIRECTION('',(0.,0.,-1.));
#2003=DIRECTION('center_axis',(0.,-1.,0.));
#2004=DIRECTION('ref_axis',(0.,0.,-1.));
#2005=DIRECTION('center_axis',(0.,1.,0.));
#2006=DIRECTION('ref_axis',(0.,0.,-1.));
#2007=DIRECTION('center_axis',(-1.,0.,0.));
#2008=DIRECTION('ref_axis',(0.,0.,1.));
#2009=DIRECTION('center_axis',(0.,-1.,0.));
#2010=DIRECTION('ref_axis',(0.,0.,-1.));
#2011=DIRECTION('center_axis',(0.,-1.,0.));
#2012=DIRECTION('ref_axis',(0.,0.,-1.));
#2013=DIRECTION('center_axis',(0.,-1.,0.));
#2014=DIRECTION('ref_axis',(0.,0.,1.));
#2015=DIRECTION('',(0.,-1.,0.));
#2016=DIRECTION('center_axis',(-1.14308676924083E-16,1.,0.));
#2017=DIRECTION('ref_axis',(0.,0.,1.));
#2018=DIRECTION('center_axis',(0.,0.,1.));
#2019=DIRECTION('ref_axis',(1.,0.,0.));
#2020=DIRECTION('center_axis',(0.,0.,1.));
#2021=DIRECTION('ref_axis',(1.,0.,0.));
#2022=DIRECTION('center_axis',(0.,-1.,0.));
#2023=DIRECTION('ref_axis',(-1.,0.,0.));
#2024=DIRECTION('center_axis',(0.,0.,1.));
#2025=DIRECTION('ref_axis',(1.,0.,0.));
#2026=DIRECTION('center_axis',(0.,0.,1.));
#2027=DIRECTION('ref_axis',(1.,0.,0.));
#2028=DIRECTION('center_axis',(0.,0.,1.));
#2029=DIRECTION('ref_axis',(-1.,0.,0.));
#2030=DIRECTION('',(0.,0.,1.));
#2031=DIRECTION('center_axis',(0.,0.,-1.));
#2032=DIRECTION('ref_axis',(-1.,0.,0.));
#2033=DIRECTION('center_axis',(0.,0.,1.));
#2034=DIRECTION('ref_axis',(1.,0.,0.));
#2035=DIRECTION('center_axis',(0.,0.,1.));
#2036=DIRECTION('ref_axis',(1.,0.,0.));
#2037=DIRECTION('center_axis',(0.,-1.,0.));
#2038=DIRECTION('ref_axis',(-1.,0.,0.));
#2039=DIRECTION('center_axis',(0.,0.,1.));
#2040=DIRECTION('ref_axis',(1.,0.,0.));
#2041=DIRECTION('center_axis',(0.,0.,1.));
#2042=DIRECTION('ref_axis',(1.,0.,0.));
#2043=DIRECTION('center_axis',(0.,0.,1.));
#2044=DIRECTION('ref_axis',(-1.,0.,0.));
#2045=DIRECTION('',(0.,0.,1.));
#2046=DIRECTION('center_axis',(0.,0.,-1.));
#2047=DIRECTION('ref_axis',(-1.,0.,0.));
#2048=DIRECTION('center_axis',(0.,0.,1.));
#2049=DIRECTION('ref_axis',(-0.707106781186547,-0.707106781186547,0.));
#2050=DIRECTION('center_axis',(0.,0.,-1.));
#2051=DIRECTION('ref_axis',(-0.707106781186547,-0.707106781186547,0.));
#2052=DIRECTION('',(0.,0.,1.));
#2053=DIRECTION('center_axis',(0.,-1.,0.));
#2054=DIRECTION('ref_axis',(1.,0.,0.));
#2055=DIRECTION('',(-1.,0.,0.));
#2056=DIRECTION('',(0.,0.,-1.));
#2057=DIRECTION('',(0.,0.,1.));
#2058=DIRECTION('',(1.,0.,0.));
#2059=DIRECTION('center_axis',(0.,0.,1.));
#2060=DIRECTION('ref_axis',(0.707106781186547,-0.707106781186547,0.));
#2061=DIRECTION('center_axis',(0.,0.,-1.));
#2062=DIRECTION('ref_axis',(0.707106781186547,-0.707106781186547,0.));
#2063=DIRECTION('center_axis',(0.,0.,1.));
#2064=DIRECTION('ref_axis',(0.707106781186547,0.707106781186547,0.));
#2065=DIRECTION('center_axis',(0.,0.,-1.));
#2066=DIRECTION('ref_axis',(0.707106781186547,0.707106781186547,0.));
#2067=DIRECTION('',(0.,0.,1.));
#2068=DIRECTION('center_axis',(0.,0.,1.));
#2069=DIRECTION('ref_axis',(-0.707106781186547,0.707106781186547,0.));
#2070=DIRECTION('',(0.,0.,-1.));
#2071=DIRECTION('center_axis',(0.,0.,-1.));
#2072=DIRECTION('ref_axis',(-0.707106781186547,0.707106781186547,0.));
#2073=DIRECTION('center_axis',(-1.,0.,0.));
#2074=DIRECTION('ref_axis',(0.,-1.,0.));
#2075=DIRECTION('',(0.,0.,1.));
#2076=DIRECTION('',(0.,1.,0.));
#2077=DIRECTION('center_axis',(5.71543384620415E-17,1.,0.));
#2078=DIRECTION('ref_axis',(-1.,5.71543384620415E-17,0.));
#2079=DIRECTION('',(0.,0.,1.));
#2080=DIRECTION('',(1.,-5.71543384620415E-17,0.));
#2081=DIRECTION('center_axis',(-1.,0.,0.));
#2082=DIRECTION('ref_axis',(0.,-1.,0.));
#2083=DIRECTION('',(0.,0.,1.));
#2084=DIRECTION('',(0.,1.,0.));
#2085=DIRECTION('center_axis',(1.14308676924083E-16,-1.,0.));
#2086=DIRECTION('ref_axis',(1.,1.14308676924083E-16,0.));
#2087=DIRECTION('',(0.,0.,1.));
#2088=DIRECTION('',(-1.,-1.14308676924083E-16,0.));
#2089=DIRECTION('center_axis',(1.,0.,0.));
#2090=DIRECTION('ref_axis',(0.,1.,0.));
#2091=DIRECTION('',(0.,0.,1.));
#2092=DIRECTION('',(0.,-1.,0.));
#2093=DIRECTION('center_axis',(5.71543384620415E-17,1.,0.));
#2094=DIRECTION('ref_axis',(-1.,5.71543384620415E-17,0.));
#2095=DIRECTION('',(1.,-5.71543384620415E-17,0.));
#2096=DIRECTION('center_axis',(0.,0.,1.));
#2097=DIRECTION('ref_axis',(1.,0.,0.));
#2098=DIRECTION('center_axis',(0.,0.,1.));
#2099=DIRECTION('ref_axis',(1.,0.,0.));
#2100=DIRECTION('center_axis',(0.,0.,-1.));
#2101=DIRECTION('ref_axis',(-1.,0.,0.));
#2102=DIRECTION('center_axis',(0.,0.,1.));
#2103=DIRECTION('ref_axis',(1.,0.,0.));
#2104=DIRECTION('center_axis',(0.,0.,-1.));
#2105=DIRECTION('ref_axis',(-1.,0.,0.));
#2106=DIRECTION('center_axis',(0.,0.,1.));
#2107=DIRECTION('ref_axis',(1.,0.,0.));
#2108=DIRECTION('',(-1.,0.,0.));
#2109=DIRECTION('center_axis',(0.,0.,-1.));
#2110=DIRECTION('ref_axis',(-0.707106781186547,0.707106781186547,0.));
#2111=DIRECTION('',(4.736951571734E-16,-1.,0.));
#2112=DIRECTION('center_axis',(0.,0.,-1.));
#2113=DIRECTION('ref_axis',(-0.707106781186547,-0.707106781186547,0.));
#2114=DIRECTION('',(1.,2.46716227694479E-17,0.));
#2115=DIRECTION('center_axis',(0.,0.,1.));
#2116=DIRECTION('ref_axis',(0.707106781186547,0.707106781186547,0.));
#2117=DIRECTION('center_axis',(0.,0.,-1.));
#2118=DIRECTION('ref_axis',(-0.707106781186547,-0.707106781186547,0.));
#2119=DIRECTION('',(-1.,0.,-6.254777603522E-17));
#2120=DIRECTION('center_axis',(0.,0.,-1.));
#2121=DIRECTION('ref_axis',(0.707106781186547,-0.707106781186547,0.));
#2122=DIRECTION('',(0.,-1.,0.));
#2123=DIRECTION('center_axis',(0.,0.,1.));
#2124=DIRECTION('ref_axis',(-0.707106781186547,0.707106781186548,0.));
#2125=DIRECTION('',(1.,2.46716227694479E-17,0.));
#2126=DIRECTION('center_axis',(0.,0.,1.));
#2127=DIRECTION('ref_axis',(0.707106781186548,0.707106781186547,0.));
#2128=DIRECTION('',(0.,-1.,0.));
#2129=DIRECTION('center_axis',(0.,0.,-1.));
#2130=DIRECTION('ref_axis',(-0.707106781186547,-0.707106781186547,0.));
#2131=DIRECTION('',(-1.,1.78589343820855E-30,0.));
#2132=DIRECTION('center_axis',(0.,0.,-1.));
#2133=DIRECTION('ref_axis',(0.707106781186547,-0.707106781186547,0.));
#2134=DIRECTION('center_axis',(0.,0.,1.));
#2135=DIRECTION('ref_axis',(-0.707106781186547,0.707106781186547,0.));
#2136=DIRECTION('',(1.,2.46716227694479E-17,0.));
#2137=DIRECTION('center_axis',(0.,0.,-1.));
#2138=DIRECTION('ref_axis',(0.707106781186547,-0.707106781186547,0.));
#2139=DIRECTION('',(0.,1.,0.));
#2140=DIRECTION('center_axis',(0.,0.,-1.));
#2141=DIRECTION('ref_axis',(0.707106781186547,0.707106781186547,0.));
#2142=DIRECTION('',(-1.,0.,0.));
#2143=DIRECTION('center_axis',(0.,0.,-1.));
#2144=DIRECTION('ref_axis',(-1.,0.,0.));
#2145=DIRECTION('center_axis',(0.,0.,-1.));
#2146=DIRECTION('ref_axis',(-1.,0.,0.));
#2147=DIRECTION('center_axis',(1.,2.7328566760004E-16,0.));
#2148=DIRECTION('ref_axis',(0.,0.,-1.));
#2149=DIRECTION('center_axis',(-1.,-2.7328566760004E-16,0.));
#2150=DIRECTION('ref_axis',(-2.7328566760004E-16,1.,0.));
#2151=DIRECTION('center_axis',(2.7328566760004E-16,-1.,0.));
#2152=DIRECTION('ref_axis',(0.,0.,1.));
#2153=DIRECTION('center_axis',(1.,2.7328566760004E-16,0.));
#2154=DIRECTION('ref_axis',(-2.69471607918727E-16,1.,0.));
#2155=DIRECTION('center_axis',(1.,2.7328566760004E-16,0.));
#2156=DIRECTION('ref_axis',(-2.69471607918727E-16,1.,0.));
#2157=DIRECTION('center_axis',(-1.,-2.7328566760004E-16,0.));
#2158=DIRECTION('ref_axis',(-2.7328566760004E-16,1.,0.));
#2159=DIRECTION('center_axis',(1.,2.7328566760004E-16,0.));
#2160=DIRECTION('ref_axis',(0.,0.707106781186547,-0.707106781186547));
#2161=DIRECTION('',(-2.7328566760004E-16,1.,0.));
#2162=DIRECTION('center_axis',(1.,2.7328566760004E-16,0.));
#2163=DIRECTION('ref_axis',(0.,-0.707106781186547,-0.707106781186547));
#2164=DIRECTION('center_axis',(-1.,-2.7328566760004E-16,0.));
#2165=DIRECTION('ref_axis',(0.,0.707106781186547,0.707106781186547));
#2166=DIRECTION('',(0.,0.,-1.));
#2167=DIRECTION('',(2.7328566760004E-16,-1.,0.));
#2168=DIRECTION('',(0.,0.,-1.));
#2169=DIRECTION('center_axis',(-1.,-3.19744231092045E-15,0.));
#2170=DIRECTION('ref_axis',(-3.19744231092045E-15,1.,0.));
#2171=DIRECTION('center_axis',(-1.,0.,0.));
#2172=DIRECTION('ref_axis',(-3.19744231092045E-15,1.,0.));
#2173=DIRECTION('',(-1.,-3.19744231092045E-15,0.));
#2174=DIRECTION('center_axis',(-1.,-2.73285667600039E-15,0.));
#2175=DIRECTION('ref_axis',(0.,0.,1.));
#2176=DIRECTION('center_axis',(1.,2.73285667600039E-15,0.));
#2177=DIRECTION('ref_axis',(2.73285667600039E-15,-1.,0.));
#2178=DIRECTION('center_axis',(2.73285667600039E-15,-1.,0.));
#2179=DIRECTION('ref_axis',(0.,0.,-1.));
#2180=DIRECTION('center_axis',(-1.,-2.73285667600039E-15,0.));
#2181=DIRECTION('ref_axis',(2.73513682037509E-15,-1.,0.));
#2182=DIRECTION('center_axis',(-1.,-2.73285667600039E-15,0.));
#2183=DIRECTION('ref_axis',(2.73513682037509E-15,-1.,0.));
#2184=DIRECTION('center_axis',(1.,2.73285667600039E-15,0.));
#2185=DIRECTION('ref_axis',(2.73285667600039E-15,-1.,0.));
#2186=DIRECTION('center_axis',(-1.,-2.73285667600039E-15,0.));
#2187=DIRECTION('ref_axis',(0.,0.707106781186548,-0.707106781186547));
#2188=DIRECTION('',(0.,0.,-1.));
#2189=DIRECTION('',(-2.73285667600039E-15,1.,0.));
#2190=DIRECTION('',(0.,0.,1.));
#2191=DIRECTION('center_axis',(1.,2.73285667600039E-15,0.));
#2192=DIRECTION('ref_axis',(0.,0.707106781186547,0.707106781186547));
#2193=DIRECTION('center_axis',(-1.,-2.73285667600039E-15,0.));
#2194=DIRECTION('ref_axis',(0.,-0.707106781186547,-0.707106781186547));
#2195=DIRECTION('',(2.73285667600039E-15,-1.,0.));
#2196=DIRECTION('center_axis',(-1.,-3.19744231092045E-15,0.));
#2197=DIRECTION('ref_axis',(-3.19744231092045E-15,1.,0.));
#2198=DIRECTION('',(-1.,-3.19744231092045E-15,0.));
#2199=DIRECTION('center_axis',(1.,2.59621384220037E-15,0.));
#2200=DIRECTION('ref_axis',(-3.19744231092045E-15,1.,0.));
#2201=DIRECTION('center_axis',(0.,0.,1.));
#2202=DIRECTION('ref_axis',(-0.707106781186547,0.707106781186547,0.));
#2203=DIRECTION('',(0.,0.,-1.));
#2204=DIRECTION('center_axis',(0.,0.,1.));
#2205=DIRECTION('ref_axis',(-0.707106781186547,0.707106781186547,0.));
#2206=DIRECTION('',(0.,0.,1.));
#2207=DIRECTION('center_axis',(-1.,-4.736951571734E-16,0.));
#2208=DIRECTION('ref_axis',(4.736951571734E-16,-1.,0.));
#2209=DIRECTION('',(-4.736951571734E-16,1.,0.));
#2210=DIRECTION('',(0.,0.,-1.));
#2211=DIRECTION('center_axis',(0.,0.,1.));
#2212=DIRECTION('ref_axis',(-0.707106781186547,-0.707106781186547,0.));
#2213=DIRECTION('center_axis',(0.,0.,1.));
#2214=DIRECTION('ref_axis',(-0.707106781186547,-0.707106781186547,0.));
#2215=DIRECTION('',(0.,0.,1.));
#2216=DIRECTION('center_axis',(0.,0.,1.));
#2217=DIRECTION('ref_axis',(0.707106781186547,0.707106781186547,0.));
#2218=DIRECTION('',(0.,0.,-1.));
#2219=DIRECTION('center_axis',(0.,0.,1.));
#2220=DIRECTION('ref_axis',(0.707106781186547,0.707106781186547,0.));
#2221=DIRECTION('',(0.,0.,1.));
#2222=DIRECTION('center_axis',(0.,0.,1.));
#2223=DIRECTION('ref_axis',(1.,0.,0.));
#2224=DIRECTION('',(1.,0.,0.));
#2225=DIRECTION('',(0.,-1.,0.));
#2226=DIRECTION('center_axis',(0.,0.,1.));
#2227=DIRECTION('ref_axis',(0.707106781186547,-0.707106781186547,0.));
#2228=DIRECTION('',(-1.,-2.46716227694479E-17,0.));
#2229=DIRECTION('',(2.73285667600039E-15,-1.,0.));
#2230=DIRECTION('',(1.,-2.22044604925031E-16,0.));
#2231=DIRECTION('',(2.59621384220037E-15,-1.,0.));
#2232=DIRECTION('',(-1.,-2.46716227694479E-17,0.));
#2233=DIRECTION('',(-3.94745964311167E-16,1.,0.));
#2234=DIRECTION('center_axis',(0.,0.,-1.));
#2235=DIRECTION('ref_axis',(0.707106781186548,0.707106781186547,0.));
#2236=DIRECTION('',(-1.,-2.46716227694479E-17,0.));
#2237=DIRECTION('center_axis',(0.,0.,-1.));
#2238=DIRECTION('ref_axis',(-0.707106781186547,0.707106781186548,0.));
#2239=DIRECTION('',(4.93432455388958E-16,-1.,0.));
#2240=DIRECTION('',(-1.,-2.46716227694479E-17,0.));
#2241=DIRECTION('',(0.,1.,0.));
#2242=DIRECTION('',(1.,-4.44089209850062E-16,0.));
#2243=DIRECTION('',(-2.7328566760004E-16,1.,0.));
#2244=DIRECTION('',(-1.,-2.46716227694479E-17,0.));
#2245=DIRECTION('center_axis',(0.,0.,1.));
#2246=DIRECTION('ref_axis',(-1.,0.,0.));
#2247=DIRECTION('center_axis',(0.,0.,1.));
#2248=DIRECTION('ref_axis',(-1.,0.,0.));
#2249=DIRECTION('center_axis',(0.,0.,1.));
#2250=DIRECTION('ref_axis',(-1.,0.,0.));
#2251=DIRECTION('center_axis',(0.,0.,1.));
#2252=DIRECTION('ref_axis',(-1.,0.,0.));
#2253=DIRECTION('center_axis',(1.,0.,0.));
#2254=DIRECTION('ref_axis',(0.,1.,0.));
#2255=DIRECTION('',(0.,0.,1.));
#2256=DIRECTION('center_axis',(0.,0.,1.));
#2257=DIRECTION('ref_axis',(0.707106781186547,-0.707106781186547,0.));
#2258=DIRECTION('',(0.,0.,-1.));
#2259=DIRECTION('center_axis',(1.,-4.44089209850062E-16,0.));
#2260=DIRECTION('ref_axis',(0.,0.707106781186547,-0.707106781186547));
#2261=DIRECTION('center_axis',(-1.,0.,0.));
#2262=DIRECTION('ref_axis',(0.,0.707106781186547,-0.707106781186547));
#2263=DIRECTION('',(-1.,4.44089209850062E-16,0.));
#2264=DIRECTION('',(1.,-4.44089209850062E-16,0.));
#2265=DIRECTION('center_axis',(4.44089209850062E-16,1.,0.));
#2266=DIRECTION('ref_axis',(1.,-4.44089209850062E-16,0.));
#2267=DIRECTION('',(-1.,4.44089209850062E-16,0.));
#2268=DIRECTION('',(0.,0.,-1.));
#2269=DIRECTION('center_axis',(1.,-2.22044604925031E-16,0.));
#2270=DIRECTION('ref_axis',(0.,0.707106781186548,-0.707106781186547));
#2271=DIRECTION('',(-1.,2.22044604925031E-16,0.));
#2272=DIRECTION('center_axis',(1.,2.59621384220037E-15,0.));
#2273=DIRECTION('ref_axis',(0.,0.707106781186548,-0.707106781186547));
#2274=DIRECTION('',(1.,-2.22044604925031E-16,0.));
#2275=DIRECTION('center_axis',(0.,0.,-1.));
#2276=DIRECTION('ref_axis',(-1.,0.,0.));
#2277=DIRECTION('',(1.,2.46716227694479E-17,0.));
#2278=DIRECTION('',(-2.59621384220037E-15,1.,0.));
#2279=DIRECTION('center_axis',(-1.,-2.46716227694479E-17,0.));
#2280=DIRECTION('ref_axis',(0.,-0.707106781186547,-0.707106781186547));
#2281=DIRECTION('center_axis',(1.,2.59621384220037E-15,0.));
#2282=DIRECTION('ref_axis',(0.,-0.707106781186547,-0.707106781186547));
#2283=DIRECTION('',(1.,2.46716227694479E-17,6.25477760352198E-17));
#2284=DIRECTION('center_axis',(-1.,-2.59621384220037E-15,0.));
#2285=DIRECTION('ref_axis',(-2.59621384220037E-15,1.,0.));
#2286=DIRECTION('center_axis',(-1.,-2.59621384220037E-15,0.));
#2287=DIRECTION('ref_axis',(0.,0.707106781186547,0.707106781186547));
#2288=DIRECTION('',(2.59621384220037E-15,-1.,1.62387401941486E-31));
#2289=DIRECTION('',(0.,0.,-1.));
#2290=DIRECTION('center_axis',(-1.,-2.59621384220037E-15,0.));
#2291=DIRECTION('ref_axis',(0.,-0.707106781186547,0.707106781186547));
#2292=DIRECTION('',(0.,0.,-1.));
#2293=DIRECTION('center_axis',(-1.,-2.46716227694479E-17,0.));
#2294=DIRECTION('ref_axis',(0.,-0.707106781186547,-0.707106781186547));
#2295=DIRECTION('',(1.,2.46716227694479E-17,0.));
#2296=DIRECTION('center_axis',(-1.,0.,0.));
#2297=DIRECTION('ref_axis',(0.,-0.707106781186547,-0.707106781186547));
#2298=DIRECTION('',(1.,2.46716227694479E-17,-6.25477760352201E-17));
#2299=DIRECTION('center_axis',(0.,0.,-1.));
#2300=DIRECTION('ref_axis',(-0.707106781186547,-0.707106781186547,0.));
#2301=DIRECTION('center_axis',(6.25477760352201E-17,0.,1.));
#2302=DIRECTION('ref_axis',(-0.707106781186547,-0.707106781186547,0.));
#2303=DIRECTION('',(0.,0.,1.));
#2304=DIRECTION('',(0.,0.,1.));
#2305=DIRECTION('center_axis',(0.,-1.,0.));
#2306=DIRECTION('ref_axis',(0.,0.,-1.));
#2307=DIRECTION('',(1.,0.,-6.25477760352201E-17));
#2308=DIRECTION('',(0.,0.,-1.));
#2309=DIRECTION('center_axis',(-6.25477760352201E-17,0.,-1.));
#2310=DIRECTION('ref_axis',(1.,0.,-6.25477760352201E-17));
#2311=DIRECTION('',(-1.,-2.46716227694479E-17,6.25477760352201E-17));
#2312=DIRECTION('',(0.,1.,0.));
#2313=DIRECTION('',(1.,0.,-6.25477760352201E-17));
#2314=DIRECTION('',(0.,-1.,0.));
#2315=DIRECTION('center_axis',(6.25477760352201E-17,0.,1.));
#2316=DIRECTION('ref_axis',(0.707106781186547,-0.707106781186547,0.));
#2317=DIRECTION('center_axis',(0.,0.,1.));
#2318=DIRECTION('ref_axis',(0.707106781186547,-0.707106781186547,0.));
#2319=DIRECTION('',(0.,0.,-1.));
#2320=DIRECTION('center_axis',(-6.25477760352198E-17,0.,1.));
#2321=DIRECTION('ref_axis',(0.707106781186547,-0.707106781186547,0.));
#2322=DIRECTION('',(0.,0.,-1.));
#2323=DIRECTION('center_axis',(0.,-1.,0.));
#2324=DIRECTION('ref_axis',(0.,0.,-1.));
#2325=DIRECTION('',(0.,0.,1.));
#2326=DIRECTION('',(1.,0.,6.25477760352198E-17));
#2327=DIRECTION('center_axis',(0.,0.,-1.));
#2328=DIRECTION('ref_axis',(-0.707106781186547,-0.707106781186547,0.));
#2329=DIRECTION('center_axis',(-6.25477760352198E-17,0.,1.));
#2330=DIRECTION('ref_axis',(-0.707106781186547,-0.707106781186547,0.));
#2331=DIRECTION('',(0.,0.,-1.));
#2332=DIRECTION('center_axis',(6.25477760352198E-17,0.,-1.));
#2333=DIRECTION('ref_axis',(1.,0.,6.25477760352198E-17));
#2334=DIRECTION('',(0.,-1.,0.));
#2335=DIRECTION('',(-1.,0.,-6.25477760352198E-17));
#2336=DIRECTION('',(-1.,-2.46716227694479E-17,-6.25477760352198E-17));
#2337=DIRECTION('center_axis',(0.,0.,1.));
#2338=DIRECTION('ref_axis',(0.707106781186547,-0.707106781186547,0.));
#2339=DIRECTION('',(0.,0.,1.));
#2340=DIRECTION('center_axis',(-1.,-4.93432455388958E-16,0.));
#2341=DIRECTION('ref_axis',(-4.93432455388958E-16,1.,0.));
#2342=DIRECTION('',(0.,0.,1.));
#2343=DIRECTION('',(0.,0.,-1.));
#2344=DIRECTION('center_axis',(-1.,-2.46716227694479E-17,-6.25477760352198E-17));
#2345=DIRECTION('ref_axis',(0.,0.707106781186547,0.707106781186547));
#2346=DIRECTION('center_axis',(-1.,-2.46716227694479E-17,6.25477760352201E-17));
#2347=DIRECTION('ref_axis',(0.,0.707106781186547,0.707106781186547));
#2348=DIRECTION('center_axis',(1.,0.,0.));
#2349=DIRECTION('ref_axis',(0.,0.707106781186547,0.707106781186547));
#2350=DIRECTION('center_axis',(-1.,4.44089209850062E-16,0.));
#2351=DIRECTION('ref_axis',(0.,-0.707106781186547,0.707106781186547));
#2352=DIRECTION('center_axis',(1.,0.,0.));
#2353=DIRECTION('ref_axis',(0.,-0.707106781186547,0.707106781186547));
#2354=DIRECTION('center_axis',(-0.707106781186549,-0.707106781186546,-2.8261664256308E-15));
#2355=DIRECTION('ref_axis',(0.707106781186546,-0.707106781186549,-2.82616642563081E-15));
#2356=DIRECTION('center_axis',(2.7328566760004E-16,-1.,0.));
#2357=DIRECTION('ref_axis',(0.707106781186547,0.,0.707106781186547));
#2358=DIRECTION('center_axis',(0.,-0.707106781186547,0.707106781186548));
#2359=DIRECTION('ref_axis',(-3.86484297522162E-16,0.707106781186548,0.707106781186547));
#2360=DIRECTION('center_axis',(0.,0.,1.));
#2361=DIRECTION('ref_axis',(0.707106781186547,0.707106781186547,0.));
#2362=DIRECTION('',(0.,0.,-1.));
#2363=DIRECTION('center_axis',(2.46716227694479E-17,-1.,0.));
#2364=DIRECTION('ref_axis',(1.,2.46716227694479E-17,0.));
#2365=DIRECTION('center_axis',(0.,0.,-1.));
#2366=DIRECTION('ref_axis',(-0.707106781186547,0.707106781186547,0.));
#2367=DIRECTION('',(0.,0.,1.));
#2368=DIRECTION('center_axis',(-2.51214793389404E-15,0.707106781186546,
-0.707106781186549));
#2369=DIRECTION('ref_axis',(-2.51214793389404E-15,0.707106781186549,0.707106781186546));
#2370=DIRECTION('center_axis',(-2.73285667600039E-15,1.,0.));
#2371=DIRECTION('ref_axis',(-0.707106781186547,-1.88411095042053E-15,0.707106781186547));
#2372=DIRECTION('center_axis',(-0.707106781186549,0.707106781186546,0.));
#2373=DIRECTION('ref_axis',(-0.707106781186546,-0.707106781186549,0.));
#2374=DIRECTION('center_axis',(-1.,2.22044604925031E-16,0.));
#2375=DIRECTION('ref_axis',(0.,-0.707106781186547,0.707106781186547));
#2376=DIRECTION('',(-1.,2.22044604925031E-16,0.));
#2377=DIRECTION('center_axis',(2.46716227694479E-17,-1.,0.));
#2378=DIRECTION('ref_axis',(1.,2.46716227694479E-17,0.));
#2379=DIRECTION('center_axis',(0.,0.,-1.));
#2380=DIRECTION('ref_axis',(-1.,0.,0.));
#2381=DIRECTION('',(-0.707106781186547,-8.65956056235493E-17,0.707106781186548));
#2382=DIRECTION('center_axis',(0.,0.,1.));
#2383=DIRECTION('ref_axis',(-1.,0.,0.));
#2384=DIRECTION('center_axis',(0.,0.,1.));
#2385=DIRECTION('ref_axis',(-1.,0.,0.));
#2386=DIRECTION('',(0.,0.,1.));
#2387=DIRECTION('center_axis',(0.,0.,-1.));
#2388=DIRECTION('ref_axis',(-1.,0.,0.));
#2389=DIRECTION('',(-0.707106781186547,-8.65956056235493E-17,0.707106781186548));
#2390=DIRECTION('center_axis',(0.,0.,1.));
#2391=DIRECTION('ref_axis',(-1.,0.,0.));
#2392=DIRECTION('center_axis',(0.,0.,1.));
#2393=DIRECTION('ref_axis',(-1.,0.,0.));
#2394=DIRECTION('',(0.,0.,1.));
#2395=DIRECTION('center_axis',(0.,0.,-1.));
#2396=DIRECTION('ref_axis',(-1.,0.,0.));
#2397=DIRECTION('',(-0.707106781186547,-8.65956056235493E-17,0.707106781186548));
#2398=DIRECTION('center_axis',(0.,0.,1.));
#2399=DIRECTION('ref_axis',(-1.,0.,0.));
#2400=DIRECTION('center_axis',(0.,0.,1.));
#2401=DIRECTION('ref_axis',(-1.,0.,0.));
#2402=DIRECTION('',(0.,0.,1.));
#2403=DIRECTION('center_axis',(0.,0.,-1.));
#2404=DIRECTION('ref_axis',(-1.,0.,0.));
#2405=DIRECTION('',(-0.707106781186547,-8.65956056235493E-17,0.707106781186548));
#2406=DIRECTION('center_axis',(0.,0.,1.));
#2407=DIRECTION('ref_axis',(-1.,0.,0.));
#2408=DIRECTION('center_axis',(0.,0.,1.));
#2409=DIRECTION('ref_axis',(-1.,0.,0.));
#2410=DIRECTION('',(0.,0.,1.));
#2411=DIRECTION('center_axis',(0.,-1.,0.));
#2412=DIRECTION('ref_axis',(1.,0.,0.));
#2413=DIRECTION('',(0.,0.,1.));
#2414=DIRECTION('center_axis',(1.78954557202928E-30,-1.,0.));
#2415=DIRECTION('ref_axis',(1.,1.78954557202928E-30,0.));
#2416=DIRECTION('',(0.,0.,-1.));
#2417=DIRECTION('center_axis',(0.,0.,-1.));
#2418=DIRECTION('ref_axis',(0.707106781186548,0.707106781186547,0.));
#2419=DIRECTION('',(0.,0.,-1.));
#2420=DIRECTION('',(0.,0.,1.));
#2421=DIRECTION('center_axis',(-2.46716227694479E-17,1.,0.));
#2422=DIRECTION('ref_axis',(1.,2.46716227694479E-17,0.));
#2423=DIRECTION('',(0.,0.,1.));
#2424=DIRECTION('center_axis',(0.,0.,-1.));
#2425=DIRECTION('ref_axis',(-0.707106781186547,0.707106781186548,0.));
#2426=DIRECTION('center_axis',(2.22044604925031E-16,1.,0.));
#2427=DIRECTION('ref_axis',(1.,-2.22044604925031E-16,0.));
#2428=DIRECTION('center_axis',(1.,0.,0.));
#2429=DIRECTION('ref_axis',(0.,-1.,0.));
#2430=DIRECTION('',(0.,-1.,0.));
#2431=DIRECTION('center_axis',(0.,0.,-1.));
#2432=DIRECTION('ref_axis',(-1.,0.,0.));
#2433=DIRECTION('center_axis',(1.,3.94745964311167E-16,0.));
#2434=DIRECTION('ref_axis',(3.94745964311167E-16,-1.,0.));
#2435=DIRECTION('center_axis',(0.,1.,0.));
#2436=DIRECTION('ref_axis',(-1.,0.,0.));
#2437=CARTESIAN_POINT('',(0.,0.,0.));
#2438=CARTESIAN_POINT('Origin',(66.6375,-9.10000000000068,27.25));
#2439=CARTESIAN_POINT('',(76.35,-8.85000000000068,27.25));
#2440=CARTESIAN_POINT('',(73.35,-8.85000000000067,27.25));
#2441=CARTESIAN_POINT('',(66.6375,-8.85000000000068,27.25));
#2442=CARTESIAN_POINT('',(73.35,-9.10000000000068,27.5));
#2443=CARTESIAN_POINT('Origin',(73.35,-9.10000000000068,27.25));
#2444=CARTESIAN_POINT('',(76.6,-9.10000000000068,27.5));
#2445=CARTESIAN_POINT('',(66.6375,-9.10000000000068,27.5));
#2446=CARTESIAN_POINT('Origin',(76.6,-9.10000000000068,27.25));
#2447=CARTESIAN_POINT('Origin',(76.6,20.2874999999993,27.25));
#2448=CARTESIAN_POINT('',(76.6,30.2499999999993,27.5));
#2449=CARTESIAN_POINT('',(76.6,20.2874999999993,27.5));
#2450=CARTESIAN_POINT('',(76.35,29.9999999999993,27.25));
#2451=CARTESIAN_POINT('Origin',(76.6,30.2499999999993,27.25));
#2452=CARTESIAN_POINT('',(76.35,20.2874999999993,27.25));
#2453=CARTESIAN_POINT('Origin',(47.2125,30.2499999999993,27.25));
#2454=CARTESIAN_POINT('',(37.25,30.2499999999993,27.5));
#2455=CARTESIAN_POINT('',(47.2125,30.2499999999993,27.5));
#2456=CARTESIAN_POINT('',(37.5,29.9999999999993,27.25));
#2457=CARTESIAN_POINT('Origin',(37.25,30.2499999999993,27.25));
#2458=CARTESIAN_POINT('',(47.2125,29.9999999999993,27.25));
#2459=CARTESIAN_POINT('Origin',(37.25,0.862499999999325,27.25));
#2460=CARTESIAN_POINT('',(37.25,-9.10000000000067,27.5));
#2461=CARTESIAN_POINT('',(37.25,0.862499999999325,27.5));
#2462=CARTESIAN_POINT('',(37.5,-8.85000000000067,27.25));
#2463=CARTESIAN_POINT('Origin',(37.25,-9.10000000000067,27.25));
#2464=CARTESIAN_POINT('',(37.5,0.862499999999325,27.25));
#2465=CARTESIAN_POINT('Origin',(48.7125,-9.10000000000068,27.25));
#2466=CARTESIAN_POINT('',(40.5,-9.10000000000068,27.5));
#2467=CARTESIAN_POINT('',(48.7125,-9.10000000000068,27.5));
#2468=CARTESIAN_POINT('',(40.5,-8.85000000000067,27.25));
#2469=CARTESIAN_POINT('Origin',(40.5,-9.10000000000068,27.25));
#2470=CARTESIAN_POINT('',(48.7125,-8.85000000000067,27.25));
#2471=CARTESIAN_POINT('Origin',(40.5,-16.3500000000007,12.5));
#2472=CARTESIAN_POINT('',(40.5,-16.3500000000007,27.5));
#2473=CARTESIAN_POINT('',(40.5,-16.3500000000007,27.5));
#2474=CARTESIAN_POINT('',(40.5,-16.3500000000007,12.5));
#2475=CARTESIAN_POINT('',(40.5,-16.3500000000007,12.5));
#2476=CARTESIAN_POINT('',(40.5,-8.85000000000067,12.5));
#2477=CARTESIAN_POINT('',(40.5,-2.88750000000068,12.5));
#2478=CARTESIAN_POINT('',(40.5,-8.85000000000067,12.5));
#2479=CARTESIAN_POINT('Origin',(56.925,10.5749999999993,27.5));
#2480=CARTESIAN_POINT('',(73.35,-16.3500000000007,27.5));
#2481=CARTESIAN_POINT('',(73.35,-8.85000000000067,27.5));
#2482=CARTESIAN_POINT('',(81.35,-16.3500000000007,27.5));
#2483=CARTESIAN_POINT('',(30.,-16.3500000000007,27.5));
#2484=CARTESIAN_POINT('',(83.85,-13.8500000000007,27.5));
#2485=CARTESIAN_POINT('Origin',(81.35,-13.8500000000007,27.5));
#2486=CARTESIAN_POINT('',(83.85,34.999999999998,27.5));
#2487=CARTESIAN_POINT('',(83.85,-16.3500000000007,27.5));
#2488=CARTESIAN_POINT('',(81.35,37.4999999999981,27.5));
#2489=CARTESIAN_POINT('Origin',(81.35,34.999999999998,27.5));
#2490=CARTESIAN_POINT('',(32.5,37.4999999999993,27.5));
#2491=CARTESIAN_POINT('',(83.85,37.499999999998,27.5));
#2492=CARTESIAN_POINT('',(30.,34.999999999998,27.5));
#2493=CARTESIAN_POINT('Origin',(32.5,34.999999999998,27.5));
#2494=CARTESIAN_POINT('',(30.,-13.8500000000007,27.5));
#2495=CARTESIAN_POINT('',(30.,37.4999999999993,27.5));
#2496=CARTESIAN_POINT('',(32.5,-16.3500000000007,27.5));
#2497=CARTESIAN_POINT('Origin',(32.5,-13.8500000000007,27.5));
#2498=CARTESIAN_POINT('',(30.,-16.3500000000007,27.5));
#2499=CARTESIAN_POINT('Origin',(30.25,10.5749999999993,22.5));
#2500=CARTESIAN_POINT('',(30.,10.5749999999993,25.3));
#2501=CARTESIAN_POINT('Origin',(30.,10.5749999999993,22.5));
#2502=CARTESIAN_POINT('',(30.25,10.5749999999993,25.05));
#2503=CARTESIAN_POINT('Origin',(30.25,10.5749999999993,25.3));
#2504=CARTESIAN_POINT('',(30.25,8.02499999999933,22.5));
#2505=CARTESIAN_POINT('Origin',(30.25,10.5749999999993,22.5));
#2506=CARTESIAN_POINT('Origin',(30.25,10.5749999999993,22.5));
#2507=CARTESIAN_POINT('Origin',(54.2325,10.5749999999993,22.5));
#2508=CARTESIAN_POINT('',(37.5,8.02499999999933,22.5));
#2509=CARTESIAN_POINT('Origin',(37.5,10.5749999999993,22.5));
#2510=CARTESIAN_POINT('',(54.2325,8.02499999999933,22.5));
#2511=CARTESIAN_POINT('Origin',(30.,37.499999999998,7.5));
#2512=CARTESIAN_POINT('',(30.,-13.8500000000007,7.5));
#2513=CARTESIAN_POINT('',(30.,-13.8500000000007,7.5));
#2514=CARTESIAN_POINT('',(30.,34.999999999998,7.5));
#2515=CARTESIAN_POINT('',(30.,34.999999999998,7.5));
#2516=CARTESIAN_POINT('',(30.,18.749999999998,7.5));
#2517=CARTESIAN_POINT('Origin',(83.6,10.5749999999993,22.5));
#2518=CARTESIAN_POINT('',(83.85,10.5749999999993,19.7));
#2519=CARTESIAN_POINT('Origin',(83.85,10.5749999999993,22.5));
#2520=CARTESIAN_POINT('',(83.6,10.5749999999993,19.95));
#2521=CARTESIAN_POINT('Origin',(83.6,10.5749999999993,19.7));
#2522=CARTESIAN_POINT('',(83.6,8.02499999999933,22.5));
#2523=CARTESIAN_POINT('Origin',(83.6,10.5749999999993,22.5));
#2524=CARTESIAN_POINT('Origin',(83.6,10.5749999999993,22.5));
#2525=CARTESIAN_POINT('Origin',(54.2325,10.5749999999993,22.5));
#2526=CARTESIAN_POINT('',(76.35,8.02499999999933,22.5));
#2527=CARTESIAN_POINT('',(54.2325,8.02499999999933,22.5));
#2528=CARTESIAN_POINT('Origin',(76.35,10.5749999999993,22.5));
#2529=CARTESIAN_POINT('Origin',(83.85,-16.3500000000007,7.5));
#2530=CARTESIAN_POINT('',(83.85,-13.8500000000007,7.5));
#2531=CARTESIAN_POINT('',(83.85,-13.8500000000007,7.5));
#2532=CARTESIAN_POINT('',(83.85,34.999999999998,7.5));
#2533=CARTESIAN_POINT('',(83.85,-8.17500000000132,7.5));
#2534=CARTESIAN_POINT('',(83.85,34.999999999998,7.5));
#2535=CARTESIAN_POINT('Origin',(56.925,37.249999999998,22.5));
#2536=CARTESIAN_POINT('',(56.925,37.499999999998,25.3));
#2537=CARTESIAN_POINT('Origin',(56.925,37.499999999998,22.5));
#2538=CARTESIAN_POINT('',(56.925,37.249999999998,25.05));
#2539=CARTESIAN_POINT('Origin',(56.925,37.249999999998,25.3));
#2540=CARTESIAN_POINT('',(56.925,37.249999999998,19.95));
#2541=CARTESIAN_POINT('Origin',(56.925,37.249999999998,22.5));
#2542=CARTESIAN_POINT('Origin',(56.925,37.249999999998,22.5));
#2543=CARTESIAN_POINT('Origin',(56.925,33.3749999999987,22.5));
#2544=CARTESIAN_POINT('',(56.925,29.9999999999993,19.95));
#2545=CARTESIAN_POINT('',(56.925,33.3749999999987,19.95));
#2546=CARTESIAN_POINT('Origin',(56.925,29.9999999999993,22.5));
#2547=CARTESIAN_POINT('Origin',(44.425,10.5749999999993,7.75));
#2548=CARTESIAN_POINT('',(41.625,10.5749999999993,7.5));
#2549=CARTESIAN_POINT('Origin',(44.425,10.5749999999993,7.5));
#2550=CARTESIAN_POINT('',(41.875,10.5749999999993,7.75));
#2551=CARTESIAN_POINT('Origin',(41.625,10.5749999999993,7.75));
#2552=CARTESIAN_POINT('',(46.975,10.5749999999993,7.75));
#2553=CARTESIAN_POINT('Origin',(44.425,10.5749999999993,7.75));
#2554=CARTESIAN_POINT('Origin',(44.425,10.5749999999993,7.75));
#2555=CARTESIAN_POINT('Origin',(44.425,10.5749999999993,27.8500000000003));
#2556=CARTESIAN_POINT('',(46.975,10.5749999999993,12.5));
#2557=CARTESIAN_POINT('',(46.975,10.5749999999993,27.8500000000003));
#2558=CARTESIAN_POINT('Origin',(44.425,10.5749999999993,12.5));
#2559=CARTESIAN_POINT('Origin',(69.425,10.5749999999993,7.75));
#2560=CARTESIAN_POINT('',(66.625,10.5749999999993,7.5));
#2561=CARTESIAN_POINT('Origin',(69.425,10.5749999999993,7.5));
#2562=CARTESIAN_POINT('',(66.875,10.5749999999993,7.75));
#2563=CARTESIAN_POINT('Origin',(66.625,10.5749999999993,7.75));
#2564=CARTESIAN_POINT('',(71.975,10.5749999999993,7.75));
#2565=CARTESIAN_POINT('Origin',(69.425,10.5749999999993,7.75));
#2566=CARTESIAN_POINT('Origin',(69.425,10.5749999999993,7.75));
#2567=CARTESIAN_POINT('Origin',(69.425,10.5749999999993,27.8500000000003));
#2568=CARTESIAN_POINT('',(71.975,10.5749999999993,12.5));
#2569=CARTESIAN_POINT('',(71.975,10.5749999999993,27.8500000000003));
#2570=CARTESIAN_POINT('Origin',(69.425,10.5749999999993,12.5));
#2571=CARTESIAN_POINT('Origin',(32.5,-13.8500000000007,7.5));
#2572=CARTESIAN_POINT('',(32.5,-16.3500000000007,7.5));
#2573=CARTESIAN_POINT('Origin',(32.5,-13.8500000000007,7.5));
#2574=CARTESIAN_POINT('',(32.5,-16.3500000000007,7.5));
#2575=CARTESIAN_POINT('Origin',(30.,-16.3500000000007,7.5));
#2576=CARTESIAN_POINT('',(81.35,-16.3500000000007,7.5));
#2577=CARTESIAN_POINT('',(15.0000000000024,-16.3500000000007,7.5));
#2578=CARTESIAN_POINT('',(81.35,-16.3500000000007,7.5));
#2579=CARTESIAN_POINT('',(73.35,-16.3500000000007,12.5));
#2580=CARTESIAN_POINT('',(73.35,-16.3500000000007,12.5));
#2581=CARTESIAN_POINT('',(83.85,-16.3500000000007,12.5));
#2582=CARTESIAN_POINT('Origin',(81.35,-13.8500000000007,7.5));
#2583=CARTESIAN_POINT('Origin',(81.35,-13.8500000000007,7.5));
#2584=CARTESIAN_POINT('Origin',(81.35,34.999999999998,7.5));
#2585=CARTESIAN_POINT('',(81.35,37.499999999998,7.5));
#2586=CARTESIAN_POINT('Origin',(81.35,34.999999999998,7.5));
#2587=CARTESIAN_POINT('',(81.35,37.499999999998,7.5));
#2588=CARTESIAN_POINT('Origin',(32.5,34.999999999998,7.5));
#2589=CARTESIAN_POINT('',(32.5,37.499999999998,7.5));
#2590=CARTESIAN_POINT('',(32.5,37.499999999998,7.5));
#2591=CARTESIAN_POINT('Origin',(32.5,34.999999999998,7.5));
#2592=CARTESIAN_POINT('Origin',(73.35,-8.85000000000067,12.5));
#2593=CARTESIAN_POINT('',(73.35,-8.85000000000067,12.5));
#2594=CARTESIAN_POINT('',(73.35,-8.85000000000067,12.5));
#2595=CARTESIAN_POINT('',(73.35,0.862499999999325,12.5));
#2596=CARTESIAN_POINT('Origin',(76.35,-8.85000000000068,12.5));
#2597=CARTESIAN_POINT('',(76.35,-8.85000000000068,12.5));
#2598=CARTESIAN_POINT('',(76.35,-8.85000000000068,12.5));
#2599=CARTESIAN_POINT('',(66.6375,-8.85000000000068,12.5));
#2600=CARTESIAN_POINT('Origin',(76.35,29.9999999999993,12.5));
#2601=CARTESIAN_POINT('',(76.35,29.9999999999993,12.5));
#2602=CARTESIAN_POINT('',(76.35,29.9999999999993,12.5));
#2603=CARTESIAN_POINT('',(76.35,20.2874999999993,12.5));
#2604=CARTESIAN_POINT('Origin',(37.5,29.9999999999993,12.5));
#2605=CARTESIAN_POINT('',(37.5,29.9999999999993,12.5));
#2606=CARTESIAN_POINT('',(37.5,29.9999999999993,12.5));
#2607=CARTESIAN_POINT('',(47.2125,29.9999999999993,12.5));
#2608=CARTESIAN_POINT('Origin',(37.5,-8.85000000000067,12.5));
#2609=CARTESIAN_POINT('',(37.5,-8.85000000000067,12.5));
#2610=CARTESIAN_POINT('',(37.5,-8.85000000000067,12.5));
#2611=CARTESIAN_POINT('',(37.5,0.862499999999325,12.5));
#2612=CARTESIAN_POINT('Origin',(40.5,-8.85000000000067,12.5));
#2613=CARTESIAN_POINT('',(48.7125,-8.85000000000067,12.5));
#2614=CARTESIAN_POINT('Origin',(56.925,10.5749999999993,12.5));
#2615=CARTESIAN_POINT('Origin',(4.88498130835069E-12,-1.96731519963578E-12,
7.5));
#2616=CARTESIAN_POINT('',(71.125,10.5749999999993,7.5));
#2617=CARTESIAN_POINT('Origin',(69.425,10.5749999999993,7.5));
#2618=CARTESIAN_POINT('Origin',(4.88498130835069E-12,-1.96731519963578E-12,
7.5));
#2619=CARTESIAN_POINT('',(46.125,10.5749999999993,7.5));
#2620=CARTESIAN_POINT('Origin',(44.425,10.5749999999993,7.5));
#2621=CARTESIAN_POINT('Origin',(4.88498130835069E-12,-1.96731519963578E-12,
7.5));
#2622=CARTESIAN_POINT('',(-87.4999999999951,37.499999999998,7.5));
#2623=CARTESIAN_POINT('',(-89.9999999999951,37.499999999998,7.5));
#2624=CARTESIAN_POINT('',(-89.9999999999951,34.999999999998,7.5));
#2625=CARTESIAN_POINT('Origin',(-87.4999999999951,34.999999999998,7.5));
#2626=CARTESIAN_POINT('',(-89.9999999999951,-35.000000000002,7.5));
#2627=CARTESIAN_POINT('',(-89.9999999999951,-37.500000000002,7.5));
#2628=CARTESIAN_POINT('',(-87.4999999999951,-37.500000000002,7.5));
#2629=CARTESIAN_POINT('Origin',(-87.4999999999951,-35.000000000002,7.5));
#2630=CARTESIAN_POINT('',(-42.75,-37.500000000002,7.5));
#2631=CARTESIAN_POINT('',(90.0000000000049,-37.500000000002,7.5));
#2632=CARTESIAN_POINT('',(-40.25,-40.000000000002,7.5));
#2633=CARTESIAN_POINT('Origin',(-42.75,-40.000000000002,7.5));
#2634=CARTESIAN_POINT('',(-37.75,-42.5,7.5));
#2635=CARTESIAN_POINT('Origin',(-37.75,-40.,7.5));
#2636=CARTESIAN_POINT('',(-25.,-42.5,7.5));
#2637=CARTESIAN_POINT('',(-22.5,-42.5,7.5));
#2638=CARTESIAN_POINT('',(-22.5,-40.,7.5));
#2639=CARTESIAN_POINT('Origin',(-25.,-40.,7.5));
#2640=CARTESIAN_POINT('',(-22.5,2.5,7.5));
#2641=CARTESIAN_POINT('',(-22.5,-37.5,7.5));
#2642=CARTESIAN_POINT('',(-17.5,7.50000000000001,7.5));
#2643=CARTESIAN_POINT('Origin',(-17.5,2.5,7.5));
#2644=CARTESIAN_POINT('',(17.5,7.50000000000001,7.5));
#2645=CARTESIAN_POINT('',(-11.2499999999976,7.50000000000001,7.5));
#2646=CARTESIAN_POINT('',(22.5,2.50000000000001,7.5));
#2647=CARTESIAN_POINT('Origin',(17.5,2.50000000000001,7.5));
#2648=CARTESIAN_POINT('',(22.5,-40.,7.5));
#2649=CARTESIAN_POINT('',(22.5,-37.5,7.5));
#2650=CARTESIAN_POINT('',(25.,-42.5,7.5));
#2651=CARTESIAN_POINT('Origin',(25.,-40.,7.5));
#2652=CARTESIAN_POINT('',(37.7500000000001,-42.5,7.5));
#2653=CARTESIAN_POINT('',(22.5,-42.5,7.5));
#2654=CARTESIAN_POINT('',(40.25,-40.000000000002,7.5));
#2655=CARTESIAN_POINT('Origin',(37.7500000000001,-40.,7.5));
#2656=CARTESIAN_POINT('',(42.7500000000001,-37.500000000002,7.5));
#2657=CARTESIAN_POINT('Origin',(42.7500000000001,-40.000000000002,7.5));
#2658=CARTESIAN_POINT('',(87.5000000000049,-37.500000000002,7.5));
#2659=CARTESIAN_POINT('',(90.0000000000049,-37.500000000002,7.5));
#2660=CARTESIAN_POINT('',(90.0000000000049,-35.000000000002,7.5));
#2661=CARTESIAN_POINT('Origin',(87.5000000000049,-35.000000000002,7.5));
#2662=CARTESIAN_POINT('',(90.0000000000049,34.999999999998,7.5));
#2663=CARTESIAN_POINT('',(90.0000000000049,37.499999999998,7.5));
#2664=CARTESIAN_POINT('',(87.5000000000049,37.499999999998,7.5));
#2665=CARTESIAN_POINT('Origin',(87.5000000000049,34.999999999998,7.5));
#2666=CARTESIAN_POINT('',(-89.9999999999951,37.499999999998,7.5));
#2667=CARTESIAN_POINT('',(-35.7999999999954,5.,7.5));
#2668=CARTESIAN_POINT('Origin',(-37.4999999999954,5.,7.5));
#2669=CARTESIAN_POINT('',(-75.7999999999954,5.,7.5));
#2670=CARTESIAN_POINT('Origin',(-77.4999999999954,5.,7.5));
#2671=CARTESIAN_POINT('Origin',(-40.,-21.2500000000002,-6.));
#2672=CARTESIAN_POINT('',(-40.25,-21.2500000000002,-3.175));
#2673=CARTESIAN_POINT('Origin',(-40.25,-21.2500000000002,-6.));
#2674=CARTESIAN_POINT('',(-40.,-21.2500000000002,-3.425));
#2675=CARTESIAN_POINT('Origin',(-40.,-21.2500000000002,-3.175));
#2676=CARTESIAN_POINT('',(-40.,-23.8250000000002,-6.));
#2677=CARTESIAN_POINT('Origin',(-40.,-21.2500000000002,-6.));
#2678=CARTESIAN_POINT('Origin',(-40.,-21.2500000000002,-6.));
#2679=CARTESIAN_POINT('Origin',(-40.25,-37.5,0.));
#2680=CARTESIAN_POINT('',(-40.25,-7.50000000000022,-10.));
#2681=CARTESIAN_POINT('',(-40.25,-5.00000000000022,-7.5));
#2682=CARTESIAN_POINT('Origin',(-40.25,-7.50000000000022,-7.5));
#2683=CARTESIAN_POINT('',(-40.25,-35.000000000002,-10.));
#2684=CARTESIAN_POINT('',(-40.25,-37.5,-10.));
#2685=CARTESIAN_POINT('',(-40.25,-37.5,-7.5));
#2686=CARTESIAN_POINT('Origin',(-40.25,-35.000000000002,-7.5));
#2687=CARTESIAN_POINT('',(-40.25,-40.000000000002,-5.));
#2688=CARTESIAN_POINT('Origin',(-40.25,-40.000000000002,-7.5));
#2689=CARTESIAN_POINT('',(-40.25,-40.000000000002,-2.5));
#2690=CARTESIAN_POINT('',(-40.25,-40.,0.624999999999999));
#2691=CARTESIAN_POINT('',(-40.25,-5.00000000000022,-2.5));
#2692=CARTESIAN_POINT('',(-40.25,-18.750000000001,-2.5));
#2693=CARTESIAN_POINT('',(-40.25,-5.00000000000022,0.));
#2694=CARTESIAN_POINT('Origin',(-31.3874999999973,-21.2500000000002,-6.));
#2695=CARTESIAN_POINT('',(-30.2499999999999,-23.8250000000002,-6.));
#2696=CARTESIAN_POINT('Origin',(-30.2499999999999,-21.2500000000002,-6.));
#2697=CARTESIAN_POINT('',(-31.3874999999973,-23.8250000000002,-6.));
#2698=CARTESIAN_POINT('Origin',(40.,-21.25,-6.));
#2699=CARTESIAN_POINT('',(40.25,-21.25,-8.825));
#2700=CARTESIAN_POINT('Origin',(40.25,-21.25,-6.));
#2701=CARTESIAN_POINT('',(40.,-21.25,-8.575));
#2702=CARTESIAN_POINT('Origin',(40.,-21.25,-8.825));
#2703=CARTESIAN_POINT('',(40.0000000000001,-23.825,-6.));
#2704=CARTESIAN_POINT('Origin',(40.,-21.25,-6.));
#2705=CARTESIAN_POINT('Origin',(40.,-21.25,-6.));
#2706=CARTESIAN_POINT('Origin',(40.25,-5.,0.));
#2707=CARTESIAN_POINT('',(40.25,-5.,-7.5));
#2708=CARTESIAN_POINT('',(40.25,-7.5,-10.));
#2709=CARTESIAN_POINT('Origin',(40.25,-7.5,-7.5));
#2710=CARTESIAN_POINT('',(40.25,-5.,-2.5));
#2711=CARTESIAN_POINT('',(40.25,-5.,0.));
#2712=CARTESIAN_POINT('',(40.2500000000001,-40.000000000002,-2.5));
#2713=CARTESIAN_POINT('',(40.25,-2.50000000000093,-2.5));
#2714=CARTESIAN_POINT('',(40.2500000000001,-40.000000000002,-5.));
#2715=CARTESIAN_POINT('',(40.2500000000001,-40.,0.624999999999999));
#2716=CARTESIAN_POINT('',(40.2500000000001,-37.5,-7.5));
#2717=CARTESIAN_POINT('Origin',(40.25,-40.000000000002,-7.5));
#2718=CARTESIAN_POINT('',(40.2500000000001,-35.000000000002,-10.));
#2719=CARTESIAN_POINT('Origin',(40.25,-35.000000000002,-7.5));
#2720=CARTESIAN_POINT('',(40.2500000000001,-37.5,-10.));
#2721=CARTESIAN_POINT('Origin',(-31.3874999999973,-21.2500000000002,-6.));
#2722=CARTESIAN_POINT('',(30.25,-23.825,-6.));
#2723=CARTESIAN_POINT('',(-31.3874999999973,-23.8250000000002,-6.));
#2724=CARTESIAN_POINT('Origin',(30.25,-21.25,-6.));
#2725=CARTESIAN_POINT('Origin',(-87.4999999999951,34.999999999998,0.));
#2726=CARTESIAN_POINT('',(-87.4999999999951,37.499999999998,0.));
#2727=CARTESIAN_POINT('',(-87.4999999999951,37.499999999998,0.));
#2728=CARTESIAN_POINT('',(-89.9999999999951,34.999999999998,0.));
#2729=CARTESIAN_POINT('Origin',(-87.4999999999951,34.999999999998,0.));
#2730=CARTESIAN_POINT('',(-89.9999999999951,34.999999999998,0.));
#2731=CARTESIAN_POINT('Origin',(-89.9999999999951,37.499999999998,0.));
#2732=CARTESIAN_POINT('',(-89.9999999999951,-35.000000000002,0.));
#2733=CARTESIAN_POINT('',(-89.9999999999951,-37.500000000002,0.));
#2734=CARTESIAN_POINT('',(-89.9999999999951,-35.000000000002,0.));
#2735=CARTESIAN_POINT('Origin',(-87.4999999999951,-35.000000000002,0.));
#2736=CARTESIAN_POINT('',(-87.4999999999951,-37.500000000002,0.));
#2737=CARTESIAN_POINT('Origin',(-87.4999999999951,-35.000000000002,0.));
#2738=CARTESIAN_POINT('',(-87.4999999999951,-37.500000000002,0.));
#2739=CARTESIAN_POINT('Origin',(87.5000000000049,34.999999999998,0.));
#2740=CARTESIAN_POINT('',(90.0000000000049,34.999999999998,0.));
#2741=CARTESIAN_POINT('',(90.0000000000049,34.999999999998,0.));
#2742=CARTESIAN_POINT('',(87.5000000000049,37.499999999998,0.));
#2743=CARTESIAN_POINT('Origin',(87.5000000000049,34.999999999998,0.));
#2744=CARTESIAN_POINT('',(87.5000000000049,37.499999999998,0.));
#2745=CARTESIAN_POINT('Origin',(4.88498130835069E-12,-1.96731519963578E-12,
0.));
#2746=CARTESIAN_POINT('',(-89.9999999999951,37.499999999998,0.));
#2747=CARTESIAN_POINT('',(90.0000000000049,-35.000000000002,0.));
#2748=CARTESIAN_POINT('',(90.0000000000049,37.499999999998,0.));
#2749=CARTESIAN_POINT('',(87.5000000000049,-37.500000000002,0.));
#2750=CARTESIAN_POINT('Origin',(87.5000000000049,-35.000000000002,0.));
#2751=CARTESIAN_POINT('',(42.7500000000001,-37.500000000002,0.));
#2752=CARTESIAN_POINT('',(90.0000000000049,-37.500000000002,0.));
#2753=CARTESIAN_POINT('',(42.75,-2.5,0.));
#2754=CARTESIAN_POINT('',(42.75,-2.50000000000092,0.));
#2755=CARTESIAN_POINT('',(30.25,-2.5,0.));
#2756=CARTESIAN_POINT('',(15.1250000000024,-2.49999999999999,0.));
#2757=CARTESIAN_POINT('',(30.2500000000001,-37.5,0.));
#2758=CARTESIAN_POINT('',(30.25,-18.7500000000009,0.));
#2759=CARTESIAN_POINT('',(22.5,-37.5,0.));
#2760=CARTESIAN_POINT('',(90.0000000000049,-37.500000000002,0.));
#2761=CARTESIAN_POINT('',(22.5,2.50000000000001,0.));
#2762=CARTESIAN_POINT('',(22.5,3.74999999999902,0.));
#2763=CARTESIAN_POINT('',(17.5,7.50000000000001,0.));
#2764=CARTESIAN_POINT('Origin',(17.5,2.50000000000001,0.));
#2765=CARTESIAN_POINT('',(-17.5,7.50000000000001,0.));
#2766=CARTESIAN_POINT('',(-11.2499999999976,7.50000000000001,0.));
#2767=CARTESIAN_POINT('',(-22.5,2.5,0.));
#2768=CARTESIAN_POINT('Origin',(-17.5,2.5,0.));
#2769=CARTESIAN_POINT('',(-22.5,-37.500000000002,0.));
#2770=CARTESIAN_POINT('',(-22.5,-18.750000000001,0.));
#2771=CARTESIAN_POINT('',(-30.25,-37.5,0.));
#2772=CARTESIAN_POINT('',(90.0000000000049,-37.500000000002,0.));
#2773=CARTESIAN_POINT('',(-30.25,-2.50000000000023,0.));
#2774=CARTESIAN_POINT('',(-30.25,-2.5000000000011,0.));
#2775=CARTESIAN_POINT('',(-42.75,-2.50000000000022,0.));
#2776=CARTESIAN_POINT('',(-20.1249999999976,-2.50000000000023,0.));
#2777=CARTESIAN_POINT('',(-42.75,-37.500000000002,0.));
#2778=CARTESIAN_POINT('',(-42.75,-18.750000000001,0.));
#2779=CARTESIAN_POINT('',(90.0000000000049,-37.500000000002,0.));
#2780=CARTESIAN_POINT('',(47.575,10.5749999999993,0.));
#2781=CARTESIAN_POINT('Origin',(44.425,10.5749999999993,0.));
#2782=CARTESIAN_POINT('',(-74.3499999999954,5.,2.77555756156289E-16));
#2783=CARTESIAN_POINT('Origin',(-77.4999999999954,5.,0.));
#2784=CARTESIAN_POINT('',(-34.3499999999954,5.,2.77555756156289E-16));
#2785=CARTESIAN_POINT('Origin',(-37.4999999999954,5.,0.));
#2786=CARTESIAN_POINT('',(72.575,10.5749999999993,0.));
#2787=CARTESIAN_POINT('Origin',(69.425,10.5749999999993,0.));
#2788=CARTESIAN_POINT('Origin',(90.0000000000049,-37.500000000002,0.));
#2789=CARTESIAN_POINT('',(90.0000000000049,-35.000000000002,0.));
#2790=CARTESIAN_POINT('Origin',(87.5000000000049,-35.000000000002,0.));
#2791=CARTESIAN_POINT('',(87.5000000000049,-37.500000000002,0.));
#2792=CARTESIAN_POINT('Origin',(-37.75,-7.50000000000022,-7.5));
#2793=CARTESIAN_POINT('',(-30.25,-5.00000000000023,-7.5));
#2794=CARTESIAN_POINT('',(-30.25,-7.50000000000023,-10.));
#2795=CARTESIAN_POINT('Origin',(-30.25,-7.50000000000023,-7.5));
#2796=CARTESIAN_POINT('',(-37.75,-7.50000000000022,-10.));
#2797=CARTESIAN_POINT('',(-37.75,-5.00000000000022,-7.5));
#2798=CARTESIAN_POINT('Origin',(-40.25,-5.00000000000022,0.));
#2799=CARTESIAN_POINT('',(-30.25,-5.00000000000023,-2.5));
#2800=CARTESIAN_POINT('',(-20.1249999999976,-5.00000000000023,-2.5));
#2801=CARTESIAN_POINT('',(-30.25,-5.00000000000023,0.));
#2802=CARTESIAN_POINT('Origin',(32.75,-7.5,-7.5));
#2803=CARTESIAN_POINT('',(30.25,-7.5,-10.));
#2804=CARTESIAN_POINT('',(32.75,-7.5,-10.));
#2805=CARTESIAN_POINT('',(30.25,-4.99999999999999,-7.5));
#2806=CARTESIAN_POINT('Origin',(30.2500000000001,-7.5,-7.5));
#2807=CARTESIAN_POINT('',(32.75,-5.,-7.5));
#2808=CARTESIAN_POINT('Origin',(35.25,-21.25,-10.));
#2809=CARTESIAN_POINT('',(30.2500000000001,-35.000000000002,-10.));
#2810=CARTESIAN_POINT('',(-27.3749999999975,-35.000000000002,-10.));
#2811=CARTESIAN_POINT('',(30.25,-4.99999999999999,-10.));
#2812=CARTESIAN_POINT('Origin',(-27.3749999999975,-35.000000000002,-7.5));
#2813=CARTESIAN_POINT('',(30.2500000000001,-37.5,-7.5));
#2814=CARTESIAN_POINT('Origin',(30.2500000000001,-35.000000000002,-7.5));
#2815=CARTESIAN_POINT('',(-33.7499999999975,-37.500000000002,-7.5));
#2816=CARTESIAN_POINT('Origin',(30.2500000000001,-37.5,0.));
#2817=CARTESIAN_POINT('',(30.2500000000001,-40.000000000002,-5.));
#2818=CARTESIAN_POINT('Origin',(30.2500000000001,-40.000000000002,-7.5));
#2819=CARTESIAN_POINT('',(30.2500000000001,-37.5,-5.));
#2820=CARTESIAN_POINT('',(30.2500000000001,-37.5,-5.));
#2821=CARTESIAN_POINT('',(30.2500000000001,-37.5,0.));
#2822=CARTESIAN_POINT('',(30.25,-4.99999999999999,-2.5));
#2823=CARTESIAN_POINT('Origin',(30.2500000000001,-2.5,-2.5));
#2824=CARTESIAN_POINT('',(30.25,-4.99999999999999,0.));
#2825=CARTESIAN_POINT('Origin',(-62.6249999999975,-35.000000000002,-7.5));
#2826=CARTESIAN_POINT('',(-30.25,-35.000000000002,-10.));
#2827=CARTESIAN_POINT('',(-62.6249999999975,-35.000000000002,-10.));
#2828=CARTESIAN_POINT('',(-30.25,-37.5,-7.5));
#2829=CARTESIAN_POINT('Origin',(-30.25,-35.000000000002,-7.5));
#2830=CARTESIAN_POINT('',(-65.1249999999975,-37.500000000002,-7.5));
#2831=CARTESIAN_POINT('Origin',(-37.75,-40.,0.624999999999999));
#2832=CARTESIAN_POINT('',(-37.75,-42.5,-5.));
#2833=CARTESIAN_POINT('Origin',(-37.75,-40.,-5.));
#2834=CARTESIAN_POINT('',(-37.75,-42.5,0.624999999999999));
#2835=CARTESIAN_POINT('',(-40.25,-40.000000000002,0.));
#2836=CARTESIAN_POINT('Origin',(-31.375,-42.5,1.25));
#2837=CARTESIAN_POINT('',(-25.,-42.5,-5.));
#2838=CARTESIAN_POINT('',(-40.25,-42.5,-5.));
#2839=CARTESIAN_POINT('',(-25.,-42.5,4.375));
#2840=CARTESIAN_POINT('Origin',(-40.25,-37.5,-5.));
#2841=CARTESIAN_POINT('',(-30.25,-40.000000000002,-5.));
#2842=CARTESIAN_POINT('',(-65.1249999999975,-40.000000000002,-5.));
#2843=CARTESIAN_POINT('',(-30.25,-37.5,-5.));
#2844=CARTESIAN_POINT('',(-30.25,-21.2500000000001,-5.));
#2845=CARTESIAN_POINT('',(-22.5,-37.5,-5.));
#2846=CARTESIAN_POINT('',(-40.25,-37.5,-5.));
#2847=CARTESIAN_POINT('',(-22.5,-40.,-5.));
#2848=CARTESIAN_POINT('',(-22.5,-37.5,-5.));
#2849=CARTESIAN_POINT('Origin',(-25.,-40.,-5.));
#2850=CARTESIAN_POINT('Origin',(37.7500000000001,-40.,0.624999999999999));
#2851=CARTESIAN_POINT('',(37.7500000000001,-42.5,-5.));
#2852=CARTESIAN_POINT('',(37.7500000000001,-42.5,0.624999999999999));
#2853=CARTESIAN_POINT('Origin',(37.7500000000001,-40.,-5.));
#2854=CARTESIAN_POINT('',(40.2500000000001,-40.000000000002,0.));
#2855=CARTESIAN_POINT('Origin',(31.375,-42.5,1.25));
#2856=CARTESIAN_POINT('',(25.,-42.5,-5.));
#2857=CARTESIAN_POINT('',(25.,-42.5,4.375));
#2858=CARTESIAN_POINT('',(40.2500000000001,-42.5,-5.));
#2859=CARTESIAN_POINT('Origin',(25.,-40.,4.375));
#2860=CARTESIAN_POINT('',(22.5,-40.,-5.));
#2861=CARTESIAN_POINT('Origin',(25.,-40.,-5.));
#2862=CARTESIAN_POINT('',(22.5,-40.,4.375));
#2863=CARTESIAN_POINT('Origin',(22.5,-37.5,-5.));
#2864=CARTESIAN_POINT('',(22.5,-37.5,-5.));
#2865=CARTESIAN_POINT('',(22.5,-37.5,-5.));
#2866=CARTESIAN_POINT('',(40.2500000000001,-37.5,-5.));
#2867=CARTESIAN_POINT('',(-33.7499999999975,-40.000000000002,-5.));
#2868=CARTESIAN_POINT('Origin',(-25.,-40.,4.375));
#2869=CARTESIAN_POINT('',(-22.5,-40.,4.375));
#2870=CARTESIAN_POINT('Origin',(-22.5,-37.5,7.5));
#2871=CARTESIAN_POINT('',(-22.5,-37.5,-5.));
#2872=CARTESIAN_POINT('',(-22.5,2.5,7.5));
#2873=CARTESIAN_POINT('Origin',(-33.7499999999975,-40.000000000002,-7.5));
#2874=CARTESIAN_POINT('Origin',(-65.1249999999975,-40.000000000002,-7.5));
#2875=CARTESIAN_POINT('Origin',(-30.25,-40.000000000002,-7.5));
#2876=CARTESIAN_POINT('Origin',(-20.1249999999976,-2.50000000000023,-2.5));
#2877=CARTESIAN_POINT('Origin',(-30.25,-2.50000000000023,-2.5));
#2878=CARTESIAN_POINT('Origin',(-42.75,-2.50000000000022,-2.5));
#2879=CARTESIAN_POINT('Origin',(-42.75,-18.750000000001,-2.5));
#2880=CARTESIAN_POINT('Origin',(-42.75,-40.000000000002,-2.5));
#2881=CARTESIAN_POINT('Origin',(-42.75,-40.000000000002,0.));
#2882=CARTESIAN_POINT('',(-42.75,-37.500000000002,0.));
#2883=CARTESIAN_POINT('Origin',(-89.9999999999951,-37.500000000002,0.));
#2884=CARTESIAN_POINT('Origin',(42.7500000000001,-40.000000000002,0.));
#2885=CARTESIAN_POINT('',(42.7500000000001,-37.500000000002,0.));
#2886=CARTESIAN_POINT('Origin',(42.7500000000001,-40.000000000002,-2.5));
#2887=CARTESIAN_POINT('Origin',(42.75,-2.50000000000092,-2.5));
#2888=CARTESIAN_POINT('Origin',(42.75,-2.5,-2.5));
#2889=CARTESIAN_POINT('Origin',(15.1250000000024,-2.49999999999999,-2.5));
#2890=CARTESIAN_POINT('',(15.1250000000024,-4.99999999999999,-2.5));
#2891=CARTESIAN_POINT('Origin',(-89.9999999999951,-37.500000000002,0.));
#2892=CARTESIAN_POINT('Origin',(44.425,10.5749999999993,0.725));
#2893=CARTESIAN_POINT('',(46.125,10.5749999999993,1.45));
#2894=CARTESIAN_POINT('',(46.85,10.5749999999993,0.725));
#2895=CARTESIAN_POINT('Origin',(44.425,10.5749999999993,1.45));
#2896=CARTESIAN_POINT('Origin',(44.425,10.5749999999993,4.125));
#2897=CARTESIAN_POINT('',(46.125,10.5749999999993,4.125));
#2898=CARTESIAN_POINT('Origin',(-77.4999999999954,5.,0.725));
#2899=CARTESIAN_POINT('',(-75.7999999999954,5.,1.45));
#2900=CARTESIAN_POINT('',(-75.0749999999954,5.,0.725));
#2901=CARTESIAN_POINT('Origin',(-77.4999999999954,5.,1.45));
#2902=CARTESIAN_POINT('Origin',(-77.4999999999954,5.,4.125));
#2903=CARTESIAN_POINT('',(-75.7999999999954,5.,4.125));
#2904=CARTESIAN_POINT('Origin',(-37.4999999999954,5.,0.725));
#2905=CARTESIAN_POINT('',(-35.7999999999954,5.,1.45));
#2906=CARTESIAN_POINT('',(-35.0749999999954,5.,0.725));
#2907=CARTESIAN_POINT('Origin',(-37.4999999999954,5.,1.45));
#2908=CARTESIAN_POINT('Origin',(-37.4999999999954,5.,4.125));
#2909=CARTESIAN_POINT('',(-35.7999999999954,5.,4.125));
#2910=CARTESIAN_POINT('Origin',(69.425,10.5749999999993,0.725));
#2911=CARTESIAN_POINT('',(71.125,10.5749999999993,1.45));
#2912=CARTESIAN_POINT('',(71.85,10.5749999999993,0.725));
#2913=CARTESIAN_POINT('Origin',(69.425,10.5749999999993,1.45));
#2914=CARTESIAN_POINT('Origin',(69.425,10.5749999999993,4.125));
#2915=CARTESIAN_POINT('',(71.125,10.5749999999993,4.125));
#2916=CARTESIAN_POINT('Origin',(31.375,-37.5,1.25));
#2917=CARTESIAN_POINT('',(22.5,-37.5,-5.));
#2918=CARTESIAN_POINT('Origin',(-31.375,-37.5,1.25));
#2919=CARTESIAN_POINT('',(-30.25,-37.5,0.));
#2920=CARTESIAN_POINT('Origin',(17.5,2.50000000000001,7.5));
#2921=CARTESIAN_POINT('',(17.5,7.50000000000001,7.5));
#2922=CARTESIAN_POINT('',(22.5,2.50000000000001,7.5));
#2923=CARTESIAN_POINT('Origin',(-22.5,7.50000000000001,7.5));
#2924=CARTESIAN_POINT('',(-17.5,7.50000000000001,7.5));
#2925=CARTESIAN_POINT('Origin',(-17.5,2.5,7.5));
#2926=CARTESIAN_POINT('Origin',(30.25,-4.99999999999999,0.));
#2927=CARTESIAN_POINT('Origin',(-30.25,-5.00000000000023,0.));
#2928=CARTESIAN_POINT('',(-30.25,-5.00000000000023,-10.));
#2929=CARTESIAN_POINT('Origin',(-35.25,-21.2500000000001,-10.));
#2930=CARTESIAN_POINT('Origin',(22.5,7.50000000000001,7.5));
#2931=CARTESIAN_POINT('Origin',(90.0000000000049,37.499999999998,0.));
#2932=UNCERTAINTY_MEASURE_WITH_UNIT(LENGTH_MEASURE(0.01),#2936,
'DISTANCE_ACCURACY_VALUE',
'Maximum model space distance between geometric entities at asserted c
onnectivities');
#2933=UNCERTAINTY_MEASURE_WITH_UNIT(LENGTH_MEASURE(0.01),#2936,
'DISTANCE_ACCURACY_VALUE',
'Maximum model space distance between geometric entities at asserted c
onnectivities');
#2934=(
GEOMETRIC_REPRESENTATION_CONTEXT(3)
GLOBAL_UNCERTAINTY_ASSIGNED_CONTEXT((#2932))
GLOBAL_UNIT_ASSIGNED_CONTEXT((#2936,#2938,#2939))
REPRESENTATION_CONTEXT('','3D')
);
#2935=(
GEOMETRIC_REPRESENTATION_CONTEXT(3)
GLOBAL_UNCERTAINTY_ASSIGNED_CONTEXT((#2933))
GLOBAL_UNIT_ASSIGNED_CONTEXT((#2936,#2938,#2939))
REPRESENTATION_CONTEXT('','3D')
);
#2936=(
LENGTH_UNIT()
NAMED_UNIT(*)
SI_UNIT(.MILLI.,.METRE.)
);
#2937=(
LENGTH_UNIT()
NAMED_UNIT(*)
SI_UNIT($,.METRE.)
);
#2938=(
NAMED_UNIT(*)
PLANE_ANGLE_UNIT()
SI_UNIT($,.RADIAN.)
);
#2939=(
NAMED_UNIT(*)
SI_UNIT($,.STERADIAN.)
SOLID_ANGLE_UNIT()
);
#2940=SHAPE_DEFINITION_REPRESENTATION(#2941,#2942);
#2941=PRODUCT_DEFINITION_SHAPE('',$,#2944);
#2942=SHAPE_REPRESENTATION('',(#1714),#2934);
#2943=PRODUCT_DEFINITION_CONTEXT('part definition',#2948,'design');
#2944=PRODUCT_DEFINITION('mounting plate','mounting plate v28',#2945,#2943);
#2945=PRODUCT_DEFINITION_FORMATION('',$,#2950);
#2946=PRODUCT_RELATED_PRODUCT_CATEGORY('mounting plate v28',
'mounting plate v28',(#2950));
#2947=APPLICATION_PROTOCOL_DEFINITION('international standard',
'automotive_design',2009,#2948);
#2948=APPLICATION_CONTEXT(
'Core Data for Automotive Mechanical Design Process');
#2949=PRODUCT_CONTEXT('part definition',#2948,'mechanical');
#2950=PRODUCT('mounting plate','mounting plate v28',$,(#2949));
#2951=PRESENTATION_STYLE_ASSIGNMENT((#2952));
#2952=SURFACE_STYLE_USAGE(.BOTH.,#2953);
#2953=SURFACE_SIDE_STYLE('',(#2954));
#2954=SURFACE_STYLE_FILL_AREA(#2955);
#2955=FILL_AREA_STYLE('Steel - Satin',(#2956));
#2956=FILL_AREA_STYLE_COLOUR('Steel - Satin',#2957);
#2957=COLOUR_RGB('Steel - Satin',0.627450980392157,0.627450980392157,0.627450980392157);
ENDSEC;
END-ISO-10303-21;
