ISO-10303-21;
HEADER;
/* Generated by software containing ST-Developer
 * from STEP Tools, Inc. (www.steptools.com) 
 */

FILE_DESCRIPTION(
/* description */ (''),
/* implementation_level */ '2;1');

FILE_NAME(
/* name */ 'deck-slot-5mm-offset.step',
/* time_stamp */ '2026-06-14T18:06:05-04:00',
/* author */ (''),
/* organization */ (''),
/* preprocessor_version */ 'ST-DEVELOPER v20.1',
/* originating_system */ 'Autodesk Translation Framework v15.8.0.0',
/* authorisation */ '');

FILE_SCHEMA (('AUTOMOTIVE_DESIGN { 1 0 10303 214 3 1 1 }'));
ENDSEC;

DATA;
#10=MECHANICAL_DESIGN_GEOMETRIC_PRESENTATION_REPRESENTATION('',(#13),#10561);
#11=SHAPE_REPRESENTATION_RELATIONSHIP('SRR','None',#10568,#12);
#12=ADVANCED_BREP_SHAPE_REPRESENTATION('',(#14),#10560);
#13=STYLED_ITEM('',(#10577),#14);
#14=MANIFOLD_SOLID_BREP('Body1',#2393);
#15=CONICAL_SURFACE('',#2554,4.89142135623731,0.785398163397448);
#16=CONICAL_SURFACE('',#2558,4.89142135623731,0.785398163397448);
#17=CONICAL_SURFACE('',#2562,4.89142135623731,0.785398163397448);
#18=CONICAL_SURFACE('',#2566,4.89142135623731,0.785398163397448);
#19=CONICAL_SURFACE('',#2570,4.89142135623731,0.785398163397448);
#20=CONICAL_SURFACE('',#2574,4.89142135623731,0.785398163397448);
#21=CONICAL_SURFACE('',#2578,4.89142135623731,0.785398163397448);
#22=CONICAL_SURFACE('',#2582,4.89142135623731,0.785398163397448);
#23=B_SPLINE_SURFACE_WITH_KNOTS('',3,3,((#6198,#6199,#6200,#6201,#6202,
#6203,#6204,#6205,#6206,#6207,#6208,#6209,#6210,#6211,#6212,#6213,#6214,
#6215,#6216,#6217,#6218,#6219,#6220,#6221,#6222,#6223,#6224,#6225,#6226),
(#6227,#6228,#6229,#6230,#6231,#6232,#6233,#6234,#6235,#6236,#6237,#6238,
#6239,#6240,#6241,#6242,#6243,#6244,#6245,#6246,#6247,#6248,#6249,#6250,
#6251,#6252,#6253,#6254,#6255),(#6256,#6257,#6258,#6259,#6260,#6261,#6262,
#6263,#6264,#6265,#6266,#6267,#6268,#6269,#6270,#6271,#6272,#6273,#6274,
#6275,#6276,#6277,#6278,#6279,#6280,#6281,#6282,#6283,#6284),(#6285,#6286,
#6287,#6288,#6289,#6290,#6291,#6292,#6293,#6294,#6295,#6296,#6297,#6298,
#6299,#6300,#6301,#6302,#6303,#6304,#6305,#6306,#6307,#6308,#6309,#6310,
#6311,#6312,#6313)),.UNSPECIFIED.,.F.,.F.,.F.,(4,4),(4,1,1,1,1,1,1,1,1,
1,1,1,1,1,1,1,1,1,1,1,1,1,1,1,1,1,4),(0.,0.0642013499338866),(841.239449410016,
842.223252863668,843.20705631732,844.190859770972,845.174663224624,846.158466678276,
847.142270131928,848.12607358558,849.109877039232,850.093680492884,851.077483946536,
852.061287400188,853.04509085384,854.028894307492,855.012697761144,855.996501214796,
856.980304668448,857.9641081221,858.947911575752,859.931715029404,860.915518483056,
861.899321936708,862.88312539036,863.866928844012,864.850732297664,865.834535751316,
866.818339204968),.UNSPECIFIED.);
#24=B_SPLINE_SURFACE_WITH_KNOTS('',3,3,((#6424,#6425,#6426,#6427,#6428,
#6429,#6430,#6431,#6432,#6433,#6434,#6435,#6436,#6437,#6438,#6439,#6440,
#6441,#6442,#6443,#6444,#6445,#6446,#6447,#6448,#6449,#6450,#6451,#6452),
(#6453,#6454,#6455,#6456,#6457,#6458,#6459,#6460,#6461,#6462,#6463,#6464,
#6465,#6466,#6467,#6468,#6469,#6470,#6471,#6472,#6473,#6474,#6475,#6476,
#6477,#6478,#6479,#6480,#6481),(#6482,#6483,#6484,#6485,#6486,#6487,#6488,
#6489,#6490,#6491,#6492,#6493,#6494,#6495,#6496,#6497,#6498,#6499,#6500,
#6501,#6502,#6503,#6504,#6505,#6506,#6507,#6508,#6509,#6510),(#6511,#6512,
#6513,#6514,#6515,#6516,#6517,#6518,#6519,#6520,#6521,#6522,#6523,#6524,
#6525,#6526,#6527,#6528,#6529,#6530,#6531,#6532,#6533,#6534,#6535,#6536,
#6537,#6538,#6539)),.UNSPECIFIED.,.F.,.F.,.F.,(4,4),(4,1,1,1,1,1,1,1,1,
1,1,1,1,1,1,1,1,1,1,1,1,1,1,1,1,1,4),(0.,0.0642013499338866),(843.77886067468,
844.762664128332,845.746467581984,846.730271035636,847.714074489288,848.69787794294,
849.681681396592,850.665484850244,851.649288303896,852.633091757548,853.6168952112,
854.600698664852,855.584502118504,856.568305572156,857.552109025808,858.53591247946,
859.519715933112,860.503519386764,861.487322840416,862.471126294068,863.45492974772,
864.438733201372,865.422536655024,866.406340108676,867.390143562328,868.37394701598,
869.357750469632),.UNSPECIFIED.);
#25=B_SPLINE_SURFACE_WITH_KNOTS('',3,3,((#6866,#6867,#6868,#6869,#6870,
#6871,#6872,#6873,#6874,#6875,#6876,#6877,#6878,#6879,#6880,#6881,#6882,
#6883,#6884,#6885,#6886,#6887,#6888,#6889,#6890,#6891,#6892,#6893,#6894),
(#6895,#6896,#6897,#6898,#6899,#6900,#6901,#6902,#6903,#6904,#6905,#6906,
#6907,#6908,#6909,#6910,#6911,#6912,#6913,#6914,#6915,#6916,#6917,#6918,
#6919,#6920,#6921,#6922,#6923),(#6924,#6925,#6926,#6927,#6928,#6929,#6930,
#6931,#6932,#6933,#6934,#6935,#6936,#6937,#6938,#6939,#6940,#6941,#6942,
#6943,#6944,#6945,#6946,#6947,#6948,#6949,#6950,#6951,#6952),(#6953,#6954,
#6955,#6956,#6957,#6958,#6959,#6960,#6961,#6962,#6963,#6964,#6965,#6966,
#6967,#6968,#6969,#6970,#6971,#6972,#6973,#6974,#6975,#6976,#6977,#6978,
#6979,#6980,#6981)),.UNSPECIFIED.,.F.,.F.,.F.,(4,4),(4,1,1,1,1,1,1,1,1,
1,1,1,1,1,1,1,1,1,1,1,1,1,1,1,1,1,4),(0.,0.0642013499338866),(11.858988862308,
12.84279231596,13.8265957696119,14.8103992232639,15.7942026769159,16.7780061305679,
17.7618095842199,18.7456130378719,19.7294164915239,20.7132199451759,21.6970233988279,
22.6808268524799,23.6646303061319,24.6484337597839,25.6322372134359,26.6160406670879,
27.5998441207399,28.5836475743919,29.5674510280439,30.5512544816959,31.5350579353479,
32.5188613889998,33.5026648426518,34.4864682963038,35.4702717499558,36.4540752036078,
37.4378786572598),.UNSPECIFIED.);
#26=B_SPLINE_SURFACE_WITH_KNOTS('',3,3,((#7101,#7102,#7103,#7104,#7105,
#7106,#7107,#7108,#7109,#7110,#7111,#7112,#7113,#7114,#7115,#7116,#7117,
#7118,#7119,#7120,#7121,#7122,#7123,#7124,#7125,#7126,#7127,#7128,#7129),
(#7130,#7131,#7132,#7133,#7134,#7135,#7136,#7137,#7138,#7139,#7140,#7141,
#7142,#7143,#7144,#7145,#7146,#7147,#7148,#7149,#7150,#7151,#7152,#7153,
#7154,#7155,#7156,#7157,#7158),(#7159,#7160,#7161,#7162,#7163,#7164,#7165,
#7166,#7167,#7168,#7169,#7170,#7171,#7172,#7173,#7174,#7175,#7176,#7177,
#7178,#7179,#7180,#7181,#7182,#7183,#7184,#7185,#7186,#7187),(#7188,#7189,
#7190,#7191,#7192,#7193,#7194,#7195,#7196,#7197,#7198,#7199,#7200,#7201,
#7202,#7203,#7204,#7205,#7206,#7207,#7208,#7209,#7210,#7211,#7212,#7213,
#7214,#7215,#7216)),.UNSPECIFIED.,.F.,.F.,.F.,(4,4),(4,1,1,1,1,1,1,1,1,
1,1,1,1,1,1,1,1,1,1,1,1,1,1,1,1,1,4),(0.,0.0642013499338866),(14.3984001269719,
15.3822035806239,16.3660070342759,17.3498104879279,18.3336139415799,19.3174173952319,
20.3012208488839,21.2850243025359,22.2688277561879,23.2526312098399,24.2364346634919,
25.2202381171439,26.2040415707959,27.1878450244479,28.1716484780999,29.1554519317519,
30.1392553854039,31.1230588390559,32.1068622927079,33.0906657463599,34.0744692000118,
35.0582726536638,36.0420761073158,37.0258795609678,38.0096830146198,38.9934864682718,
39.9772899219238),.UNSPECIFIED.);
#27=B_SPLINE_SURFACE_WITH_KNOTS('',3,3,((#7383,#7384,#7385,#7386,#7387,
#7388,#7389,#7390,#7391,#7392,#7393,#7394,#7395,#7396,#7397,#7398,#7399,
#7400,#7401,#7402,#7403,#7404,#7405,#7406,#7407,#7408,#7409,#7410,#7411),
(#7412,#7413,#7414,#7415,#7416,#7417,#7418,#7419,#7420,#7421,#7422,#7423,
#7424,#7425,#7426,#7427,#7428,#7429,#7430,#7431,#7432,#7433,#7434,#7435,
#7436,#7437,#7438,#7439,#7440),(#7441,#7442,#7443,#7444,#7445,#7446,#7447,
#7448,#7449,#7450,#7451,#7452,#7453,#7454,#7455,#7456,#7457,#7458,#7459,
#7460,#7461,#7462,#7463,#7464,#7465,#7466,#7467,#7468,#7469),(#7470,#7471,
#7472,#7473,#7474,#7475,#7476,#7477,#7478,#7479,#7480,#7481,#7482,#7483,
#7484,#7485,#7486,#7487,#7488,#7489,#7490,#7491,#7492,#7493,#7494,#7495,
#7496,#7497,#7498)),.UNSPECIFIED.,.F.,.F.,.F.,(4,4),(4,1,1,1,1,1,1,1,1,
1,1,1,1,1,1,1,1,1,1,1,1,1,1,1,1,1,4),(0.,0.0642013499338866),(11.8589888623104,
12.8427923159624,13.8265957696144,14.8103992232664,15.7942026769184,16.7780061305704,
17.7618095842224,18.7456130378744,19.7294164915264,20.7132199451783,21.6970233988303,
22.6808268524823,23.6646303061343,24.6484337597863,25.6322372134383,26.6160406670903,
27.5998441207423,28.5836475743943,29.5674510280463,30.5512544816983,31.5350579353503,
32.5188613890023,33.5026648426543,34.4864682963063,35.4702717499583,36.4540752036103,
37.4378786572623),.UNSPECIFIED.);
#28=B_SPLINE_SURFACE_WITH_KNOTS('',3,3,((#7618,#7619,#7620,#7621,#7622,
#7623,#7624,#7625,#7626,#7627,#7628,#7629,#7630,#7631,#7632,#7633,#7634,
#7635,#7636,#7637,#7638,#7639,#7640,#7641,#7642,#7643,#7644,#7645,#7646),
(#7647,#7648,#7649,#7650,#7651,#7652,#7653,#7654,#7655,#7656,#7657,#7658,
#7659,#7660,#7661,#7662,#7663,#7664,#7665,#7666,#7667,#7668,#7669,#7670,
#7671,#7672,#7673,#7674,#7675),(#7676,#7677,#7678,#7679,#7680,#7681,#7682,
#7683,#7684,#7685,#7686,#7687,#7688,#7689,#7690,#7691,#7692,#7693,#7694,
#7695,#7696,#7697,#7698,#7699,#7700,#7701,#7702,#7703,#7704),(#7705,#7706,
#7707,#7708,#7709,#7710,#7711,#7712,#7713,#7714,#7715,#7716,#7717,#7718,
#7719,#7720,#7721,#7722,#7723,#7724,#7725,#7726,#7727,#7728,#7729,#7730,
#7731,#7732,#7733)),.UNSPECIFIED.,.F.,.F.,.F.,(4,4),(4,1,1,1,1,1,1,1,1,
1,1,1,1,1,1,1,1,1,1,1,1,1,1,1,1,1,4),(0.,0.0642013499338866),(14.3984001269744,
15.3822035806264,16.3660070342784,17.3498104879304,18.3336139415824,19.3174173952344,
20.3012208488864,21.2850243025383,22.2688277561903,23.2526312098423,24.2364346634943,
25.2202381171463,26.2040415707983,27.1878450244503,28.1716484781023,29.1554519317543,
30.1392553854063,31.1230588390583,32.1068622927103,33.0906657463623,34.0744692000143,
35.0582726536663,36.0420761073183,37.0258795609703,38.0096830146223,38.9934864682743,
39.9772899219263),.UNSPECIFIED.);
#29=B_SPLINE_SURFACE_WITH_KNOTS('',3,3,((#7844,#7845,#7846,#7847,#7848,
#7849,#7850,#7851,#7852,#7853,#7854,#7855,#7856,#7857,#7858,#7859,#7860,
#7861,#7862,#7863,#7864,#7865,#7866,#7867,#7868,#7869,#7870,#7871,#7872),
(#7873,#7874,#7875,#7876,#7877,#7878,#7879,#7880,#7881,#7882,#7883,#7884,
#7885,#7886,#7887,#7888,#7889,#7890,#7891,#7892,#7893,#7894,#7895,#7896,
#7897,#7898,#7899,#7900,#7901),(#7902,#7903,#7904,#7905,#7906,#7907,#7908,
#7909,#7910,#7911,#7912,#7913,#7914,#7915,#7916,#7917,#7918,#7919,#7920,
#7921,#7922,#7923,#7924,#7925,#7926,#7927,#7928,#7929,#7930),(#7931,#7932,
#7933,#7934,#7935,#7936,#7937,#7938,#7939,#7940,#7941,#7942,#7943,#7944,
#7945,#7946,#7947,#7948,#7949,#7950,#7951,#7952,#7953,#7954,#7955,#7956,
#7957,#7958,#7959)),.UNSPECIFIED.,.F.,.F.,.F.,(4,4),(4,1,1,1,1,1,1,1,1,
1,1,1,1,1,1,1,1,1,1,1,1,1,1,1,1,1,4),(0.,0.0642013499338866),(843.77886067468,
844.762664128332,845.746467581984,846.730271035636,847.714074489288,848.69787794294,
849.681681396592,850.665484850244,851.649288303896,852.633091757548,853.6168952112,
854.600698664852,855.584502118504,856.568305572156,857.552109025808,858.53591247946,
859.519715933112,860.503519386764,861.487322840416,862.471126294068,863.45492974772,
864.438733201372,865.422536655024,866.406340108676,867.390143562328,868.37394701598,
869.357750469632),.UNSPECIFIED.);
#30=B_SPLINE_SURFACE_WITH_KNOTS('',3,3,((#7985,#7986,#7987,#7988,#7989,
#7990,#7991,#7992,#7993,#7994,#7995,#7996,#7997,#7998,#7999,#8000,#8001,
#8002,#8003,#8004,#8005,#8006,#8007,#8008,#8009,#8010,#8011,#8012,#8013),
(#8014,#8015,#8016,#8017,#8018,#8019,#8020,#8021,#8022,#8023,#8024,#8025,
#8026,#8027,#8028,#8029,#8030,#8031,#8032,#8033,#8034,#8035,#8036,#8037,
#8038,#8039,#8040,#8041,#8042),(#8043,#8044,#8045,#8046,#8047,#8048,#8049,
#8050,#8051,#8052,#8053,#8054,#8055,#8056,#8057,#8058,#8059,#8060,#8061,
#8062,#8063,#8064,#8065,#8066,#8067,#8068,#8069,#8070,#8071),(#8072,#8073,
#8074,#8075,#8076,#8077,#8078,#8079,#8080,#8081,#8082,#8083,#8084,#8085,
#8086,#8087,#8088,#8089,#8090,#8091,#8092,#8093,#8094,#8095,#8096,#8097,
#8098,#8099,#8100)),.UNSPECIFIED.,.F.,.F.,.F.,(4,4),(4,1,1,1,1,1,1,1,1,
1,1,1,1,1,1,1,1,1,1,1,1,1,1,1,1,1,4),(0.,0.0642013499338866),(841.239449410016,
842.223252863668,843.20705631732,844.190859770972,845.174663224624,846.158466678276,
847.142270131928,848.12607358558,849.109877039232,850.093680492884,851.077483946536,
852.061287400188,853.04509085384,854.028894307492,855.012697761144,855.996501214796,
856.980304668448,857.9641081221,858.947911575752,859.931715029404,860.915518483056,
861.899321936708,862.88312539036,863.866928844012,864.850732297664,865.834535751316,
866.818339204968),.UNSPECIFIED.);
#31=B_SPLINE_SURFACE_WITH_KNOTS('',3,3,((#8200,#8201,#8202,#8203,#8204,
#8205,#8206,#8207,#8208,#8209,#8210,#8211,#8212,#8213,#8214,#8215,#8216,
#8217,#8218,#8219,#8220,#8221,#8222,#8223,#8224,#8225,#8226,#8227,#8228),
(#8229,#8230,#8231,#8232,#8233,#8234,#8235,#8236,#8237,#8238,#8239,#8240,
#8241,#8242,#8243,#8244,#8245,#8246,#8247,#8248,#8249,#8250,#8251,#8252,
#8253,#8254,#8255,#8256,#8257),(#8258,#8259,#8260,#8261,#8262,#8263,#8264,
#8265,#8266,#8267,#8268,#8269,#8270,#8271,#8272,#8273,#8274,#8275,#8276,
#8277,#8278,#8279,#8280,#8281,#8282,#8283,#8284,#8285,#8286),(#8287,#8288,
#8289,#8290,#8291,#8292,#8293,#8294,#8295,#8296,#8297,#8298,#8299,#8300,
#8301,#8302,#8303,#8304,#8305,#8306,#8307,#8308,#8309,#8310,#8311,#8312,
#8313,#8314,#8315)),.UNSPECIFIED.,.F.,.F.,.F.,(4,4),(4,1,1,1,1,1,1,1,1,
1,1,1,1,1,1,1,1,1,1,1,1,1,1,1,1,1,4),(0.,0.0642013499338866),(11.8589888623094,
12.8427923159614,13.8265957696133,14.8103992232653,15.7942026769173,16.7780061305693,
17.7618095842213,18.7456130378733,19.7294164915253,20.7132199451773,21.6970233988293,
22.6808268524813,23.6646303061333,24.6484337597853,25.6322372134373,26.6160406670893,
27.5998441207413,28.5836475743933,29.5674510280453,30.5512544816973,31.5350579353493,
32.5188613890013,33.5026648426532,34.4864682963052,35.4702717499572,36.4540752036092,
37.4378786572612),.UNSPECIFIED.);
#32=B_SPLINE_SURFACE_WITH_KNOTS('',3,3,((#8435,#8436,#8437,#8438,#8439,
#8440,#8441,#8442,#8443,#8444,#8445,#8446,#8447,#8448,#8449,#8450,#8451,
#8452,#8453,#8454,#8455,#8456,#8457,#8458,#8459,#8460,#8461,#8462,#8463),
(#8464,#8465,#8466,#8467,#8468,#8469,#8470,#8471,#8472,#8473,#8474,#8475,
#8476,#8477,#8478,#8479,#8480,#8481,#8482,#8483,#8484,#8485,#8486,#8487,
#8488,#8489,#8490,#8491,#8492),(#8493,#8494,#8495,#8496,#8497,#8498,#8499,
#8500,#8501,#8502,#8503,#8504,#8505,#8506,#8507,#8508,#8509,#8510,#8511,
#8512,#8513,#8514,#8515,#8516,#8517,#8518,#8519,#8520,#8521),(#8522,#8523,
#8524,#8525,#8526,#8527,#8528,#8529,#8530,#8531,#8532,#8533,#8534,#8535,
#8536,#8537,#8538,#8539,#8540,#8541,#8542,#8543,#8544,#8545,#8546,#8547,
#8548,#8549,#8550)),.UNSPECIFIED.,.F.,.F.,.F.,(4,4),(4,1,1,1,1,1,1,1,1,
1,1,1,1,1,1,1,1,1,1,1,1,1,1,1,1,1,4),(0.,0.0642013499338866),(14.3984001269733,
15.3822035806253,16.3660070342773,17.3498104879293,18.3336139415813,19.3174173952333,
20.3012208488853,21.2850243025373,22.2688277561893,23.2526312098413,24.2364346634933,
25.2202381171453,26.2040415707973,27.1878450244493,28.1716484781012,29.1554519317532,
30.1392553854052,31.1230588390572,32.1068622927092,33.0906657463612,34.0744692000132,
35.0582726536652,36.0420761073172,37.0258795609692,38.0096830146212,38.9934864682732,
39.9772899219252),.UNSPECIFIED.);
#33=B_SPLINE_SURFACE_WITH_KNOTS('',3,3,((#8661,#8662,#8663,#8664,#8665,
#8666,#8667,#8668,#8669,#8670,#8671,#8672,#8673,#8674,#8675,#8676,#8677,
#8678,#8679,#8680,#8681,#8682,#8683,#8684,#8685,#8686,#8687,#8688,#8689),
(#8690,#8691,#8692,#8693,#8694,#8695,#8696,#8697,#8698,#8699,#8700,#8701,
#8702,#8703,#8704,#8705,#8706,#8707,#8708,#8709,#8710,#8711,#8712,#8713,
#8714,#8715,#8716,#8717,#8718),(#8719,#8720,#8721,#8722,#8723,#8724,#8725,
#8726,#8727,#8728,#8729,#8730,#8731,#8732,#8733,#8734,#8735,#8736,#8737,
#8738,#8739,#8740,#8741,#8742,#8743,#8744,#8745,#8746,#8747),(#8748,#8749,
#8750,#8751,#8752,#8753,#8754,#8755,#8756,#8757,#8758,#8759,#8760,#8761,
#8762,#8763,#8764,#8765,#8766,#8767,#8768,#8769,#8770,#8771,#8772,#8773,
#8774,#8775,#8776)),.UNSPECIFIED.,.F.,.F.,.F.,(4,4),(4,1,1,1,1,1,1,1,1,
1,1,1,1,1,1,1,1,1,1,1,1,1,1,1,1,1,4),(0.,0.0642013499338866),(579.885077773136,
580.868881226788,581.85268468044,582.836488134092,583.820291587744,584.804095041396,
585.787898495048,586.7717019487,587.755505402352,588.739308856004,589.723112309656,
590.706915763308,591.69071921696,592.674522670612,593.658326124264,594.642129577916,
595.625933031568,596.60973648522,597.593539938872,598.577343392524,599.561146846176,
600.544950299828,601.52875375348,602.512557207132,603.496360660784,604.480164114436,
605.463967568088),.UNSPECIFIED.);
#34=B_SPLINE_SURFACE_WITH_KNOTS('',3,3,((#8990,#8991,#8992,#8993,#8994,
#8995,#8996,#8997,#8998,#8999,#9000,#9001,#9002,#9003,#9004,#9005,#9006,
#9007,#9008,#9009,#9010,#9011,#9012,#9013,#9014,#9015,#9016,#9017,#9018),
(#9019,#9020,#9021,#9022,#9023,#9024,#9025,#9026,#9027,#9028,#9029,#9030,
#9031,#9032,#9033,#9034,#9035,#9036,#9037,#9038,#9039,#9040,#9041,#9042,
#9043,#9044,#9045,#9046,#9047),(#9048,#9049,#9050,#9051,#9052,#9053,#9054,
#9055,#9056,#9057,#9058,#9059,#9060,#9061,#9062,#9063,#9064,#9065,#9066,
#9067,#9068,#9069,#9070,#9071,#9072,#9073,#9074,#9075,#9076),(#9077,#9078,
#9079,#9080,#9081,#9082,#9083,#9084,#9085,#9086,#9087,#9088,#9089,#9090,
#9091,#9092,#9093,#9094,#9095,#9096,#9097,#9098,#9099,#9100,#9101,#9102,
#9103,#9104,#9105)),.UNSPECIFIED.,.F.,.F.,.F.,(4,4),(4,1,1,1,1,1,1,1,1,
1,1,1,1,1,1,1,1,1,1,1,1,1,1,1,1,1,4),(0.,0.0642013499338866),(577.345666508472,
578.329469962124,579.313273415776,580.297076869428,581.28088032308,582.264683776732,
583.248487230384,584.232290684036,585.216094137688,586.19989759134,587.183701044992,
588.167504498644,589.151307952296,590.135111405948,591.1189148596,592.102718313252,
593.086521766904,594.070325220556,595.054128674208,596.03793212786,597.021735581512,
598.005539035164,598.989342488816,599.973145942468,600.95694939612,601.940752849772,
602.924556303424),.UNSPECIFIED.);
#35=B_SPLINE_SURFACE_WITH_KNOTS('',3,3,((#9557,#9558,#9559,#9560,#9561,
#9562,#9563,#9564,#9565,#9566,#9567,#9568,#9569,#9570,#9571,#9572,#9573,
#9574,#9575,#9576,#9577,#9578,#9579,#9580,#9581,#9582,#9583,#9584,#9585),
(#9586,#9587,#9588,#9589,#9590,#9591,#9592,#9593,#9594,#9595,#9596,#9597,
#9598,#9599,#9600,#9601,#9602,#9603,#9604,#9605,#9606,#9607,#9608,#9609,
#9610,#9611,#9612,#9613,#9614),(#9615,#9616,#9617,#9618,#9619,#9620,#9621,
#9622,#9623,#9624,#9625,#9626,#9627,#9628,#9629,#9630,#9631,#9632,#9633,
#9634,#9635,#9636,#9637,#9638,#9639,#9640,#9641,#9642,#9643),(#9644,#9645,
#9646,#9647,#9648,#9649,#9650,#9651,#9652,#9653,#9654,#9655,#9656,#9657,
#9658,#9659,#9660,#9661,#9662,#9663,#9664,#9665,#9666,#9667,#9668,#9669,
#9670,#9671,#9672)),.UNSPECIFIED.,.F.,.F.,.F.,(4,4),(4,1,1,1,1,1,1,1,1,
1,1,1,1,1,1,1,1,1,1,1,1,1,1,1,1,1,4),(0.,0.0642013499338866),(11.8589888623094,
12.8427923159614,13.8265957696134,14.8103992232654,15.7942026769174,16.7780061305693,
17.7618095842213,18.7456130378733,19.7294164915253,20.7132199451773,21.6970233988293,
22.6808268524813,23.6646303061333,24.6484337597853,25.6322372134373,26.6160406670893,
27.5998441207413,28.5836475743933,29.5674510280453,30.5512544816973,31.5350579353493,
32.5188613890013,33.5026648426533,34.4864682963053,35.4702717499573,36.4540752036093,
37.4378786572613),.UNSPECIFIED.);
#36=B_SPLINE_SURFACE_WITH_KNOTS('',3,3,((#9792,#9793,#9794,#9795,#9796,
#9797,#9798,#9799,#9800,#9801,#9802,#9803,#9804,#9805,#9806,#9807,#9808,
#9809,#9810,#9811,#9812,#9813,#9814,#9815,#9816,#9817,#9818,#9819,#9820),
(#9821,#9822,#9823,#9824,#9825,#9826,#9827,#9828,#9829,#9830,#9831,#9832,
#9833,#9834,#9835,#9836,#9837,#9838,#9839,#9840,#9841,#9842,#9843,#9844,
#9845,#9846,#9847,#9848,#9849),(#9850,#9851,#9852,#9853,#9854,#9855,#9856,
#9857,#9858,#9859,#9860,#9861,#9862,#9863,#9864,#9865,#9866,#9867,#9868,
#9869,#9870,#9871,#9872,#9873,#9874,#9875,#9876,#9877,#9878),(#9879,#9880,
#9881,#9882,#9883,#9884,#9885,#9886,#9887,#9888,#9889,#9890,#9891,#9892,
#9893,#9894,#9895,#9896,#9897,#9898,#9899,#9900,#9901,#9902,#9903,#9904,
#9905,#9906,#9907)),.UNSPECIFIED.,.F.,.F.,.F.,(4,4),(4,1,1,1,1,1,1,1,1,
1,1,1,1,1,1,1,1,1,1,1,1,1,1,1,1,1,4),(0.,0.0642013499338866),(14.3984001269733,
15.3822035806253,16.3660070342773,17.3498104879293,18.3336139415813,19.3174173952333,
20.3012208488853,21.2850243025373,22.2688277561893,23.2526312098413,24.2364346634933,
25.2202381171453,26.2040415707973,27.1878450244493,28.1716484781013,29.1554519317533,
30.1392553854053,31.1230588390573,32.1068622927093,33.0906657463613,34.0744692000133,
35.0582726536653,36.0420761073173,37.0258795609693,38.0096830146213,38.9934864682733,
39.9772899219253),.UNSPECIFIED.);
#37=B_SPLINE_SURFACE_WITH_KNOTS('',3,3,((#10018,#10019,#10020,#10021,#10022,
#10023,#10024,#10025,#10026,#10027,#10028,#10029,#10030,#10031,#10032,#10033,
#10034,#10035,#10036,#10037,#10038,#10039,#10040,#10041,#10042,#10043,#10044,
#10045,#10046),(#10047,#10048,#10049,#10050,#10051,#10052,#10053,#10054,
#10055,#10056,#10057,#10058,#10059,#10060,#10061,#10062,#10063,#10064,#10065,
#10066,#10067,#10068,#10069,#10070,#10071,#10072,#10073,#10074,#10075),
(#10076,#10077,#10078,#10079,#10080,#10081,#10082,#10083,#10084,#10085,
#10086,#10087,#10088,#10089,#10090,#10091,#10092,#10093,#10094,#10095,#10096,
#10097,#10098,#10099,#10100,#10101,#10102,#10103,#10104),(#10105,#10106,
#10107,#10108,#10109,#10110,#10111,#10112,#10113,#10114,#10115,#10116,#10117,
#10118,#10119,#10120,#10121,#10122,#10123,#10124,#10125,#10126,#10127,#10128,
#10129,#10130,#10131,#10132,#10133)),.UNSPECIFIED.,.F.,.F.,.F.,(4,4),(4,
1,1,1,1,1,1,1,1,1,1,1,1,1,1,1,1,1,1,1,1,1,1,1,1,1,4),(0.,0.0642013499338866),
(579.885077773136,580.868881226788,581.85268468044,582.836488134092,583.820291587744,
584.804095041396,585.787898495048,586.7717019487,587.755505402352,588.739308856004,
589.723112309656,590.706915763308,591.69071921696,592.674522670612,593.658326124264,
594.642129577916,595.625933031568,596.60973648522,597.593539938872,598.577343392524,
599.561146846176,600.544950299828,601.52875375348,602.512557207132,603.496360660784,
604.480164114436,605.463967568088),.UNSPECIFIED.);
#38=B_SPLINE_SURFACE_WITH_KNOTS('',3,3,((#10253,#10254,#10255,#10256,#10257,
#10258,#10259,#10260,#10261,#10262,#10263,#10264,#10265,#10266,#10267,#10268,
#10269,#10270,#10271,#10272,#10273,#10274,#10275,#10276,#10277,#10278,#10279,
#10280,#10281),(#10282,#10283,#10284,#10285,#10286,#10287,#10288,#10289,
#10290,#10291,#10292,#10293,#10294,#10295,#10296,#10297,#10298,#10299,#10300,
#10301,#10302,#10303,#10304,#10305,#10306,#10307,#10308,#10309,#10310),
(#10311,#10312,#10313,#10314,#10315,#10316,#10317,#10318,#10319,#10320,
#10321,#10322,#10323,#10324,#10325,#10326,#10327,#10328,#10329,#10330,#10331,
#10332,#10333,#10334,#10335,#10336,#10337,#10338,#10339),(#10340,#10341,
#10342,#10343,#10344,#10345,#10346,#10347,#10348,#10349,#10350,#10351,#10352,
#10353,#10354,#10355,#10356,#10357,#10358,#10359,#10360,#10361,#10362,#10363,
#10364,#10365,#10366,#10367,#10368)),.UNSPECIFIED.,.F.,.F.,.F.,(4,4),(4,
1,1,1,1,1,1,1,1,1,1,1,1,1,1,1,1,1,1,1,1,1,1,1,1,1,4),(0.,0.0642013499338866),
(577.345666508472,578.329469962124,579.313273415776,580.297076869428,581.28088032308,
582.264683776732,583.248487230384,584.232290684036,585.216094137688,586.19989759134,
587.183701044992,588.167504498644,589.151307952296,590.135111405948,591.1189148596,
592.102718313252,593.086521766904,594.070325220556,595.054128674208,596.03793212786,
597.021735581512,598.005539035164,598.989342488816,599.973145942468,600.95694939612,
601.940752849772,602.924556303424),.UNSPECIFIED.);
#39=FACE_BOUND('',#276,.T.);
#40=FACE_BOUND('',#277,.T.);
#41=FACE_BOUND('',#278,.T.);
#42=FACE_BOUND('',#279,.T.);
#43=FACE_BOUND('',#280,.T.);
#44=FACE_BOUND('',#281,.T.);
#45=FACE_BOUND('',#282,.T.);
#46=FACE_BOUND('',#283,.T.);
#47=FACE_BOUND('',#285,.T.);
#48=FACE_BOUND('',#286,.T.);
#49=FACE_BOUND('',#290,.T.);
#50=FACE_BOUND('',#291,.T.);
#51=FACE_BOUND('',#293,.T.);
#52=FACE_BOUND('',#296,.T.);
#53=FACE_BOUND('',#297,.T.);
#54=FACE_BOUND('',#302,.T.);
#55=FACE_BOUND('',#303,.T.);
#56=FACE_BOUND('',#324,.T.);
#57=FACE_BOUND('',#325,.T.);
#58=FACE_BOUND('',#353,.T.);
#59=FACE_BOUND('',#354,.T.);
#60=FACE_BOUND('',#356,.T.);
#61=FACE_BOUND('',#357,.T.);
#62=FACE_BOUND('',#359,.T.);
#63=FACE_BOUND('',#360,.T.);
#64=FACE_BOUND('',#362,.T.);
#65=FACE_BOUND('',#363,.T.);
#66=FACE_BOUND('',#364,.T.);
#67=FACE_BOUND('',#365,.T.);
#68=FACE_BOUND('',#366,.T.);
#69=FACE_BOUND('',#367,.T.);
#70=FACE_BOUND('',#368,.T.);
#71=FACE_BOUND('',#369,.T.);
#72=PLANE('',#2514);
#73=PLANE('',#2526);
#74=PLANE('',#2531);
#75=PLANE('',#2532);
#76=PLANE('',#2535);
#77=PLANE('',#2537);
#78=PLANE('',#2547);
#79=PLANE('',#2586);
#80=PLANE('',#2587);
#81=PLANE('',#2588);
#82=PLANE('',#2589);
#83=FACE_OUTER_BOUND('',#210,.T.);
#84=FACE_OUTER_BOUND('',#211,.T.);
#85=FACE_OUTER_BOUND('',#212,.T.);
#86=FACE_OUTER_BOUND('',#213,.T.);
#87=FACE_OUTER_BOUND('',#214,.T.);
#88=FACE_OUTER_BOUND('',#215,.T.);
#89=FACE_OUTER_BOUND('',#216,.T.);
#90=FACE_OUTER_BOUND('',#217,.T.);
#91=FACE_OUTER_BOUND('',#218,.T.);
#92=FACE_OUTER_BOUND('',#219,.T.);
#93=FACE_OUTER_BOUND('',#220,.T.);
#94=FACE_OUTER_BOUND('',#221,.T.);
#95=FACE_OUTER_BOUND('',#222,.T.);
#96=FACE_OUTER_BOUND('',#223,.T.);
#97=FACE_OUTER_BOUND('',#224,.T.);
#98=FACE_OUTER_BOUND('',#225,.T.);
#99=FACE_OUTER_BOUND('',#226,.T.);
#100=FACE_OUTER_BOUND('',#227,.T.);
#101=FACE_OUTER_BOUND('',#228,.T.);
#102=FACE_OUTER_BOUND('',#229,.T.);
#103=FACE_OUTER_BOUND('',#230,.T.);
#104=FACE_OUTER_BOUND('',#231,.T.);
#105=FACE_OUTER_BOUND('',#232,.T.);
#106=FACE_OUTER_BOUND('',#233,.T.);
#107=FACE_OUTER_BOUND('',#234,.T.);
#108=FACE_OUTER_BOUND('',#235,.T.);
#109=FACE_OUTER_BOUND('',#236,.T.);
#110=FACE_OUTER_BOUND('',#237,.T.);
#111=FACE_OUTER_BOUND('',#238,.T.);
#112=FACE_OUTER_BOUND('',#239,.T.);
#113=FACE_OUTER_BOUND('',#240,.T.);
#114=FACE_OUTER_BOUND('',#241,.T.);
#115=FACE_OUTER_BOUND('',#242,.T.);
#116=FACE_OUTER_BOUND('',#243,.T.);
#117=FACE_OUTER_BOUND('',#244,.T.);
#118=FACE_OUTER_BOUND('',#245,.T.);
#119=FACE_OUTER_BOUND('',#246,.T.);
#120=FACE_OUTER_BOUND('',#247,.T.);
#121=FACE_OUTER_BOUND('',#248,.T.);
#122=FACE_OUTER_BOUND('',#249,.T.);
#123=FACE_OUTER_BOUND('',#250,.T.);
#124=FACE_OUTER_BOUND('',#251,.T.);
#125=FACE_OUTER_BOUND('',#252,.T.);
#126=FACE_OUTER_BOUND('',#253,.T.);
#127=FACE_OUTER_BOUND('',#254,.T.);
#128=FACE_OUTER_BOUND('',#255,.T.);
#129=FACE_OUTER_BOUND('',#256,.T.);
#130=FACE_OUTER_BOUND('',#257,.T.);
#131=FACE_OUTER_BOUND('',#258,.T.);
#132=FACE_OUTER_BOUND('',#259,.T.);
#133=FACE_OUTER_BOUND('',#260,.T.);
#134=FACE_OUTER_BOUND('',#261,.T.);
#135=FACE_OUTER_BOUND('',#262,.T.);
#136=FACE_OUTER_BOUND('',#263,.T.);
#137=FACE_OUTER_BOUND('',#264,.T.);
#138=FACE_OUTER_BOUND('',#265,.T.);
#139=FACE_OUTER_BOUND('',#266,.T.);
#140=FACE_OUTER_BOUND('',#267,.T.);
#141=FACE_OUTER_BOUND('',#268,.T.);
#142=FACE_OUTER_BOUND('',#269,.T.);
#143=FACE_OUTER_BOUND('',#270,.T.);
#144=FACE_OUTER_BOUND('',#271,.T.);
#145=FACE_OUTER_BOUND('',#272,.T.);
#146=FACE_OUTER_BOUND('',#273,.T.);
#147=FACE_OUTER_BOUND('',#274,.T.);
#148=FACE_OUTER_BOUND('',#275,.T.);
#149=FACE_OUTER_BOUND('',#284,.T.);
#150=FACE_OUTER_BOUND('',#287,.T.);
#151=FACE_OUTER_BOUND('',#288,.T.);
#152=FACE_OUTER_BOUND('',#289,.T.);
#153=FACE_OUTER_BOUND('',#292,.T.);
#154=FACE_OUTER_BOUND('',#294,.T.);
#155=FACE_OUTER_BOUND('',#295,.T.);
#156=FACE_OUTER_BOUND('',#298,.T.);
#157=FACE_OUTER_BOUND('',#299,.T.);
#158=FACE_OUTER_BOUND('',#300,.T.);
#159=FACE_OUTER_BOUND('',#301,.T.);
#160=FACE_OUTER_BOUND('',#304,.T.);
#161=FACE_OUTER_BOUND('',#305,.T.);
#162=FACE_OUTER_BOUND('',#306,.T.);
#163=FACE_OUTER_BOUND('',#307,.T.);
#164=FACE_OUTER_BOUND('',#308,.T.);
#165=FACE_OUTER_BOUND('',#309,.T.);
#166=FACE_OUTER_BOUND('',#310,.T.);
#167=FACE_OUTER_BOUND('',#311,.T.);
#168=FACE_OUTER_BOUND('',#312,.T.);
#169=FACE_OUTER_BOUND('',#313,.T.);
#170=FACE_OUTER_BOUND('',#314,.T.);
#171=FACE_OUTER_BOUND('',#315,.T.);
#172=FACE_OUTER_BOUND('',#316,.T.);
#173=FACE_OUTER_BOUND('',#317,.T.);
#174=FACE_OUTER_BOUND('',#318,.T.);
#175=FACE_OUTER_BOUND('',#319,.T.);
#176=FACE_OUTER_BOUND('',#320,.T.);
#177=FACE_OUTER_BOUND('',#321,.T.);
#178=FACE_OUTER_BOUND('',#322,.T.);
#179=FACE_OUTER_BOUND('',#323,.T.);
#180=FACE_OUTER_BOUND('',#326,.T.);
#181=FACE_OUTER_BOUND('',#327,.T.);
#182=FACE_OUTER_BOUND('',#328,.T.);
#183=FACE_OUTER_BOUND('',#329,.T.);
#184=FACE_OUTER_BOUND('',#330,.T.);
#185=FACE_OUTER_BOUND('',#331,.T.);
#186=FACE_OUTER_BOUND('',#332,.T.);
#187=FACE_OUTER_BOUND('',#333,.T.);
#188=FACE_OUTER_BOUND('',#334,.T.);
#189=FACE_OUTER_BOUND('',#335,.T.);
#190=FACE_OUTER_BOUND('',#336,.T.);
#191=FACE_OUTER_BOUND('',#337,.T.);
#192=FACE_OUTER_BOUND('',#338,.T.);
#193=FACE_OUTER_BOUND('',#339,.T.);
#194=FACE_OUTER_BOUND('',#340,.T.);
#195=FACE_OUTER_BOUND('',#341,.T.);
#196=FACE_OUTER_BOUND('',#342,.T.);
#197=FACE_OUTER_BOUND('',#343,.T.);
#198=FACE_OUTER_BOUND('',#344,.T.);
#199=FACE_OUTER_BOUND('',#345,.T.);
#200=FACE_OUTER_BOUND('',#346,.T.);
#201=FACE_OUTER_BOUND('',#347,.T.);
#202=FACE_OUTER_BOUND('',#348,.T.);
#203=FACE_OUTER_BOUND('',#349,.T.);
#204=FACE_OUTER_BOUND('',#350,.T.);
#205=FACE_OUTER_BOUND('',#351,.T.);
#206=FACE_OUTER_BOUND('',#352,.T.);
#207=FACE_OUTER_BOUND('',#355,.T.);
#208=FACE_OUTER_BOUND('',#358,.T.);
#209=FACE_OUTER_BOUND('',#361,.T.);
#210=EDGE_LOOP('',(#1446,#1447,#1448));
#211=EDGE_LOOP('',(#1449,#1450,#1451,#1452,#1453));
#212=EDGE_LOOP('',(#1454,#1455,#1456,#1457));
#213=EDGE_LOOP('',(#1458,#1459,#1460,#1461));
#214=EDGE_LOOP('',(#1462,#1463,#1464));
#215=EDGE_LOOP('',(#1465,#1466,#1467,#1468,#1469));
#216=EDGE_LOOP('',(#1470,#1471,#1472,#1473));
#217=EDGE_LOOP('',(#1474,#1475,#1476,#1477));
#218=EDGE_LOOP('',(#1478,#1479,#1480));
#219=EDGE_LOOP('',(#1481,#1482,#1483,#1484,#1485));
#220=EDGE_LOOP('',(#1486,#1487,#1488,#1489));
#221=EDGE_LOOP('',(#1490,#1491,#1492,#1493));
#222=EDGE_LOOP('',(#1494,#1495,#1496));
#223=EDGE_LOOP('',(#1497,#1498,#1499,#1500,#1501));
#224=EDGE_LOOP('',(#1502,#1503,#1504,#1505));
#225=EDGE_LOOP('',(#1506,#1507,#1508,#1509));
#226=EDGE_LOOP('',(#1510,#1511,#1512,#1513));
#227=EDGE_LOOP('',(#1514,#1515,#1516,#1517));
#228=EDGE_LOOP('',(#1518,#1519,#1520,#1521));
#229=EDGE_LOOP('',(#1522,#1523,#1524,#1525));
#230=EDGE_LOOP('',(#1526,#1527,#1528,#1529));
#231=EDGE_LOOP('',(#1530,#1531,#1532,#1533));
#232=EDGE_LOOP('',(#1534,#1535,#1536,#1537));
#233=EDGE_LOOP('',(#1538,#1539,#1540,#1541));
#234=EDGE_LOOP('',(#1542,#1543,#1544,#1545));
#235=EDGE_LOOP('',(#1546,#1547,#1548,#1549));
#236=EDGE_LOOP('',(#1550,#1551,#1552,#1553));
#237=EDGE_LOOP('',(#1554,#1555,#1556,#1557));
#238=EDGE_LOOP('',(#1558,#1559,#1560,#1561));
#239=EDGE_LOOP('',(#1562,#1563,#1564,#1565));
#240=EDGE_LOOP('',(#1566,#1567,#1568,#1569));
#241=EDGE_LOOP('',(#1570,#1571,#1572,#1573));
#242=EDGE_LOOP('',(#1574,#1575,#1576));
#243=EDGE_LOOP('',(#1577,#1578,#1579,#1580,#1581));
#244=EDGE_LOOP('',(#1582,#1583,#1584,#1585));
#245=EDGE_LOOP('',(#1586,#1587,#1588,#1589));
#246=EDGE_LOOP('',(#1590,#1591,#1592));
#247=EDGE_LOOP('',(#1593,#1594,#1595,#1596,#1597));
#248=EDGE_LOOP('',(#1598,#1599,#1600,#1601));
#249=EDGE_LOOP('',(#1602,#1603,#1604,#1605));
#250=EDGE_LOOP('',(#1606,#1607,#1608));
#251=EDGE_LOOP('',(#1609,#1610,#1611,#1612,#1613));
#252=EDGE_LOOP('',(#1614,#1615,#1616,#1617));
#253=EDGE_LOOP('',(#1618,#1619,#1620,#1621));
#254=EDGE_LOOP('',(#1622,#1623,#1624));
#255=EDGE_LOOP('',(#1625,#1626,#1627,#1628,#1629));
#256=EDGE_LOOP('',(#1630,#1631,#1632,#1633));
#257=EDGE_LOOP('',(#1634,#1635,#1636,#1637));
#258=EDGE_LOOP('',(#1638,#1639,#1640,#1641));
#259=EDGE_LOOP('',(#1642,#1643,#1644,#1645));
#260=EDGE_LOOP('',(#1646,#1647,#1648,#1649));
#261=EDGE_LOOP('',(#1650,#1651,#1652,#1653));
#262=EDGE_LOOP('',(#1654,#1655,#1656,#1657));
#263=EDGE_LOOP('',(#1658,#1659,#1660,#1661));
#264=EDGE_LOOP('',(#1662,#1663,#1664,#1665));
#265=EDGE_LOOP('',(#1666,#1667,#1668,#1669));
#266=EDGE_LOOP('',(#1670,#1671,#1672,#1673));
#267=EDGE_LOOP('',(#1674,#1675,#1676,#1677));
#268=EDGE_LOOP('',(#1678,#1679,#1680,#1681));
#269=EDGE_LOOP('',(#1682,#1683,#1684,#1685));
#270=EDGE_LOOP('',(#1686,#1687,#1688,#1689));
#271=EDGE_LOOP('',(#1690,#1691,#1692,#1693));
#272=EDGE_LOOP('',(#1694,#1695,#1696,#1697));
#273=EDGE_LOOP('',(#1698,#1699,#1700,#1701));
#274=EDGE_LOOP('',(#1702,#1703,#1704,#1705));
#275=EDGE_LOOP('',(#1706,#1707,#1708,#1709,#1710,#1711,#1712,#1713));
#276=EDGE_LOOP('',(#1714));
#277=EDGE_LOOP('',(#1715));
#278=EDGE_LOOP('',(#1716));
#279=EDGE_LOOP('',(#1717));
#280=EDGE_LOOP('',(#1718));
#281=EDGE_LOOP('',(#1719));
#282=EDGE_LOOP('',(#1720));
#283=EDGE_LOOP('',(#1721));
#284=EDGE_LOOP('',(#1722,#1723,#1724,#1725));
#285=EDGE_LOOP('',(#1726,#1727,#1728,#1729));
#286=EDGE_LOOP('',(#1730,#1731,#1732,#1733));
#287=EDGE_LOOP('',(#1734,#1735,#1736,#1737));
#288=EDGE_LOOP('',(#1738,#1739,#1740,#1741));
#289=EDGE_LOOP('',(#1742,#1743,#1744,#1745));
#290=EDGE_LOOP('',(#1746,#1747,#1748,#1749,#1750));
#291=EDGE_LOOP('',(#1751,#1752,#1753,#1754,#1755));
#292=EDGE_LOOP('',(#1756,#1757,#1758,#1759,#1760,#1761,#1762,#1763));
#293=EDGE_LOOP('',(#1764,#1765,#1766,#1767));
#294=EDGE_LOOP('',(#1768,#1769,#1770,#1771));
#295=EDGE_LOOP('',(#1772,#1773,#1774,#1775));
#296=EDGE_LOOP('',(#1776,#1777,#1778,#1779));
#297=EDGE_LOOP('',(#1780,#1781,#1782,#1783));
#298=EDGE_LOOP('',(#1784,#1785,#1786,#1787));
#299=EDGE_LOOP('',(#1788,#1789,#1790,#1791,#1792,#1793,#1794,#1795,#1796,
#1797,#1798,#1799));
#300=EDGE_LOOP('',(#1800,#1801,#1802,#1803,#1804,#1805,#1806,#1807,#1808,
#1809,#1810));
#301=EDGE_LOOP('',(#1811,#1812,#1813,#1814));
#302=EDGE_LOOP('',(#1815,#1816,#1817,#1818));
#303=EDGE_LOOP('',(#1819,#1820,#1821,#1822));
#304=EDGE_LOOP('',(#1823,#1824,#1825,#1826));
#305=EDGE_LOOP('',(#1827,#1828,#1829,#1830,#1831,#1832,#1833,#1834,#1835,
#1836,#1837,#1838));
#306=EDGE_LOOP('',(#1839,#1840,#1841,#1842,#1843,#1844,#1845,#1846,#1847,
#1848,#1849));
#307=EDGE_LOOP('',(#1850,#1851,#1852,#1853));
#308=EDGE_LOOP('',(#1854,#1855,#1856,#1857));
#309=EDGE_LOOP('',(#1858,#1859,#1860,#1861,#1862,#1863,#1864,#1865,#1866,
#1867,#1868,#1869));
#310=EDGE_LOOP('',(#1870,#1871,#1872,#1873,#1874,#1875,#1876,#1877,#1878,
#1879,#1880));
#311=EDGE_LOOP('',(#1881,#1882,#1883,#1884,#1885,#1886,#1887,#1888,#1889,
#1890,#1891));
#312=EDGE_LOOP('',(#1892,#1893,#1894,#1895,#1896,#1897,#1898,#1899,#1900,
#1901,#1902,#1903));
#313=EDGE_LOOP('',(#1904,#1905,#1906,#1907));
#314=EDGE_LOOP('',(#1908,#1909,#1910,#1911));
#315=EDGE_LOOP('',(#1912,#1913,#1914,#1915));
#316=EDGE_LOOP('',(#1916,#1917,#1918,#1919));
#317=EDGE_LOOP('',(#1920,#1921,#1922,#1923));
#318=EDGE_LOOP('',(#1924,#1925,#1926,#1927));
#319=EDGE_LOOP('',(#1928,#1929,#1930,#1931,#1932,#1933,#1934,#1935,#1936,
#1937,#1938,#1939));
#320=EDGE_LOOP('',(#1940,#1941,#1942,#1943,#1944,#1945,#1946,#1947,#1948,
#1949,#1950));
#321=EDGE_LOOP('',(#1951,#1952,#1953,#1954,#1955,#1956,#1957,#1958,#1959,
#1960,#1961));
#322=EDGE_LOOP('',(#1962,#1963,#1964,#1965,#1966,#1967,#1968,#1969,#1970,
#1971,#1972,#1973));
#323=EDGE_LOOP('',(#1974,#1975,#1976,#1977));
#324=EDGE_LOOP('',(#1978,#1979,#1980,#1981));
#325=EDGE_LOOP('',(#1982,#1983,#1984,#1985));
#326=EDGE_LOOP('',(#1986,#1987,#1988,#1989));
#327=EDGE_LOOP('',(#1990,#1991,#1992,#1993));
#328=EDGE_LOOP('',(#1994,#1995,#1996,#1997,#1998,#1999,#2000,#2001,#2002,
#2003,#2004,#2005));
#329=EDGE_LOOP('',(#2006,#2007,#2008,#2009,#2010,#2011,#2012,#2013,#2014,
#2015,#2016));
#330=EDGE_LOOP('',(#2017,#2018,#2019,#2020,#2021,#2022,#2023,#2024,#2025,
#2026,#2027));
#331=EDGE_LOOP('',(#2028,#2029,#2030,#2031,#2032,#2033,#2034,#2035,#2036,
#2037,#2038,#2039));
#332=EDGE_LOOP('',(#2040,#2041,#2042,#2043));
#333=EDGE_LOOP('',(#2044,#2045,#2046,#2047));
#334=EDGE_LOOP('',(#2048,#2049,#2050,#2051));
#335=EDGE_LOOP('',(#2052,#2053,#2054,#2055));
#336=EDGE_LOOP('',(#2056,#2057,#2058,#2059));
#337=EDGE_LOOP('',(#2060,#2061,#2062,#2063));
#338=EDGE_LOOP('',(#2064,#2065,#2066,#2067));
#339=EDGE_LOOP('',(#2068,#2069,#2070,#2071));
#340=EDGE_LOOP('',(#2072,#2073,#2074,#2075));
#341=EDGE_LOOP('',(#2076,#2077,#2078,#2079));
#342=EDGE_LOOP('',(#2080,#2081,#2082,#2083));
#343=EDGE_LOOP('',(#2084,#2085,#2086,#2087));
#344=EDGE_LOOP('',(#2088,#2089,#2090,#2091));
#345=EDGE_LOOP('',(#2092,#2093,#2094,#2095));
#346=EDGE_LOOP('',(#2096,#2097,#2098,#2099));
#347=EDGE_LOOP('',(#2100,#2101,#2102,#2103));
#348=EDGE_LOOP('',(#2104,#2105,#2106,#2107));
#349=EDGE_LOOP('',(#2108,#2109,#2110,#2111));
#350=EDGE_LOOP('',(#2112,#2113,#2114,#2115));
#351=EDGE_LOOP('',(#2116,#2117,#2118,#2119));
#352=EDGE_LOOP('',(#2120,#2121,#2122,#2123));
#353=EDGE_LOOP('',(#2124,#2125,#2126,#2127,#2128));
#354=EDGE_LOOP('',(#2129,#2130,#2131,#2132,#2133));
#355=EDGE_LOOP('',(#2134,#2135,#2136,#2137));
#356=EDGE_LOOP('',(#2138,#2139,#2140,#2141,#2142));
#357=EDGE_LOOP('',(#2143,#2144,#2145,#2146,#2147));
#358=EDGE_LOOP('',(#2148,#2149,#2150,#2151));
#359=EDGE_LOOP('',(#2152,#2153,#2154,#2155,#2156));
#360=EDGE_LOOP('',(#2157,#2158,#2159,#2160,#2161));
#361=EDGE_LOOP('',(#2162,#2163,#2164,#2165));
#362=EDGE_LOOP('',(#2166));
#363=EDGE_LOOP('',(#2167));
#364=EDGE_LOOP('',(#2168));
#365=EDGE_LOOP('',(#2169));
#366=EDGE_LOOP('',(#2170));
#367=EDGE_LOOP('',(#2171));
#368=EDGE_LOOP('',(#2172));
#369=EDGE_LOOP('',(#2173));
#370=B_SPLINE_CURVE_WITH_KNOTS('',3,(#3073,#3074,#3075,#3076),
 .UNSPECIFIED.,.F.,.F.,(4,4),(-589.048622548086,-588.185207973343),
 .UNSPECIFIED.);
#371=B_SPLINE_CURVE_WITH_KNOTS('',3,(#3082,#3083,#3084,#3085,#3086,#3087,
#3088,#3089,#3090,#3091,#3092,#3093,#3094,#3095,#3096,#3097,#3098,#3099,
#3100),.UNSPECIFIED.,.F.,.F.,(4,3,3,3,3,3,4),(585.645796708679,586.146550172855,
587.130353626507,588.114157080159,589.097960533811,590.081763987463,591.065567441115),
 .UNSPECIFIED.);
#372=B_SPLINE_CURVE_WITH_KNOTS('',3,(#3102,#3103,#3104,#3105,#3106,#3107,
#3108,#3109,#3110,#3111,#3112,#3113,#3114,#3115,#3116,#3117,#3118,#3119,
#3120,#3121,#3122,#3123,#3124,#3125,#3126),.UNSPECIFIED.,.F.,.F.,(4,3,3,
3,3,3,3,3,4),(-588.185207973343,-588.114157080159,-587.130353626507,-586.146550172855,
-585.162746719203,-584.178943265551,-583.195139811899,-582.211336358247,
-581.902022666163),.UNSPECIFIED.);
#373=B_SPLINE_CURVE_WITH_KNOTS('',3,(#3131,#3132,#3133,#3134,#3135,#3136,
#3137,#3138,#3139,#3140,#3141,#3142,#3143,#3144,#3145,#3146,#3147,#3148,
#3149,#3150,#3151,#3152),.UNSPECIFIED.,.F.,.F.,(4,3,3,3,3,3,3,4),(579.362611401499,
580.243729450943,581.227532904595,582.211336358247,583.195139811899,584.178943265551,
585.162746719203,585.645796708679),.UNSPECIFIED.);
#374=B_SPLINE_CURVE_WITH_KNOTS('',3,(#3153,#3154,#3155,#3156,#3157,#3158,
#3159,#3160,#3161,#3162,#3163,#3164,#3165,#3166,#3167,#3168,#3169,#3170,
#3171,#3172,#3173,#3174),.UNSPECIFIED.,.F.,.F.,(4,3,3,3,3,3,3,4),(-581.902022666163,
-581.227532904595,-580.243729450943,-579.259925997291,-578.276122543639,
-577.292319089987,-576.308515636335,-575.618837358983),.UNSPECIFIED.);
#375=B_SPLINE_CURVE_WITH_KNOTS('',3,(#3180,#3181,#3182,#3183,#3184,#3185,
#3186,#3187,#3188,#3189,#3190,#3191,#3192),.UNSPECIFIED.,.F.,.F.,(4,3,3,
3,4),(-569.335652051804,-568.438088007119,-567.454284553467,-566.470481099815,
-565.486677646163),.UNSPECIFIED.);
#376=B_SPLINE_CURVE_WITH_KNOTS('',3,(#3195,#3196,#3197,#3198,#3199,#3200,
#3201,#3202,#3203,#3204,#3205,#3206,#3207,#3208,#3209,#3210,#3211,#3212,
#3213),.UNSPECIFIED.,.F.,.F.,(4,3,3,3,3,3,4),(567.503622539191,568.438088007119,
569.421891460771,570.405694914423,571.389498368075,572.373301821727,573.07942609432),
 .UNSPECIFIED.);
#377=B_SPLINE_CURVE_WITH_KNOTS('',3,(#3220,#3221,#3222,#3223),
 .UNSPECIFIED.,.F.,.F.,(4,4),(-23.5619449019234,-22.6985303271799),
 .UNSPECIFIED.);
#378=B_SPLINE_CURVE_WITH_KNOTS('',3,(#3229,#3230,#3231,#3232,#3233,#3234,
#3235,#3236,#3237,#3238,#3239,#3240,#3241,#3242,#3243,#3244,#3245,#3246,
#3247),.UNSPECIFIED.,.F.,.F.,(4,3,3,3,3,3,4),(20.1591190625159,20.659872526692,
21.643675980344,22.627479433996,23.611282887648,24.5950863413,25.5788897949519),
 .UNSPECIFIED.);
#379=B_SPLINE_CURVE_WITH_KNOTS('',3,(#3249,#3250,#3251,#3252,#3253,#3254,
#3255,#3256,#3257,#3258,#3259,#3260,#3261,#3262,#3263,#3264,#3265,#3266,
#3267,#3268,#3269,#3270,#3271,#3272,#3273),.UNSPECIFIED.,.F.,.F.,(4,3,3,
3,3,3,3,3,4),(-22.6985303271799,-22.627479433996,-21.643675980344,-20.659872526692,
-19.67606907304,-18.692265619388,-17.708462165736,-16.724658712084,-16.4153450200003),
 .UNSPECIFIED.);
#380=B_SPLINE_CURVE_WITH_KNOTS('',3,(#3278,#3279,#3280,#3281,#3282,#3283,
#3284,#3285,#3286,#3287,#3288,#3289,#3290,#3291,#3292,#3293,#3294,#3295,
#3296,#3297,#3298,#3299),.UNSPECIFIED.,.F.,.F.,(4,3,3,3,3,3,3,4),(13.8759337553363,
14.75705180478,15.740855258432,16.724658712084,17.708462165736,18.692265619388,
19.67606907304,20.1591190625159),.UNSPECIFIED.);
#381=B_SPLINE_CURVE_WITH_KNOTS('',3,(#3300,#3301,#3302,#3303,#3304,#3305,
#3306,#3307,#3308,#3309,#3310,#3311,#3312,#3313,#3314,#3315,#3316,#3317,
#3318,#3319,#3320,#3321),.UNSPECIFIED.,.F.,.F.,(4,3,3,3,3,3,3,4),(-16.4153450200003,
-15.740855258432,-14.75705180478,-13.773248351128,-12.789444897476,-11.805641443824,
-10.821837990172,-10.1321597128207),.UNSPECIFIED.);
#382=B_SPLINE_CURVE_WITH_KNOTS('',3,(#3327,#3328,#3329,#3330,#3331,#3332,
#3333,#3334,#3335,#3336,#3337,#3338,#3339),.UNSPECIFIED.,.F.,.F.,(4,3,3,
3,4),(-3.84897440564112,-2.951410360956,-1.967606907304,-0.983803453651999,
0.),.UNSPECIFIED.);
#383=B_SPLINE_CURVE_WITH_KNOTS('',3,(#3342,#3343,#3344,#3345,#3346,#3347,
#3348,#3349,#3350,#3351,#3352,#3353,#3354,#3355,#3356,#3357,#3358,#3359,
#3360),.UNSPECIFIED.,.F.,.F.,(4,3,3,3,3,3,4),(2.01694489302841,2.951410360956,
3.935213814608,4.91901726826,5.902820721912,6.886624175564,7.59274844815675),
 .UNSPECIFIED.);
#384=B_SPLINE_CURVE_WITH_KNOTS('',3,(#3367,#3368,#3369,#3370),
 .UNSPECIFIED.,.F.,.F.,(4,4),(-589.048622548086,-588.185207973343),
 .UNSPECIFIED.);
#385=B_SPLINE_CURVE_WITH_KNOTS('',3,(#3376,#3377,#3378,#3379,#3380,#3381,
#3382,#3383,#3384,#3385,#3386,#3387,#3388,#3389,#3390,#3391,#3392,#3393,
#3394),.UNSPECIFIED.,.F.,.F.,(4,3,3,3,3,3,4),(585.645796708679,586.146550172855,
587.130353626507,588.114157080159,589.097960533811,590.081763987463,591.065567441115),
 .UNSPECIFIED.);
#386=B_SPLINE_CURVE_WITH_KNOTS('',3,(#3396,#3397,#3398,#3399,#3400,#3401,
#3402,#3403,#3404,#3405,#3406,#3407,#3408,#3409,#3410,#3411,#3412,#3413,
#3414,#3415,#3416,#3417,#3418,#3419,#3420),.UNSPECIFIED.,.F.,.F.,(4,3,3,
3,3,3,3,3,4),(-588.185207973343,-588.114157080159,-587.130353626507,-586.146550172855,
-585.162746719203,-584.178943265551,-583.195139811899,-582.211336358247,
-581.902022666163),.UNSPECIFIED.);
#387=B_SPLINE_CURVE_WITH_KNOTS('',3,(#3425,#3426,#3427,#3428,#3429,#3430,
#3431,#3432,#3433,#3434,#3435,#3436,#3437,#3438,#3439,#3440,#3441,#3442,
#3443,#3444,#3445,#3446),.UNSPECIFIED.,.F.,.F.,(4,3,3,3,3,3,3,4),(579.362611401499,
580.243729450943,581.227532904595,582.211336358247,583.195139811899,584.178943265551,
585.162746719203,585.645796708679),.UNSPECIFIED.);
#388=B_SPLINE_CURVE_WITH_KNOTS('',3,(#3447,#3448,#3449,#3450,#3451,#3452,
#3453,#3454,#3455,#3456,#3457,#3458,#3459,#3460,#3461,#3462,#3463,#3464,
#3465,#3466,#3467,#3468),.UNSPECIFIED.,.F.,.F.,(4,3,3,3,3,3,3,4),(-581.902022666163,
-581.227532904595,-580.243729450943,-579.259925997291,-578.276122543639,
-577.292319089987,-576.308515636335,-575.618837358983),.UNSPECIFIED.);
#389=B_SPLINE_CURVE_WITH_KNOTS('',3,(#3474,#3475,#3476,#3477,#3478,#3479,
#3480,#3481,#3482,#3483,#3484,#3485,#3486),.UNSPECIFIED.,.F.,.F.,(4,3,3,
3,4),(-569.335652051804,-568.438088007119,-567.454284553467,-566.470481099815,
-565.486677646163),.UNSPECIFIED.);
#390=B_SPLINE_CURVE_WITH_KNOTS('',3,(#3489,#3490,#3491,#3492,#3493,#3494,
#3495,#3496,#3497,#3498,#3499,#3500,#3501,#3502,#3503,#3504,#3505,#3506,
#3507),.UNSPECIFIED.,.F.,.F.,(4,3,3,3,3,3,4),(567.503622539191,568.438088007119,
569.421891460771,570.405694914423,571.389498368075,572.373301821727,573.07942609432),
 .UNSPECIFIED.);
#391=B_SPLINE_CURVE_WITH_KNOTS('',3,(#3514,#3515,#3516,#3517),
 .UNSPECIFIED.,.F.,.F.,(4,4),(-23.5619449019233,-22.6985303271799),
 .UNSPECIFIED.);
#392=B_SPLINE_CURVE_WITH_KNOTS('',3,(#3523,#3524,#3525,#3526,#3527,#3528,
#3529,#3530,#3531,#3532,#3533,#3534,#3535,#3536,#3537,#3538,#3539,#3540,
#3541),.UNSPECIFIED.,.F.,.F.,(4,3,3,3,3,3,4),(20.1591190625159,20.6598725266919,
21.6436759803439,22.6274794339959,23.6112828876479,24.5950863412999,25.5788897949519),
 .UNSPECIFIED.);
#393=B_SPLINE_CURVE_WITH_KNOTS('',3,(#3543,#3544,#3545,#3546,#3547,#3548,
#3549,#3550,#3551,#3552,#3553,#3554,#3555,#3556,#3557,#3558,#3559,#3560,
#3561,#3562,#3563,#3564,#3565,#3566,#3567),.UNSPECIFIED.,.F.,.F.,(4,3,3,
3,3,3,3,3,4),(-22.6985303271799,-22.6274794339959,-21.6436759803439,-20.6598725266919,
-19.6760690730399,-18.6922656193879,-17.7084621657359,-16.7246587120839,
-16.4153450200003),.UNSPECIFIED.);
#394=B_SPLINE_CURVE_WITH_KNOTS('',3,(#3572,#3573,#3574,#3575,#3576,#3577,
#3578,#3579,#3580,#3581,#3582,#3583,#3584,#3585,#3586,#3587,#3588,#3589,
#3590,#3591,#3592,#3593),.UNSPECIFIED.,.F.,.F.,(4,3,3,3,3,3,3,4),(13.8759337553363,
14.7570518047799,15.7408552584319,16.7246587120839,17.7084621657359,18.6922656193879,
19.6760690730399,20.1591190625159),.UNSPECIFIED.);
#395=B_SPLINE_CURVE_WITH_KNOTS('',3,(#3594,#3595,#3596,#3597,#3598,#3599,
#3600,#3601,#3602,#3603,#3604,#3605,#3606,#3607,#3608,#3609,#3610,#3611,
#3612,#3613,#3614,#3615),.UNSPECIFIED.,.F.,.F.,(4,3,3,3,3,3,3,4),(-16.4153450200003,
-15.7408552584319,-14.7570518047799,-13.7732483511279,-12.7894448974759,
-11.8056414438239,-10.8218379901719,-10.1321597128207),.UNSPECIFIED.);
#396=B_SPLINE_CURVE_WITH_KNOTS('',3,(#3621,#3622,#3623,#3624,#3625,#3626,
#3627,#3628,#3629,#3630,#3631,#3632,#3633),.UNSPECIFIED.,.F.,.F.,(4,3,3,
3,4),(-3.84897440564112,-2.95141036095598,-1.96760690730399,-0.983803453651996,
0.),.UNSPECIFIED.);
#397=B_SPLINE_CURVE_WITH_KNOTS('',3,(#3636,#3637,#3638,#3639,#3640,#3641,
#3642,#3643,#3644,#3645,#3646,#3647,#3648,#3649,#3650,#3651,#3652,#3653,
#3654),.UNSPECIFIED.,.F.,.F.,(4,3,3,3,3,3,4),(2.01694489302847,2.95141036095599,
3.93521381460798,4.91901726825997,5.90282072191197,6.88662417556396,7.59274844815675),
 .UNSPECIFIED.);
#398=B_SPLINE_CURVE_WITH_KNOTS('',3,(#3660,#3661,#3662,#3663,#3664,#3665),
 .UNSPECIFIED.,.F.,.F.,(4,1,1,4),(600.044196835651,600.95694939612,601.940752849772,
602.924556303424),.UNSPECIFIED.);
#399=B_SPLINE_CURVE_WITH_KNOTS('',3,(#3668,#3669,#3670,#3671,#3672,#3673,
#3674),.UNSPECIFIED.,.F.,.F.,(4,1,1,1,4),(600.044196835651,600.544950299828,
601.52875375348,602.512557207132,603.44702267506),.UNSPECIFIED.);
#400=B_SPLINE_CURVE_WITH_KNOTS('',3,(#3679,#3680,#3681,#3682,#3683,#3684,
#3685,#3686,#3687,#3688,#3689),.UNSPECIFIED.,.F.,.F.,(4,1,1,1,1,1,1,1,4),
(593.761011528471,594.070325220556,595.054128674208,596.03793212786,597.021735581512,
598.005539035164,598.989342488816,599.973145942468,600.044196835651),
 .UNSPECIFIED.);
#401=B_SPLINE_CURVE_WITH_KNOTS('',3,(#3690,#3691,#3692,#3693,#3694,#3695,
#3696,#3697,#3698,#3699),.UNSPECIFIED.,.F.,.F.,(4,1,1,1,1,1,1,4),(593.761011528471,
594.642129577916,595.625933031568,596.60973648522,597.593539938872,598.577343392524,
599.561146846176,600.044196835651),.UNSPECIFIED.);
#402=B_SPLINE_CURVE_WITH_KNOTS('',3,(#3704,#3705,#3706,#3707,#3708,#3709,
#3710,#3711,#3712,#3713),.UNSPECIFIED.,.F.,.F.,(4,1,1,1,1,1,1,4),(587.477826221291,
588.167504498644,589.151307952296,590.135111405948,591.1189148596,592.102718313252,
593.086521766904,593.761011528471),.UNSPECIFIED.);
#403=B_SPLINE_CURVE_WITH_KNOTS('',3,(#3714,#3715,#3716,#3717,#3718,#3719,
#3720,#3721,#3722,#3723,#3724),.UNSPECIFIED.,.F.,.F.,(4,1,1,1,1,1,1,1,4),
(587.477826221291,587.755505402352,588.739308856004,589.723112309656,590.706915763308,
591.69071921696,592.674522670612,593.658326124264,593.761011528471),
 .UNSPECIFIED.);
#404=B_SPLINE_CURVE_WITH_KNOTS('',3,(#3730,#3731,#3732,#3733,#3734,#3735,
#3736),.UNSPECIFIED.,.F.,.F.,(4,3,4),(579.885077773136,580.868881226788,
581.194640914112),.UNSPECIFIED.);
#405=B_SPLINE_CURVE_WITH_KNOTS('',3,(#3739,#3740,#3741,#3742,#3743,#3744,
#3745),.UNSPECIFIED.,.F.,.F.,(4,3,4),(579.362611401501,580.297076869428,
581.194640914112),.UNSPECIFIED.);
#406=B_SPLINE_CURVE_WITH_KNOTS('',3,(#3751,#3752,#3753,#3754,#3755,#3756),
 .UNSPECIFIED.,.F.,.F.,(4,1,1,4),(34.5575191894877,35.4702717499573,36.4540752036093,
37.4378786572613),.UNSPECIFIED.);
#407=B_SPLINE_CURVE_WITH_KNOTS('',3,(#3759,#3760,#3761,#3762,#3763,#3764,
#3765),.UNSPECIFIED.,.F.,.F.,(4,1,1,1,4),(34.5575191894877,35.0582726536653,
36.0420761073173,37.0258795609693,37.9603450288968),.UNSPECIFIED.);
#408=B_SPLINE_CURVE_WITH_KNOTS('',3,(#3770,#3771,#3772,#3773,#3774,#3775,
#3776,#3777,#3778,#3779,#3780),.UNSPECIFIED.,.F.,.F.,(4,1,1,1,1,1,1,1,4),
(28.2743338823081,28.5836475743933,29.5674510280453,30.5512544816973,31.5350579353493,
32.5188613890013,33.5026648426533,34.4864682963053,34.5575191894877),
 .UNSPECIFIED.);
#409=B_SPLINE_CURVE_WITH_KNOTS('',3,(#3781,#3782,#3783,#3784,#3785,#3786,
#3787,#3788,#3789,#3790),.UNSPECIFIED.,.F.,.F.,(4,1,1,1,1,1,1,4),(28.2743338823081,
29.1554519317533,30.1392553854053,31.1230588390573,32.1068622927093,33.0906657463613,
34.0744692000133,34.5575191894877),.UNSPECIFIED.);
#410=B_SPLINE_CURVE_WITH_KNOTS('',3,(#3795,#3796,#3797,#3798,#3799,#3800,
#3801,#3802,#3803,#3804),.UNSPECIFIED.,.F.,.F.,(4,1,1,1,1,1,1,4),(21.9911485751285,
22.6808268524813,23.6646303061333,24.6484337597853,25.6322372134373,26.6160406670893,
27.5998441207413,28.2743338823081),.UNSPECIFIED.);
#411=B_SPLINE_CURVE_WITH_KNOTS('',3,(#3805,#3806,#3807,#3808,#3809,#3810,
#3811,#3812,#3813,#3814,#3815),.UNSPECIFIED.,.F.,.F.,(4,1,1,1,1,1,1,1,4),
(21.9911485751285,22.2688277561893,23.2526312098413,24.2364346634933,25.2202381171453,
26.2040415707973,27.1878450244493,28.1716484781013,28.2743338823081),
 .UNSPECIFIED.);
#412=B_SPLINE_CURVE_WITH_KNOTS('',3,(#3821,#3822,#3823,#3824,#3825),
 .UNSPECIFIED.,.F.,.F.,(4,1,4),(14.3984001269733,15.3822035806253,15.707963267949),
 .UNSPECIFIED.);
#413=B_SPLINE_CURVE_WITH_KNOTS('',3,(#3828,#3829,#3830,#3831,#3832),
 .UNSPECIFIED.,.F.,.F.,(4,1,4),(13.8759337553378,14.8103992232654,15.707963267949),
 .UNSPECIFIED.);
#414=B_SPLINE_CURVE_WITH_KNOTS('',3,(#3838,#3839,#3840,#3841,#3842,#3843),
 .UNSPECIFIED.,.F.,.F.,(4,1,1,4),(600.044196835651,600.95694939612,601.940752849772,
602.924556303424),.UNSPECIFIED.);
#415=B_SPLINE_CURVE_WITH_KNOTS('',3,(#3846,#3847,#3848,#3849,#3850,#3851,
#3852),.UNSPECIFIED.,.F.,.F.,(4,1,1,1,4),(600.044196835651,600.544950299828,
601.52875375348,602.512557207132,603.44702267506),.UNSPECIFIED.);
#416=B_SPLINE_CURVE_WITH_KNOTS('',3,(#3857,#3858,#3859,#3860,#3861,#3862,
#3863,#3864,#3865,#3866,#3867),.UNSPECIFIED.,.F.,.F.,(4,1,1,1,1,1,1,1,4),
(593.761011528471,594.070325220556,595.054128674208,596.03793212786,597.021735581512,
598.005539035164,598.989342488816,599.973145942468,600.044196835651),
 .UNSPECIFIED.);
#417=B_SPLINE_CURVE_WITH_KNOTS('',3,(#3868,#3869,#3870,#3871,#3872,#3873,
#3874,#3875,#3876,#3877),.UNSPECIFIED.,.F.,.F.,(4,1,1,1,1,1,1,4),(593.761011528471,
594.642129577916,595.625933031568,596.60973648522,597.593539938872,598.577343392524,
599.561146846176,600.044196835651),.UNSPECIFIED.);
#418=B_SPLINE_CURVE_WITH_KNOTS('',3,(#3882,#3883,#3884,#3885,#3886,#3887,
#3888,#3889,#3890,#3891),.UNSPECIFIED.,.F.,.F.,(4,1,1,1,1,1,1,4),(587.477826221291,
588.167504498644,589.151307952296,590.135111405948,591.1189148596,592.102718313252,
593.086521766904,593.761011528471),.UNSPECIFIED.);
#419=B_SPLINE_CURVE_WITH_KNOTS('',3,(#3892,#3893,#3894,#3895,#3896,#3897,
#3898,#3899,#3900,#3901,#3902),.UNSPECIFIED.,.F.,.F.,(4,1,1,1,1,1,1,1,4),
(587.477826221291,587.755505402352,588.739308856004,589.723112309656,590.706915763308,
591.69071921696,592.674522670612,593.658326124264,593.761011528471),
 .UNSPECIFIED.);
#420=B_SPLINE_CURVE_WITH_KNOTS('',3,(#3908,#3909,#3910,#3911,#3912,#3913,
#3914),.UNSPECIFIED.,.F.,.F.,(4,3,4),(579.885077773136,580.868881226788,
581.194640914112),.UNSPECIFIED.);
#421=B_SPLINE_CURVE_WITH_KNOTS('',3,(#3917,#3918,#3919,#3920,#3921,#3922,
#3923),.UNSPECIFIED.,.F.,.F.,(4,3,4),(579.362611401501,580.297076869428,
581.194640914112),.UNSPECIFIED.);
#422=B_SPLINE_CURVE_WITH_KNOTS('',3,(#3929,#3930,#3931,#3932,#3933,#3934),
 .UNSPECIFIED.,.F.,.F.,(4,1,1,4),(34.5575191894877,35.4702717499572,36.4540752036092,
37.4378786572612),.UNSPECIFIED.);
#423=B_SPLINE_CURVE_WITH_KNOTS('',3,(#3937,#3938,#3939,#3940,#3941,#3942,
#3943),.UNSPECIFIED.,.F.,.F.,(4,1,1,1,4),(34.5575191894877,35.0582726536652,
36.0420761073172,37.0258795609692,37.9603450288967),.UNSPECIFIED.);
#424=B_SPLINE_CURVE_WITH_KNOTS('',3,(#3948,#3949,#3950,#3951,#3952,#3953,
#3954,#3955,#3956,#3957,#3958),.UNSPECIFIED.,.F.,.F.,(4,1,1,1,1,1,1,1,4),
(28.2743338823081,28.5836475743933,29.5674510280453,30.5512544816973,31.5350579353493,
32.5188613890013,33.5026648426532,34.4864682963052,34.5575191894877),
 .UNSPECIFIED.);
#425=B_SPLINE_CURVE_WITH_KNOTS('',3,(#3959,#3960,#3961,#3962,#3963,#3964,
#3965,#3966,#3967,#3968),.UNSPECIFIED.,.F.,.F.,(4,1,1,1,1,1,1,4),(28.2743338823081,
29.1554519317532,30.1392553854052,31.1230588390572,32.1068622927092,33.0906657463612,
34.0744692000132,34.5575191894877),.UNSPECIFIED.);
#426=B_SPLINE_CURVE_WITH_KNOTS('',3,(#3973,#3974,#3975,#3976,#3977,#3978,
#3979,#3980,#3981,#3982),.UNSPECIFIED.,.F.,.F.,(4,1,1,1,1,1,1,4),(21.9911485751285,
22.6808268524813,23.6646303061333,24.6484337597853,25.6322372134373,26.6160406670893,
27.5998441207413,28.2743338823081),.UNSPECIFIED.);
#427=B_SPLINE_CURVE_WITH_KNOTS('',3,(#3983,#3984,#3985,#3986,#3987,#3988,
#3989,#3990,#3991,#3992,#3993),.UNSPECIFIED.,.F.,.F.,(4,1,1,1,1,1,1,1,4),
(21.9911485751285,22.2688277561893,23.2526312098413,24.2364346634933,25.2202381171453,
26.2040415707973,27.1878450244493,28.1716484781012,28.2743338823081),
 .UNSPECIFIED.);
#428=B_SPLINE_CURVE_WITH_KNOTS('',3,(#3999,#4000,#4001,#4002,#4003),
 .UNSPECIFIED.,.F.,.F.,(4,1,4),(14.3984001269733,15.3822035806253,15.707963267949),
 .UNSPECIFIED.);
#429=B_SPLINE_CURVE_WITH_KNOTS('',3,(#4006,#4007,#4008,#4009,#4010),
 .UNSPECIFIED.,.F.,.F.,(4,1,4),(13.8759337553378,14.8103992232653,15.707963267949),
 .UNSPECIFIED.);
#430=B_SPLINE_CURVE_WITH_KNOTS('',3,(#4017,#4018,#4019,#4020),
 .UNSPECIFIED.,.F.,.F.,(4,4),(-23.5619449019233,-22.6985303271798),
 .UNSPECIFIED.);
#431=B_SPLINE_CURVE_WITH_KNOTS('',3,(#4026,#4027,#4028,#4029,#4030,#4031,
#4032,#4033,#4034,#4035,#4036,#4037,#4038,#4039,#4040,#4041,#4042,#4043,
#4044),.UNSPECIFIED.,.F.,.F.,(4,3,3,3,3,3,4),(20.1591190625158,20.6598725266919,
21.6436759803439,22.6274794339959,23.6112828876479,24.5950863412999,25.5788897949518),
 .UNSPECIFIED.);
#432=B_SPLINE_CURVE_WITH_KNOTS('',3,(#4046,#4047,#4048,#4049,#4050,#4051,
#4052,#4053,#4054,#4055,#4056,#4057,#4058,#4059,#4060,#4061,#4062,#4063,
#4064,#4065,#4066,#4067,#4068,#4069,#4070),.UNSPECIFIED.,.F.,.F.,(4,3,3,
3,3,3,3,3,4),(-22.6985303271798,-22.6274794339959,-21.6436759803439,-20.6598725266919,
-19.6760690730399,-18.6922656193879,-17.7084621657359,-16.7246587120839,
-16.4153450200002),.UNSPECIFIED.);
#433=B_SPLINE_CURVE_WITH_KNOTS('',3,(#4075,#4076,#4077,#4078,#4079,#4080,
#4081,#4082,#4083,#4084,#4085,#4086,#4087,#4088,#4089,#4090,#4091,#4092,
#4093,#4094,#4095,#4096),.UNSPECIFIED.,.F.,.F.,(4,3,3,3,3,3,3,4),(13.8759337553362,
14.7570518047799,15.7408552584319,16.7246587120839,17.7084621657359,18.6922656193879,
19.6760690730399,20.1591190625158),.UNSPECIFIED.);
#434=B_SPLINE_CURVE_WITH_KNOTS('',3,(#4097,#4098,#4099,#4100,#4101,#4102,
#4103,#4104,#4105,#4106,#4107,#4108,#4109,#4110,#4111,#4112,#4113,#4114,
#4115,#4116,#4117,#4118),.UNSPECIFIED.,.F.,.F.,(4,3,3,3,3,3,3,4),(-16.4153450200002,
-15.7408552584319,-14.7570518047799,-13.7732483511279,-12.7894448974759,
-11.8056414438239,-10.8218379901719,-10.1321597128206),.UNSPECIFIED.);
#435=B_SPLINE_CURVE_WITH_KNOTS('',3,(#4124,#4125,#4126,#4127,#4128,#4129,
#4130,#4131,#4132,#4133,#4134,#4135,#4136),.UNSPECIFIED.,.F.,.F.,(4,3,3,
3,4),(-3.848974405641,-2.95141036095598,-1.96760690730399,-0.983803453651994,
0.),.UNSPECIFIED.);
#436=B_SPLINE_CURVE_WITH_KNOTS('',3,(#4139,#4140,#4141,#4142,#4143,#4144,
#4145,#4146,#4147,#4148,#4149,#4150,#4151,#4152,#4153,#4154,#4155,#4156,
#4157),.UNSPECIFIED.,.F.,.F.,(4,3,3,3,3,3,4),(2.01694489302841,2.95141036095599,
3.93521381460798,4.91901726825998,5.90282072191198,6.88662417556398,7.59274844815664),
 .UNSPECIFIED.);
#437=B_SPLINE_CURVE_WITH_KNOTS('',3,(#4164,#4165,#4166,#4167),
 .UNSPECIFIED.,.F.,.F.,(4,4),(-852.942405449629,-852.078990874885),
 .UNSPECIFIED.);
#438=B_SPLINE_CURVE_WITH_KNOTS('',3,(#4173,#4174,#4175,#4176,#4177,#4178,
#4179,#4180,#4181,#4182,#4183,#4184,#4185,#4186,#4187,#4188,#4189,#4190,
#4191),.UNSPECIFIED.,.F.,.F.,(4,3,3,3,3,3,4),(849.539579610221,850.040333074397,
851.024136528049,852.007939981701,852.991743435353,853.975546889005,854.959350342657),
 .UNSPECIFIED.);
#439=B_SPLINE_CURVE_WITH_KNOTS('',3,(#4193,#4194,#4195,#4196,#4197,#4198,
#4199,#4200,#4201,#4202,#4203,#4204,#4205,#4206,#4207,#4208,#4209,#4210,
#4211,#4212,#4213,#4214,#4215,#4216,#4217),.UNSPECIFIED.,.F.,.F.,(4,3,3,
3,3,3,3,3,4),(-852.078990874885,-852.007939981701,-851.024136528049,-850.040333074397,
-849.056529620745,-848.072726167093,-847.088922713441,-846.105119259789,
-845.795805567705),.UNSPECIFIED.);
#440=B_SPLINE_CURVE_WITH_KNOTS('',3,(#4222,#4223,#4224,#4225,#4226,#4227,
#4228,#4229,#4230,#4231,#4232,#4233,#4234,#4235,#4236,#4237,#4238,#4239,
#4240,#4241,#4242,#4243),.UNSPECIFIED.,.F.,.F.,(4,3,3,3,3,3,3,4),(843.256394303042,
844.137512352485,845.121315806137,846.105119259789,847.088922713441,848.072726167093,
849.056529620745,849.539579610221),.UNSPECIFIED.);
#441=B_SPLINE_CURVE_WITH_KNOTS('',3,(#4244,#4245,#4246,#4247,#4248,#4249,
#4250,#4251,#4252,#4253,#4254,#4255,#4256,#4257,#4258,#4259,#4260,#4261,
#4262,#4263,#4264,#4265),.UNSPECIFIED.,.F.,.F.,(4,3,3,3,3,3,3,4),(-845.795805567705,
-845.121315806137,-844.137512352485,-843.153708898833,-842.169905445181,
-841.186101991529,-840.202298537877,-839.512620260526),.UNSPECIFIED.);
#442=B_SPLINE_CURVE_WITH_KNOTS('',3,(#4271,#4272,#4273,#4274,#4275,#4276,
#4277,#4278,#4279,#4280,#4281,#4282,#4283),.UNSPECIFIED.,.F.,.F.,(4,3,3,
3,4),(-833.229434953346,-832.331870908661,-831.348067455009,-830.364264001357,
-829.380460547705),.UNSPECIFIED.);
#443=B_SPLINE_CURVE_WITH_KNOTS('',3,(#4286,#4287,#4288,#4289,#4290,#4291,
#4292,#4293,#4294,#4295,#4296,#4297,#4298,#4299,#4300,#4301,#4302,#4303,
#4304),.UNSPECIFIED.,.F.,.F.,(4,3,3,3,3,3,4),(831.397405440734,832.331870908661,
833.315674362314,834.299477815965,835.283281269617,836.267084723269,836.973208995862),
 .UNSPECIFIED.);
#444=B_SPLINE_CURVE_WITH_KNOTS('',3,(#4311,#4312,#4313,#4314),
 .UNSPECIFIED.,.F.,.F.,(4,4),(-23.5619449019234,-22.6985303271798),
 .UNSPECIFIED.);
#445=B_SPLINE_CURVE_WITH_KNOTS('',3,(#4320,#4321,#4322,#4323,#4324,#4325,
#4326,#4327,#4328,#4329,#4330,#4331,#4332,#4333,#4334,#4335,#4336,#4337,
#4338),.UNSPECIFIED.,.F.,.F.,(4,3,3,3,3,3,4),(20.1591190625158,20.6598725266919,
21.6436759803439,22.6274794339959,23.6112828876479,24.5950863412999,25.5788897949518),
 .UNSPECIFIED.);
#446=B_SPLINE_CURVE_WITH_KNOTS('',3,(#4340,#4341,#4342,#4343,#4344,#4345,
#4346,#4347,#4348,#4349,#4350,#4351,#4352,#4353,#4354,#4355,#4356,#4357,
#4358,#4359,#4360,#4361,#4362,#4363,#4364),.UNSPECIFIED.,.F.,.F.,(4,3,3,
3,3,3,3,3,4),(-22.6985303271798,-22.6274794339959,-21.6436759803439,-20.6598725266919,
-19.6760690730399,-18.6922656193879,-17.7084621657359,-16.7246587120839,
-16.4153450200002),.UNSPECIFIED.);
#447=B_SPLINE_CURVE_WITH_KNOTS('',3,(#4369,#4370,#4371,#4372,#4373,#4374,
#4375,#4376,#4377,#4378,#4379,#4380,#4381,#4382,#4383,#4384,#4385,#4386,
#4387,#4388,#4389,#4390),.UNSPECIFIED.,.F.,.F.,(4,3,3,3,3,3,3,4),(13.8759337553361,
14.7570518047799,15.7408552584319,16.7246587120839,17.7084621657359,18.6922656193879,
19.6760690730399,20.1591190625158),.UNSPECIFIED.);
#448=B_SPLINE_CURVE_WITH_KNOTS('',3,(#4391,#4392,#4393,#4394,#4395,#4396,
#4397,#4398,#4399,#4400,#4401,#4402,#4403,#4404,#4405,#4406,#4407,#4408,
#4409,#4410,#4411,#4412),.UNSPECIFIED.,.F.,.F.,(4,3,3,3,3,3,3,4),(-16.4153450200002,
-15.7408552584319,-14.7570518047799,-13.7732483511279,-12.7894448974759,
-11.805641443824,-10.821837990172,-10.1321597128206),.UNSPECIFIED.);
#449=B_SPLINE_CURVE_WITH_KNOTS('',3,(#4418,#4419,#4420,#4421,#4422,#4423,
#4424,#4425,#4426,#4427,#4428,#4429,#4430),.UNSPECIFIED.,.F.,.F.,(4,3,3,
3,4),(-3.848974405641,-2.95141036095599,-1.96760690730399,-0.983803453651996,
0.),.UNSPECIFIED.);
#450=B_SPLINE_CURVE_WITH_KNOTS('',3,(#4433,#4434,#4435,#4436,#4437,#4438,
#4439,#4440,#4441,#4442,#4443,#4444,#4445,#4446,#4447,#4448,#4449,#4450,
#4451),.UNSPECIFIED.,.F.,.F.,(4,3,3,3,3,3,4),(2.01694489302841,2.95141036095598,
3.93521381460798,4.91901726825997,5.90282072191197,6.88662417556396,7.59274844815659),
 .UNSPECIFIED.);
#451=B_SPLINE_CURVE_WITH_KNOTS('',3,(#4458,#4459,#4460,#4461),
 .UNSPECIFIED.,.F.,.F.,(4,4),(-852.942405449629,-852.078990874885),
 .UNSPECIFIED.);
#452=B_SPLINE_CURVE_WITH_KNOTS('',3,(#4467,#4468,#4469,#4470,#4471,#4472,
#4473,#4474,#4475,#4476,#4477,#4478,#4479,#4480,#4481,#4482,#4483,#4484,
#4485),.UNSPECIFIED.,.F.,.F.,(4,3,3,3,3,3,4),(849.539579610221,850.040333074397,
851.024136528049,852.007939981701,852.991743435353,853.975546889005,854.959350342657),
 .UNSPECIFIED.);
#453=B_SPLINE_CURVE_WITH_KNOTS('',3,(#4487,#4488,#4489,#4490,#4491,#4492,
#4493,#4494,#4495,#4496,#4497,#4498,#4499,#4500,#4501,#4502,#4503,#4504,
#4505,#4506,#4507,#4508,#4509,#4510,#4511),.UNSPECIFIED.,.F.,.F.,(4,3,3,
3,3,3,3,3,4),(-852.078990874885,-852.007939981701,-851.024136528049,-850.040333074397,
-849.056529620745,-848.072726167093,-847.088922713441,-846.105119259789,
-845.795805567705),.UNSPECIFIED.);
#454=B_SPLINE_CURVE_WITH_KNOTS('',3,(#4516,#4517,#4518,#4519,#4520,#4521,
#4522,#4523,#4524,#4525,#4526,#4527,#4528,#4529,#4530,#4531,#4532,#4533,
#4534,#4535,#4536,#4537),.UNSPECIFIED.,.F.,.F.,(4,3,3,3,3,3,3,4),(843.256394303042,
844.137512352485,845.121315806137,846.105119259789,847.088922713441,848.072726167093,
849.056529620745,849.539579610221),.UNSPECIFIED.);
#455=B_SPLINE_CURVE_WITH_KNOTS('',3,(#4538,#4539,#4540,#4541,#4542,#4543,
#4544,#4545,#4546,#4547,#4548,#4549,#4550,#4551,#4552,#4553,#4554,#4555,
#4556,#4557,#4558,#4559),.UNSPECIFIED.,.F.,.F.,(4,3,3,3,3,3,3,4),(-845.795805567705,
-845.121315806137,-844.137512352485,-843.153708898833,-842.169905445181,
-841.186101991529,-840.202298537877,-839.512620260526),.UNSPECIFIED.);
#456=B_SPLINE_CURVE_WITH_KNOTS('',3,(#4565,#4566,#4567,#4568,#4569,#4570,
#4571,#4572,#4573,#4574,#4575,#4576,#4577),.UNSPECIFIED.,.F.,.F.,(4,3,3,
3,4),(-833.229434953346,-832.331870908661,-831.348067455009,-830.364264001357,
-829.380460547705),.UNSPECIFIED.);
#457=B_SPLINE_CURVE_WITH_KNOTS('',3,(#4580,#4581,#4582,#4583,#4584,#4585,
#4586,#4587,#4588,#4589,#4590,#4591,#4592,#4593,#4594,#4595,#4596,#4597,
#4598),.UNSPECIFIED.,.F.,.F.,(4,3,3,3,3,3,4),(831.397405440734,832.331870908661,
833.315674362314,834.299477815965,835.283281269617,836.267084723269,836.973208995862),
 .UNSPECIFIED.);
#458=B_SPLINE_CURVE_WITH_KNOTS('',3,(#4604,#4605,#4606,#4607,#4608,#4609),
 .UNSPECIFIED.,.F.,.F.,(4,1,1,4),(863.937979737193,864.850732297664,865.834535751316,
866.818339204968),.UNSPECIFIED.);
#459=B_SPLINE_CURVE_WITH_KNOTS('',3,(#4612,#4613,#4614,#4615,#4616,#4617,
#4618,#4619,#4620,#4621,#4622,#4623,#4624),.UNSPECIFIED.,.F.,.F.,(4,3,3,
3,4),(863.937979737193,864.438733201372,865.422536655024,866.406340108676,
867.340805576603),.UNSPECIFIED.);
#460=B_SPLINE_CURVE_WITH_KNOTS('',3,(#4629,#4630,#4631,#4632,#4633,#4634,
#4635,#4636,#4637,#4638,#4639),.UNSPECIFIED.,.F.,.F.,(4,1,1,1,1,1,1,1,4),
(857.654794430013,857.9641081221,858.947911575752,859.931715029404,860.915518483056,
861.899321936708,862.88312539036,863.866928844012,863.937979737193),
 .UNSPECIFIED.);
#461=B_SPLINE_CURVE_WITH_KNOTS('',3,(#4640,#4641,#4642,#4643,#4644,#4645,
#4646,#4647,#4648,#4649,#4650,#4651,#4652,#4653,#4654,#4655,#4656,#4657,
#4658,#4659,#4660,#4661),.UNSPECIFIED.,.F.,.F.,(4,3,3,3,3,3,3,4),(857.654794430013,
858.53591247946,859.519715933112,860.503519386764,861.487322840416,862.471126294068,
863.45492974772,863.937979737193),.UNSPECIFIED.);
#462=B_SPLINE_CURVE_WITH_KNOTS('',3,(#4666,#4667,#4668,#4669,#4670,#4671,
#4672,#4673,#4674,#4675),.UNSPECIFIED.,.F.,.F.,(4,1,1,1,1,1,1,4),(851.371609122834,
852.061287400188,853.04509085384,854.028894307492,855.012697761144,855.996501214796,
856.980304668448,857.654794430013),.UNSPECIFIED.);
#463=B_SPLINE_CURVE_WITH_KNOTS('',3,(#4676,#4677,#4678,#4679,#4680,#4681,
#4682,#4683,#4684,#4685,#4686),.UNSPECIFIED.,.F.,.F.,(4,1,1,1,1,1,1,1,4),
(851.371609122834,851.649288303896,852.633091757548,853.6168952112,854.600698664852,
855.584502118504,856.568305572156,857.552109025808,857.654794430013),
 .UNSPECIFIED.);
#464=B_SPLINE_CURVE_WITH_KNOTS('',3,(#4692,#4693,#4694,#4695,#4696,#4697,
#4698),.UNSPECIFIED.,.F.,.F.,(4,3,4),(843.77886067468,844.762664128332,
845.088423815654),.UNSPECIFIED.);
#465=B_SPLINE_CURVE_WITH_KNOTS('',3,(#4701,#4702,#4703,#4704,#4705),
 .UNSPECIFIED.,.F.,.F.,(4,1,4),(843.256394303044,844.190859770972,845.088423815654),
 .UNSPECIFIED.);
#466=B_SPLINE_CURVE_WITH_KNOTS('',3,(#4711,#4712,#4713,#4714,#4715,#4716),
 .UNSPECIFIED.,.F.,.F.,(4,1,1,4),(34.5575191894877,35.4702717499583,36.4540752036103,
37.4378786572623),.UNSPECIFIED.);
#467=B_SPLINE_CURVE_WITH_KNOTS('',3,(#4719,#4720,#4721,#4722,#4723,#4724,
#4725),.UNSPECIFIED.,.F.,.F.,(4,1,1,1,4),(34.5575191894877,35.0582726536663,
36.0420761073183,37.0258795609703,37.9603450288978),.UNSPECIFIED.);
#468=B_SPLINE_CURVE_WITH_KNOTS('',3,(#4730,#4731,#4732,#4733,#4734,#4735,
#4736,#4737,#4738,#4739,#4740),.UNSPECIFIED.,.F.,.F.,(4,1,1,1,1,1,1,1,4),
(28.2743338823081,28.5836475743943,29.5674510280463,30.5512544816983,31.5350579353503,
32.5188613890023,33.5026648426543,34.4864682963063,34.5575191894877),
 .UNSPECIFIED.);
#469=B_SPLINE_CURVE_WITH_KNOTS('',3,(#4741,#4742,#4743,#4744,#4745,#4746,
#4747,#4748,#4749,#4750),.UNSPECIFIED.,.F.,.F.,(4,1,1,1,1,1,1,4),(28.2743338823081,
29.1554519317543,30.1392553854063,31.1230588390583,32.1068622927103,33.0906657463623,
34.0744692000143,34.5575191894877),.UNSPECIFIED.);
#470=B_SPLINE_CURVE_WITH_KNOTS('',3,(#4755,#4756,#4757,#4758,#4759,#4760,
#4761,#4762,#4763,#4764),.UNSPECIFIED.,.F.,.F.,(4,1,1,1,1,1,1,4),(21.9911485751285,
22.6808268524823,23.6646303061343,24.6484337597863,25.6322372134383,26.6160406670903,
27.5998441207423,28.2743338823081),.UNSPECIFIED.);
#471=B_SPLINE_CURVE_WITH_KNOTS('',3,(#4765,#4766,#4767,#4768,#4769,#4770,
#4771,#4772,#4773,#4774,#4775),.UNSPECIFIED.,.F.,.F.,(4,1,1,1,1,1,1,1,4),
(21.9911485751285,22.2688277561903,23.2526312098423,24.2364346634943,25.2202381171463,
26.2040415707983,27.1878450244503,28.1716484781023,28.2743338823081),
 .UNSPECIFIED.);
#472=B_SPLINE_CURVE_WITH_KNOTS('',3,(#4781,#4782,#4783,#4784,#4785),
 .UNSPECIFIED.,.F.,.F.,(4,1,4),(14.3984001269744,15.3822035806264,15.707963267949),
 .UNSPECIFIED.);
#473=B_SPLINE_CURVE_WITH_KNOTS('',3,(#4788,#4789,#4790,#4791,#4792),
 .UNSPECIFIED.,.F.,.F.,(4,1,4),(13.8759337553389,14.8103992232664,15.707963267949),
 .UNSPECIFIED.);
#474=B_SPLINE_CURVE_WITH_KNOTS('',3,(#4798,#4799,#4800,#4801,#4802,#4803),
 .UNSPECIFIED.,.F.,.F.,(4,1,1,4),(34.5575191894877,35.4702717499558,36.4540752036078,
37.4378786572598),.UNSPECIFIED.);
#475=B_SPLINE_CURVE_WITH_KNOTS('',3,(#4806,#4807,#4808,#4809,#4810,#4811,
#4812),.UNSPECIFIED.,.F.,.F.,(4,1,1,1,4),(34.5575191894877,35.0582726536638,
36.0420761073158,37.0258795609678,37.9603450288953),.UNSPECIFIED.);
#476=B_SPLINE_CURVE_WITH_KNOTS('',3,(#4817,#4818,#4819,#4820,#4821,#4822,
#4823,#4824,#4825,#4826,#4827),.UNSPECIFIED.,.F.,.F.,(4,1,1,1,1,1,1,1,4),
(28.2743338823081,28.5836475743919,29.5674510280439,30.5512544816959,31.5350579353479,
32.5188613889998,33.5026648426518,34.4864682963038,34.5575191894877),
 .UNSPECIFIED.);
#477=B_SPLINE_CURVE_WITH_KNOTS('',3,(#4828,#4829,#4830,#4831,#4832,#4833,
#4834,#4835,#4836,#4837),.UNSPECIFIED.,.F.,.F.,(4,1,1,1,1,1,1,4),(28.2743338823081,
29.1554519317519,30.1392553854039,31.1230588390559,32.1068622927079,33.0906657463599,
34.0744692000118,34.5575191894877),.UNSPECIFIED.);
#478=B_SPLINE_CURVE_WITH_KNOTS('',3,(#4842,#4843,#4844,#4845,#4846,#4847,
#4848,#4849,#4850,#4851),.UNSPECIFIED.,.F.,.F.,(4,1,1,1,1,1,1,4),(21.9911485751285,
22.6808268524799,23.6646303061319,24.6484337597839,25.6322372134359,26.6160406670879,
27.5998441207399,28.2743338823081),.UNSPECIFIED.);
#479=B_SPLINE_CURVE_WITH_KNOTS('',3,(#4852,#4853,#4854,#4855,#4856,#4857,
#4858,#4859,#4860,#4861,#4862),.UNSPECIFIED.,.F.,.F.,(4,1,1,1,1,1,1,1,4),
(21.9911485751285,22.2688277561879,23.2526312098399,24.2364346634919,25.2202381171439,
26.2040415707959,27.1878450244479,28.1716484780999,28.2743338823081),
 .UNSPECIFIED.);
#480=B_SPLINE_CURVE_WITH_KNOTS('',3,(#4868,#4869,#4870,#4871,#4872),
 .UNSPECIFIED.,.F.,.F.,(4,1,4),(14.3984001269719,15.3822035806239,15.707963267949),
 .UNSPECIFIED.);
#481=B_SPLINE_CURVE_WITH_KNOTS('',3,(#4875,#4876,#4877,#4878,#4879),
 .UNSPECIFIED.,.F.,.F.,(4,1,4),(13.8759337553364,14.8103992232639,15.707963267949),
 .UNSPECIFIED.);
#482=B_SPLINE_CURVE_WITH_KNOTS('',3,(#4885,#4886,#4887,#4888,#4889,#4890),
 .UNSPECIFIED.,.F.,.F.,(4,1,1,4),(863.937979737193,864.850732297664,865.834535751316,
866.818339204968),.UNSPECIFIED.);
#483=B_SPLINE_CURVE_WITH_KNOTS('',3,(#4893,#4894,#4895,#4896,#4897,#4898,
#4899),.UNSPECIFIED.,.F.,.F.,(4,1,1,1,4),(863.937979737193,864.438733201372,
865.422536655024,866.406340108676,867.340805576603),.UNSPECIFIED.);
#484=B_SPLINE_CURVE_WITH_KNOTS('',3,(#4904,#4905,#4906,#4907,#4908,#4909,
#4910,#4911,#4912,#4913,#4914),.UNSPECIFIED.,.F.,.F.,(4,1,1,1,1,1,1,1,4),
(857.654794430013,857.9641081221,858.947911575752,859.931715029404,860.915518483056,
861.899321936708,862.88312539036,863.866928844012,863.937979737193),
 .UNSPECIFIED.);
#485=B_SPLINE_CURVE_WITH_KNOTS('',3,(#4915,#4916,#4917,#4918,#4919,#4920,
#4921,#4922,#4923,#4924),.UNSPECIFIED.,.F.,.F.,(4,1,1,1,1,1,1,4),(857.654794430013,
858.53591247946,859.519715933112,860.503519386764,861.487322840416,862.471126294068,
863.45492974772,863.937979737193),.UNSPECIFIED.);
#486=B_SPLINE_CURVE_WITH_KNOTS('',3,(#4929,#4930,#4931,#4932,#4933,#4934,
#4935,#4936,#4937,#4938),.UNSPECIFIED.,.F.,.F.,(4,1,1,1,1,1,1,4),(851.371609122834,
852.061287400188,853.04509085384,854.028894307492,855.012697761144,855.996501214796,
856.980304668448,857.654794430013),.UNSPECIFIED.);
#487=B_SPLINE_CURVE_WITH_KNOTS('',3,(#4939,#4940,#4941,#4942,#4943,#4944,
#4945,#4946,#4947,#4948,#4949,#4950,#4951,#4952,#4953,#4954,#4955,#4956,
#4957,#4958,#4959,#4960,#4961,#4962,#4963),.UNSPECIFIED.,.F.,.F.,(4,3,3,
3,3,3,3,3,4),(851.371609122834,851.649288303896,852.633091757548,853.6168952112,
854.600698664852,855.584502118504,856.568305572156,857.552109025808,857.654794430013),
 .UNSPECIFIED.);
#488=B_SPLINE_CURVE_WITH_KNOTS('',3,(#4969,#4970,#4971,#4972,#4973,#4974,
#4975),.UNSPECIFIED.,.F.,.F.,(4,3,4),(843.77886067468,844.762664128332,
845.088423815654),.UNSPECIFIED.);
#489=B_SPLINE_CURVE_WITH_KNOTS('',3,(#4978,#4979,#4980,#4981,#4982,#4983,
#4984),.UNSPECIFIED.,.F.,.F.,(4,3,4),(843.256394303044,844.190859770972,
845.088423815654),.UNSPECIFIED.);
#490=B_SPLINE_CURVE_WITH_KNOTS('',3,(#5028,#5029,#5030,#5031,#5032,#5033,
#5034,#5035,#5036,#5037,#5038,#5039,#5040,#5041,#5042,#5043,#5044,#5045,
#5046,#5047,#5048,#5049,#5050,#5051,#5052,#5053,#5054,#5055,#5056,#5057,
#5058,#5059,#5060,#5061,#5062,#5063,#5064,#5065,#5066,#5067,#5068,#5069,
#5070,#5071,#5072,#5073,#5074,#5075,#5076,#5077,#5078,#5079,#5080,#5081,
#5082,#5083,#5084,#5085,#5086,#5087,#5088,#5089,#5090,#5091,#5092,#5093,
#5094,#5095,#5096,#5097,#5098,#5099,#5100,#5101,#5102,#5103,#5104,#5105,
#5106,#5107,#5108,#5109,#5110,#5111,#5112,#5113,#5114,#5115,#5116,#5117,
#5118,#5119,#5120,#5121),.UNSPECIFIED.,.F.,.F.,(4,3,3,3,3,3,3,3,3,3,3,3,
3,3,3,3,3,3,3,3,3,3,3,3,3,3,3,3,3,3,3,4),(0.,0.0253632137472557,0.0513977969291982,
0.0778436700539186,0.0899839957643238,0.0968872752842954,0.10264236101499,
0.129936983655535,0.157682849114166,0.184003332317365,0.195703682333783,
0.202610227300024,0.206346874464688,0.23497683766765,0.262964781926961,
0.290831763243954,0.307136157304752,0.311293642041093,0.315698961366351,
0.345199349722648,0.374374913713788,0.403832214119465,0.415114669944146,
0.423026460622615,0.428122156101637,0.459017134130409,0.482188367651987,
0.490144842850678,0.498386698688658,0.528904270198954,0.551702068216723,
0.566847306048048),.UNSPECIFIED.);
#491=B_SPLINE_CURVE_WITH_KNOTS('',3,(#5122,#5123,#5124,#5125,#5126,#5127,
#5128,#5129,#5130,#5131,#5132,#5133,#5134,#5135,#5136,#5137,#5138,#5139,
#5140,#5141,#5142,#5143,#5144,#5145,#5146,#5147,#5148,#5149,#5150,#5151,
#5152,#5153,#5154,#5155,#5156,#5157,#5158,#5159,#5160,#5161,#5162,#5163,
#5164,#5165,#5166,#5167,#5168,#5169,#5170,#5171,#5172,#5173,#5174,#5175,
#5176,#5177,#5178,#5179,#5180,#5181,#5182,#5183,#5184,#5185,#5186,#5187,
#5188,#5189,#5190,#5191,#5192,#5193,#5194,#5195,#5196,#5197,#5198,#5199,
#5200,#5201,#5202,#5203,#5204,#5205,#5206,#5207,#5208,#5209),
 .UNSPECIFIED.,.F.,.F.,(4,3,3,3,3,3,3,3,3,3,3,3,3,3,3,3,3,3,3,3,3,3,3,3,
3,3,3,3,3,4),(0.,0.0297246262809455,0.0601053518495754,0.0890326715114205,
0.114344076215535,0.120646961727196,0.150400012176154,0.179989247289047,
0.207872912752869,0.229552094493244,0.233961191455369,0.262742550299852,
0.291523909144336,0.320459281612965,0.335222267764873,0.339878590981481,
0.344031821189729,0.372130930534303,0.400253582898261,0.4279599321963,0.437976525681661,
0.44491403075725,0.449163927339371,0.476146728060162,0.496276811055993,
0.508072022095214,0.513311222033904,0.53925479894203,0.556667060043485,
0.569248610399462),.UNSPECIFIED.);
#492=B_SPLINE_CURVE_WITH_KNOTS('',3,(#5210,#5211,#5212,#5213,#5214,#5215,
#5216,#5217,#5218,#5219,#5220,#5221,#5222,#5223,#5224,#5225,#5226,#5227,
#5228,#5229,#5230,#5231,#5232,#5233,#5234,#5235,#5236,#5237,#5238,#5239,
#5240,#5241,#5242,#5243,#5244,#5245,#5246,#5247,#5248,#5249,#5250,#5251,
#5252,#5253,#5254,#5255,#5256,#5257,#5258,#5259,#5260,#5261,#5262,#5263,
#5264,#5265,#5266,#5267,#5268,#5269,#5270,#5271,#5272,#5273,#5274,#5275,
#5276,#5277,#5278,#5279,#5280,#5281,#5282,#5283,#5284,#5285,#5286,#5287,
#5288,#5289,#5290,#5291,#5292,#5293,#5294,#5295,#5296,#5297,#5298,#5299,
#5300,#5301,#5302,#5303),.UNSPECIFIED.,.F.,.F.,(4,3,3,3,3,3,3,3,3,3,3,3,
3,3,3,3,3,3,3,3,3,3,3,3,3,3,3,3,3,3,3,4),(0.,0.0253631481882003,0.0513976717146087,
0.0778435604911542,0.0899839586238949,0.0968872800022175,0.102642359673247,
0.129936935354107,0.157682776277977,0.184003277690226,0.195703637289452,
0.202610308771698,0.20634695401261,0.234976918891941,0.262964781926972,
0.290831792854066,0.307136185064233,0.311293675379928,0.315698968093771,
0.345199355609142,0.374374936758821,0.403832241163651,0.41511472895047,
0.423026475419936,0.428122161460854,0.459017138149824,0.482188370666551,
0.490144858846361,0.498386698184588,0.528904268096495,0.551702068216734,
0.566847306048059),.UNSPECIFIED.);
#493=B_SPLINE_CURVE_WITH_KNOTS('',3,(#5304,#5305,#5306,#5307,#5308,#5309,
#5310,#5311,#5312,#5313,#5314,#5315,#5316,#5317,#5318,#5319,#5320,#5321,
#5322,#5323,#5324,#5325,#5326,#5327,#5328,#5329,#5330,#5331,#5332,#5333,
#5334,#5335,#5336,#5337,#5338,#5339,#5340,#5341,#5342,#5343,#5344,#5345,
#5346,#5347,#5348,#5349,#5350,#5351,#5352,#5353,#5354,#5355,#5356,#5357,
#5358,#5359,#5360,#5361,#5362,#5363,#5364,#5365,#5366,#5367,#5368,#5369,
#5370,#5371,#5372,#5373,#5374,#5375,#5376,#5377,#5378,#5379,#5380,#5381,
#5382,#5383,#5384,#5385,#5386,#5387,#5388,#5389,#5390,#5391),
 .UNSPECIFIED.,.F.,.F.,(4,3,3,3,3,3,3,3,3,3,3,3,3,3,3,3,3,3,3,3,3,3,3,3,
3,3,3,3,3,4),(0.,0.0297246479043535,0.0601053844911281,0.0890327000727779,
0.114344101206721,0.120646957591384,0.150400008886736,0.179989238930772,
0.207872906484161,0.229552080431078,0.233961188218024,0.262742548681175,
0.291523909144327,0.320459282816898,0.335222268893559,0.339878592632523,
0.344031822949552,0.372130933263359,0.400253586438878,0.427959932665899,
0.43797652449427,0.444914015531845,0.449163899843964,0.476146696947904,
0.496276787721796,0.50807199919861,0.513311216956175,0.539254785638868,
0.556667060043472,0.569248610399446),.UNSPECIFIED.);
#494=B_SPLINE_CURVE_WITH_KNOTS('',3,(#5406,#5407,#5408,#5409,#5410,#5411,
#5412,#5413,#5414,#5415,#5416,#5417,#5418,#5419,#5420,#5421,#5422,#5423,
#5424,#5425,#5426,#5427,#5428,#5429,#5430,#5431,#5432,#5433,#5434,#5435,
#5436,#5437,#5438,#5439,#5440,#5441,#5442,#5443,#5444,#5445,#5446,#5447,
#5448,#5449,#5450,#5451,#5452,#5453,#5454,#5455,#5456,#5457,#5458,#5459,
#5460,#5461,#5462,#5463,#5464,#5465,#5466,#5467,#5468,#5469,#5470,#5471,
#5472,#5473,#5474,#5475,#5476,#5477,#5478,#5479,#5480,#5481,#5482,#5483,
#5484,#5485,#5486,#5487,#5488,#5489,#5490,#5491,#5492,#5493),
 .UNSPECIFIED.,.F.,.F.,(4,3,3,3,3,3,3,3,3,3,3,3,3,3,3,3,3,3,3,3,3,3,3,3,
3,3,3,3,3,4),(0.,0.0297246262525186,0.0601053518280548,0.0890326714925839,
0.114344076199047,0.120646961948242,0.150400012401335,0.179989247493282,
0.207872912906033,0.229552094819647,0.233961191682591,0.26274255041344,
0.291523909144288,0.320459281592691,0.335222267745861,0.339878590684857,
0.344031821160937,0.372130930505395,0.400253582859376,0.427959932148748,
0.437976525599851,0.444914029781215,0.449163926217107,0.476146726961326,
0.496276810231847,0.508072021449459,0.513311221943905,0.539254798855384,
0.55666706004341,0.569248610399362),.UNSPECIFIED.);
#495=B_SPLINE_CURVE_WITH_KNOTS('',3,(#5494,#5495,#5496,#5497,#5498,#5499,
#5500,#5501,#5502,#5503,#5504,#5505,#5506,#5507,#5508,#5509,#5510,#5511,
#5512,#5513,#5514,#5515,#5516,#5517,#5518,#5519,#5520,#5521,#5522,#5523,
#5524,#5525,#5526,#5527,#5528,#5529,#5530,#5531,#5532,#5533,#5534,#5535,
#5536,#5537,#5538,#5539,#5540,#5541,#5542,#5543,#5544,#5545,#5546,#5547,
#5548,#5549,#5550,#5551,#5552,#5553,#5554,#5555,#5556,#5557,#5558,#5559,
#5560,#5561,#5562,#5563,#5564,#5565,#5566,#5567,#5568,#5569,#5570,#5571,
#5572,#5573,#5574,#5575,#5576,#5577,#5578,#5579,#5580,#5581,#5582,#5583,
#5584,#5585,#5586,#5587),.UNSPECIFIED.,.F.,.F.,(4,3,3,3,3,3,3,3,3,3,3,3,
3,3,3,3,3,3,3,3,3,3,3,3,3,3,3,3,3,3,3,4),(0.,0.0253632137475036,0.051397796934605,
0.0778436700586541,0.0899839957646742,0.0968872752846661,0.102642361109075,
0.129936983759637,0.157682849222398,0.184003332398548,0.195703682417037,
0.202610227227297,0.20634687464639,0.23497683784418,0.262964781926998,0.290831763256168,
0.307136157316216,0.311293641698498,0.315698961301019,0.34519934966551,
0.374374913655726,0.403832214045729,0.415114669749715,0.423026460463026,
0.428122156076082,0.459017134111297,0.482188367637708,0.490144842816963,
0.498386698465175,0.528904269972581,0.551702068216941,0.56684730604831),
 .UNSPECIFIED.);
#496=B_SPLINE_CURVE_WITH_KNOTS('',3,(#5588,#5589,#5590,#5591,#5592,#5593,
#5594,#5595,#5596,#5597,#5598,#5599,#5600,#5601,#5602,#5603,#5604,#5605,
#5606,#5607,#5608,#5609,#5610,#5611,#5612,#5613,#5614,#5615,#5616,#5617,
#5618,#5619,#5620,#5621,#5622,#5623,#5624,#5625,#5626,#5627,#5628,#5629,
#5630,#5631,#5632,#5633,#5634,#5635,#5636,#5637,#5638,#5639,#5640,#5641,
#5642,#5643,#5644,#5645,#5646,#5647,#5648,#5649,#5650,#5651,#5652,#5653,
#5654,#5655,#5656,#5657,#5658,#5659,#5660,#5661,#5662,#5663,#5664,#5665,
#5666,#5667,#5668,#5669,#5670,#5671,#5672,#5673,#5674,#5675),
 .UNSPECIFIED.,.F.,.F.,(4,3,3,3,3,3,3,3,3,3,3,3,3,3,3,3,3,3,3,3,3,3,3,3,
3,3,3,3,3,4),(0.,0.0297246074502364,0.0601053234241073,0.0890326466391292,
0.114344054452273,0.120646965733552,0.150400015452378,0.179989254927983,
0.207872918482058,0.229552107300179,0.23396119446019,0.262742551802236,
0.291523909144283,0.320459280642932,0.335222266855458,0.33987858917063,
0.344031819665452,0.372130928163951,0.400253579821981,0.427959931786693,
0.4379765267252,0.444914045161334,0.44916395357988,0.476146757408079,0.496276833066897,
0.508072043371727,0.51331122666057,0.539254810737396,0.556667060043353,
0.56924861039931),.UNSPECIFIED.);
#497=B_SPLINE_CURVE_WITH_KNOTS('',3,(#5676,#5677,#5678,#5679,#5680,#5681,
#5682,#5683,#5684,#5685,#5686,#5687,#5688,#5689,#5690,#5691,#5692,#5693,
#5694,#5695,#5696,#5697,#5698,#5699,#5700,#5701,#5702,#5703,#5704,#5705,
#5706,#5707,#5708,#5709,#5710,#5711,#5712,#5713,#5714,#5715,#5716,#5717,
#5718,#5719,#5720,#5721,#5722,#5723,#5724,#5725,#5726,#5727,#5728,#5729,
#5730,#5731,#5732,#5733,#5734,#5735,#5736,#5737,#5738,#5739,#5740,#5741,
#5742,#5743,#5744,#5745,#5746,#5747,#5748,#5749,#5750,#5751,#5752,#5753,
#5754,#5755,#5756,#5757,#5758,#5759,#5760,#5761,#5762,#5763,#5764,#5765,
#5766,#5767,#5768,#5769),.UNSPECIFIED.,.F.,.F.,(4,3,3,3,3,3,3,3,3,3,3,3,
3,3,3,3,3,3,3,3,3,3,3,3,3,3,3,3,3,3,3,4),(0.,0.0253631885402808,0.0513977488143369,
0.0778436279534202,0.0899839814958743,0.0968872771097803,0.102642360695261,
0.129936965299066,0.157682821356914,0.184003311499437,0.195703665202032,
0.202610258327122,0.206346905012033,0.234976868862387,0.262964781927004,
0.290831774628408,0.307136167977693,0.311293654528646,0.315698963894898,
0.345199351935157,0.374374922514621,0.403832224446493,0.415114692464239,
0.423026465874967,0.428122158111305,0.459017135637722,0.482188368782534,
0.490144848958031,0.498386698228537,0.528904269127796,0.551702068216972,
0.566847306048399),.UNSPECIFIED.);
#498=B_SPLINE_CURVE_WITH_KNOTS('',3,(#5786,#5787,#5788,#5789,#5790,#5791,
#5792,#5793,#5794,#5795,#5796,#5797,#5798,#5799,#5800,#5801,#5802,#5803,
#5804,#5805,#5806,#5807,#5808,#5809,#5810,#5811,#5812,#5813,#5814,#5815,
#5816,#5817,#5818,#5819,#5820,#5821,#5822,#5823,#5824,#5825,#5826,#5827,
#5828,#5829,#5830,#5831,#5832,#5833,#5834,#5835,#5836,#5837,#5838,#5839,
#5840,#5841,#5842,#5843,#5844,#5845,#5846,#5847,#5848,#5849,#5850,#5851,
#5852,#5853,#5854,#5855,#5856,#5857,#5858,#5859,#5860,#5861,#5862,#5863,
#5864,#5865,#5866,#5867,#5868,#5869,#5870,#5871,#5872,#5873,#5874,#5875,
#5876,#5877,#5878,#5879),.UNSPECIFIED.,.F.,.F.,(4,3,3,3,3,3,3,3,3,3,3,3,
3,3,3,3,3,3,3,3,3,3,3,3,3,3,3,3,3,3,3,4),(0.,0.0253632137482208,0.051397796930223,
0.077843670054816,0.089983995764634,0.0968872752842524,0.102642361012722,
0.129936983653078,0.157682849111294,0.184003332315212,0.195703682331515,
0.202610227302276,0.206346874479998,0.23497683768291,0.262964781926967,
0.290831763244176,0.307136157304962,0.311293642056961,0.31569896136938,
0.345199349725301,0.374374913716379,0.403832214122192,0.415114669949664,
0.423026460634818,0.428122156102979,0.459017134131421,0.482188367652753,
0.490144842851342,0.498386698689736,0.528904270201441,0.551702068216749,
0.566847306048123),.UNSPECIFIED.);
#499=B_SPLINE_CURVE_WITH_KNOTS('',3,(#5880,#5881,#5882,#5883,#5884,#5885,
#5886,#5887,#5888,#5889,#5890,#5891,#5892,#5893,#5894,#5895,#5896,#5897,
#5898,#5899,#5900,#5901,#5902,#5903,#5904,#5905,#5906,#5907,#5908,#5909,
#5910,#5911,#5912,#5913,#5914,#5915,#5916,#5917,#5918,#5919,#5920,#5921,
#5922,#5923,#5924,#5925,#5926,#5927,#5928,#5929,#5930,#5931,#5932,#5933,
#5934,#5935,#5936,#5937,#5938,#5939,#5940,#5941,#5942,#5943,#5944,#5945,
#5946,#5947,#5948,#5949,#5950,#5951,#5952,#5953,#5954,#5955,#5956,#5957,
#5958,#5959,#5960,#5961,#5962,#5963,#5964,#5965,#5966,#5967),
 .UNSPECIFIED.,.F.,.F.,(4,3,3,3,3,3,3,3,3,3,3,3,3,3,3,3,3,3,3,3,3,3,3,3,
3,3,3,3,3,4),(0.,0.0297246262809034,0.0601053518491776,0.0890326715110703,
0.114344076215226,0.120646961733128,0.150400012182245,0.179989247295203,
0.207872912757482,0.229552094502898,0.233961191452805,0.262742550298562,
0.291523909144319,0.320459281613874,0.33522226776572,0.339878590976815,
0.344031821190966,0.372130930535612,0.400253582899584,0.427959932197896,
0.437976525684842,0.444914030804609,0.449163927452693,0.476146728171375,
0.496276811139385,0.508072022161941,0.51331122204499,0.539254798953963,
0.556667060043416,0.569248610399392),.UNSPECIFIED.);
#500=B_SPLINE_CURVE_WITH_KNOTS('',3,(#5968,#5969,#5970,#5971,#5972,#5973,
#5974,#5975,#5976,#5977,#5978,#5979,#5980,#5981,#5982,#5983,#5984,#5985,
#5986,#5987,#5988,#5989,#5990,#5991,#5992,#5993,#5994,#5995,#5996,#5997,
#5998,#5999,#6000,#6001,#6002,#6003,#6004,#6005,#6006,#6007,#6008,#6009,
#6010,#6011,#6012,#6013,#6014,#6015,#6016,#6017,#6018,#6019,#6020,#6021,
#6022,#6023,#6024,#6025,#6026,#6027,#6028,#6029,#6030,#6031,#6032,#6033,
#6034,#6035,#6036,#6037,#6038,#6039,#6040,#6041,#6042,#6043,#6044,#6045,
#6046,#6047,#6048,#6049,#6050,#6051,#6052,#6053,#6054,#6055,#6056,#6057,
#6058,#6059,#6060,#6061),.UNSPECIFIED.,.F.,.F.,(4,3,3,3,3,3,3,3,3,3,3,3,
3,3,3,3,3,3,3,3,3,3,3,3,3,3,3,3,3,3,3,4),(0.,0.0253631885853943,0.0513977488707318,
0.0778436280027615,0.089983981510648,0.0968872770949891,0.102642360502784,
0.129936965120798,0.157682821164458,0.184003311355086,0.195703665051503,
0.202610258557159,0.206346904972926,0.234976868822375,0.262964781926969,
0.290831774612462,0.307136167962729,0.311293654821695,0.3156989639466,0.345199351980367,
0.374374922558968,0.403832224500087,0.415114692592805,0.423026466309897,
0.428122158160569,0.45901713567461,0.48218836881014,0.490144848993577,0.498386698496681,
0.528904269394321,0.551702068216733,0.566847306048059),.UNSPECIFIED.);
#501=B_SPLINE_CURVE_WITH_KNOTS('',3,(#6062,#6063,#6064,#6065,#6066,#6067,
#6068,#6069,#6070,#6071,#6072,#6073,#6074,#6075,#6076,#6077,#6078,#6079,
#6080,#6081,#6082,#6083,#6084,#6085,#6086,#6087,#6088,#6089,#6090,#6091,
#6092,#6093,#6094,#6095,#6096,#6097,#6098,#6099,#6100,#6101,#6102,#6103,
#6104,#6105,#6106,#6107,#6108,#6109,#6110,#6111,#6112,#6113,#6114,#6115,
#6116,#6117,#6118,#6119,#6120,#6121,#6122,#6123,#6124,#6125,#6126,#6127,
#6128,#6129,#6130,#6131,#6132,#6133,#6134,#6135,#6136,#6137,#6138,#6139,
#6140,#6141,#6142,#6143,#6144,#6145,#6146,#6147,#6148,#6149),
 .UNSPECIFIED.,.F.,.F.,(4,3,3,3,3,3,3,3,3,3,3,3,3,3,3,3,3,3,3,3,3,3,3,3,
3,3,3,3,3,4),(0.,0.0297246074381234,0.060105323403878,0.0890326466214369,
0.114344054436801,0.120646965336927,0.150400015046916,0.17998925457435,
0.20787291821685,0.229552106747044,0.233961194281495,0.262742551712922,
0.291523909144349,0.320459280564707,0.335222266782132,0.339878589534246,
0.344031819634367,0.372130928133294,0.400253579788322,0.427959931758402,
0.437976526659008,0.444914043545326,0.449163950491761,0.476146754373211,
0.496276830790786,0.508072041577065,0.513311226384111,0.539254810453159,
0.556667060043514,0.569248610399488),.UNSPECIFIED.);
#502=B_SPLINE_CURVE_WITH_KNOTS('',3,(#6151,#6152,#6153,#6154,#6155,#6156,
#6157,#6158,#6159,#6160,#6161,#6162,#6163,#6164,#6165,#6166,#6167,#6168,
#6169,#6170,#6171,#6172,#6173,#6174,#6175),.UNSPECIFIED.,.F.,.F.,(4,3,3,
3,3,3,3,3,4),(845.088423815654,845.174663224624,846.158466678276,847.142270131928,
848.12607358558,849.109877039232,850.093680492884,851.077483946536,851.371609122834),
 .UNSPECIFIED.);
#503=B_SPLINE_CURVE_WITH_KNOTS('',3,(#6176,#6177,#6178,#6179,#6180,#6181,
#6182,#6183,#6184,#6185,#6186,#6187,#6188,#6189,#6190,#6191,#6192,#6193,
#6194,#6195,#6196,#6197),.UNSPECIFIED.,.F.,.F.,(4,3,3,3,3,3,3,4),(845.088423815654,
845.746467581984,846.730271035636,847.714074489288,848.69787794294,849.681681396592,
850.665484850244,851.371609122834),.UNSPECIFIED.);
#504=B_SPLINE_CURVE_WITH_KNOTS('',3,(#6314,#6315,#6316,#6317,#6318,#6319,
#6320,#6321,#6322,#6323,#6324,#6325,#6326,#6327,#6328,#6329,#6330,#6331,
#6332,#6333,#6334,#6335,#6336,#6337,#6338,#6339,#6340,#6341,#6342,#6343,
#6344,#6345,#6346,#6347,#6348,#6349,#6350,#6351,#6352,#6353,#6354,#6355,
#6356,#6357,#6358,#6359,#6360,#6361,#6362,#6363,#6364,#6365,#6366,#6367,
#6368,#6369,#6370,#6371,#6372,#6373,#6374,#6375,#6376,#6377,#6378,#6379,
#6380,#6381,#6382,#6383,#6384,#6385,#6386,#6387,#6388,#6389,#6390,#6391,
#6392,#6393,#6394,#6395,#6396,#6397,#6398),.UNSPECIFIED.,.F.,.F.,(4,3,3,
3,3,3,3,3,3,3,3,3,3,3,3,3,3,3,3,3,3,3,3,3,3,3,3,3,4),(-0.566847306048108,
-0.551702068216732,-0.521324532517973,-0.505177048106036,-0.496324918236547,
-0.490598217330095,-0.460427126810819,-0.435744333700341,-0.425904257807943,
-0.420179135725714,-0.390715695227989,-0.361475179717805,-0.333142410108058,
-0.315598003062792,-0.311083690524321,-0.283082026230251,-0.262964781926994,
-0.234418871255803,-0.205116512348828,-0.20082659285219,-0.173040696001207,
-0.145244457008559,-0.117845329230534,-0.102629469544033,-0.096912812589351,
-0.0701624468792144,-0.0438127557883125,-0.0182904750622745,0.),
 .UNSPECIFIED.);
#505=B_SPLINE_CURVE_WITH_KNOTS('',3,(#6399,#6400,#6401,#6402,#6403,#6404,
#6405,#6406,#6407,#6408,#6409,#6410,#6411,#6412,#6413,#6414,#6415,#6416,
#6417,#6418,#6419,#6420,#6421,#6422,#6423),.UNSPECIFIED.,.F.,.F.,(4,3,3,
3,3,3,3,3,4),(-839.512620260526,-839.218495084225,-838.234691630573,-837.250888176921,
-836.267084723269,-835.283281269617,-834.299477815965,-833.315674362314,
-833.229434953346),.UNSPECIFIED.);
#506=B_SPLINE_CURVE_WITH_KNOTS('',3,(#6540,#6541,#6542,#6543,#6544,#6545,
#6546,#6547,#6548,#6549,#6550,#6551,#6552,#6553,#6554,#6555,#6556,#6557,
#6558,#6559,#6560,#6561,#6562,#6563,#6564,#6565,#6566,#6567,#6568,#6569,
#6570,#6571,#6572,#6573,#6574,#6575,#6576,#6577,#6578,#6579,#6580,#6581,
#6582,#6583,#6584,#6585,#6586,#6587,#6588,#6589,#6590,#6591,#6592,#6593,
#6594,#6595,#6596,#6597,#6598,#6599,#6600,#6601,#6602,#6603,#6604,#6605,
#6606,#6607,#6608,#6609,#6610,#6611,#6612,#6613,#6614,#6615,#6616,#6617,
#6618,#6619,#6620,#6621,#6622,#6623,#6624,#6625,#6626,#6627,#6628,#6629,
#6630,#6631,#6632,#6633),.UNSPECIFIED.,.F.,.F.,(4,3,3,3,3,3,3,3,3,3,3,3,
3,3,3,3,3,3,3,3,3,3,3,3,3,3,3,3,3,3,3,4),(-0.569248610399691,-0.556667060043703,
-0.530863851158814,-0.515905104782916,-0.50860321679829,-0.503263170810826,
-0.476298337840012,-0.453201534253066,-0.447193540490108,-0.442499492419312,
-0.414887411886914,-0.386808949161211,-0.36298768915702,-0.345121744153876,
-0.340741163762093,-0.336430878624465,-0.307476811675291,-0.291523909144444,
-0.263491217046454,-0.247023015981051,-0.23642703164408,-0.231651684112151,
-0.226948334846951,-0.197988034873172,-0.168478401687885,-0.138724297703639,
-0.121383760490685,-0.116873152683932,-0.0863969713019181,-0.0558298517903349,
-0.0258368739541625,0.),.UNSPECIFIED.);
#507=B_SPLINE_CURVE_WITH_KNOTS('',3,(#6634,#6635,#6636,#6637,#6638,#6639,
#6640,#6641,#6642,#6643,#6644,#6645,#6646,#6647,#6648,#6649,#6650,#6651,
#6652,#6653,#6654,#6655,#6656,#6657,#6658),.UNSPECIFIED.,.F.,.F.,(4,3,3,
3,3,3,3,3,4),(836.973208995862,837.250888176921,838.234691630573,839.218495084225,
840.202298537877,841.186101991529,842.169905445181,843.153708898833,843.256394303042),
 .UNSPECIFIED.);
#508=B_SPLINE_CURVE_WITH_KNOTS('',3,(#6665,#6666,#6667,#6668,#6669,#6670,
#6671,#6672,#6673,#6674,#6675,#6676,#6677,#6678,#6679,#6680,#6681,#6682,
#6683,#6684,#6685,#6686,#6687,#6688,#6689,#6690,#6691,#6692,#6693,#6694,
#6695,#6696,#6697,#6698,#6699,#6700,#6701,#6702,#6703,#6704,#6705,#6706,
#6707,#6708,#6709,#6710,#6711,#6712,#6713,#6714,#6715,#6716,#6717,#6718,
#6719,#6720,#6721,#6722,#6723,#6724,#6725,#6726,#6727,#6728,#6729,#6730,
#6731,#6732,#6733,#6734,#6735,#6736,#6737,#6738,#6739,#6740,#6741,#6742,
#6743,#6744,#6745,#6746,#6747,#6748,#6749),.UNSPECIFIED.,.F.,.F.,(4,3,3,
3,3,3,3,3,3,3,3,3,3,3,3,3,3,3,3,3,3,3,3,3,3,3,3,3,4),(-0.566847306048183,
-0.551702068216851,-0.521324532279203,-0.505177047882192,-0.496324922218813,
-0.490598221376446,-0.460427131172782,-0.435744337517062,-0.42590427389121,
-0.420179139714149,-0.390715700057623,-0.361475189572936,-0.3331424322101,
-0.315598019639331,-0.311083699954315,-0.283082044537791,-0.262964781927025,
-0.234418875859074,-0.205116516376689,-0.200826593226867,-0.173040698958145,
-0.145244453568854,-0.117845311052831,-0.102629434908736,-0.0969128142357592,
-0.0701624365786614,-0.0438127282091963,-0.0182904258582967,0.),
 .UNSPECIFIED.);
#509=B_SPLINE_CURVE_WITH_KNOTS('',3,(#6750,#6751,#6752,#6753,#6754,#6755,
#6756,#6757,#6758,#6759,#6760,#6761,#6762,#6763,#6764,#6765,#6766,#6767,
#6768,#6769,#6770,#6771,#6772,#6773,#6774,#6775,#6776,#6777,#6778,#6779,
#6780,#6781,#6782,#6783,#6784,#6785,#6786,#6787,#6788,#6789,#6790,#6791,
#6792,#6793,#6794,#6795,#6796,#6797,#6798,#6799,#6800,#6801,#6802,#6803,
#6804,#6805,#6806,#6807,#6808,#6809,#6810,#6811,#6812,#6813,#6814,#6815,
#6816,#6817,#6818,#6819,#6820,#6821,#6822,#6823,#6824,#6825,#6826,#6827,
#6828,#6829,#6830,#6831,#6832,#6833,#6834,#6835,#6836,#6837,#6838,#6839,
#6840,#6841,#6842,#6843),.UNSPECIFIED.,.F.,.F.,(4,3,3,3,3,3,3,3,3,3,3,3,
3,3,3,3,3,3,3,3,3,3,3,3,3,3,3,3,3,3,3,4),(-0.569248610399652,-0.55666706004366,
-0.53086386022185,-0.515905113279512,-0.508603271096959,-0.503263179994031,
-0.476298351380579,-0.453201546101062,-0.447193598432751,-0.442499538118712,
-0.414887462192408,-0.386808999687657,-0.362987727051855,-0.345121772575003,
-0.340741232800244,-0.336430890130454,-0.307476821753084,-0.291523909144448,
-0.263491222291305,-0.247023020898098,-0.236427044421651,-0.231651733521206,
-0.226948337737424,-0.197988043705764,-0.168478416214974,-0.138724313001765,
-0.121383773876544,-0.116873169354015,-0.0863969915492631,-0.0558298687936362,
-0.0258368730553708,0.),.UNSPECIFIED.);
#510=B_SPLINE_CURVE_WITH_KNOTS('',3,(#6845,#6846,#6847,#6848,#6849,#6850,
#6851,#6852,#6853,#6854,#6855),.UNSPECIFIED.,.F.,.F.,(4,1,1,1,1,1,1,1,4),
(15.707963267949,15.7942026769159,16.7780061305679,17.7618095842199,18.7456130378719,
19.7294164915239,20.7132199451759,21.6970233988279,21.9911485751285),
 .UNSPECIFIED.);
#511=B_SPLINE_CURVE_WITH_KNOTS('',3,(#6856,#6857,#6858,#6859,#6860,#6861,
#6862,#6863,#6864,#6865),.UNSPECIFIED.,.F.,.F.,(4,1,1,1,1,1,1,4),(15.707963267949,
16.3660070342759,17.3498104879279,18.3336139415799,19.3174173952319,20.3012208488839,
21.2850243025359,21.9911485751285),.UNSPECIFIED.);
#512=B_SPLINE_CURVE_WITH_KNOTS('',3,(#6982,#6983,#6984,#6985,#6986,#6987,
#6988,#6989,#6990,#6991,#6992,#6993,#6994,#6995,#6996,#6997,#6998,#6999,
#7000,#7001,#7002,#7003,#7004,#7005,#7006,#7007,#7008,#7009,#7010,#7011,
#7012,#7013,#7014,#7015,#7016,#7017,#7018,#7019,#7020,#7021,#7022,#7023,
#7024,#7025,#7026,#7027,#7028,#7029,#7030,#7031,#7032,#7033,#7034,#7035,
#7036,#7037,#7038,#7039,#7040,#7041,#7042,#7043,#7044,#7045,#7046,#7047,
#7048,#7049,#7050,#7051,#7052,#7053,#7054,#7055,#7056,#7057,#7058,#7059,
#7060,#7061,#7062,#7063,#7064,#7065,#7066,#7067,#7068,#7069,#7070,#7071,
#7072,#7073,#7074,#7075),.UNSPECIFIED.,.F.,.F.,(4,3,3,3,3,3,3,3,3,3,3,3,
3,3,3,3,3,3,3,3,3,3,3,3,3,3,3,3,3,3,3,4),(-0.569248610399444,-0.556667060043462,
-0.530863836605101,-0.515905091138802,-0.508603128950836,-0.503263155990181,
-0.476298316042988,-0.453201515180654,-0.447193447222207,-0.442499417141985,
-0.41488732897738,-0.386808866037771,-0.362987626814408,-0.345121697396885,
-0.340741048610067,-0.3364308594776,-0.307476794842278,-0.291523909144317,
-0.263491208626024,-0.247023008086897,-0.23642701111225,-0.23165160434765,
-0.226948330165011,-0.197988020645252,-0.168478378324817,-0.138724273081016,
-0.121383738945889,-0.11687312436932,-0.0863969372253661,-0.0558298229090795,
-0.0258368738750549,0.),.UNSPECIFIED.);
#513=B_SPLINE_CURVE_WITH_KNOTS('',3,(#7076,#7077,#7078,#7079,#7080,#7081,
#7082,#7083,#7084,#7085,#7086,#7087,#7088,#7089,#7090,#7091,#7092,#7093,
#7094,#7095,#7096,#7097,#7098,#7099,#7100),.UNSPECIFIED.,.F.,.F.,(4,3,3,
3,3,3,3,3,4),(-10.1321597128206,-9.83803453651995,-8.85423108286795,-7.87042762921596,
-6.88662417556396,-5.90282072191197,-4.91901726825997,-3.93521381460798,
-3.848974405641),.UNSPECIFIED.);
#514=B_SPLINE_CURVE_WITH_KNOTS('',3,(#7217,#7218,#7219,#7220,#7221,#7222,
#7223,#7224,#7225,#7226,#7227,#7228,#7229,#7230,#7231,#7232,#7233,#7234,
#7235,#7236,#7237,#7238,#7239,#7240,#7241,#7242,#7243,#7244,#7245,#7246,
#7247,#7248,#7249,#7250,#7251,#7252,#7253,#7254,#7255,#7256,#7257,#7258,
#7259,#7260,#7261,#7262,#7263,#7264,#7265,#7266,#7267,#7268,#7269,#7270,
#7271,#7272,#7273,#7274,#7275,#7276,#7277,#7278,#7279,#7280,#7281,#7282,
#7283,#7284,#7285,#7286,#7287,#7288,#7289,#7290,#7291,#7292,#7293,#7294,
#7295,#7296,#7297,#7298,#7299,#7300,#7301),.UNSPECIFIED.,.F.,.F.,(4,3,3,
3,3,3,3,3,3,3,3,3,3,3,3,3,3,3,3,3,3,3,3,3,3,3,3,3,4),(-0.566847306048119,
-0.551702068216764,-0.521324531957193,-0.505177047580304,-0.496324926713214,
-0.490598224352374,-0.460427134504758,-0.435744340432534,-0.425904287171439,
-0.420179144013113,-0.390715705329102,-0.361475200617579,-0.333142457232884,
-0.315598038406406,-0.31108371110129,-0.283082065876302,-0.262964781926969,
-0.234418881104253,-0.205116520966221,-0.200826593498239,-0.173040702196353,
-0.145244449465351,-0.117845290054168,-0.102629394891697,-0.0969128162478051,
-0.0701624248964727,-0.0438126967122449,-0.0182903695641088,0.),
 .UNSPECIFIED.);
#515=B_SPLINE_CURVE_WITH_KNOTS('',3,(#7302,#7303,#7304,#7305,#7306,#7307,
#7308,#7309,#7310,#7311,#7312,#7313,#7314,#7315,#7316,#7317,#7318,#7319,
#7320,#7321,#7322,#7323,#7324,#7325,#7326),.UNSPECIFIED.,.F.,.F.,(4,3,3,
3,3,3,3,3,4),(7.59274844815664,7.87042762921597,8.85423108286797,9.83803453651996,
10.821837990172,11.805641443824,12.789444897476,13.7732483511279,13.8759337553362),
 .UNSPECIFIED.);
#516=B_SPLINE_CURVE_WITH_KNOTS('',3,(#7328,#7329,#7330,#7331,#7332,#7333,
#7334,#7335,#7336,#7337,#7338),.UNSPECIFIED.,.F.,.F.,(4,1,1,1,1,1,1,1,4),
(15.707963267949,15.7942026769184,16.7780061305704,17.7618095842224,18.7456130378744,
19.7294164915264,20.7132199451783,21.6970233988303,21.9911485751285),
 .UNSPECIFIED.);
#517=B_SPLINE_CURVE_WITH_KNOTS('',3,(#7339,#7340,#7341,#7342,#7343,#7344,
#7345,#7346,#7347,#7348),.UNSPECIFIED.,.F.,.F.,(4,1,1,1,1,1,1,4),(15.707963267949,
16.3660070342784,17.3498104879304,18.3336139415824,19.3174173952344,20.3012208488864,
21.2850243025383,21.9911485751285),.UNSPECIFIED.);
#518=B_SPLINE_CURVE_WITH_KNOTS('',3,(#7350,#7351,#7352,#7353,#7354,#7355,
#7356,#7357,#7358,#7359,#7360),.UNSPECIFIED.,.F.,.F.,(4,1,1,1,1,1,1,1,4),
(845.088423815654,845.174663224624,846.158466678276,847.142270131928,848.12607358558,
849.109877039232,850.093680492884,851.077483946536,851.371609122834),
 .UNSPECIFIED.);
#519=B_SPLINE_CURVE_WITH_KNOTS('',3,(#7361,#7362,#7363,#7364,#7365,#7366,
#7367,#7368,#7369,#7370,#7371,#7372,#7373,#7374,#7375,#7376,#7377,#7378,
#7379,#7380,#7381,#7382),.UNSPECIFIED.,.F.,.F.,(4,3,3,3,3,3,3,4),(845.088423815654,
845.746467581984,846.730271035636,847.714074489288,848.69787794294,849.681681396592,
850.665484850244,851.371609122834),.UNSPECIFIED.);
#520=B_SPLINE_CURVE_WITH_KNOTS('',3,(#7499,#7500,#7501,#7502,#7503,#7504,
#7505,#7506,#7507,#7508,#7509,#7510,#7511,#7512,#7513,#7514,#7515,#7516,
#7517,#7518,#7519,#7520,#7521,#7522,#7523,#7524,#7525,#7526,#7527,#7528,
#7529,#7530,#7531,#7532,#7533,#7534,#7535,#7536,#7537,#7538,#7539,#7540,
#7541,#7542,#7543,#7544,#7545,#7546,#7547,#7548,#7549,#7550,#7551,#7552,
#7553,#7554,#7555,#7556,#7557,#7558,#7559,#7560,#7561,#7562,#7563,#7564,
#7565,#7566,#7567,#7568,#7569,#7570,#7571,#7572,#7573,#7574,#7575,#7576,
#7577,#7578,#7579,#7580,#7581,#7582,#7583,#7584,#7585,#7586,#7587,#7588,
#7589,#7590,#7591,#7592),.UNSPECIFIED.,.F.,.F.,(4,3,3,3,3,3,3,3,3,3,3,3,
3,3,3,3,3,3,3,3,3,3,3,3,3,3,3,3,3,3,3,4),(-0.56924861039945,-0.556667060043467,
-0.530863860218305,-0.515905113276181,-0.508603271304285,-0.503263180026688,
-0.476298351418932,-0.453201546134605,-0.447193598587051,-0.442499538913356,
-0.414887463053209,-0.386809000548694,-0.362987727697599,-0.345121773059278,
-0.340741233875315,-0.3364308902988,-0.307476821929909,-0.291523909144314,
-0.263491222304452,-0.247023020910424,-0.236427044468847,-0.231651733299199,
-0.22694833771812,-0.197988043688125,-0.168478416196627,-0.138724312999429,
-0.1213837738745,-0.116873169444706,-0.0863969916384536,-0.0558298688830231,
-0.0258368731281466,0.),.UNSPECIFIED.);
#521=B_SPLINE_CURVE_WITH_KNOTS('',3,(#7593,#7594,#7595,#7596,#7597,#7598,
#7599,#7600,#7601,#7602,#7603,#7604,#7605,#7606,#7607,#7608,#7609,#7610,
#7611,#7612,#7613,#7614,#7615,#7616,#7617),.UNSPECIFIED.,.F.,.F.,(4,3,3,
3,3,3,3,3,4),(-10.1321597128206,-9.83803453651995,-8.85423108286796,-7.87042762921597,
-6.88662417556397,-5.90282072191197,-4.91901726825998,-3.93521381460798,
-3.848974405641),.UNSPECIFIED.);
#522=B_SPLINE_CURVE_WITH_KNOTS('',3,(#7734,#7735,#7736,#7737,#7738,#7739,
#7740,#7741,#7742,#7743,#7744,#7745,#7746,#7747,#7748,#7749,#7750,#7751,
#7752,#7753,#7754,#7755,#7756,#7757,#7758,#7759,#7760,#7761,#7762,#7763,
#7764,#7765,#7766,#7767,#7768,#7769,#7770,#7771,#7772,#7773,#7774,#7775,
#7776,#7777,#7778,#7779,#7780,#7781,#7782,#7783,#7784,#7785,#7786,#7787,
#7788,#7789,#7790,#7791,#7792,#7793,#7794,#7795,#7796,#7797,#7798,#7799,
#7800,#7801,#7802,#7803,#7804,#7805,#7806,#7807,#7808,#7809,#7810,#7811,
#7812,#7813,#7814,#7815,#7816,#7817,#7818),.UNSPECIFIED.,.F.,.F.,(4,3,3,
3,3,3,3,3,3,3,3,3,3,3,3,3,3,3,3,3,3,3,3,3,3,3,3,3,4),(-0.566847306048146,
-0.551702068216786,-0.521324532277169,-0.505177047880282,-0.496324922213633,
-0.490598220599246,-0.460427130395414,-0.435744336836861,-0.425904271501906,
-0.420179139532119,-0.390715699882826,-0.361475189397216,-0.33314243199666,
-0.31559801947924,-0.311083699812109,-0.28308204439933,-0.262964781926983,
-0.234418875845344,-0.205116516364676,-0.200826593163148,-0.1730406988985,
-0.145244453504289,-0.117845310989984,-0.102629434791137,-0.0969128143647481,
-0.0701624367117171,-0.0438127283423538,-0.0182904259843393,0.),
 .UNSPECIFIED.);
#523=B_SPLINE_CURVE_WITH_KNOTS('',3,(#7819,#7820,#7821,#7822,#7823,#7824,
#7825,#7826,#7827,#7828,#7829,#7830,#7831,#7832,#7833,#7834,#7835,#7836,
#7837,#7838,#7839,#7840,#7841,#7842,#7843),.UNSPECIFIED.,.F.,.F.,(4,3,3,
3,3,3,3,3,4),(7.59274844815659,7.87042762921596,8.85423108286796,9.83803453651995,
10.821837990172,11.805641443824,12.7894448974759,13.7732483511279,13.8759337553361),
 .UNSPECIFIED.);
#524=B_SPLINE_CURVE_WITH_KNOTS('',3,(#7960,#7961,#7962,#7963,#7964,#7965,
#7966,#7967,#7968,#7969,#7970,#7971,#7972,#7973,#7974,#7975,#7976,#7977,
#7978,#7979,#7980,#7981,#7982,#7983,#7984),.UNSPECIFIED.,.F.,.F.,(4,3,3,
3,3,3,3,3,4),(836.973208995862,837.250888176921,838.234691630573,839.218495084225,
840.202298537877,841.186101991529,842.169905445181,843.153708898833,843.256394303042),
 .UNSPECIFIED.);
#525=B_SPLINE_CURVE_WITH_KNOTS('',3,(#8101,#8102,#8103,#8104,#8105,#8106,
#8107,#8108,#8109,#8110,#8111,#8112,#8113,#8114,#8115,#8116,#8117,#8118,
#8119,#8120,#8121,#8122,#8123,#8124,#8125),.UNSPECIFIED.,.F.,.F.,(4,3,3,
3,3,3,3,3,4),(-839.512620260526,-839.218495084225,-838.234691630573,-837.250888176921,
-836.267084723269,-835.283281269618,-834.299477815965,-833.315674362314,
-833.229434953346),.UNSPECIFIED.);
#526=B_SPLINE_CURVE_WITH_KNOTS('',3,(#8131,#8132,#8133,#8134,#8135,#8136,
#8137,#8138,#8139,#8140,#8141),.UNSPECIFIED.,.F.,.F.,(4,1,1,1,1,1,1,1,4),
(15.707963267949,15.7942026769173,16.7780061305693,17.7618095842213,18.7456130378733,
19.7294164915253,20.7132199451773,21.6970233988293,21.9911485751285),
 .UNSPECIFIED.);
#527=B_SPLINE_CURVE_WITH_KNOTS('',3,(#8142,#8143,#8144,#8145,#8146,#8147,
#8148,#8149,#8150,#8151),.UNSPECIFIED.,.F.,.F.,(4,1,1,1,1,1,1,4),(15.707963267949,
16.3660070342773,17.3498104879293,18.3336139415813,19.3174173952333,20.3012208488853,
21.2850243025373,21.9911485751285),.UNSPECIFIED.);
#528=B_SPLINE_CURVE_WITH_KNOTS('',3,(#8153,#8154,#8155,#8156,#8157,#8158,
#8159,#8160,#8161,#8162,#8163,#8164,#8165,#8166,#8167,#8168,#8169,#8170,
#8171,#8172,#8173,#8174,#8175,#8176,#8177),.UNSPECIFIED.,.F.,.F.,(4,3,3,
3,3,3,3,3,4),(581.194640914112,581.28088032308,582.264683776732,583.248487230384,
584.232290684036,585.216094137688,586.19989759134,587.183701044992,587.477826221291),
 .UNSPECIFIED.);
#529=B_SPLINE_CURVE_WITH_KNOTS('',3,(#8178,#8179,#8180,#8181,#8182,#8183,
#8184,#8185,#8186,#8187,#8188,#8189,#8190,#8191,#8192,#8193,#8194,#8195,
#8196,#8197,#8198,#8199),.UNSPECIFIED.,.F.,.F.,(4,3,3,3,3,3,3,4),(581.194640914112,
581.85268468044,582.836488134092,583.820291587744,584.804095041396,585.787898495048,
586.7717019487,587.477826221291),.UNSPECIFIED.);
#530=B_SPLINE_CURVE_WITH_KNOTS('',3,(#8316,#8317,#8318,#8319,#8320,#8321,
#8322,#8323,#8324,#8325,#8326,#8327,#8328,#8329,#8330,#8331,#8332,#8333,
#8334,#8335,#8336,#8337,#8338,#8339,#8340,#8341,#8342,#8343,#8344,#8345,
#8346,#8347,#8348,#8349,#8350,#8351,#8352,#8353,#8354,#8355,#8356,#8357,
#8358,#8359,#8360,#8361,#8362,#8363,#8364,#8365,#8366,#8367,#8368,#8369,
#8370,#8371,#8372,#8373,#8374,#8375,#8376,#8377,#8378,#8379,#8380,#8381,
#8382,#8383,#8384,#8385,#8386,#8387,#8388,#8389,#8390,#8391,#8392,#8393,
#8394,#8395,#8396,#8397,#8398,#8399,#8400,#8401,#8402,#8403,#8404,#8405,
#8406,#8407,#8408,#8409),.UNSPECIFIED.,.F.,.F.,(4,3,3,3,3,3,3,3,3,3,3,3,
3,3,3,3,3,3,3,3,3,3,3,3,3,3,3,3,3,3,3,4),(-0.569248610399411,-0.556667060043432,
-0.530863851147641,-0.515905104772434,-0.508603216627819,-0.503263170795352,
-0.476298337828782,-0.453201534243225,-0.447193540439952,-0.442499492114502,
-0.414887411524711,-0.386808948849883,-0.362987688923493,-0.345121743978701,
-0.340741162621597,-0.336430878446154,-0.307476811510057,-0.291523909144324,
-0.263491217052237,-0.247023015986473,-0.23642703166053,-0.231651683765291,
-0.226948334816043,-0.19798803483927,-0.168478401653757,-0.138724297669187,
-0.121383760460539,-0.116873152135215,-0.0863969707417568,-0.0558298512252502,
-0.025836873401413,0.),.UNSPECIFIED.);
#531=B_SPLINE_CURVE_WITH_KNOTS('',3,(#8410,#8411,#8412,#8413,#8414,#8415,
#8416,#8417,#8418,#8419,#8420,#8421,#8422,#8423,#8424,#8425,#8426,#8427,
#8428,#8429,#8430,#8431,#8432,#8433,#8434),.UNSPECIFIED.,.F.,.F.,(4,3,3,
3,3,3,3,3,4),(-10.1321597128207,-9.83803453651995,-8.85423108286796,-7.87042762921596,
-6.88662417556397,-5.90282072191197,-4.91901726825998,-3.93521381460798,
-3.84897440564112),.UNSPECIFIED.);
#532=B_SPLINE_CURVE_WITH_KNOTS('',3,(#8551,#8552,#8553,#8554,#8555,#8556,
#8557,#8558,#8559,#8560,#8561,#8562,#8563,#8564,#8565,#8566,#8567,#8568,
#8569,#8570,#8571,#8572,#8573,#8574,#8575,#8576,#8577,#8578,#8579,#8580,
#8581,#8582,#8583,#8584,#8585,#8586,#8587,#8588,#8589,#8590,#8591,#8592,
#8593,#8594,#8595,#8596,#8597,#8598,#8599,#8600,#8601,#8602,#8603,#8604,
#8605,#8606,#8607,#8608,#8609,#8610,#8611,#8612,#8613,#8614,#8615,#8616,
#8617,#8618,#8619,#8620,#8621,#8622,#8623,#8624,#8625,#8626,#8627,#8628,
#8629,#8630,#8631,#8632,#8633,#8634,#8635),.UNSPECIFIED.,.F.,.F.,(4,3,3,
3,3,3,3,3,3,3,3,3,3,3,3,3,3,3,3,3,3,3,3,3,3,3,3,3,4),(-0.566847306048071,
-0.551702068216737,-0.521324532558945,-0.505177048144446,-0.496324918299477,
-0.490598217372932,-0.460427126859257,-0.435744333742721,-0.425904257987519,
-0.420179135675807,-0.390715695185356,-0.361475179667936,-0.333142410063272,
-0.315598003029196,-0.311083689972437,-0.283082025685672,-0.262964781926968,
-0.23441887126673,-0.205116512358389,-0.200826592843607,-0.173040696000425,
-0.145244457000204,-0.117845329203449,-0.102629469502562,-0.0969128127259577,
-0.0701624470100981,-0.0438127559081813,-0.0182904751531928,0.),
 .UNSPECIFIED.);
#533=B_SPLINE_CURVE_WITH_KNOTS('',3,(#8636,#8637,#8638,#8639,#8640,#8641,
#8642,#8643,#8644,#8645,#8646,#8647,#8648,#8649,#8650,#8651,#8652,#8653,
#8654,#8655,#8656,#8657,#8658,#8659,#8660),.UNSPECIFIED.,.F.,.F.,(4,3,3,
3,3,3,3,3,4),(7.59274844815675,7.87042762921596,8.85423108286796,9.83803453651995,
10.8218379901719,11.8056414438239,12.7894448974759,13.7732483511279,13.8759337553363),
 .UNSPECIFIED.);
#534=B_SPLINE_CURVE_WITH_KNOTS('',3,(#8777,#8778,#8779,#8780,#8781,#8782,
#8783,#8784,#8785,#8786,#8787,#8788,#8789,#8790,#8791,#8792,#8793,#8794,
#8795,#8796,#8797,#8798,#8799,#8800,#8801,#8802,#8803,#8804,#8805,#8806,
#8807,#8808,#8809,#8810,#8811,#8812,#8813,#8814,#8815,#8816,#8817,#8818,
#8819,#8820,#8821,#8822,#8823,#8824,#8825,#8826,#8827,#8828,#8829,#8830,
#8831,#8832,#8833,#8834,#8835,#8836,#8837,#8838,#8839,#8840,#8841,#8842,
#8843,#8844,#8845,#8846,#8847,#8848,#8849,#8850,#8851,#8852,#8853,#8854,
#8855,#8856,#8857,#8858,#8859,#8860,#8861,#8862,#8863,#8864,#8865,#8866,
#8867,#8868,#8869,#8870),.UNSPECIFIED.,.F.,.F.,(4,3,3,3,3,3,3,3,3,3,3,3,
3,3,3,3,3,3,3,3,3,3,3,3,3,3,3,3,3,3,3,4),(-0.569248610399669,-0.556667060043705,
-0.530863836612801,-0.515905091146029,-0.508603129629582,-0.503263156091287,
-0.476298316141869,-0.453201515267192,-0.447193447575598,-0.442499417999879,
-0.414887329860584,-0.386808866915248,-0.362987627472549,-0.345121697890524,
-0.340741049329648,-0.336430859594625,-0.307476794936803,-0.29152390914445,
-0.263491208638459,-0.247023008098555,-0.236427011146812,-0.231651604496831,
-0.226948330177885,-0.197988020657579,-0.168478378333062,-0.138724273078079,
-0.12138373894332,-0.116873124166255,-0.086396937010839,-0.0558298226903137,
-0.0258368736651304,0.),.UNSPECIFIED.);
#535=B_SPLINE_CURVE_WITH_KNOTS('',3,(#8871,#8872,#8873,#8874,#8875,#8876,
#8877,#8878,#8879,#8880,#8881,#8882,#8883,#8884,#8885,#8886,#8887,#8888,
#8889,#8890,#8891,#8892,#8893,#8894,#8895,#8896,#8897,#8898,#8899,#8900,
#8901,#8902,#8903,#8904,#8905,#8906,#8907,#8908,#8909,#8910,#8911,#8912,
#8913,#8914,#8915,#8916,#8917,#8918,#8919,#8920,#8921,#8922,#8923,#8924,
#8925,#8926,#8927,#8928,#8929,#8930,#8931,#8932,#8933,#8934,#8935,#8936,
#8937,#8938,#8939,#8940,#8941,#8942,#8943,#8944,#8945,#8946,#8947,#8948,
#8949,#8950,#8951,#8952,#8953,#8954,#8955,#8956,#8957,#8958,#8959,#8960,
#8961,#8962,#8963,#8964),.UNSPECIFIED.,.F.,.F.,(4,3,3,3,3,3,3,3,3,3,3,3,
3,3,3,3,3,3,3,3,3,3,3,3,3,3,3,3,3,3,3,4),(0.,0.0253631481883787,0.0513976717033912,
0.0778435604813506,0.0899839586226811,0.0968872800080909,0.102642359793643,
0.129936935473567,0.15768277639883,0.184003277780889,0.195703637381618,
0.202610308132924,0.206346953774558,0.234976918649261,0.262964781927066,
0.290831792870755,0.307136185079893,0.311293674718928,0.31569896797248,
0.345199355503041,0.374374936658753,0.403832241059832,0.41511472874496,
0.423026475344461,0.42812216145068,0.459017138142252,0.482188370660931,
0.490144858830951,0.498386697939052,0.528904267842101,0.551702068216969,
0.566847306048301),.UNSPECIFIED.);
#536=B_SPLINE_CURVE_WITH_KNOTS('',3,(#8965,#8966,#8967,#8968,#8969,#8970,
#8971,#8972,#8973,#8974,#8975,#8976,#8977,#8978,#8979,#8980,#8981,#8982,
#8983,#8984,#8985,#8986,#8987,#8988,#8989),.UNSPECIFIED.,.F.,.F.,(4,3,3,
3,3,3,3,3,4),(573.07942609432,573.357105275379,574.340908729031,575.324712182683,
576.308515636335,577.292319089987,578.276122543639,579.259925997291,579.362611401499),
 .UNSPECIFIED.);
#537=B_SPLINE_CURVE_WITH_KNOTS('',3,(#9106,#9107,#9108,#9109,#9110,#9111,
#9112,#9113,#9114,#9115,#9116,#9117,#9118,#9119,#9120,#9121,#9122,#9123,
#9124,#9125,#9126,#9127,#9128,#9129,#9130,#9131,#9132,#9133,#9134,#9135,
#9136,#9137,#9138,#9139,#9140,#9141,#9142,#9143,#9144,#9145,#9146,#9147,
#9148,#9149,#9150,#9151,#9152,#9153,#9154,#9155,#9156,#9157,#9158,#9159,
#9160,#9161,#9162,#9163,#9164,#9165,#9166,#9167,#9168,#9169,#9170,#9171,
#9172,#9173,#9174,#9175,#9176,#9177,#9178,#9179,#9180,#9181,#9182,#9183,
#9184,#9185,#9186,#9187,#9188,#9189,#9190),.UNSPECIFIED.,.F.,.F.,(4,3,3,
3,3,3,3,3,3,3,3,3,3,3,3,3,3,3,3,3,3,3,3,3,3,3,3,3,4),(-0.566847306048153,
-0.551702068216822,-0.521324531980816,-0.505177047602455,-0.4963249267526,
-0.49059822484097,-0.460427134986872,-0.435744340854394,-0.425904288636179,
-0.420179144382707,-0.390715705728218,-0.361475201002384,-0.333142457610618,
-0.315598038689725,-0.311083711765711,-0.283082066538242,-0.262964781927048,
-0.234418881117236,-0.205116520977581,-0.200826593293911,-0.173040701992097,
-0.145244449264755,-0.117845289839226,-0.102629394487997,-0.0969128160797722,
-0.0701624247306028,-0.0438126965511399,-0.0182903694029835,0.),
 .UNSPECIFIED.);
#538=B_SPLINE_CURVE_WITH_KNOTS('',3,(#9191,#9192,#9193,#9194,#9195,#9196,
#9197,#9198,#9199,#9200,#9201,#9202,#9203,#9204,#9205,#9206,#9207,#9208,
#9209,#9210,#9211,#9212,#9213,#9214,#9215),.UNSPECIFIED.,.F.,.F.,(4,3,3,
3,3,3,3,3,4),(-575.618837358983,-575.324712182683,-574.340908729031,-573.357105275379,
-572.373301821727,-571.389498368075,-570.405694914423,-569.421891460771,
-569.335652051804),.UNSPECIFIED.);
#539=B_SPLINE_CURVE_WITH_KNOTS('',3,(#9216,#9217,#9218,#9219,#9220,#9221,
#9222,#9223,#9224,#9225,#9226,#9227,#9228,#9229,#9230,#9231,#9232,#9233,
#9234,#9235,#9236,#9237,#9238,#9239,#9240,#9241,#9242,#9243,#9244,#9245,
#9246,#9247,#9248,#9249,#9250,#9251,#9252,#9253,#9254,#9255,#9256,#9257,
#9258,#9259,#9260,#9261,#9262,#9263,#9264,#9265,#9266,#9267,#9268,#9269,
#9270,#9271,#9272,#9273,#9274,#9275,#9276,#9277,#9278,#9279,#9280,#9281,
#9282,#9283,#9284,#9285,#9286,#9287,#9288,#9289,#9290,#9291,#9292,#9293,
#9294,#9295,#9296,#9297,#9298,#9299,#9300,#9301,#9302,#9303),
 .UNSPECIFIED.,.F.,.F.,(4,3,3,3,3,3,3,3,3,3,3,3,3,3,3,3,3,3,3,3,3,3,3,3,
3,3,3,3,3,4),(0.,0.0297246479144132,0.0601053845476872,0.0890327001222688,
0.114344101250028,0.120646957818003,0.150400009121626,0.179989239164511,
0.207872906659468,0.229552080814161,0.233961188146634,0.262742548645487,
0.29152390914434,0.320459282807649,0.335222268884885,0.339878592156038,
0.344031822564178,0.372130932873636,0.400253586054858,0.427959932277341,
0.437976523731484,0.444914009062359,0.449163889272104,0.476146686569608,
0.496276779938065,0.508071993139024,0.513311216006392,0.539254784711388,
0.556667060043436,0.569248610399425),.UNSPECIFIED.);
#540=B_SPLINE_CURVE_WITH_KNOTS('',3,(#9308,#9309,#9310,#9311,#9312,#9313,
#9314,#9315,#9316,#9317,#9318,#9319,#9320,#9321,#9322,#9323,#9324,#9325,
#9326,#9327,#9328,#9329,#9330,#9331,#9332,#9333,#9334,#9335,#9336,#9337,
#9338,#9339,#9340,#9341,#9342,#9343,#9344,#9345,#9346,#9347,#9348,#9349,
#9350,#9351,#9352,#9353,#9354,#9355,#9356,#9357,#9358,#9359,#9360,#9361,
#9362,#9363,#9364,#9365,#9366,#9367,#9368,#9369,#9370,#9371,#9372,#9373,
#9374,#9375,#9376,#9377,#9378,#9379,#9380,#9381,#9382,#9383,#9384,#9385,
#9386,#9387,#9388,#9389,#9390,#9391,#9392),.UNSPECIFIED.,.F.,.F.,(4,3,3,
3,3,3,3,3,3,3,3,3,3,3,3,3,3,3,3,3,3,3,3,3,3,3,3,3,4),(-0.566847306048232,
-0.551702068216898,-0.521324532271321,-0.505177047874806,-0.496324922206198,
-0.490598220499032,-0.460427130293381,-0.435744336747593,-0.425904271165185,
-0.420179139700971,-0.390715700065608,-0.36147518958506,-0.333142432175121,
-0.315598019613109,-0.311083699497348,-0.28308204409348,-0.262964781927071,
-0.234418875841369,-0.205116516361198,-0.200826593178545,-0.173040698913829,
-0.14524445352122,-0.117845311016103,-0.10262943484354,-0.0969128143665921,
-0.0701624367144578,-0.0438127283533738,-0.0182904259865622,0.),
 .UNSPECIFIED.);
#541=B_SPLINE_CURVE_WITH_KNOTS('',3,(#9393,#9394,#9395,#9396,#9397,#9398,
#9399,#9400,#9401,#9402,#9403,#9404,#9405,#9406,#9407,#9408,#9409,#9410,
#9411,#9412,#9413,#9414,#9415,#9416,#9417,#9418,#9419,#9420,#9421,#9422,
#9423,#9424,#9425,#9426,#9427,#9428,#9429,#9430,#9431,#9432,#9433,#9434,
#9435,#9436,#9437,#9438,#9439,#9440,#9441,#9442,#9443,#9444,#9445,#9446,
#9447,#9448,#9449,#9450,#9451,#9452,#9453,#9454,#9455,#9456,#9457,#9458,
#9459,#9460,#9461,#9462,#9463,#9464,#9465,#9466,#9467,#9468,#9469,#9470,
#9471,#9472,#9473,#9474,#9475,#9476,#9477,#9478,#9479,#9480,#9481,#9482,
#9483,#9484,#9485,#9486),.UNSPECIFIED.,.F.,.F.,(4,3,3,3,3,3,3,3,3,3,3,3,
3,3,3,3,3,3,3,3,3,3,3,3,3,3,3,3,3,3,3,4),(-0.569248610399688,-0.556667060043721,
-0.530863860195017,-0.515905113254355,-0.508603271098542,-0.503263179991466,
-0.476298351386598,-0.453201546106326,-0.447193598507348,-0.442499538903007,
-0.414887463057334,-0.386809000552335,-0.362987727700357,-0.345121773061373,
-0.340741233423237,-0.336430890224959,-0.307476821894829,-0.291523909144422,
-0.263491222308472,-0.247023020914193,-0.236427044473442,-0.231651733403372,
-0.226948337731325,-0.197988043701439,-0.168478416216176,-0.138724313001787,
-0.121383773876564,-0.116873169336044,-0.0863969915368121,-0.0558298687929453,
-0.0258368730401325,0.),.UNSPECIFIED.);
#542=B_SPLINE_CURVE_WITH_KNOTS('',3,(#9488,#9489,#9490,#9491,#9492,#9493,
#9494,#9495,#9496,#9497,#9498),.UNSPECIFIED.,.F.,.F.,(4,1,1,1,1,1,1,1,4),
(15.707963267949,15.7942026769174,16.7780061305693,17.7618095842213,18.7456130378733,
19.7294164915253,20.7132199451773,21.6970233988293,21.9911485751285),
 .UNSPECIFIED.);
#543=B_SPLINE_CURVE_WITH_KNOTS('',3,(#9499,#9500,#9501,#9502,#9503,#9504,
#9505,#9506,#9507,#9508),.UNSPECIFIED.,.F.,.F.,(4,1,1,1,1,1,1,4),(15.707963267949,
16.3660070342773,17.3498104879293,18.3336139415813,19.3174173952333,20.3012208488853,
21.2850243025373,21.9911485751285),.UNSPECIFIED.);
#544=B_SPLINE_CURVE_WITH_KNOTS('',3,(#9510,#9511,#9512,#9513,#9514,#9515,
#9516,#9517,#9518,#9519,#9520,#9521,#9522,#9523,#9524,#9525,#9526,#9527,
#9528,#9529,#9530,#9531,#9532,#9533,#9534),.UNSPECIFIED.,.F.,.F.,(4,3,3,
3,3,3,3,3,4),(581.194640914112,581.28088032308,582.264683776732,583.248487230384,
584.232290684036,585.216094137688,586.19989759134,587.183701044992,587.477826221291),
 .UNSPECIFIED.);
#545=B_SPLINE_CURVE_WITH_KNOTS('',3,(#9535,#9536,#9537,#9538,#9539,#9540,
#9541,#9542,#9543,#9544,#9545,#9546,#9547,#9548,#9549,#9550,#9551,#9552,
#9553,#9554,#9555,#9556),.UNSPECIFIED.,.F.,.F.,(4,3,3,3,3,3,3,4),(581.194640914112,
581.85268468044,582.836488134092,583.820291587744,584.804095041396,585.787898495048,
586.7717019487,587.477826221291),.UNSPECIFIED.);
#546=B_SPLINE_CURVE_WITH_KNOTS('',3,(#9673,#9674,#9675,#9676,#9677,#9678,
#9679,#9680,#9681,#9682,#9683,#9684,#9685,#9686,#9687,#9688,#9689,#9690,
#9691,#9692,#9693,#9694,#9695,#9696,#9697,#9698,#9699,#9700,#9701,#9702,
#9703,#9704,#9705,#9706,#9707,#9708,#9709,#9710,#9711,#9712,#9713,#9714,
#9715,#9716,#9717,#9718,#9719,#9720,#9721,#9722,#9723,#9724,#9725,#9726,
#9727,#9728,#9729,#9730,#9731,#9732,#9733,#9734,#9735,#9736,#9737,#9738,
#9739,#9740,#9741,#9742,#9743,#9744,#9745,#9746,#9747,#9748,#9749,#9750,
#9751,#9752,#9753,#9754,#9755,#9756,#9757,#9758,#9759,#9760,#9761,#9762,
#9763,#9764,#9765,#9766),.UNSPECIFIED.,.F.,.F.,(4,3,3,3,3,3,3,3,3,3,3,3,
3,3,3,3,3,3,3,3,3,3,3,3,3,3,3,3,3,3,3,4),(-0.569248610399442,-0.556667060043466,
-0.530863860218774,-0.51590511327662,-0.50860327131637,-0.503263180027479,
-0.47629835141933,-0.453201546134954,-0.4471935985851,-0.442499538934552,
-0.41488746307604,-0.386809000573095,-0.362987727715902,-0.345121773073008,
-0.340741233914606,-0.336430890304995,-0.307476821938626,-0.291523909144324,
-0.263491222304731,-0.247023020910686,-0.236427044469799,-0.231651733262123,
-0.226948337715113,-0.197988043686074,-0.168478416194405,-0.138724312995525,
-0.121383773871085,-0.116873169412661,-0.0863969916044258,-0.0558298688503815,
-0.0258368730966886,0.),.UNSPECIFIED.);
#547=B_SPLINE_CURVE_WITH_KNOTS('',3,(#9767,#9768,#9769,#9770,#9771,#9772,
#9773,#9774,#9775,#9776,#9777,#9778,#9779,#9780,#9781,#9782,#9783,#9784,
#9785,#9786,#9787,#9788,#9789,#9790,#9791),.UNSPECIFIED.,.F.,.F.,(4,3,3,
3,3,3,3,3,4),(-10.1321597128207,-9.83803453651999,-8.85423108286799,-7.87042762921599,
-6.88662417556399,-5.90282072191199,-4.91901726825999,-3.935213814608,-3.84897440564112),
 .UNSPECIFIED.);
#548=B_SPLINE_CURVE_WITH_KNOTS('',3,(#9908,#9909,#9910,#9911,#9912,#9913,
#9914,#9915,#9916,#9917,#9918,#9919,#9920,#9921,#9922,#9923,#9924,#9925,
#9926,#9927,#9928,#9929,#9930,#9931,#9932,#9933,#9934,#9935,#9936,#9937,
#9938,#9939,#9940,#9941,#9942,#9943,#9944,#9945,#9946,#9947,#9948,#9949,
#9950,#9951,#9952,#9953,#9954,#9955,#9956,#9957,#9958,#9959,#9960,#9961,
#9962,#9963,#9964,#9965,#9966,#9967,#9968,#9969,#9970,#9971,#9972,#9973,
#9974,#9975,#9976,#9977,#9978,#9979,#9980,#9981,#9982,#9983,#9984,#9985,
#9986,#9987,#9988,#9989,#9990,#9991,#9992),.UNSPECIFIED.,.F.,.F.,(4,3,3,
3,3,3,3,3,3,3,3,3,3,3,3,3,3,3,3,3,3,3,3,3,3,3,3,3,4),(-0.566847306048064,
-0.551702068216715,-0.521324532277574,-0.505177047880661,-0.496324922216259,
-0.490598220611999,-0.460427130408086,-0.435744336847945,-0.425904271540691,
-0.42017913956223,-0.39071569991152,-0.361475189422572,-0.333142432022706,
-0.315598019498769,-0.311083699852198,-0.283082044438164,-0.262964781926959,
-0.234418875844756,-0.205116516364162,-0.20082659314506,-0.17304069888013,
-0.14524445348619,-0.117845310970876,-0.102629434755044,-0.096912814332928,
-0.0701624366800734,-0.0438127283111784,-0.0182904259542813,0.),
 .UNSPECIFIED.);
#549=B_SPLINE_CURVE_WITH_KNOTS('',3,(#9993,#9994,#9995,#9996,#9997,#9998,
#9999,#10000,#10001,#10002,#10003,#10004,#10005,#10006,#10007,#10008,#10009,
#10010,#10011,#10012,#10013,#10014,#10015,#10016,#10017),.UNSPECIFIED.,
 .F.,.F.,(4,3,3,3,3,3,3,3,4),(7.59274844815675,7.870427629216,8.854231082868,
9.83803453652,10.821837990172,11.805641443824,12.789444897476,13.773248351128,
13.8759337553363),.UNSPECIFIED.);
#550=B_SPLINE_CURVE_WITH_KNOTS('',3,(#10134,#10135,#10136,#10137,#10138,
#10139,#10140,#10141,#10142,#10143,#10144,#10145,#10146,#10147,#10148,#10149,
#10150,#10151,#10152,#10153,#10154,#10155,#10156,#10157,#10158,#10159,#10160,
#10161,#10162,#10163,#10164,#10165,#10166,#10167,#10168,#10169,#10170,#10171,
#10172,#10173,#10174,#10175,#10176,#10177,#10178,#10179,#10180,#10181,#10182,
#10183,#10184,#10185,#10186,#10187,#10188,#10189,#10190,#10191,#10192,#10193,
#10194,#10195,#10196,#10197,#10198,#10199,#10200,#10201,#10202,#10203,#10204,
#10205,#10206,#10207,#10208,#10209,#10210,#10211,#10212,#10213,#10214,#10215,
#10216,#10217,#10218,#10219,#10220,#10221,#10222,#10223,#10224,#10225,#10226,
#10227),.UNSPECIFIED.,.F.,.F.,(4,3,3,3,3,3,3,3,3,3,3,3,3,3,3,3,3,3,3,3,
3,3,3,3,3,3,3,3,3,3,3,4),(0.,0.0253632137482257,0.051397796931931,0.0778436700563228,
0.0899839957674354,0.0968872752759189,0.10264236137055,0.129936984028864,
0.157682849472304,0.184003332585995,0.195703682610776,0.202610226731708,
0.206346873467011,0.234976836666521,0.262964781927066,0.290831763258471,
0.307136157318377,0.311293642838877,0.315698961516244,0.345199349853835,
0.374374913844353,0.403832214239277,0.415114670214206,0.423026460897764,
0.428122156137249,0.45901713415718,0.482188367672128,0.490144842880839,
0.498386698508032,0.528904270014575,0.551702068216972,0.566847306048302),
 .UNSPECIFIED.);
#551=B_SPLINE_CURVE_WITH_KNOTS('',3,(#10228,#10229,#10230,#10231,#10232,
#10233,#10234,#10235,#10236,#10237,#10238,#10239,#10240,#10241,#10242,#10243,
#10244,#10245,#10246,#10247,#10248,#10249,#10250,#10251,#10252),
 .UNSPECIFIED.,.F.,.F.,(4,3,3,3,3,3,3,3,4),(573.07942609432,573.357105275379,
574.340908729031,575.324712182683,576.308515636335,577.292319089987,578.276122543639,
579.259925997291,579.362611401499),.UNSPECIFIED.);
#552=B_SPLINE_CURVE_WITH_KNOTS('',3,(#10369,#10370,#10371,#10372,#10373,
#10374,#10375,#10376,#10377,#10378,#10379,#10380,#10381,#10382,#10383,#10384,
#10385,#10386,#10387,#10388,#10389,#10390,#10391,#10392,#10393),
 .UNSPECIFIED.,.F.,.F.,(4,3,3,3,3,3,3,3,4),(-575.618837358983,-575.324712182683,
-574.340908729031,-573.357105275379,-572.373301821727,-571.389498368075,
-570.405694914423,-569.421891460771,-569.335652051804),.UNSPECIFIED.);
#553=B_SPLINE_CURVE_WITH_KNOTS('',3,(#10394,#10395,#10396,#10397,#10398,
#10399,#10400,#10401,#10402,#10403,#10404,#10405,#10406,#10407,#10408,#10409,
#10410,#10411,#10412,#10413,#10414,#10415,#10416,#10417,#10418,#10419,#10420,
#10421,#10422,#10423,#10424,#10425,#10426,#10427,#10428,#10429,#10430,#10431,
#10432,#10433,#10434,#10435,#10436,#10437,#10438,#10439,#10440,#10441,#10442,
#10443,#10444,#10445,#10446,#10447,#10448,#10449,#10450,#10451,#10452,#10453,
#10454,#10455,#10456,#10457,#10458,#10459,#10460,#10461,#10462,#10463,#10464,
#10465,#10466,#10467,#10468,#10469,#10470,#10471,#10472,#10473,#10474,#10475,
#10476,#10477,#10478,#10479,#10480,#10481),.UNSPECIFIED.,.F.,.F.,(4,3,3,
3,3,3,3,3,3,3,3,3,3,3,3,3,3,3,3,3,3,3,3,3,3,3,3,3,3,4),(0.,0.029724626291784,
0.0601053518708639,0.0890326715300412,0.114344076231821,0.120646961534467,
0.150400011996541,0.179989247112227,0.207872912620241,0.229552094211911,
0.233961191273529,0.262742550208906,0.291523909144282,0.320459281633352,
0.335222267783979,0.339878591466018,0.344031821875722,0.37213093122429,
0.400253583584453,0.427959932857421,0.437976526994056,0.444914041935841,
0.449163946018187,0.47614674640181,0.496276824812205,0.508072032827467,
0.513311223729691,0.539254800605873,0.556667060043391,0.569248610399348),
 .UNSPECIFIED.);
#554=CIRCLE('',#2408,2.5175);
#555=CIRCLE('',#2410,2.5175);
#556=CIRCLE('',#2413,2.5175);
#557=CIRCLE('',#2415,2.5175);
#558=CIRCLE('',#2417,2.5175);
#559=CIRCLE('',#2420,2.5175);
#560=CIRCLE('',#2422,2.5175);
#561=CIRCLE('',#2424,2.5175);
#562=CIRCLE('',#2427,2.5175);
#563=CIRCLE('',#2429,2.5175);
#564=CIRCLE('',#2431,2.5175);
#565=CIRCLE('',#2434,2.5175);
#566=CIRCLE('',#2436,3.07349999999999);
#567=CIRCLE('',#2440,3.07349999999999);
#568=CIRCLE('',#2442,3.0735);
#569=CIRCLE('',#2446,3.0735);
#570=CIRCLE('',#2448,3.07349999999999);
#571=CIRCLE('',#2452,3.07349999999999);
#572=CIRCLE('',#2454,3.0735);
#573=CIRCLE('',#2458,3.0735);
#574=CIRCLE('',#2460,2.5175);
#575=CIRCLE('',#2462,2.5175);
#576=CIRCLE('',#2465,2.5175);
#577=CIRCLE('',#2467,2.5175);
#578=CIRCLE('',#2469,2.5175);
#579=CIRCLE('',#2472,2.5175);
#580=CIRCLE('',#2474,2.5175);
#581=CIRCLE('',#2476,2.5175);
#582=CIRCLE('',#2479,2.5175);
#583=CIRCLE('',#2481,2.5175);
#584=CIRCLE('',#2483,2.5175);
#585=CIRCLE('',#2486,2.5175);
#586=CIRCLE('',#2488,3.07349999999998);
#587=CIRCLE('',#2492,3.07349999999998);
#588=CIRCLE('',#2494,3.0735);
#589=CIRCLE('',#2498,3.0735);
#590=CIRCLE('',#2500,3.0735);
#591=CIRCLE('',#2504,3.0735);
#592=CIRCLE('',#2506,3.07349999999998);
#593=CIRCLE('',#2510,3.07349999999998);
#594=CIRCLE('',#2512,2.5);
#595=CIRCLE('',#2513,2.5);
#596=CIRCLE('',#2515,2.5);
#597=CIRCLE('',#2516,2.5);
#598=CIRCLE('',#2517,2.5);
#599=CIRCLE('',#2518,3.2);
#600=CIRCLE('',#2519,3.2);
#601=CIRCLE('',#2520,3.2);
#602=CIRCLE('',#2521,3.2);
#603=CIRCLE('',#2522,3.2);
#604=CIRCLE('',#2523,3.2);
#605=CIRCLE('',#2524,3.2);
#606=CIRCLE('',#2525,3.2);
#607=CIRCLE('',#2528,2.5);
#608=CIRCLE('',#2530,2.5);
#609=CIRCLE('',#2533,2.5);
#610=CIRCLE('',#2555,6.58284271247462);
#611=CIRCLE('',#2556,3.2);
#612=CIRCLE('',#2559,6.58284271247462);
#613=CIRCLE('',#2560,3.2);
#614=CIRCLE('',#2563,6.58284271247462);
#615=CIRCLE('',#2564,3.2);
#616=CIRCLE('',#2567,6.58284271247462);
#617=CIRCLE('',#2568,3.2);
#618=CIRCLE('',#2571,6.58284271247462);
#619=CIRCLE('',#2572,3.2);
#620=CIRCLE('',#2575,6.58284271247462);
#621=CIRCLE('',#2576,3.2);
#622=CIRCLE('',#2579,6.58284271247462);
#623=CIRCLE('',#2580,3.2);
#624=CIRCLE('',#2583,6.58284271247462);
#625=CIRCLE('',#2584,3.2);
#626=LINE('',#3070,#734);
#627=LINE('',#3080,#735);
#628=LINE('',#3130,#736);
#629=LINE('',#3178,#737);
#630=LINE('',#3217,#738);
#631=LINE('',#3227,#739);
#632=LINE('',#3277,#740);
#633=LINE('',#3325,#741);
#634=LINE('',#3364,#742);
#635=LINE('',#3374,#743);
#636=LINE('',#3424,#744);
#637=LINE('',#3472,#745);
#638=LINE('',#3511,#746);
#639=LINE('',#3521,#747);
#640=LINE('',#3571,#748);
#641=LINE('',#3619,#749);
#642=LINE('',#3658,#750);
#643=LINE('',#3678,#751);
#644=LINE('',#3703,#752);
#645=LINE('',#3728,#753);
#646=LINE('',#3749,#754);
#647=LINE('',#3769,#755);
#648=LINE('',#3794,#756);
#649=LINE('',#3819,#757);
#650=LINE('',#3836,#758);
#651=LINE('',#3856,#759);
#652=LINE('',#3881,#760);
#653=LINE('',#3906,#761);
#654=LINE('',#3927,#762);
#655=LINE('',#3947,#763);
#656=LINE('',#3972,#764);
#657=LINE('',#3997,#765);
#658=LINE('',#4014,#766);
#659=LINE('',#4024,#767);
#660=LINE('',#4074,#768);
#661=LINE('',#4122,#769);
#662=LINE('',#4161,#770);
#663=LINE('',#4171,#771);
#664=LINE('',#4221,#772);
#665=LINE('',#4269,#773);
#666=LINE('',#4308,#774);
#667=LINE('',#4318,#775);
#668=LINE('',#4368,#776);
#669=LINE('',#4416,#777);
#670=LINE('',#4455,#778);
#671=LINE('',#4465,#779);
#672=LINE('',#4515,#780);
#673=LINE('',#4563,#781);
#674=LINE('',#4602,#782);
#675=LINE('',#4628,#783);
#676=LINE('',#4665,#784);
#677=LINE('',#4690,#785);
#678=LINE('',#4709,#786);
#679=LINE('',#4729,#787);
#680=LINE('',#4754,#788);
#681=LINE('',#4779,#789);
#682=LINE('',#4796,#790);
#683=LINE('',#4816,#791);
#684=LINE('',#4841,#792);
#685=LINE('',#4866,#793);
#686=LINE('',#4883,#794);
#687=LINE('',#4903,#795);
#688=LINE('',#4928,#796);
#689=LINE('',#4967,#797);
#690=LINE('',#4990,#798);
#691=LINE('',#4993,#799);
#692=LINE('',#4996,#800);
#693=LINE('',#5000,#801);
#694=LINE('',#5004,#802);
#695=LINE('',#5007,#803);
#696=LINE('',#5026,#804);
#697=LINE('',#5027,#805);
#698=LINE('',#5395,#806);
#699=LINE('',#5400,#807);
#700=LINE('',#5401,#808);
#701=LINE('',#5404,#809);
#702=LINE('',#5405,#810);
#703=LINE('',#5772,#811);
#704=LINE('',#5774,#812);
#705=LINE('',#5777,#813);
#706=LINE('',#5779,#814);
#707=LINE('',#5781,#815);
#708=LINE('',#5782,#816);
#709=LINE('',#5784,#817);
#710=LINE('',#6662,#818);
#711=LINE('',#6663,#819);
#712=LINE('',#6664,#820);
#713=LINE('',#9306,#821);
#714=LINE('',#9307,#822);
#715=LINE('',#10490,#823);
#716=LINE('',#10493,#824);
#717=LINE('',#10498,#825);
#718=LINE('',#10501,#826);
#719=LINE('',#10506,#827);
#720=LINE('',#10509,#828);
#721=LINE('',#10514,#829);
#722=LINE('',#10517,#830);
#723=LINE('',#10522,#831);
#724=LINE('',#10525,#832);
#725=LINE('',#10530,#833);
#726=LINE('',#10533,#834);
#727=LINE('',#10538,#835);
#728=LINE('',#10541,#836);
#729=LINE('',#10546,#837);
#730=LINE('',#10549,#838);
#731=LINE('',#10552,#839);
#732=LINE('',#10553,#840);
#733=LINE('',#10555,#841);
#734=VECTOR('',#2594,2.5175);
#735=VECTOR('',#2599,2.5175);
#736=VECTOR('',#2604,2.5175);
#737=VECTOR('',#2607,2.5175);
#738=VECTOR('',#2612,2.5175);
#739=VECTOR('',#2617,2.5175);
#740=VECTOR('',#2622,2.5175);
#741=VECTOR('',#2625,2.5175);
#742=VECTOR('',#2630,2.5175);
#743=VECTOR('',#2635,2.5175);
#744=VECTOR('',#2640,2.5175);
#745=VECTOR('',#2643,2.5175);
#746=VECTOR('',#2648,2.5175);
#747=VECTOR('',#2653,2.5175);
#748=VECTOR('',#2658,2.5175);
#749=VECTOR('',#2661,2.5175);
#750=VECTOR('',#2666,3.0735);
#751=VECTOR('',#2671,3.0735);
#752=VECTOR('',#2674,3.0735);
#753=VECTOR('',#2677,3.0735);
#754=VECTOR('',#2682,3.0735);
#755=VECTOR('',#2687,3.0735);
#756=VECTOR('',#2690,3.0735);
#757=VECTOR('',#2693,3.0735);
#758=VECTOR('',#2698,3.0735);
#759=VECTOR('',#2703,3.0735);
#760=VECTOR('',#2706,3.0735);
#761=VECTOR('',#2709,3.0735);
#762=VECTOR('',#2714,3.0735);
#763=VECTOR('',#2719,3.0735);
#764=VECTOR('',#2722,3.0735);
#765=VECTOR('',#2725,3.0735);
#766=VECTOR('',#2730,2.5175);
#767=VECTOR('',#2735,2.5175);
#768=VECTOR('',#2740,2.5175);
#769=VECTOR('',#2743,2.5175);
#770=VECTOR('',#2748,2.5175);
#771=VECTOR('',#2753,2.5175);
#772=VECTOR('',#2758,2.5175);
#773=VECTOR('',#2761,2.5175);
#774=VECTOR('',#2766,2.5175);
#775=VECTOR('',#2771,2.5175);
#776=VECTOR('',#2776,2.5175);
#777=VECTOR('',#2779,2.5175);
#778=VECTOR('',#2784,2.5175);
#779=VECTOR('',#2789,2.5175);
#780=VECTOR('',#2794,2.5175);
#781=VECTOR('',#2797,2.5175);
#782=VECTOR('',#2802,3.0735);
#783=VECTOR('',#2807,3.0735);
#784=VECTOR('',#2810,3.0735);
#785=VECTOR('',#2813,3.0735);
#786=VECTOR('',#2818,3.0735);
#787=VECTOR('',#2823,3.0735);
#788=VECTOR('',#2826,3.0735);
#789=VECTOR('',#2829,3.0735);
#790=VECTOR('',#2834,3.0735);
#791=VECTOR('',#2839,3.0735);
#792=VECTOR('',#2842,3.0735);
#793=VECTOR('',#2845,3.0735);
#794=VECTOR('',#2850,3.0735);
#795=VECTOR('',#2855,3.0735);
#796=VECTOR('',#2858,3.0735);
#797=VECTOR('',#2861,3.0735);
#798=VECTOR('',#2868,10.);
#799=VECTOR('',#2871,10.);
#800=VECTOR('',#2874,10.);
#801=VECTOR('',#2877,10.);
#802=VECTOR('',#2880,10.);
#803=VECTOR('',#2883,10.);
#804=VECTOR('',#2902,10.);
#805=VECTOR('',#2903,10.);
#806=VECTOR('',#2908,10.);
#807=VECTOR('',#2913,10.);
#808=VECTOR('',#2914,10.);
#809=VECTOR('',#2917,10.);
#810=VECTOR('',#2918,10.);
#811=VECTOR('',#2921,10.);
#812=VECTOR('',#2924,10.);
#813=VECTOR('',#2925,10.);
#814=VECTOR('',#2926,10.);
#815=VECTOR('',#2927,10.);
#816=VECTOR('',#2928,10.);
#817=VECTOR('',#2931,10.);
#818=VECTOR('',#2938,10.);
#819=VECTOR('',#2939,10.);
#820=VECTOR('',#2940,10.);
#821=VECTOR('',#2961,10.);
#822=VECTOR('',#2962,10.);
#823=VECTOR('',#2979,4.75);
#824=VECTOR('',#2984,3.2);
#825=VECTOR('',#2989,4.75);
#826=VECTOR('',#2994,3.2);
#827=VECTOR('',#2999,4.75);
#828=VECTOR('',#3004,3.2);
#829=VECTOR('',#3009,4.75);
#830=VECTOR('',#3014,3.2);
#831=VECTOR('',#3019,4.75);
#832=VECTOR('',#3024,3.2);
#833=VECTOR('',#3029,4.75);
#834=VECTOR('',#3034,3.2);
#835=VECTOR('',#3039,4.75);
#836=VECTOR('',#3044,3.2);
#837=VECTOR('',#3049,4.75);
#838=VECTOR('',#3054,3.2);
#839=VECTOR('',#3057,10.);
#840=VECTOR('',#3058,10.);
#841=VECTOR('',#3061,10.);
#842=VERTEX_POINT('',#3068);
#843=VERTEX_POINT('',#3069);
#844=VERTEX_POINT('',#3071);
#845=VERTEX_POINT('',#3078);
#846=VERTEX_POINT('',#3079);
#847=VERTEX_POINT('',#3081);
#848=VERTEX_POINT('',#3128);
#849=VERTEX_POINT('',#3129);
#850=VERTEX_POINT('',#3176);
#851=VERTEX_POINT('',#3177);
#852=VERTEX_POINT('',#3179);
#853=VERTEX_POINT('',#3193);
#854=VERTEX_POINT('',#3215);
#855=VERTEX_POINT('',#3216);
#856=VERTEX_POINT('',#3218);
#857=VERTEX_POINT('',#3225);
#858=VERTEX_POINT('',#3226);
#859=VERTEX_POINT('',#3228);
#860=VERTEX_POINT('',#3275);
#861=VERTEX_POINT('',#3276);
#862=VERTEX_POINT('',#3323);
#863=VERTEX_POINT('',#3324);
#864=VERTEX_POINT('',#3326);
#865=VERTEX_POINT('',#3340);
#866=VERTEX_POINT('',#3362);
#867=VERTEX_POINT('',#3363);
#868=VERTEX_POINT('',#3365);
#869=VERTEX_POINT('',#3372);
#870=VERTEX_POINT('',#3373);
#871=VERTEX_POINT('',#3375);
#872=VERTEX_POINT('',#3422);
#873=VERTEX_POINT('',#3423);
#874=VERTEX_POINT('',#3470);
#875=VERTEX_POINT('',#3471);
#876=VERTEX_POINT('',#3473);
#877=VERTEX_POINT('',#3487);
#878=VERTEX_POINT('',#3509);
#879=VERTEX_POINT('',#3510);
#880=VERTEX_POINT('',#3512);
#881=VERTEX_POINT('',#3519);
#882=VERTEX_POINT('',#3520);
#883=VERTEX_POINT('',#3522);
#884=VERTEX_POINT('',#3569);
#885=VERTEX_POINT('',#3570);
#886=VERTEX_POINT('',#3617);
#887=VERTEX_POINT('',#3618);
#888=VERTEX_POINT('',#3620);
#889=VERTEX_POINT('',#3634);
#890=VERTEX_POINT('',#3656);
#891=VERTEX_POINT('',#3657);
#892=VERTEX_POINT('',#3659);
#893=VERTEX_POINT('',#3666);
#894=VERTEX_POINT('',#3676);
#895=VERTEX_POINT('',#3677);
#896=VERTEX_POINT('',#3701);
#897=VERTEX_POINT('',#3702);
#898=VERTEX_POINT('',#3726);
#899=VERTEX_POINT('',#3727);
#900=VERTEX_POINT('',#3729);
#901=VERTEX_POINT('',#3737);
#902=VERTEX_POINT('',#3747);
#903=VERTEX_POINT('',#3748);
#904=VERTEX_POINT('',#3750);
#905=VERTEX_POINT('',#3757);
#906=VERTEX_POINT('',#3767);
#907=VERTEX_POINT('',#3768);
#908=VERTEX_POINT('',#3792);
#909=VERTEX_POINT('',#3793);
#910=VERTEX_POINT('',#3817);
#911=VERTEX_POINT('',#3818);
#912=VERTEX_POINT('',#3820);
#913=VERTEX_POINT('',#3826);
#914=VERTEX_POINT('',#3834);
#915=VERTEX_POINT('',#3835);
#916=VERTEX_POINT('',#3837);
#917=VERTEX_POINT('',#3844);
#918=VERTEX_POINT('',#3854);
#919=VERTEX_POINT('',#3855);
#920=VERTEX_POINT('',#3879);
#921=VERTEX_POINT('',#3880);
#922=VERTEX_POINT('',#3904);
#923=VERTEX_POINT('',#3905);
#924=VERTEX_POINT('',#3907);
#925=VERTEX_POINT('',#3915);
#926=VERTEX_POINT('',#3925);
#927=VERTEX_POINT('',#3926);
#928=VERTEX_POINT('',#3928);
#929=VERTEX_POINT('',#3935);
#930=VERTEX_POINT('',#3945);
#931=VERTEX_POINT('',#3946);
#932=VERTEX_POINT('',#3970);
#933=VERTEX_POINT('',#3971);
#934=VERTEX_POINT('',#3995);
#935=VERTEX_POINT('',#3996);
#936=VERTEX_POINT('',#3998);
#937=VERTEX_POINT('',#4004);
#938=VERTEX_POINT('',#4012);
#939=VERTEX_POINT('',#4013);
#940=VERTEX_POINT('',#4015);
#941=VERTEX_POINT('',#4022);
#942=VERTEX_POINT('',#4023);
#943=VERTEX_POINT('',#4025);
#944=VERTEX_POINT('',#4072);
#945=VERTEX_POINT('',#4073);
#946=VERTEX_POINT('',#4120);
#947=VERTEX_POINT('',#4121);
#948=VERTEX_POINT('',#4123);
#949=VERTEX_POINT('',#4137);
#950=VERTEX_POINT('',#4159);
#951=VERTEX_POINT('',#4160);
#952=VERTEX_POINT('',#4162);
#953=VERTEX_POINT('',#4169);
#954=VERTEX_POINT('',#4170);
#955=VERTEX_POINT('',#4172);
#956=VERTEX_POINT('',#4219);
#957=VERTEX_POINT('',#4220);
#958=VERTEX_POINT('',#4267);
#959=VERTEX_POINT('',#4268);
#960=VERTEX_POINT('',#4270);
#961=VERTEX_POINT('',#4284);
#962=VERTEX_POINT('',#4306);
#963=VERTEX_POINT('',#4307);
#964=VERTEX_POINT('',#4309);
#965=VERTEX_POINT('',#4316);
#966=VERTEX_POINT('',#4317);
#967=VERTEX_POINT('',#4319);
#968=VERTEX_POINT('',#4366);
#969=VERTEX_POINT('',#4367);
#970=VERTEX_POINT('',#4414);
#971=VERTEX_POINT('',#4415);
#972=VERTEX_POINT('',#4417);
#973=VERTEX_POINT('',#4431);
#974=VERTEX_POINT('',#4453);
#975=VERTEX_POINT('',#4454);
#976=VERTEX_POINT('',#4456);
#977=VERTEX_POINT('',#4463);
#978=VERTEX_POINT('',#4464);
#979=VERTEX_POINT('',#4466);
#980=VERTEX_POINT('',#4513);
#981=VERTEX_POINT('',#4514);
#982=VERTEX_POINT('',#4561);
#983=VERTEX_POINT('',#4562);
#984=VERTEX_POINT('',#4564);
#985=VERTEX_POINT('',#4578);
#986=VERTEX_POINT('',#4600);
#987=VERTEX_POINT('',#4601);
#988=VERTEX_POINT('',#4603);
#989=VERTEX_POINT('',#4610);
#990=VERTEX_POINT('',#4626);
#991=VERTEX_POINT('',#4627);
#992=VERTEX_POINT('',#4663);
#993=VERTEX_POINT('',#4664);
#994=VERTEX_POINT('',#4688);
#995=VERTEX_POINT('',#4689);
#996=VERTEX_POINT('',#4691);
#997=VERTEX_POINT('',#4699);
#998=VERTEX_POINT('',#4707);
#999=VERTEX_POINT('',#4708);
#1000=VERTEX_POINT('',#4710);
#1001=VERTEX_POINT('',#4717);
#1002=VERTEX_POINT('',#4727);
#1003=VERTEX_POINT('',#4728);
#1004=VERTEX_POINT('',#4752);
#1005=VERTEX_POINT('',#4753);
#1006=VERTEX_POINT('',#4777);
#1007=VERTEX_POINT('',#4778);
#1008=VERTEX_POINT('',#4780);
#1009=VERTEX_POINT('',#4786);
#1010=VERTEX_POINT('',#4794);
#1011=VERTEX_POINT('',#4795);
#1012=VERTEX_POINT('',#4797);
#1013=VERTEX_POINT('',#4804);
#1014=VERTEX_POINT('',#4814);
#1015=VERTEX_POINT('',#4815);
#1016=VERTEX_POINT('',#4839);
#1017=VERTEX_POINT('',#4840);
#1018=VERTEX_POINT('',#4864);
#1019=VERTEX_POINT('',#4865);
#1020=VERTEX_POINT('',#4867);
#1021=VERTEX_POINT('',#4873);
#1022=VERTEX_POINT('',#4881);
#1023=VERTEX_POINT('',#4882);
#1024=VERTEX_POINT('',#4884);
#1025=VERTEX_POINT('',#4891);
#1026=VERTEX_POINT('',#4901);
#1027=VERTEX_POINT('',#4902);
#1028=VERTEX_POINT('',#4926);
#1029=VERTEX_POINT('',#4927);
#1030=VERTEX_POINT('',#4965);
#1031=VERTEX_POINT('',#4966);
#1032=VERTEX_POINT('',#4968);
#1033=VERTEX_POINT('',#4976);
#1034=VERTEX_POINT('',#4986);
#1035=VERTEX_POINT('',#4987);
#1036=VERTEX_POINT('',#4989);
#1037=VERTEX_POINT('',#4991);
#1038=VERTEX_POINT('',#4995);
#1039=VERTEX_POINT('',#4997);
#1040=VERTEX_POINT('',#4999);
#1041=VERTEX_POINT('',#5001);
#1042=VERTEX_POINT('',#5003);
#1043=VERTEX_POINT('',#5005);
#1044=VERTEX_POINT('',#5008);
#1045=VERTEX_POINT('',#5010);
#1046=VERTEX_POINT('',#5012);
#1047=VERTEX_POINT('',#5014);
#1048=VERTEX_POINT('',#5016);
#1049=VERTEX_POINT('',#5018);
#1050=VERTEX_POINT('',#5020);
#1051=VERTEX_POINT('',#5022);
#1052=VERTEX_POINT('',#5025);
#1053=VERTEX_POINT('',#5393);
#1054=VERTEX_POINT('',#5397);
#1055=VERTEX_POINT('',#5398);
#1056=VERTEX_POINT('',#5403);
#1057=VERTEX_POINT('',#5771);
#1058=VERTEX_POINT('',#5775);
#1059=VERTEX_POINT('',#5776);
#1060=VERTEX_POINT('',#5778);
#1061=VERTEX_POINT('',#5780);
#1062=VERTEX_POINT('',#6660);
#1063=VERTEX_POINT('',#6661);
#1064=VERTEX_POINT('',#9305);
#1065=VERTEX_POINT('',#10487);
#1066=VERTEX_POINT('',#10489);
#1067=VERTEX_POINT('',#10495);
#1068=VERTEX_POINT('',#10497);
#1069=VERTEX_POINT('',#10503);
#1070=VERTEX_POINT('',#10505);
#1071=VERTEX_POINT('',#10511);
#1072=VERTEX_POINT('',#10513);
#1073=VERTEX_POINT('',#10519);
#1074=VERTEX_POINT('',#10521);
#1075=VERTEX_POINT('',#10527);
#1076=VERTEX_POINT('',#10529);
#1077=VERTEX_POINT('',#10535);
#1078=VERTEX_POINT('',#10537);
#1079=VERTEX_POINT('',#10543);
#1080=VERTEX_POINT('',#10545);
#1081=VERTEX_POINT('',#10551);
#1082=EDGE_CURVE('',#842,#843,#626,.T.);
#1083=EDGE_CURVE('',#844,#843,#554,.T.);
#1084=EDGE_CURVE('',#844,#842,#370,.T.);
#1085=EDGE_CURVE('',#845,#846,#627,.T.);
#1086=EDGE_CURVE('',#846,#847,#371,.T.);
#1087=EDGE_CURVE('',#843,#847,#555,.T.);
#1088=EDGE_CURVE('',#842,#845,#372,.T.);
#1089=EDGE_CURVE('',#848,#849,#628,.T.);
#1090=EDGE_CURVE('',#849,#846,#373,.T.);
#1091=EDGE_CURVE('',#845,#848,#374,.T.);
#1092=EDGE_CURVE('',#850,#851,#629,.T.);
#1093=EDGE_CURVE('',#850,#852,#375,.T.);
#1094=EDGE_CURVE('',#853,#852,#556,.F.);
#1095=EDGE_CURVE('',#853,#851,#376,.T.);
#1096=EDGE_CURVE('',#854,#855,#630,.T.);
#1097=EDGE_CURVE('',#856,#855,#557,.F.);
#1098=EDGE_CURVE('',#856,#854,#377,.T.);
#1099=EDGE_CURVE('',#857,#858,#631,.T.);
#1100=EDGE_CURVE('',#858,#859,#378,.T.);
#1101=EDGE_CURVE('',#855,#859,#558,.F.);
#1102=EDGE_CURVE('',#854,#857,#379,.T.);
#1103=EDGE_CURVE('',#860,#861,#632,.T.);
#1104=EDGE_CURVE('',#861,#858,#380,.T.);
#1105=EDGE_CURVE('',#857,#860,#381,.T.);
#1106=EDGE_CURVE('',#862,#863,#633,.T.);
#1107=EDGE_CURVE('',#862,#864,#382,.T.);
#1108=EDGE_CURVE('',#865,#864,#559,.T.);
#1109=EDGE_CURVE('',#865,#863,#383,.T.);
#1110=EDGE_CURVE('',#866,#867,#634,.T.);
#1111=EDGE_CURVE('',#868,#867,#560,.T.);
#1112=EDGE_CURVE('',#868,#866,#384,.T.);
#1113=EDGE_CURVE('',#869,#870,#635,.T.);
#1114=EDGE_CURVE('',#870,#871,#385,.T.);
#1115=EDGE_CURVE('',#867,#871,#561,.T.);
#1116=EDGE_CURVE('',#866,#869,#386,.T.);
#1117=EDGE_CURVE('',#872,#873,#636,.T.);
#1118=EDGE_CURVE('',#873,#870,#387,.T.);
#1119=EDGE_CURVE('',#869,#872,#388,.T.);
#1120=EDGE_CURVE('',#874,#875,#637,.T.);
#1121=EDGE_CURVE('',#874,#876,#389,.T.);
#1122=EDGE_CURVE('',#877,#876,#562,.F.);
#1123=EDGE_CURVE('',#877,#875,#390,.T.);
#1124=EDGE_CURVE('',#878,#879,#638,.T.);
#1125=EDGE_CURVE('',#880,#879,#563,.F.);
#1126=EDGE_CURVE('',#880,#878,#391,.T.);
#1127=EDGE_CURVE('',#881,#882,#639,.T.);
#1128=EDGE_CURVE('',#882,#883,#392,.T.);
#1129=EDGE_CURVE('',#879,#883,#564,.F.);
#1130=EDGE_CURVE('',#878,#881,#393,.T.);
#1131=EDGE_CURVE('',#884,#885,#640,.T.);
#1132=EDGE_CURVE('',#885,#882,#394,.T.);
#1133=EDGE_CURVE('',#881,#884,#395,.T.);
#1134=EDGE_CURVE('',#886,#887,#641,.T.);
#1135=EDGE_CURVE('',#886,#888,#396,.T.);
#1136=EDGE_CURVE('',#889,#888,#565,.T.);
#1137=EDGE_CURVE('',#889,#887,#397,.T.);
#1138=EDGE_CURVE('',#890,#891,#642,.T.);
#1139=EDGE_CURVE('',#891,#892,#398,.T.);
#1140=EDGE_CURVE('',#893,#892,#566,.T.);
#1141=EDGE_CURVE('',#890,#893,#399,.T.);
#1142=EDGE_CURVE('',#894,#895,#643,.T.);
#1143=EDGE_CURVE('',#895,#891,#400,.T.);
#1144=EDGE_CURVE('',#894,#890,#401,.T.);
#1145=EDGE_CURVE('',#896,#897,#644,.T.);
#1146=EDGE_CURVE('',#897,#895,#402,.T.);
#1147=EDGE_CURVE('',#896,#894,#403,.T.);
#1148=EDGE_CURVE('',#898,#899,#645,.T.);
#1149=EDGE_CURVE('',#900,#898,#404,.T.);
#1150=EDGE_CURVE('',#901,#900,#567,.F.);
#1151=EDGE_CURVE('',#901,#899,#405,.T.);
#1152=EDGE_CURVE('',#902,#903,#646,.T.);
#1153=EDGE_CURVE('',#903,#904,#406,.T.);
#1154=EDGE_CURVE('',#905,#904,#568,.F.);
#1155=EDGE_CURVE('',#902,#905,#407,.T.);
#1156=EDGE_CURVE('',#906,#907,#647,.T.);
#1157=EDGE_CURVE('',#907,#903,#408,.T.);
#1158=EDGE_CURVE('',#906,#902,#409,.T.);
#1159=EDGE_CURVE('',#908,#909,#648,.T.);
#1160=EDGE_CURVE('',#909,#907,#410,.T.);
#1161=EDGE_CURVE('',#908,#906,#411,.T.);
#1162=EDGE_CURVE('',#910,#911,#649,.T.);
#1163=EDGE_CURVE('',#912,#910,#412,.T.);
#1164=EDGE_CURVE('',#913,#912,#569,.T.);
#1165=EDGE_CURVE('',#913,#911,#413,.T.);
#1166=EDGE_CURVE('',#914,#915,#650,.T.);
#1167=EDGE_CURVE('',#915,#916,#414,.T.);
#1168=EDGE_CURVE('',#917,#916,#570,.T.);
#1169=EDGE_CURVE('',#914,#917,#415,.T.);
#1170=EDGE_CURVE('',#918,#919,#651,.T.);
#1171=EDGE_CURVE('',#919,#915,#416,.T.);
#1172=EDGE_CURVE('',#918,#914,#417,.T.);
#1173=EDGE_CURVE('',#920,#921,#652,.T.);
#1174=EDGE_CURVE('',#921,#919,#418,.T.);
#1175=EDGE_CURVE('',#920,#918,#419,.T.);
#1176=EDGE_CURVE('',#922,#923,#653,.T.);
#1177=EDGE_CURVE('',#924,#922,#420,.T.);
#1178=EDGE_CURVE('',#925,#924,#571,.F.);
#1179=EDGE_CURVE('',#925,#923,#421,.T.);
#1180=EDGE_CURVE('',#926,#927,#654,.T.);
#1181=EDGE_CURVE('',#927,#928,#422,.T.);
#1182=EDGE_CURVE('',#929,#928,#572,.F.);
#1183=EDGE_CURVE('',#926,#929,#423,.T.);
#1184=EDGE_CURVE('',#930,#931,#655,.T.);
#1185=EDGE_CURVE('',#931,#927,#424,.T.);
#1186=EDGE_CURVE('',#930,#926,#425,.T.);
#1187=EDGE_CURVE('',#932,#933,#656,.T.);
#1188=EDGE_CURVE('',#933,#931,#426,.T.);
#1189=EDGE_CURVE('',#932,#930,#427,.T.);
#1190=EDGE_CURVE('',#934,#935,#657,.T.);
#1191=EDGE_CURVE('',#936,#934,#428,.T.);
#1192=EDGE_CURVE('',#937,#936,#573,.T.);
#1193=EDGE_CURVE('',#937,#935,#429,.T.);
#1194=EDGE_CURVE('',#938,#939,#658,.T.);
#1195=EDGE_CURVE('',#940,#939,#574,.F.);
#1196=EDGE_CURVE('',#940,#938,#430,.T.);
#1197=EDGE_CURVE('',#941,#942,#659,.T.);
#1198=EDGE_CURVE('',#942,#943,#431,.T.);
#1199=EDGE_CURVE('',#939,#943,#575,.F.);
#1200=EDGE_CURVE('',#938,#941,#432,.T.);
#1201=EDGE_CURVE('',#944,#945,#660,.T.);
#1202=EDGE_CURVE('',#945,#942,#433,.T.);
#1203=EDGE_CURVE('',#941,#944,#434,.T.);
#1204=EDGE_CURVE('',#946,#947,#661,.T.);
#1205=EDGE_CURVE('',#946,#948,#435,.T.);
#1206=EDGE_CURVE('',#949,#948,#576,.T.);
#1207=EDGE_CURVE('',#949,#947,#436,.T.);
#1208=EDGE_CURVE('',#950,#951,#662,.T.);
#1209=EDGE_CURVE('',#952,#951,#577,.T.);
#1210=EDGE_CURVE('',#952,#950,#437,.T.);
#1211=EDGE_CURVE('',#953,#954,#663,.T.);
#1212=EDGE_CURVE('',#954,#955,#438,.T.);
#1213=EDGE_CURVE('',#951,#955,#578,.T.);
#1214=EDGE_CURVE('',#950,#953,#439,.T.);
#1215=EDGE_CURVE('',#956,#957,#664,.T.);
#1216=EDGE_CURVE('',#957,#954,#440,.T.);
#1217=EDGE_CURVE('',#953,#956,#441,.T.);
#1218=EDGE_CURVE('',#958,#959,#665,.T.);
#1219=EDGE_CURVE('',#958,#960,#442,.T.);
#1220=EDGE_CURVE('',#961,#960,#579,.F.);
#1221=EDGE_CURVE('',#961,#959,#443,.T.);
#1222=EDGE_CURVE('',#962,#963,#666,.T.);
#1223=EDGE_CURVE('',#964,#963,#580,.F.);
#1224=EDGE_CURVE('',#964,#962,#444,.T.);
#1225=EDGE_CURVE('',#965,#966,#667,.T.);
#1226=EDGE_CURVE('',#966,#967,#445,.T.);
#1227=EDGE_CURVE('',#963,#967,#581,.F.);
#1228=EDGE_CURVE('',#962,#965,#446,.T.);
#1229=EDGE_CURVE('',#968,#969,#668,.T.);
#1230=EDGE_CURVE('',#969,#966,#447,.T.);
#1231=EDGE_CURVE('',#965,#968,#448,.T.);
#1232=EDGE_CURVE('',#970,#971,#669,.T.);
#1233=EDGE_CURVE('',#970,#972,#449,.T.);
#1234=EDGE_CURVE('',#973,#972,#582,.T.);
#1235=EDGE_CURVE('',#973,#971,#450,.T.);
#1236=EDGE_CURVE('',#974,#975,#670,.T.);
#1237=EDGE_CURVE('',#976,#975,#583,.T.);
#1238=EDGE_CURVE('',#976,#974,#451,.T.);
#1239=EDGE_CURVE('',#977,#978,#671,.T.);
#1240=EDGE_CURVE('',#978,#979,#452,.T.);
#1241=EDGE_CURVE('',#975,#979,#584,.T.);
#1242=EDGE_CURVE('',#974,#977,#453,.T.);
#1243=EDGE_CURVE('',#980,#981,#672,.T.);
#1244=EDGE_CURVE('',#981,#978,#454,.T.);
#1245=EDGE_CURVE('',#977,#980,#455,.T.);
#1246=EDGE_CURVE('',#982,#983,#673,.T.);
#1247=EDGE_CURVE('',#982,#984,#456,.T.);
#1248=EDGE_CURVE('',#985,#984,#585,.F.);
#1249=EDGE_CURVE('',#985,#983,#457,.T.);
#1250=EDGE_CURVE('',#986,#987,#674,.T.);
#1251=EDGE_CURVE('',#987,#988,#458,.T.);
#1252=EDGE_CURVE('',#989,#988,#586,.T.);
#1253=EDGE_CURVE('',#986,#989,#459,.T.);
#1254=EDGE_CURVE('',#990,#991,#675,.T.);
#1255=EDGE_CURVE('',#991,#987,#460,.T.);
#1256=EDGE_CURVE('',#990,#986,#461,.T.);
#1257=EDGE_CURVE('',#992,#993,#676,.T.);
#1258=EDGE_CURVE('',#993,#991,#462,.T.);
#1259=EDGE_CURVE('',#992,#990,#463,.T.);
#1260=EDGE_CURVE('',#994,#995,#677,.T.);
#1261=EDGE_CURVE('',#996,#994,#464,.T.);
#1262=EDGE_CURVE('',#997,#996,#587,.F.);
#1263=EDGE_CURVE('',#997,#995,#465,.T.);
#1264=EDGE_CURVE('',#998,#999,#678,.T.);
#1265=EDGE_CURVE('',#999,#1000,#466,.T.);
#1266=EDGE_CURVE('',#1001,#1000,#588,.F.);
#1267=EDGE_CURVE('',#998,#1001,#467,.T.);
#1268=EDGE_CURVE('',#1002,#1003,#679,.T.);
#1269=EDGE_CURVE('',#1003,#999,#468,.T.);
#1270=EDGE_CURVE('',#1002,#998,#469,.T.);
#1271=EDGE_CURVE('',#1004,#1005,#680,.T.);
#1272=EDGE_CURVE('',#1005,#1003,#470,.T.);
#1273=EDGE_CURVE('',#1004,#1002,#471,.T.);
#1274=EDGE_CURVE('',#1006,#1007,#681,.T.);
#1275=EDGE_CURVE('',#1008,#1006,#472,.T.);
#1276=EDGE_CURVE('',#1009,#1008,#589,.T.);
#1277=EDGE_CURVE('',#1009,#1007,#473,.T.);
#1278=EDGE_CURVE('',#1010,#1011,#682,.T.);
#1279=EDGE_CURVE('',#1011,#1012,#474,.T.);
#1280=EDGE_CURVE('',#1013,#1012,#590,.F.);
#1281=EDGE_CURVE('',#1010,#1013,#475,.T.);
#1282=EDGE_CURVE('',#1014,#1015,#683,.T.);
#1283=EDGE_CURVE('',#1015,#1011,#476,.T.);
#1284=EDGE_CURVE('',#1014,#1010,#477,.T.);
#1285=EDGE_CURVE('',#1016,#1017,#684,.T.);
#1286=EDGE_CURVE('',#1017,#1015,#478,.T.);
#1287=EDGE_CURVE('',#1016,#1014,#479,.T.);
#1288=EDGE_CURVE('',#1018,#1019,#685,.T.);
#1289=EDGE_CURVE('',#1020,#1018,#480,.T.);
#1290=EDGE_CURVE('',#1021,#1020,#591,.T.);
#1291=EDGE_CURVE('',#1021,#1019,#481,.T.);
#1292=EDGE_CURVE('',#1022,#1023,#686,.T.);
#1293=EDGE_CURVE('',#1023,#1024,#482,.T.);
#1294=EDGE_CURVE('',#1025,#1024,#592,.T.);
#1295=EDGE_CURVE('',#1022,#1025,#483,.T.);
#1296=EDGE_CURVE('',#1026,#1027,#687,.T.);
#1297=EDGE_CURVE('',#1027,#1023,#484,.T.);
#1298=EDGE_CURVE('',#1026,#1022,#485,.T.);
#1299=EDGE_CURVE('',#1028,#1029,#688,.T.);
#1300=EDGE_CURVE('',#1029,#1027,#486,.T.);
#1301=EDGE_CURVE('',#1028,#1026,#487,.T.);
#1302=EDGE_CURVE('',#1030,#1031,#689,.T.);
#1303=EDGE_CURVE('',#1032,#1030,#488,.T.);
#1304=EDGE_CURVE('',#1033,#1032,#593,.F.);
#1305=EDGE_CURVE('',#1033,#1031,#489,.T.);
#1306=EDGE_CURVE('',#1034,#1035,#594,.T.);
#1307=EDGE_CURVE('',#1035,#1036,#690,.T.);
#1308=EDGE_CURVE('',#1036,#1037,#595,.T.);
#1309=EDGE_CURVE('',#1037,#1034,#691,.T.);
#1310=EDGE_CURVE('',#1036,#1038,#692,.T.);
#1311=EDGE_CURVE('',#1039,#1038,#596,.T.);
#1312=EDGE_CURVE('',#1039,#1040,#693,.T.);
#1313=EDGE_CURVE('',#1041,#1040,#597,.T.);
#1314=EDGE_CURVE('',#1041,#1042,#694,.T.);
#1315=EDGE_CURVE('',#1043,#1042,#598,.T.);
#1316=EDGE_CURVE('',#1043,#1037,#695,.T.);
#1317=EDGE_CURVE('',#1044,#1044,#599,.T.);
#1318=EDGE_CURVE('',#1045,#1045,#600,.T.);
#1319=EDGE_CURVE('',#1046,#1046,#601,.T.);
#1320=EDGE_CURVE('',#1047,#1047,#602,.T.);
#1321=EDGE_CURVE('',#1048,#1048,#603,.T.);
#1322=EDGE_CURVE('',#1049,#1049,#604,.T.);
#1323=EDGE_CURVE('',#1050,#1050,#605,.T.);
#1324=EDGE_CURVE('',#1051,#1051,#606,.T.);
#1325=EDGE_CURVE('',#1052,#1035,#696,.T.);
#1326=EDGE_CURVE('',#1038,#1052,#697,.T.);
#1327=EDGE_CURVE('',#972,#1009,#490,.T.);
#1328=EDGE_CURVE('',#1008,#973,#491,.T.);
#1329=EDGE_CURVE('',#948,#1021,#492,.T.);
#1330=EDGE_CURVE('',#1020,#949,#493,.T.);
#1331=EDGE_CURVE('',#1052,#1053,#607,.T.);
#1332=EDGE_CURVE('',#1053,#1039,#698,.T.);
#1333=EDGE_CURVE('',#1054,#1055,#608,.T.);
#1334=EDGE_CURVE('',#1055,#1041,#699,.T.);
#1335=EDGE_CURVE('',#1040,#1054,#700,.T.);
#1336=EDGE_CURVE('',#1056,#1055,#701,.T.);
#1337=EDGE_CURVE('',#1042,#1056,#702,.T.);
#1338=EDGE_CURVE('',#988,#976,#494,.T.);
#1339=EDGE_CURVE('',#979,#989,#495,.T.);
#1340=EDGE_CURVE('',#1024,#952,#496,.T.);
#1341=EDGE_CURVE('',#955,#1025,#497,.T.);
#1342=EDGE_CURVE('',#1034,#1057,#703,.T.);
#1343=EDGE_CURVE('',#1056,#1057,#609,.T.);
#1344=EDGE_CURVE('',#1054,#1053,#704,.T.);
#1345=EDGE_CURVE('',#1058,#1059,#705,.F.);
#1346=EDGE_CURVE('',#1059,#1060,#706,.F.);
#1347=EDGE_CURVE('',#1060,#1061,#707,.F.);
#1348=EDGE_CURVE('',#1061,#1058,#708,.F.);
#1349=EDGE_CURVE('',#1057,#1043,#709,.T.);
#1350=EDGE_CURVE('',#864,#913,#498,.T.);
#1351=EDGE_CURVE('',#912,#865,#499,.T.);
#1352=EDGE_CURVE('',#888,#937,#500,.T.);
#1353=EDGE_CURVE('',#936,#889,#501,.T.);
#1354=EDGE_CURVE('',#1031,#1029,#502,.T.);
#1355=EDGE_CURVE('',#1030,#1028,#503,.T.);
#1356=EDGE_CURVE('',#960,#1033,#504,.F.);
#1357=EDGE_CURVE('',#956,#958,#505,.T.);
#1358=EDGE_CURVE('',#1032,#961,#506,.F.);
#1359=EDGE_CURVE('',#959,#957,#507,.T.);
#1360=EDGE_CURVE('',#1062,#1063,#710,.T.);
#1361=EDGE_CURVE('',#1062,#1059,#711,.T.);
#1362=EDGE_CURVE('',#1063,#1058,#712,.F.);
#1363=EDGE_CURVE('',#984,#997,#508,.F.);
#1364=EDGE_CURVE('',#996,#985,#509,.F.);
#1365=EDGE_CURVE('',#1019,#1017,#510,.T.);
#1366=EDGE_CURVE('',#1018,#1016,#511,.T.);
#1367=EDGE_CURVE('',#1012,#940,#512,.F.);
#1368=EDGE_CURVE('',#944,#946,#513,.T.);
#1369=EDGE_CURVE('',#943,#1013,#514,.F.);
#1370=EDGE_CURVE('',#947,#945,#515,.T.);
#1371=EDGE_CURVE('',#1007,#1005,#516,.T.);
#1372=EDGE_CURVE('',#1006,#1004,#517,.T.);
#1373=EDGE_CURVE('',#995,#993,#518,.T.);
#1374=EDGE_CURVE('',#994,#992,#519,.T.);
#1375=EDGE_CURVE('',#1000,#964,#520,.F.);
#1376=EDGE_CURVE('',#968,#970,#521,.T.);
#1377=EDGE_CURVE('',#967,#1001,#522,.F.);
#1378=EDGE_CURVE('',#971,#969,#523,.T.);
#1379=EDGE_CURVE('',#983,#981,#524,.T.);
#1380=EDGE_CURVE('',#980,#982,#525,.T.);
#1381=EDGE_CURVE('',#935,#933,#526,.T.);
#1382=EDGE_CURVE('',#934,#932,#527,.T.);
#1383=EDGE_CURVE('',#923,#921,#528,.T.);
#1384=EDGE_CURVE('',#922,#920,#529,.T.);
#1385=EDGE_CURVE('',#928,#880,#530,.F.);
#1386=EDGE_CURVE('',#884,#886,#531,.T.);
#1387=EDGE_CURVE('',#883,#929,#532,.F.);
#1388=EDGE_CURVE('',#887,#885,#533,.T.);
#1389=EDGE_CURVE('',#924,#877,#534,.F.);
#1390=EDGE_CURVE('',#871,#917,#535,.T.);
#1391=EDGE_CURVE('',#875,#873,#536,.T.);
#1392=EDGE_CURVE('',#876,#925,#537,.F.);
#1393=EDGE_CURVE('',#872,#874,#538,.T.);
#1394=EDGE_CURVE('',#916,#868,#539,.T.);
#1395=EDGE_CURVE('',#1063,#1064,#713,.T.);
#1396=EDGE_CURVE('',#1064,#1061,#714,.T.);
#1397=EDGE_CURVE('',#852,#901,#540,.F.);
#1398=EDGE_CURVE('',#900,#853,#541,.F.);
#1399=EDGE_CURVE('',#911,#909,#542,.T.);
#1400=EDGE_CURVE('',#910,#908,#543,.T.);
#1401=EDGE_CURVE('',#899,#897,#544,.T.);
#1402=EDGE_CURVE('',#898,#896,#545,.T.);
#1403=EDGE_CURVE('',#904,#856,#546,.F.);
#1404=EDGE_CURVE('',#860,#862,#547,.T.);
#1405=EDGE_CURVE('',#859,#905,#548,.F.);
#1406=EDGE_CURVE('',#863,#861,#549,.T.);
#1407=EDGE_CURVE('',#847,#893,#550,.T.);
#1408=EDGE_CURVE('',#851,#849,#551,.T.);
#1409=EDGE_CURVE('',#848,#850,#552,.T.);
#1410=EDGE_CURVE('',#892,#844,#553,.T.);
#1411=EDGE_CURVE('',#1065,#1065,#610,.T.);
#1412=EDGE_CURVE('',#1065,#1066,#715,.T.);
#1413=EDGE_CURVE('',#1066,#1066,#611,.F.);
#1414=EDGE_CURVE('',#1066,#1051,#716,.T.);
#1415=EDGE_CURVE('',#1067,#1067,#612,.T.);
#1416=EDGE_CURVE('',#1067,#1068,#717,.T.);
#1417=EDGE_CURVE('',#1068,#1068,#613,.F.);
#1418=EDGE_CURVE('',#1068,#1050,#718,.T.);
#1419=EDGE_CURVE('',#1069,#1069,#614,.T.);
#1420=EDGE_CURVE('',#1069,#1070,#719,.T.);
#1421=EDGE_CURVE('',#1070,#1070,#615,.F.);
#1422=EDGE_CURVE('',#1070,#1049,#720,.T.);
#1423=EDGE_CURVE('',#1071,#1071,#616,.T.);
#1424=EDGE_CURVE('',#1071,#1072,#721,.T.);
#1425=EDGE_CURVE('',#1072,#1072,#617,.F.);
#1426=EDGE_CURVE('',#1072,#1048,#722,.T.);
#1427=EDGE_CURVE('',#1073,#1073,#618,.T.);
#1428=EDGE_CURVE('',#1073,#1074,#723,.T.);
#1429=EDGE_CURVE('',#1074,#1074,#619,.T.);
#1430=EDGE_CURVE('',#1074,#1047,#724,.T.);
#1431=EDGE_CURVE('',#1075,#1075,#620,.T.);
#1432=EDGE_CURVE('',#1075,#1076,#725,.T.);
#1433=EDGE_CURVE('',#1076,#1076,#621,.T.);
#1434=EDGE_CURVE('',#1076,#1046,#726,.T.);
#1435=EDGE_CURVE('',#1077,#1077,#622,.T.);
#1436=EDGE_CURVE('',#1077,#1078,#727,.T.);
#1437=EDGE_CURVE('',#1078,#1078,#623,.T.);
#1438=EDGE_CURVE('',#1078,#1045,#728,.T.);
#1439=EDGE_CURVE('',#1079,#1079,#624,.T.);
#1440=EDGE_CURVE('',#1079,#1080,#729,.T.);
#1441=EDGE_CURVE('',#1080,#1080,#625,.T.);
#1442=EDGE_CURVE('',#1080,#1044,#730,.T.);
#1443=EDGE_CURVE('',#1064,#1081,#731,.T.);
#1444=EDGE_CURVE('',#1081,#1060,#732,.T.);
#1445=EDGE_CURVE('',#1081,#1062,#733,.T.);
#1446=ORIENTED_EDGE('',*,*,#1082,.T.);
#1447=ORIENTED_EDGE('',*,*,#1083,.F.);
#1448=ORIENTED_EDGE('',*,*,#1084,.T.);
#1449=ORIENTED_EDGE('',*,*,#1085,.T.);
#1450=ORIENTED_EDGE('',*,*,#1086,.T.);
#1451=ORIENTED_EDGE('',*,*,#1087,.F.);
#1452=ORIENTED_EDGE('',*,*,#1082,.F.);
#1453=ORIENTED_EDGE('',*,*,#1088,.T.);
#1454=ORIENTED_EDGE('',*,*,#1089,.T.);
#1455=ORIENTED_EDGE('',*,*,#1090,.T.);
#1456=ORIENTED_EDGE('',*,*,#1085,.F.);
#1457=ORIENTED_EDGE('',*,*,#1091,.T.);
#1458=ORIENTED_EDGE('',*,*,#1092,.F.);
#1459=ORIENTED_EDGE('',*,*,#1093,.T.);
#1460=ORIENTED_EDGE('',*,*,#1094,.F.);
#1461=ORIENTED_EDGE('',*,*,#1095,.T.);
#1462=ORIENTED_EDGE('',*,*,#1096,.T.);
#1463=ORIENTED_EDGE('',*,*,#1097,.F.);
#1464=ORIENTED_EDGE('',*,*,#1098,.T.);
#1465=ORIENTED_EDGE('',*,*,#1099,.T.);
#1466=ORIENTED_EDGE('',*,*,#1100,.T.);
#1467=ORIENTED_EDGE('',*,*,#1101,.F.);
#1468=ORIENTED_EDGE('',*,*,#1096,.F.);
#1469=ORIENTED_EDGE('',*,*,#1102,.T.);
#1470=ORIENTED_EDGE('',*,*,#1103,.T.);
#1471=ORIENTED_EDGE('',*,*,#1104,.T.);
#1472=ORIENTED_EDGE('',*,*,#1099,.F.);
#1473=ORIENTED_EDGE('',*,*,#1105,.T.);
#1474=ORIENTED_EDGE('',*,*,#1106,.F.);
#1475=ORIENTED_EDGE('',*,*,#1107,.T.);
#1476=ORIENTED_EDGE('',*,*,#1108,.F.);
#1477=ORIENTED_EDGE('',*,*,#1109,.T.);
#1478=ORIENTED_EDGE('',*,*,#1110,.T.);
#1479=ORIENTED_EDGE('',*,*,#1111,.F.);
#1480=ORIENTED_EDGE('',*,*,#1112,.T.);
#1481=ORIENTED_EDGE('',*,*,#1113,.T.);
#1482=ORIENTED_EDGE('',*,*,#1114,.T.);
#1483=ORIENTED_EDGE('',*,*,#1115,.F.);
#1484=ORIENTED_EDGE('',*,*,#1110,.F.);
#1485=ORIENTED_EDGE('',*,*,#1116,.T.);
#1486=ORIENTED_EDGE('',*,*,#1117,.T.);
#1487=ORIENTED_EDGE('',*,*,#1118,.T.);
#1488=ORIENTED_EDGE('',*,*,#1113,.F.);
#1489=ORIENTED_EDGE('',*,*,#1119,.T.);
#1490=ORIENTED_EDGE('',*,*,#1120,.F.);
#1491=ORIENTED_EDGE('',*,*,#1121,.T.);
#1492=ORIENTED_EDGE('',*,*,#1122,.F.);
#1493=ORIENTED_EDGE('',*,*,#1123,.T.);
#1494=ORIENTED_EDGE('',*,*,#1124,.T.);
#1495=ORIENTED_EDGE('',*,*,#1125,.F.);
#1496=ORIENTED_EDGE('',*,*,#1126,.T.);
#1497=ORIENTED_EDGE('',*,*,#1127,.T.);
#1498=ORIENTED_EDGE('',*,*,#1128,.T.);
#1499=ORIENTED_EDGE('',*,*,#1129,.F.);
#1500=ORIENTED_EDGE('',*,*,#1124,.F.);
#1501=ORIENTED_EDGE('',*,*,#1130,.T.);
#1502=ORIENTED_EDGE('',*,*,#1131,.T.);
#1503=ORIENTED_EDGE('',*,*,#1132,.T.);
#1504=ORIENTED_EDGE('',*,*,#1127,.F.);
#1505=ORIENTED_EDGE('',*,*,#1133,.T.);
#1506=ORIENTED_EDGE('',*,*,#1134,.F.);
#1507=ORIENTED_EDGE('',*,*,#1135,.T.);
#1508=ORIENTED_EDGE('',*,*,#1136,.F.);
#1509=ORIENTED_EDGE('',*,*,#1137,.T.);
#1510=ORIENTED_EDGE('',*,*,#1138,.T.);
#1511=ORIENTED_EDGE('',*,*,#1139,.T.);
#1512=ORIENTED_EDGE('',*,*,#1140,.F.);
#1513=ORIENTED_EDGE('',*,*,#1141,.F.);
#1514=ORIENTED_EDGE('',*,*,#1142,.T.);
#1515=ORIENTED_EDGE('',*,*,#1143,.T.);
#1516=ORIENTED_EDGE('',*,*,#1138,.F.);
#1517=ORIENTED_EDGE('',*,*,#1144,.F.);
#1518=ORIENTED_EDGE('',*,*,#1145,.T.);
#1519=ORIENTED_EDGE('',*,*,#1146,.T.);
#1520=ORIENTED_EDGE('',*,*,#1142,.F.);
#1521=ORIENTED_EDGE('',*,*,#1147,.F.);
#1522=ORIENTED_EDGE('',*,*,#1148,.F.);
#1523=ORIENTED_EDGE('',*,*,#1149,.F.);
#1524=ORIENTED_EDGE('',*,*,#1150,.F.);
#1525=ORIENTED_EDGE('',*,*,#1151,.T.);
#1526=ORIENTED_EDGE('',*,*,#1152,.T.);
#1527=ORIENTED_EDGE('',*,*,#1153,.T.);
#1528=ORIENTED_EDGE('',*,*,#1154,.F.);
#1529=ORIENTED_EDGE('',*,*,#1155,.F.);
#1530=ORIENTED_EDGE('',*,*,#1156,.T.);
#1531=ORIENTED_EDGE('',*,*,#1157,.T.);
#1532=ORIENTED_EDGE('',*,*,#1152,.F.);
#1533=ORIENTED_EDGE('',*,*,#1158,.F.);
#1534=ORIENTED_EDGE('',*,*,#1159,.T.);
#1535=ORIENTED_EDGE('',*,*,#1160,.T.);
#1536=ORIENTED_EDGE('',*,*,#1156,.F.);
#1537=ORIENTED_EDGE('',*,*,#1161,.F.);
#1538=ORIENTED_EDGE('',*,*,#1162,.F.);
#1539=ORIENTED_EDGE('',*,*,#1163,.F.);
#1540=ORIENTED_EDGE('',*,*,#1164,.F.);
#1541=ORIENTED_EDGE('',*,*,#1165,.T.);
#1542=ORIENTED_EDGE('',*,*,#1166,.T.);
#1543=ORIENTED_EDGE('',*,*,#1167,.T.);
#1544=ORIENTED_EDGE('',*,*,#1168,.F.);
#1545=ORIENTED_EDGE('',*,*,#1169,.F.);
#1546=ORIENTED_EDGE('',*,*,#1170,.T.);
#1547=ORIENTED_EDGE('',*,*,#1171,.T.);
#1548=ORIENTED_EDGE('',*,*,#1166,.F.);
#1549=ORIENTED_EDGE('',*,*,#1172,.F.);
#1550=ORIENTED_EDGE('',*,*,#1173,.T.);
#1551=ORIENTED_EDGE('',*,*,#1174,.T.);
#1552=ORIENTED_EDGE('',*,*,#1170,.F.);
#1553=ORIENTED_EDGE('',*,*,#1175,.F.);
#1554=ORIENTED_EDGE('',*,*,#1176,.F.);
#1555=ORIENTED_EDGE('',*,*,#1177,.F.);
#1556=ORIENTED_EDGE('',*,*,#1178,.F.);
#1557=ORIENTED_EDGE('',*,*,#1179,.T.);
#1558=ORIENTED_EDGE('',*,*,#1180,.T.);
#1559=ORIENTED_EDGE('',*,*,#1181,.T.);
#1560=ORIENTED_EDGE('',*,*,#1182,.F.);
#1561=ORIENTED_EDGE('',*,*,#1183,.F.);
#1562=ORIENTED_EDGE('',*,*,#1184,.T.);
#1563=ORIENTED_EDGE('',*,*,#1185,.T.);
#1564=ORIENTED_EDGE('',*,*,#1180,.F.);
#1565=ORIENTED_EDGE('',*,*,#1186,.F.);
#1566=ORIENTED_EDGE('',*,*,#1187,.T.);
#1567=ORIENTED_EDGE('',*,*,#1188,.T.);
#1568=ORIENTED_EDGE('',*,*,#1184,.F.);
#1569=ORIENTED_EDGE('',*,*,#1189,.F.);
#1570=ORIENTED_EDGE('',*,*,#1190,.F.);
#1571=ORIENTED_EDGE('',*,*,#1191,.F.);
#1572=ORIENTED_EDGE('',*,*,#1192,.F.);
#1573=ORIENTED_EDGE('',*,*,#1193,.T.);
#1574=ORIENTED_EDGE('',*,*,#1194,.T.);
#1575=ORIENTED_EDGE('',*,*,#1195,.F.);
#1576=ORIENTED_EDGE('',*,*,#1196,.T.);
#1577=ORIENTED_EDGE('',*,*,#1197,.T.);
#1578=ORIENTED_EDGE('',*,*,#1198,.T.);
#1579=ORIENTED_EDGE('',*,*,#1199,.F.);
#1580=ORIENTED_EDGE('',*,*,#1194,.F.);
#1581=ORIENTED_EDGE('',*,*,#1200,.T.);
#1582=ORIENTED_EDGE('',*,*,#1201,.T.);
#1583=ORIENTED_EDGE('',*,*,#1202,.T.);
#1584=ORIENTED_EDGE('',*,*,#1197,.F.);
#1585=ORIENTED_EDGE('',*,*,#1203,.T.);
#1586=ORIENTED_EDGE('',*,*,#1204,.F.);
#1587=ORIENTED_EDGE('',*,*,#1205,.T.);
#1588=ORIENTED_EDGE('',*,*,#1206,.F.);
#1589=ORIENTED_EDGE('',*,*,#1207,.T.);
#1590=ORIENTED_EDGE('',*,*,#1208,.T.);
#1591=ORIENTED_EDGE('',*,*,#1209,.F.);
#1592=ORIENTED_EDGE('',*,*,#1210,.T.);
#1593=ORIENTED_EDGE('',*,*,#1211,.T.);
#1594=ORIENTED_EDGE('',*,*,#1212,.T.);
#1595=ORIENTED_EDGE('',*,*,#1213,.F.);
#1596=ORIENTED_EDGE('',*,*,#1208,.F.);
#1597=ORIENTED_EDGE('',*,*,#1214,.T.);
#1598=ORIENTED_EDGE('',*,*,#1215,.T.);
#1599=ORIENTED_EDGE('',*,*,#1216,.T.);
#1600=ORIENTED_EDGE('',*,*,#1211,.F.);
#1601=ORIENTED_EDGE('',*,*,#1217,.T.);
#1602=ORIENTED_EDGE('',*,*,#1218,.F.);
#1603=ORIENTED_EDGE('',*,*,#1219,.T.);
#1604=ORIENTED_EDGE('',*,*,#1220,.F.);
#1605=ORIENTED_EDGE('',*,*,#1221,.T.);
#1606=ORIENTED_EDGE('',*,*,#1222,.T.);
#1607=ORIENTED_EDGE('',*,*,#1223,.F.);
#1608=ORIENTED_EDGE('',*,*,#1224,.T.);
#1609=ORIENTED_EDGE('',*,*,#1225,.T.);
#1610=ORIENTED_EDGE('',*,*,#1226,.T.);
#1611=ORIENTED_EDGE('',*,*,#1227,.F.);
#1612=ORIENTED_EDGE('',*,*,#1222,.F.);
#1613=ORIENTED_EDGE('',*,*,#1228,.T.);
#1614=ORIENTED_EDGE('',*,*,#1229,.T.);
#1615=ORIENTED_EDGE('',*,*,#1230,.T.);
#1616=ORIENTED_EDGE('',*,*,#1225,.F.);
#1617=ORIENTED_EDGE('',*,*,#1231,.T.);
#1618=ORIENTED_EDGE('',*,*,#1232,.F.);
#1619=ORIENTED_EDGE('',*,*,#1233,.T.);
#1620=ORIENTED_EDGE('',*,*,#1234,.F.);
#1621=ORIENTED_EDGE('',*,*,#1235,.T.);
#1622=ORIENTED_EDGE('',*,*,#1236,.T.);
#1623=ORIENTED_EDGE('',*,*,#1237,.F.);
#1624=ORIENTED_EDGE('',*,*,#1238,.T.);
#1625=ORIENTED_EDGE('',*,*,#1239,.T.);
#1626=ORIENTED_EDGE('',*,*,#1240,.T.);
#1627=ORIENTED_EDGE('',*,*,#1241,.F.);
#1628=ORIENTED_EDGE('',*,*,#1236,.F.);
#1629=ORIENTED_EDGE('',*,*,#1242,.T.);
#1630=ORIENTED_EDGE('',*,*,#1243,.T.);
#1631=ORIENTED_EDGE('',*,*,#1244,.T.);
#1632=ORIENTED_EDGE('',*,*,#1239,.F.);
#1633=ORIENTED_EDGE('',*,*,#1245,.T.);
#1634=ORIENTED_EDGE('',*,*,#1246,.F.);
#1635=ORIENTED_EDGE('',*,*,#1247,.T.);
#1636=ORIENTED_EDGE('',*,*,#1248,.F.);
#1637=ORIENTED_EDGE('',*,*,#1249,.T.);
#1638=ORIENTED_EDGE('',*,*,#1250,.T.);
#1639=ORIENTED_EDGE('',*,*,#1251,.T.);
#1640=ORIENTED_EDGE('',*,*,#1252,.F.);
#1641=ORIENTED_EDGE('',*,*,#1253,.F.);
#1642=ORIENTED_EDGE('',*,*,#1254,.T.);
#1643=ORIENTED_EDGE('',*,*,#1255,.T.);
#1644=ORIENTED_EDGE('',*,*,#1250,.F.);
#1645=ORIENTED_EDGE('',*,*,#1256,.F.);
#1646=ORIENTED_EDGE('',*,*,#1257,.T.);
#1647=ORIENTED_EDGE('',*,*,#1258,.T.);
#1648=ORIENTED_EDGE('',*,*,#1254,.F.);
#1649=ORIENTED_EDGE('',*,*,#1259,.F.);
#1650=ORIENTED_EDGE('',*,*,#1260,.F.);
#1651=ORIENTED_EDGE('',*,*,#1261,.F.);
#1652=ORIENTED_EDGE('',*,*,#1262,.F.);
#1653=ORIENTED_EDGE('',*,*,#1263,.T.);
#1654=ORIENTED_EDGE('',*,*,#1264,.T.);
#1655=ORIENTED_EDGE('',*,*,#1265,.T.);
#1656=ORIENTED_EDGE('',*,*,#1266,.F.);
#1657=ORIENTED_EDGE('',*,*,#1267,.F.);
#1658=ORIENTED_EDGE('',*,*,#1268,.T.);
#1659=ORIENTED_EDGE('',*,*,#1269,.T.);
#1660=ORIENTED_EDGE('',*,*,#1264,.F.);
#1661=ORIENTED_EDGE('',*,*,#1270,.F.);
#1662=ORIENTED_EDGE('',*,*,#1271,.T.);
#1663=ORIENTED_EDGE('',*,*,#1272,.T.);
#1664=ORIENTED_EDGE('',*,*,#1268,.F.);
#1665=ORIENTED_EDGE('',*,*,#1273,.F.);
#1666=ORIENTED_EDGE('',*,*,#1274,.F.);
#1667=ORIENTED_EDGE('',*,*,#1275,.F.);
#1668=ORIENTED_EDGE('',*,*,#1276,.F.);
#1669=ORIENTED_EDGE('',*,*,#1277,.T.);
#1670=ORIENTED_EDGE('',*,*,#1278,.T.);
#1671=ORIENTED_EDGE('',*,*,#1279,.T.);
#1672=ORIENTED_EDGE('',*,*,#1280,.F.);
#1673=ORIENTED_EDGE('',*,*,#1281,.F.);
#1674=ORIENTED_EDGE('',*,*,#1282,.T.);
#1675=ORIENTED_EDGE('',*,*,#1283,.T.);
#1676=ORIENTED_EDGE('',*,*,#1278,.F.);
#1677=ORIENTED_EDGE('',*,*,#1284,.F.);
#1678=ORIENTED_EDGE('',*,*,#1285,.T.);
#1679=ORIENTED_EDGE('',*,*,#1286,.T.);
#1680=ORIENTED_EDGE('',*,*,#1282,.F.);
#1681=ORIENTED_EDGE('',*,*,#1287,.F.);
#1682=ORIENTED_EDGE('',*,*,#1288,.F.);
#1683=ORIENTED_EDGE('',*,*,#1289,.F.);
#1684=ORIENTED_EDGE('',*,*,#1290,.F.);
#1685=ORIENTED_EDGE('',*,*,#1291,.T.);
#1686=ORIENTED_EDGE('',*,*,#1292,.T.);
#1687=ORIENTED_EDGE('',*,*,#1293,.T.);
#1688=ORIENTED_EDGE('',*,*,#1294,.F.);
#1689=ORIENTED_EDGE('',*,*,#1295,.F.);
#1690=ORIENTED_EDGE('',*,*,#1296,.T.);
#1691=ORIENTED_EDGE('',*,*,#1297,.T.);
#1692=ORIENTED_EDGE('',*,*,#1292,.F.);
#1693=ORIENTED_EDGE('',*,*,#1298,.F.);
#1694=ORIENTED_EDGE('',*,*,#1299,.T.);
#1695=ORIENTED_EDGE('',*,*,#1300,.T.);
#1696=ORIENTED_EDGE('',*,*,#1296,.F.);
#1697=ORIENTED_EDGE('',*,*,#1301,.F.);
#1698=ORIENTED_EDGE('',*,*,#1302,.F.);
#1699=ORIENTED_EDGE('',*,*,#1303,.F.);
#1700=ORIENTED_EDGE('',*,*,#1304,.F.);
#1701=ORIENTED_EDGE('',*,*,#1305,.T.);
#1702=ORIENTED_EDGE('',*,*,#1306,.T.);
#1703=ORIENTED_EDGE('',*,*,#1307,.T.);
#1704=ORIENTED_EDGE('',*,*,#1308,.T.);
#1705=ORIENTED_EDGE('',*,*,#1309,.T.);
#1706=ORIENTED_EDGE('',*,*,#1308,.F.);
#1707=ORIENTED_EDGE('',*,*,#1310,.T.);
#1708=ORIENTED_EDGE('',*,*,#1311,.F.);
#1709=ORIENTED_EDGE('',*,*,#1312,.T.);
#1710=ORIENTED_EDGE('',*,*,#1313,.F.);
#1711=ORIENTED_EDGE('',*,*,#1314,.T.);
#1712=ORIENTED_EDGE('',*,*,#1315,.F.);
#1713=ORIENTED_EDGE('',*,*,#1316,.T.);
#1714=ORIENTED_EDGE('',*,*,#1317,.T.);
#1715=ORIENTED_EDGE('',*,*,#1318,.T.);
#1716=ORIENTED_EDGE('',*,*,#1319,.T.);
#1717=ORIENTED_EDGE('',*,*,#1320,.T.);
#1718=ORIENTED_EDGE('',*,*,#1321,.T.);
#1719=ORIENTED_EDGE('',*,*,#1322,.T.);
#1720=ORIENTED_EDGE('',*,*,#1323,.T.);
#1721=ORIENTED_EDGE('',*,*,#1324,.T.);
#1722=ORIENTED_EDGE('',*,*,#1307,.F.);
#1723=ORIENTED_EDGE('',*,*,#1325,.F.);
#1724=ORIENTED_EDGE('',*,*,#1326,.F.);
#1725=ORIENTED_EDGE('',*,*,#1310,.F.);
#1726=ORIENTED_EDGE('',*,*,#1327,.T.);
#1727=ORIENTED_EDGE('',*,*,#1276,.T.);
#1728=ORIENTED_EDGE('',*,*,#1328,.T.);
#1729=ORIENTED_EDGE('',*,*,#1234,.T.);
#1730=ORIENTED_EDGE('',*,*,#1329,.T.);
#1731=ORIENTED_EDGE('',*,*,#1290,.T.);
#1732=ORIENTED_EDGE('',*,*,#1330,.T.);
#1733=ORIENTED_EDGE('',*,*,#1206,.T.);
#1734=ORIENTED_EDGE('',*,*,#1331,.T.);
#1735=ORIENTED_EDGE('',*,*,#1332,.T.);
#1736=ORIENTED_EDGE('',*,*,#1311,.T.);
#1737=ORIENTED_EDGE('',*,*,#1326,.T.);
#1738=ORIENTED_EDGE('',*,*,#1333,.T.);
#1739=ORIENTED_EDGE('',*,*,#1334,.T.);
#1740=ORIENTED_EDGE('',*,*,#1313,.T.);
#1741=ORIENTED_EDGE('',*,*,#1335,.T.);
#1742=ORIENTED_EDGE('',*,*,#1334,.F.);
#1743=ORIENTED_EDGE('',*,*,#1336,.F.);
#1744=ORIENTED_EDGE('',*,*,#1337,.F.);
#1745=ORIENTED_EDGE('',*,*,#1314,.F.);
#1746=ORIENTED_EDGE('',*,*,#1338,.T.);
#1747=ORIENTED_EDGE('',*,*,#1237,.T.);
#1748=ORIENTED_EDGE('',*,*,#1241,.T.);
#1749=ORIENTED_EDGE('',*,*,#1339,.T.);
#1750=ORIENTED_EDGE('',*,*,#1252,.T.);
#1751=ORIENTED_EDGE('',*,*,#1340,.T.);
#1752=ORIENTED_EDGE('',*,*,#1209,.T.);
#1753=ORIENTED_EDGE('',*,*,#1213,.T.);
#1754=ORIENTED_EDGE('',*,*,#1341,.T.);
#1755=ORIENTED_EDGE('',*,*,#1294,.T.);
#1756=ORIENTED_EDGE('',*,*,#1306,.F.);
#1757=ORIENTED_EDGE('',*,*,#1342,.T.);
#1758=ORIENTED_EDGE('',*,*,#1343,.F.);
#1759=ORIENTED_EDGE('',*,*,#1336,.T.);
#1760=ORIENTED_EDGE('',*,*,#1333,.F.);
#1761=ORIENTED_EDGE('',*,*,#1344,.T.);
#1762=ORIENTED_EDGE('',*,*,#1331,.F.);
#1763=ORIENTED_EDGE('',*,*,#1325,.T.);
#1764=ORIENTED_EDGE('',*,*,#1345,.T.);
#1765=ORIENTED_EDGE('',*,*,#1346,.T.);
#1766=ORIENTED_EDGE('',*,*,#1347,.T.);
#1767=ORIENTED_EDGE('',*,*,#1348,.T.);
#1768=ORIENTED_EDGE('',*,*,#1343,.T.);
#1769=ORIENTED_EDGE('',*,*,#1349,.T.);
#1770=ORIENTED_EDGE('',*,*,#1315,.T.);
#1771=ORIENTED_EDGE('',*,*,#1337,.T.);
#1772=ORIENTED_EDGE('',*,*,#1309,.F.);
#1773=ORIENTED_EDGE('',*,*,#1316,.F.);
#1774=ORIENTED_EDGE('',*,*,#1349,.F.);
#1775=ORIENTED_EDGE('',*,*,#1342,.F.);
#1776=ORIENTED_EDGE('',*,*,#1350,.T.);
#1777=ORIENTED_EDGE('',*,*,#1164,.T.);
#1778=ORIENTED_EDGE('',*,*,#1351,.T.);
#1779=ORIENTED_EDGE('',*,*,#1108,.T.);
#1780=ORIENTED_EDGE('',*,*,#1352,.T.);
#1781=ORIENTED_EDGE('',*,*,#1192,.T.);
#1782=ORIENTED_EDGE('',*,*,#1353,.T.);
#1783=ORIENTED_EDGE('',*,*,#1136,.T.);
#1784=ORIENTED_EDGE('',*,*,#1302,.T.);
#1785=ORIENTED_EDGE('',*,*,#1354,.T.);
#1786=ORIENTED_EDGE('',*,*,#1299,.F.);
#1787=ORIENTED_EDGE('',*,*,#1355,.F.);
#1788=ORIENTED_EDGE('',*,*,#1356,.F.);
#1789=ORIENTED_EDGE('',*,*,#1219,.F.);
#1790=ORIENTED_EDGE('',*,*,#1357,.F.);
#1791=ORIENTED_EDGE('',*,*,#1217,.F.);
#1792=ORIENTED_EDGE('',*,*,#1214,.F.);
#1793=ORIENTED_EDGE('',*,*,#1210,.F.);
#1794=ORIENTED_EDGE('',*,*,#1340,.F.);
#1795=ORIENTED_EDGE('',*,*,#1293,.F.);
#1796=ORIENTED_EDGE('',*,*,#1297,.F.);
#1797=ORIENTED_EDGE('',*,*,#1300,.F.);
#1798=ORIENTED_EDGE('',*,*,#1354,.F.);
#1799=ORIENTED_EDGE('',*,*,#1305,.F.);
#1800=ORIENTED_EDGE('',*,*,#1358,.F.);
#1801=ORIENTED_EDGE('',*,*,#1303,.T.);
#1802=ORIENTED_EDGE('',*,*,#1355,.T.);
#1803=ORIENTED_EDGE('',*,*,#1301,.T.);
#1804=ORIENTED_EDGE('',*,*,#1298,.T.);
#1805=ORIENTED_EDGE('',*,*,#1295,.T.);
#1806=ORIENTED_EDGE('',*,*,#1341,.F.);
#1807=ORIENTED_EDGE('',*,*,#1212,.F.);
#1808=ORIENTED_EDGE('',*,*,#1216,.F.);
#1809=ORIENTED_EDGE('',*,*,#1359,.F.);
#1810=ORIENTED_EDGE('',*,*,#1221,.F.);
#1811=ORIENTED_EDGE('',*,*,#1360,.F.);
#1812=ORIENTED_EDGE('',*,*,#1361,.T.);
#1813=ORIENTED_EDGE('',*,*,#1345,.F.);
#1814=ORIENTED_EDGE('',*,*,#1362,.F.);
#1815=ORIENTED_EDGE('',*,*,#1363,.T.);
#1816=ORIENTED_EDGE('',*,*,#1262,.T.);
#1817=ORIENTED_EDGE('',*,*,#1364,.T.);
#1818=ORIENTED_EDGE('',*,*,#1248,.T.);
#1819=ORIENTED_EDGE('',*,*,#1356,.T.);
#1820=ORIENTED_EDGE('',*,*,#1304,.T.);
#1821=ORIENTED_EDGE('',*,*,#1358,.T.);
#1822=ORIENTED_EDGE('',*,*,#1220,.T.);
#1823=ORIENTED_EDGE('',*,*,#1288,.T.);
#1824=ORIENTED_EDGE('',*,*,#1365,.T.);
#1825=ORIENTED_EDGE('',*,*,#1285,.F.);
#1826=ORIENTED_EDGE('',*,*,#1366,.F.);
#1827=ORIENTED_EDGE('',*,*,#1367,.F.);
#1828=ORIENTED_EDGE('',*,*,#1279,.F.);
#1829=ORIENTED_EDGE('',*,*,#1283,.F.);
#1830=ORIENTED_EDGE('',*,*,#1286,.F.);
#1831=ORIENTED_EDGE('',*,*,#1365,.F.);
#1832=ORIENTED_EDGE('',*,*,#1291,.F.);
#1833=ORIENTED_EDGE('',*,*,#1329,.F.);
#1834=ORIENTED_EDGE('',*,*,#1205,.F.);
#1835=ORIENTED_EDGE('',*,*,#1368,.F.);
#1836=ORIENTED_EDGE('',*,*,#1203,.F.);
#1837=ORIENTED_EDGE('',*,*,#1200,.F.);
#1838=ORIENTED_EDGE('',*,*,#1196,.F.);
#1839=ORIENTED_EDGE('',*,*,#1369,.F.);
#1840=ORIENTED_EDGE('',*,*,#1198,.F.);
#1841=ORIENTED_EDGE('',*,*,#1202,.F.);
#1842=ORIENTED_EDGE('',*,*,#1370,.F.);
#1843=ORIENTED_EDGE('',*,*,#1207,.F.);
#1844=ORIENTED_EDGE('',*,*,#1330,.F.);
#1845=ORIENTED_EDGE('',*,*,#1289,.T.);
#1846=ORIENTED_EDGE('',*,*,#1366,.T.);
#1847=ORIENTED_EDGE('',*,*,#1287,.T.);
#1848=ORIENTED_EDGE('',*,*,#1284,.T.);
#1849=ORIENTED_EDGE('',*,*,#1281,.T.);
#1850=ORIENTED_EDGE('',*,*,#1274,.T.);
#1851=ORIENTED_EDGE('',*,*,#1371,.T.);
#1852=ORIENTED_EDGE('',*,*,#1271,.F.);
#1853=ORIENTED_EDGE('',*,*,#1372,.F.);
#1854=ORIENTED_EDGE('',*,*,#1260,.T.);
#1855=ORIENTED_EDGE('',*,*,#1373,.T.);
#1856=ORIENTED_EDGE('',*,*,#1257,.F.);
#1857=ORIENTED_EDGE('',*,*,#1374,.F.);
#1858=ORIENTED_EDGE('',*,*,#1375,.F.);
#1859=ORIENTED_EDGE('',*,*,#1265,.F.);
#1860=ORIENTED_EDGE('',*,*,#1269,.F.);
#1861=ORIENTED_EDGE('',*,*,#1272,.F.);
#1862=ORIENTED_EDGE('',*,*,#1371,.F.);
#1863=ORIENTED_EDGE('',*,*,#1277,.F.);
#1864=ORIENTED_EDGE('',*,*,#1327,.F.);
#1865=ORIENTED_EDGE('',*,*,#1233,.F.);
#1866=ORIENTED_EDGE('',*,*,#1376,.F.);
#1867=ORIENTED_EDGE('',*,*,#1231,.F.);
#1868=ORIENTED_EDGE('',*,*,#1228,.F.);
#1869=ORIENTED_EDGE('',*,*,#1224,.F.);
#1870=ORIENTED_EDGE('',*,*,#1377,.F.);
#1871=ORIENTED_EDGE('',*,*,#1226,.F.);
#1872=ORIENTED_EDGE('',*,*,#1230,.F.);
#1873=ORIENTED_EDGE('',*,*,#1378,.F.);
#1874=ORIENTED_EDGE('',*,*,#1235,.F.);
#1875=ORIENTED_EDGE('',*,*,#1328,.F.);
#1876=ORIENTED_EDGE('',*,*,#1275,.T.);
#1877=ORIENTED_EDGE('',*,*,#1372,.T.);
#1878=ORIENTED_EDGE('',*,*,#1273,.T.);
#1879=ORIENTED_EDGE('',*,*,#1270,.T.);
#1880=ORIENTED_EDGE('',*,*,#1267,.T.);
#1881=ORIENTED_EDGE('',*,*,#1364,.F.);
#1882=ORIENTED_EDGE('',*,*,#1261,.T.);
#1883=ORIENTED_EDGE('',*,*,#1374,.T.);
#1884=ORIENTED_EDGE('',*,*,#1259,.T.);
#1885=ORIENTED_EDGE('',*,*,#1256,.T.);
#1886=ORIENTED_EDGE('',*,*,#1253,.T.);
#1887=ORIENTED_EDGE('',*,*,#1339,.F.);
#1888=ORIENTED_EDGE('',*,*,#1240,.F.);
#1889=ORIENTED_EDGE('',*,*,#1244,.F.);
#1890=ORIENTED_EDGE('',*,*,#1379,.F.);
#1891=ORIENTED_EDGE('',*,*,#1249,.F.);
#1892=ORIENTED_EDGE('',*,*,#1363,.F.);
#1893=ORIENTED_EDGE('',*,*,#1247,.F.);
#1894=ORIENTED_EDGE('',*,*,#1380,.F.);
#1895=ORIENTED_EDGE('',*,*,#1245,.F.);
#1896=ORIENTED_EDGE('',*,*,#1242,.F.);
#1897=ORIENTED_EDGE('',*,*,#1238,.F.);
#1898=ORIENTED_EDGE('',*,*,#1338,.F.);
#1899=ORIENTED_EDGE('',*,*,#1251,.F.);
#1900=ORIENTED_EDGE('',*,*,#1255,.F.);
#1901=ORIENTED_EDGE('',*,*,#1258,.F.);
#1902=ORIENTED_EDGE('',*,*,#1373,.F.);
#1903=ORIENTED_EDGE('',*,*,#1263,.F.);
#1904=ORIENTED_EDGE('',*,*,#1246,.T.);
#1905=ORIENTED_EDGE('',*,*,#1379,.T.);
#1906=ORIENTED_EDGE('',*,*,#1243,.F.);
#1907=ORIENTED_EDGE('',*,*,#1380,.T.);
#1908=ORIENTED_EDGE('',*,*,#1232,.T.);
#1909=ORIENTED_EDGE('',*,*,#1378,.T.);
#1910=ORIENTED_EDGE('',*,*,#1229,.F.);
#1911=ORIENTED_EDGE('',*,*,#1376,.T.);
#1912=ORIENTED_EDGE('',*,*,#1218,.T.);
#1913=ORIENTED_EDGE('',*,*,#1359,.T.);
#1914=ORIENTED_EDGE('',*,*,#1215,.F.);
#1915=ORIENTED_EDGE('',*,*,#1357,.T.);
#1916=ORIENTED_EDGE('',*,*,#1204,.T.);
#1917=ORIENTED_EDGE('',*,*,#1370,.T.);
#1918=ORIENTED_EDGE('',*,*,#1201,.F.);
#1919=ORIENTED_EDGE('',*,*,#1368,.T.);
#1920=ORIENTED_EDGE('',*,*,#1190,.T.);
#1921=ORIENTED_EDGE('',*,*,#1381,.T.);
#1922=ORIENTED_EDGE('',*,*,#1187,.F.);
#1923=ORIENTED_EDGE('',*,*,#1382,.F.);
#1924=ORIENTED_EDGE('',*,*,#1176,.T.);
#1925=ORIENTED_EDGE('',*,*,#1383,.T.);
#1926=ORIENTED_EDGE('',*,*,#1173,.F.);
#1927=ORIENTED_EDGE('',*,*,#1384,.F.);
#1928=ORIENTED_EDGE('',*,*,#1385,.F.);
#1929=ORIENTED_EDGE('',*,*,#1181,.F.);
#1930=ORIENTED_EDGE('',*,*,#1185,.F.);
#1931=ORIENTED_EDGE('',*,*,#1188,.F.);
#1932=ORIENTED_EDGE('',*,*,#1381,.F.);
#1933=ORIENTED_EDGE('',*,*,#1193,.F.);
#1934=ORIENTED_EDGE('',*,*,#1352,.F.);
#1935=ORIENTED_EDGE('',*,*,#1135,.F.);
#1936=ORIENTED_EDGE('',*,*,#1386,.F.);
#1937=ORIENTED_EDGE('',*,*,#1133,.F.);
#1938=ORIENTED_EDGE('',*,*,#1130,.F.);
#1939=ORIENTED_EDGE('',*,*,#1126,.F.);
#1940=ORIENTED_EDGE('',*,*,#1387,.F.);
#1941=ORIENTED_EDGE('',*,*,#1128,.F.);
#1942=ORIENTED_EDGE('',*,*,#1132,.F.);
#1943=ORIENTED_EDGE('',*,*,#1388,.F.);
#1944=ORIENTED_EDGE('',*,*,#1137,.F.);
#1945=ORIENTED_EDGE('',*,*,#1353,.F.);
#1946=ORIENTED_EDGE('',*,*,#1191,.T.);
#1947=ORIENTED_EDGE('',*,*,#1382,.T.);
#1948=ORIENTED_EDGE('',*,*,#1189,.T.);
#1949=ORIENTED_EDGE('',*,*,#1186,.T.);
#1950=ORIENTED_EDGE('',*,*,#1183,.T.);
#1951=ORIENTED_EDGE('',*,*,#1389,.F.);
#1952=ORIENTED_EDGE('',*,*,#1177,.T.);
#1953=ORIENTED_EDGE('',*,*,#1384,.T.);
#1954=ORIENTED_EDGE('',*,*,#1175,.T.);
#1955=ORIENTED_EDGE('',*,*,#1172,.T.);
#1956=ORIENTED_EDGE('',*,*,#1169,.T.);
#1957=ORIENTED_EDGE('',*,*,#1390,.F.);
#1958=ORIENTED_EDGE('',*,*,#1114,.F.);
#1959=ORIENTED_EDGE('',*,*,#1118,.F.);
#1960=ORIENTED_EDGE('',*,*,#1391,.F.);
#1961=ORIENTED_EDGE('',*,*,#1123,.F.);
#1962=ORIENTED_EDGE('',*,*,#1392,.F.);
#1963=ORIENTED_EDGE('',*,*,#1121,.F.);
#1964=ORIENTED_EDGE('',*,*,#1393,.F.);
#1965=ORIENTED_EDGE('',*,*,#1119,.F.);
#1966=ORIENTED_EDGE('',*,*,#1116,.F.);
#1967=ORIENTED_EDGE('',*,*,#1112,.F.);
#1968=ORIENTED_EDGE('',*,*,#1394,.F.);
#1969=ORIENTED_EDGE('',*,*,#1167,.F.);
#1970=ORIENTED_EDGE('',*,*,#1171,.F.);
#1971=ORIENTED_EDGE('',*,*,#1174,.F.);
#1972=ORIENTED_EDGE('',*,*,#1383,.F.);
#1973=ORIENTED_EDGE('',*,*,#1179,.F.);
#1974=ORIENTED_EDGE('',*,*,#1395,.F.);
#1975=ORIENTED_EDGE('',*,*,#1362,.T.);
#1976=ORIENTED_EDGE('',*,*,#1348,.F.);
#1977=ORIENTED_EDGE('',*,*,#1396,.F.);
#1978=ORIENTED_EDGE('',*,*,#1392,.T.);
#1979=ORIENTED_EDGE('',*,*,#1178,.T.);
#1980=ORIENTED_EDGE('',*,*,#1389,.T.);
#1981=ORIENTED_EDGE('',*,*,#1122,.T.);
#1982=ORIENTED_EDGE('',*,*,#1397,.T.);
#1983=ORIENTED_EDGE('',*,*,#1150,.T.);
#1984=ORIENTED_EDGE('',*,*,#1398,.T.);
#1985=ORIENTED_EDGE('',*,*,#1094,.T.);
#1986=ORIENTED_EDGE('',*,*,#1162,.T.);
#1987=ORIENTED_EDGE('',*,*,#1399,.T.);
#1988=ORIENTED_EDGE('',*,*,#1159,.F.);
#1989=ORIENTED_EDGE('',*,*,#1400,.F.);
#1990=ORIENTED_EDGE('',*,*,#1148,.T.);
#1991=ORIENTED_EDGE('',*,*,#1401,.T.);
#1992=ORIENTED_EDGE('',*,*,#1145,.F.);
#1993=ORIENTED_EDGE('',*,*,#1402,.F.);
#1994=ORIENTED_EDGE('',*,*,#1403,.F.);
#1995=ORIENTED_EDGE('',*,*,#1153,.F.);
#1996=ORIENTED_EDGE('',*,*,#1157,.F.);
#1997=ORIENTED_EDGE('',*,*,#1160,.F.);
#1998=ORIENTED_EDGE('',*,*,#1399,.F.);
#1999=ORIENTED_EDGE('',*,*,#1165,.F.);
#2000=ORIENTED_EDGE('',*,*,#1350,.F.);
#2001=ORIENTED_EDGE('',*,*,#1107,.F.);
#2002=ORIENTED_EDGE('',*,*,#1404,.F.);
#2003=ORIENTED_EDGE('',*,*,#1105,.F.);
#2004=ORIENTED_EDGE('',*,*,#1102,.F.);
#2005=ORIENTED_EDGE('',*,*,#1098,.F.);
#2006=ORIENTED_EDGE('',*,*,#1405,.F.);
#2007=ORIENTED_EDGE('',*,*,#1100,.F.);
#2008=ORIENTED_EDGE('',*,*,#1104,.F.);
#2009=ORIENTED_EDGE('',*,*,#1406,.F.);
#2010=ORIENTED_EDGE('',*,*,#1109,.F.);
#2011=ORIENTED_EDGE('',*,*,#1351,.F.);
#2012=ORIENTED_EDGE('',*,*,#1163,.T.);
#2013=ORIENTED_EDGE('',*,*,#1400,.T.);
#2014=ORIENTED_EDGE('',*,*,#1161,.T.);
#2015=ORIENTED_EDGE('',*,*,#1158,.T.);
#2016=ORIENTED_EDGE('',*,*,#1155,.T.);
#2017=ORIENTED_EDGE('',*,*,#1398,.F.);
#2018=ORIENTED_EDGE('',*,*,#1149,.T.);
#2019=ORIENTED_EDGE('',*,*,#1402,.T.);
#2020=ORIENTED_EDGE('',*,*,#1147,.T.);
#2021=ORIENTED_EDGE('',*,*,#1144,.T.);
#2022=ORIENTED_EDGE('',*,*,#1141,.T.);
#2023=ORIENTED_EDGE('',*,*,#1407,.F.);
#2024=ORIENTED_EDGE('',*,*,#1086,.F.);
#2025=ORIENTED_EDGE('',*,*,#1090,.F.);
#2026=ORIENTED_EDGE('',*,*,#1408,.F.);
#2027=ORIENTED_EDGE('',*,*,#1095,.F.);
#2028=ORIENTED_EDGE('',*,*,#1397,.F.);
#2029=ORIENTED_EDGE('',*,*,#1093,.F.);
#2030=ORIENTED_EDGE('',*,*,#1409,.F.);
#2031=ORIENTED_EDGE('',*,*,#1091,.F.);
#2032=ORIENTED_EDGE('',*,*,#1088,.F.);
#2033=ORIENTED_EDGE('',*,*,#1084,.F.);
#2034=ORIENTED_EDGE('',*,*,#1410,.F.);
#2035=ORIENTED_EDGE('',*,*,#1139,.F.);
#2036=ORIENTED_EDGE('',*,*,#1143,.F.);
#2037=ORIENTED_EDGE('',*,*,#1146,.F.);
#2038=ORIENTED_EDGE('',*,*,#1401,.F.);
#2039=ORIENTED_EDGE('',*,*,#1151,.F.);
#2040=ORIENTED_EDGE('',*,*,#1134,.T.);
#2041=ORIENTED_EDGE('',*,*,#1388,.T.);
#2042=ORIENTED_EDGE('',*,*,#1131,.F.);
#2043=ORIENTED_EDGE('',*,*,#1386,.T.);
#2044=ORIENTED_EDGE('',*,*,#1120,.T.);
#2045=ORIENTED_EDGE('',*,*,#1391,.T.);
#2046=ORIENTED_EDGE('',*,*,#1117,.F.);
#2047=ORIENTED_EDGE('',*,*,#1393,.T.);
#2048=ORIENTED_EDGE('',*,*,#1106,.T.);
#2049=ORIENTED_EDGE('',*,*,#1406,.T.);
#2050=ORIENTED_EDGE('',*,*,#1103,.F.);
#2051=ORIENTED_EDGE('',*,*,#1404,.T.);
#2052=ORIENTED_EDGE('',*,*,#1092,.T.);
#2053=ORIENTED_EDGE('',*,*,#1408,.T.);
#2054=ORIENTED_EDGE('',*,*,#1089,.F.);
#2055=ORIENTED_EDGE('',*,*,#1409,.T.);
#2056=ORIENTED_EDGE('',*,*,#1411,.F.);
#2057=ORIENTED_EDGE('',*,*,#1412,.T.);
#2058=ORIENTED_EDGE('',*,*,#1413,.F.);
#2059=ORIENTED_EDGE('',*,*,#1412,.F.);
#2060=ORIENTED_EDGE('',*,*,#1413,.T.);
#2061=ORIENTED_EDGE('',*,*,#1414,.T.);
#2062=ORIENTED_EDGE('',*,*,#1324,.F.);
#2063=ORIENTED_EDGE('',*,*,#1414,.F.);
#2064=ORIENTED_EDGE('',*,*,#1415,.F.);
#2065=ORIENTED_EDGE('',*,*,#1416,.T.);
#2066=ORIENTED_EDGE('',*,*,#1417,.F.);
#2067=ORIENTED_EDGE('',*,*,#1416,.F.);
#2068=ORIENTED_EDGE('',*,*,#1417,.T.);
#2069=ORIENTED_EDGE('',*,*,#1418,.T.);
#2070=ORIENTED_EDGE('',*,*,#1323,.F.);
#2071=ORIENTED_EDGE('',*,*,#1418,.F.);
#2072=ORIENTED_EDGE('',*,*,#1419,.F.);
#2073=ORIENTED_EDGE('',*,*,#1420,.T.);
#2074=ORIENTED_EDGE('',*,*,#1421,.F.);
#2075=ORIENTED_EDGE('',*,*,#1420,.F.);
#2076=ORIENTED_EDGE('',*,*,#1421,.T.);
#2077=ORIENTED_EDGE('',*,*,#1422,.T.);
#2078=ORIENTED_EDGE('',*,*,#1322,.F.);
#2079=ORIENTED_EDGE('',*,*,#1422,.F.);
#2080=ORIENTED_EDGE('',*,*,#1423,.F.);
#2081=ORIENTED_EDGE('',*,*,#1424,.T.);
#2082=ORIENTED_EDGE('',*,*,#1425,.F.);
#2083=ORIENTED_EDGE('',*,*,#1424,.F.);
#2084=ORIENTED_EDGE('',*,*,#1425,.T.);
#2085=ORIENTED_EDGE('',*,*,#1426,.T.);
#2086=ORIENTED_EDGE('',*,*,#1321,.F.);
#2087=ORIENTED_EDGE('',*,*,#1426,.F.);
#2088=ORIENTED_EDGE('',*,*,#1427,.F.);
#2089=ORIENTED_EDGE('',*,*,#1428,.T.);
#2090=ORIENTED_EDGE('',*,*,#1429,.T.);
#2091=ORIENTED_EDGE('',*,*,#1428,.F.);
#2092=ORIENTED_EDGE('',*,*,#1429,.F.);
#2093=ORIENTED_EDGE('',*,*,#1430,.T.);
#2094=ORIENTED_EDGE('',*,*,#1320,.F.);
#2095=ORIENTED_EDGE('',*,*,#1430,.F.);
#2096=ORIENTED_EDGE('',*,*,#1431,.F.);
#2097=ORIENTED_EDGE('',*,*,#1432,.T.);
#2098=ORIENTED_EDGE('',*,*,#1433,.T.);
#2099=ORIENTED_EDGE('',*,*,#1432,.F.);
#2100=ORIENTED_EDGE('',*,*,#1433,.F.);
#2101=ORIENTED_EDGE('',*,*,#1434,.T.);
#2102=ORIENTED_EDGE('',*,*,#1319,.F.);
#2103=ORIENTED_EDGE('',*,*,#1434,.F.);
#2104=ORIENTED_EDGE('',*,*,#1435,.F.);
#2105=ORIENTED_EDGE('',*,*,#1436,.T.);
#2106=ORIENTED_EDGE('',*,*,#1437,.T.);
#2107=ORIENTED_EDGE('',*,*,#1436,.F.);
#2108=ORIENTED_EDGE('',*,*,#1437,.F.);
#2109=ORIENTED_EDGE('',*,*,#1438,.T.);
#2110=ORIENTED_EDGE('',*,*,#1318,.F.);
#2111=ORIENTED_EDGE('',*,*,#1438,.F.);
#2112=ORIENTED_EDGE('',*,*,#1439,.F.);
#2113=ORIENTED_EDGE('',*,*,#1440,.T.);
#2114=ORIENTED_EDGE('',*,*,#1441,.T.);
#2115=ORIENTED_EDGE('',*,*,#1440,.F.);
#2116=ORIENTED_EDGE('',*,*,#1441,.F.);
#2117=ORIENTED_EDGE('',*,*,#1442,.T.);
#2118=ORIENTED_EDGE('',*,*,#1317,.F.);
#2119=ORIENTED_EDGE('',*,*,#1442,.F.);
#2120=ORIENTED_EDGE('',*,*,#1443,.F.);
#2121=ORIENTED_EDGE('',*,*,#1396,.T.);
#2122=ORIENTED_EDGE('',*,*,#1347,.F.);
#2123=ORIENTED_EDGE('',*,*,#1444,.F.);
#2124=ORIENTED_EDGE('',*,*,#1367,.T.);
#2125=ORIENTED_EDGE('',*,*,#1195,.T.);
#2126=ORIENTED_EDGE('',*,*,#1199,.T.);
#2127=ORIENTED_EDGE('',*,*,#1369,.T.);
#2128=ORIENTED_EDGE('',*,*,#1280,.T.);
#2129=ORIENTED_EDGE('',*,*,#1375,.T.);
#2130=ORIENTED_EDGE('',*,*,#1223,.T.);
#2131=ORIENTED_EDGE('',*,*,#1227,.T.);
#2132=ORIENTED_EDGE('',*,*,#1377,.T.);
#2133=ORIENTED_EDGE('',*,*,#1266,.T.);
#2134=ORIENTED_EDGE('',*,*,#1445,.F.);
#2135=ORIENTED_EDGE('',*,*,#1444,.T.);
#2136=ORIENTED_EDGE('',*,*,#1346,.F.);
#2137=ORIENTED_EDGE('',*,*,#1361,.F.);
#2138=ORIENTED_EDGE('',*,*,#1385,.T.);
#2139=ORIENTED_EDGE('',*,*,#1125,.T.);
#2140=ORIENTED_EDGE('',*,*,#1129,.T.);
#2141=ORIENTED_EDGE('',*,*,#1387,.T.);
#2142=ORIENTED_EDGE('',*,*,#1182,.T.);
#2143=ORIENTED_EDGE('',*,*,#1403,.T.);
#2144=ORIENTED_EDGE('',*,*,#1097,.T.);
#2145=ORIENTED_EDGE('',*,*,#1101,.T.);
#2146=ORIENTED_EDGE('',*,*,#1405,.T.);
#2147=ORIENTED_EDGE('',*,*,#1154,.T.);
#2148=ORIENTED_EDGE('',*,*,#1332,.F.);
#2149=ORIENTED_EDGE('',*,*,#1344,.F.);
#2150=ORIENTED_EDGE('',*,*,#1335,.F.);
#2151=ORIENTED_EDGE('',*,*,#1312,.F.);
#2152=ORIENTED_EDGE('',*,*,#1394,.T.);
#2153=ORIENTED_EDGE('',*,*,#1111,.T.);
#2154=ORIENTED_EDGE('',*,*,#1115,.T.);
#2155=ORIENTED_EDGE('',*,*,#1390,.T.);
#2156=ORIENTED_EDGE('',*,*,#1168,.T.);
#2157=ORIENTED_EDGE('',*,*,#1410,.T.);
#2158=ORIENTED_EDGE('',*,*,#1083,.T.);
#2159=ORIENTED_EDGE('',*,*,#1087,.T.);
#2160=ORIENTED_EDGE('',*,*,#1407,.T.);
#2161=ORIENTED_EDGE('',*,*,#1140,.T.);
#2162=ORIENTED_EDGE('',*,*,#1395,.T.);
#2163=ORIENTED_EDGE('',*,*,#1443,.T.);
#2164=ORIENTED_EDGE('',*,*,#1445,.T.);
#2165=ORIENTED_EDGE('',*,*,#1360,.T.);
#2166=ORIENTED_EDGE('',*,*,#1411,.T.);
#2167=ORIENTED_EDGE('',*,*,#1415,.T.);
#2168=ORIENTED_EDGE('',*,*,#1419,.T.);
#2169=ORIENTED_EDGE('',*,*,#1423,.T.);
#2170=ORIENTED_EDGE('',*,*,#1427,.T.);
#2171=ORIENTED_EDGE('',*,*,#1431,.T.);
#2172=ORIENTED_EDGE('',*,*,#1435,.T.);
#2173=ORIENTED_EDGE('',*,*,#1439,.T.);
#2174=CYLINDRICAL_SURFACE('',#2407,2.5175);
#2175=CYLINDRICAL_SURFACE('',#2409,2.5175);
#2176=CYLINDRICAL_SURFACE('',#2411,2.5175);
#2177=CYLINDRICAL_SURFACE('',#2412,2.5175);
#2178=CYLINDRICAL_SURFACE('',#2414,2.5175);
#2179=CYLINDRICAL_SURFACE('',#2416,2.5175);
#2180=CYLINDRICAL_SURFACE('',#2418,2.5175);
#2181=CYLINDRICAL_SURFACE('',#2419,2.5175);
#2182=CYLINDRICAL_SURFACE('',#2421,2.5175);
#2183=CYLINDRICAL_SURFACE('',#2423,2.5175);
#2184=CYLINDRICAL_SURFACE('',#2425,2.5175);
#2185=CYLINDRICAL_SURFACE('',#2426,2.5175);
#2186=CYLINDRICAL_SURFACE('',#2428,2.5175);
#2187=CYLINDRICAL_SURFACE('',#2430,2.5175);
#2188=CYLINDRICAL_SURFACE('',#2432,2.5175);
#2189=CYLINDRICAL_SURFACE('',#2433,2.5175);
#2190=CYLINDRICAL_SURFACE('',#2435,3.0735);
#2191=CYLINDRICAL_SURFACE('',#2437,3.0735);
#2192=CYLINDRICAL_SURFACE('',#2438,3.0735);
#2193=CYLINDRICAL_SURFACE('',#2439,3.0735);
#2194=CYLINDRICAL_SURFACE('',#2441,3.0735);
#2195=CYLINDRICAL_SURFACE('',#2443,3.0735);
#2196=CYLINDRICAL_SURFACE('',#2444,3.0735);
#2197=CYLINDRICAL_SURFACE('',#2445,3.0735);
#2198=CYLINDRICAL_SURFACE('',#2447,3.0735);
#2199=CYLINDRICAL_SURFACE('',#2449,3.0735);
#2200=CYLINDRICAL_SURFACE('',#2450,3.0735);
#2201=CYLINDRICAL_SURFACE('',#2451,3.0735);
#2202=CYLINDRICAL_SURFACE('',#2453,3.0735);
#2203=CYLINDRICAL_SURFACE('',#2455,3.0735);
#2204=CYLINDRICAL_SURFACE('',#2456,3.0735);
#2205=CYLINDRICAL_SURFACE('',#2457,3.0735);
#2206=CYLINDRICAL_SURFACE('',#2459,2.5175);
#2207=CYLINDRICAL_SURFACE('',#2461,2.5175);
#2208=CYLINDRICAL_SURFACE('',#2463,2.5175);
#2209=CYLINDRICAL_SURFACE('',#2464,2.5175);
#2210=CYLINDRICAL_SURFACE('',#2466,2.5175);
#2211=CYLINDRICAL_SURFACE('',#2468,2.5175);
#2212=CYLINDRICAL_SURFACE('',#2470,2.5175);
#2213=CYLINDRICAL_SURFACE('',#2471,2.5175);
#2214=CYLINDRICAL_SURFACE('',#2473,2.5175);
#2215=CYLINDRICAL_SURFACE('',#2475,2.5175);
#2216=CYLINDRICAL_SURFACE('',#2477,2.5175);
#2217=CYLINDRICAL_SURFACE('',#2478,2.5175);
#2218=CYLINDRICAL_SURFACE('',#2480,2.5175);
#2219=CYLINDRICAL_SURFACE('',#2482,2.5175);
#2220=CYLINDRICAL_SURFACE('',#2484,2.5175);
#2221=CYLINDRICAL_SURFACE('',#2485,2.5175);
#2222=CYLINDRICAL_SURFACE('',#2487,3.0735);
#2223=CYLINDRICAL_SURFACE('',#2489,3.0735);
#2224=CYLINDRICAL_SURFACE('',#2490,3.0735);
#2225=CYLINDRICAL_SURFACE('',#2491,3.0735);
#2226=CYLINDRICAL_SURFACE('',#2493,3.0735);
#2227=CYLINDRICAL_SURFACE('',#2495,3.0735);
#2228=CYLINDRICAL_SURFACE('',#2496,3.0735);
#2229=CYLINDRICAL_SURFACE('',#2497,3.0735);
#2230=CYLINDRICAL_SURFACE('',#2499,3.0735);
#2231=CYLINDRICAL_SURFACE('',#2501,3.0735);
#2232=CYLINDRICAL_SURFACE('',#2502,3.0735);
#2233=CYLINDRICAL_SURFACE('',#2503,3.0735);
#2234=CYLINDRICAL_SURFACE('',#2505,3.0735);
#2235=CYLINDRICAL_SURFACE('',#2507,3.0735);
#2236=CYLINDRICAL_SURFACE('',#2508,3.0735);
#2237=CYLINDRICAL_SURFACE('',#2509,3.0735);
#2238=CYLINDRICAL_SURFACE('',#2511,2.5);
#2239=CYLINDRICAL_SURFACE('',#2527,2.5);
#2240=CYLINDRICAL_SURFACE('',#2529,2.5);
#2241=CYLINDRICAL_SURFACE('',#2534,2.5);
#2242=CYLINDRICAL_SURFACE('',#2536,3.0735);
#2243=CYLINDRICAL_SURFACE('',#2538,3.0735);
#2244=CYLINDRICAL_SURFACE('',#2539,3.0735);
#2245=CYLINDRICAL_SURFACE('',#2540,3.0735);
#2246=CYLINDRICAL_SURFACE('',#2541,2.5175);
#2247=CYLINDRICAL_SURFACE('',#2542,2.5175);
#2248=CYLINDRICAL_SURFACE('',#2543,2.5175);
#2249=CYLINDRICAL_SURFACE('',#2544,2.5175);
#2250=CYLINDRICAL_SURFACE('',#2545,3.0735);
#2251=CYLINDRICAL_SURFACE('',#2546,3.0735);
#2252=CYLINDRICAL_SURFACE('',#2548,3.0735);
#2253=CYLINDRICAL_SURFACE('',#2549,3.0735);
#2254=CYLINDRICAL_SURFACE('',#2550,2.5175);
#2255=CYLINDRICAL_SURFACE('',#2551,2.5175);
#2256=CYLINDRICAL_SURFACE('',#2552,2.5175);
#2257=CYLINDRICAL_SURFACE('',#2553,2.5175);
#2258=CYLINDRICAL_SURFACE('',#2557,3.2);
#2259=CYLINDRICAL_SURFACE('',#2561,3.2);
#2260=CYLINDRICAL_SURFACE('',#2565,3.2);
#2261=CYLINDRICAL_SURFACE('',#2569,3.2);
#2262=CYLINDRICAL_SURFACE('',#2573,3.2);
#2263=CYLINDRICAL_SURFACE('',#2577,3.2);
#2264=CYLINDRICAL_SURFACE('',#2581,3.2);
#2265=CYLINDRICAL_SURFACE('',#2585,3.2);
#2266=ADVANCED_FACE('',(#83),#2174,.F.);
#2267=ADVANCED_FACE('',(#84),#2175,.F.);
#2268=ADVANCED_FACE('',(#85),#2176,.F.);
#2269=ADVANCED_FACE('',(#86),#2177,.F.);
#2270=ADVANCED_FACE('',(#87),#2178,.F.);
#2271=ADVANCED_FACE('',(#88),#2179,.F.);
#2272=ADVANCED_FACE('',(#89),#2180,.F.);
#2273=ADVANCED_FACE('',(#90),#2181,.F.);
#2274=ADVANCED_FACE('',(#91),#2182,.F.);
#2275=ADVANCED_FACE('',(#92),#2183,.F.);
#2276=ADVANCED_FACE('',(#93),#2184,.F.);
#2277=ADVANCED_FACE('',(#94),#2185,.F.);
#2278=ADVANCED_FACE('',(#95),#2186,.F.);
#2279=ADVANCED_FACE('',(#96),#2187,.F.);
#2280=ADVANCED_FACE('',(#97),#2188,.F.);
#2281=ADVANCED_FACE('',(#98),#2189,.F.);
#2282=ADVANCED_FACE('',(#99),#2190,.F.);
#2283=ADVANCED_FACE('',(#100),#2191,.F.);
#2284=ADVANCED_FACE('',(#101),#2192,.F.);
#2285=ADVANCED_FACE('',(#102),#2193,.F.);
#2286=ADVANCED_FACE('',(#103),#2194,.F.);
#2287=ADVANCED_FACE('',(#104),#2195,.F.);
#2288=ADVANCED_FACE('',(#105),#2196,.F.);
#2289=ADVANCED_FACE('',(#106),#2197,.F.);
#2290=ADVANCED_FACE('',(#107),#2198,.F.);
#2291=ADVANCED_FACE('',(#108),#2199,.F.);
#2292=ADVANCED_FACE('',(#109),#2200,.F.);
#2293=ADVANCED_FACE('',(#110),#2201,.F.);
#2294=ADVANCED_FACE('',(#111),#2202,.F.);
#2295=ADVANCED_FACE('',(#112),#2203,.F.);
#2296=ADVANCED_FACE('',(#113),#2204,.F.);
#2297=ADVANCED_FACE('',(#114),#2205,.F.);
#2298=ADVANCED_FACE('',(#115),#2206,.F.);
#2299=ADVANCED_FACE('',(#116),#2207,.F.);
#2300=ADVANCED_FACE('',(#117),#2208,.F.);
#2301=ADVANCED_FACE('',(#118),#2209,.F.);
#2302=ADVANCED_FACE('',(#119),#2210,.F.);
#2303=ADVANCED_FACE('',(#120),#2211,.F.);
#2304=ADVANCED_FACE('',(#121),#2212,.F.);
#2305=ADVANCED_FACE('',(#122),#2213,.F.);
#2306=ADVANCED_FACE('',(#123),#2214,.F.);
#2307=ADVANCED_FACE('',(#124),#2215,.F.);
#2308=ADVANCED_FACE('',(#125),#2216,.F.);
#2309=ADVANCED_FACE('',(#126),#2217,.F.);
#2310=ADVANCED_FACE('',(#127),#2218,.F.);
#2311=ADVANCED_FACE('',(#128),#2219,.F.);
#2312=ADVANCED_FACE('',(#129),#2220,.F.);
#2313=ADVANCED_FACE('',(#130),#2221,.F.);
#2314=ADVANCED_FACE('',(#131),#2222,.F.);
#2315=ADVANCED_FACE('',(#132),#2223,.F.);
#2316=ADVANCED_FACE('',(#133),#2224,.F.);
#2317=ADVANCED_FACE('',(#134),#2225,.F.);
#2318=ADVANCED_FACE('',(#135),#2226,.F.);
#2319=ADVANCED_FACE('',(#136),#2227,.F.);
#2320=ADVANCED_FACE('',(#137),#2228,.F.);
#2321=ADVANCED_FACE('',(#138),#2229,.F.);
#2322=ADVANCED_FACE('',(#139),#2230,.F.);
#2323=ADVANCED_FACE('',(#140),#2231,.F.);
#2324=ADVANCED_FACE('',(#141),#2232,.F.);
#2325=ADVANCED_FACE('',(#142),#2233,.F.);
#2326=ADVANCED_FACE('',(#143),#2234,.F.);
#2327=ADVANCED_FACE('',(#144),#2235,.F.);
#2328=ADVANCED_FACE('',(#145),#2236,.F.);
#2329=ADVANCED_FACE('',(#146),#2237,.F.);
#2330=ADVANCED_FACE('',(#147),#2238,.T.);
#2331=ADVANCED_FACE('',(#148,#39,#40,#41,#42,#43,#44,#45,#46),#72,.F.);
#2332=ADVANCED_FACE('',(#149,#47,#48),#73,.T.);
#2333=ADVANCED_FACE('',(#150),#2239,.T.);
#2334=ADVANCED_FACE('',(#151),#2240,.T.);
#2335=ADVANCED_FACE('',(#152,#49,#50),#74,.T.);
#2336=ADVANCED_FACE('',(#153,#51),#75,.T.);
#2337=ADVANCED_FACE('',(#154),#2241,.T.);
#2338=ADVANCED_FACE('',(#155,#52,#53),#76,.T.);
#2339=ADVANCED_FACE('',(#156),#2242,.F.);
#2340=ADVANCED_FACE('',(#157),#23,.F.);
#2341=ADVANCED_FACE('',(#158),#24,.F.);
#2342=ADVANCED_FACE('',(#159,#54,#55),#77,.T.);
#2343=ADVANCED_FACE('',(#160),#2243,.F.);
#2344=ADVANCED_FACE('',(#161),#25,.F.);
#2345=ADVANCED_FACE('',(#162),#26,.F.);
#2346=ADVANCED_FACE('',(#163),#2244,.F.);
#2347=ADVANCED_FACE('',(#164),#2245,.F.);
#2348=ADVANCED_FACE('',(#165),#27,.F.);
#2349=ADVANCED_FACE('',(#166),#28,.F.);
#2350=ADVANCED_FACE('',(#167),#29,.F.);
#2351=ADVANCED_FACE('',(#168),#30,.F.);
#2352=ADVANCED_FACE('',(#169),#2246,.F.);
#2353=ADVANCED_FACE('',(#170),#2247,.F.);
#2354=ADVANCED_FACE('',(#171),#2248,.F.);
#2355=ADVANCED_FACE('',(#172),#2249,.F.);
#2356=ADVANCED_FACE('',(#173),#2250,.F.);
#2357=ADVANCED_FACE('',(#174),#2251,.F.);
#2358=ADVANCED_FACE('',(#175),#31,.F.);
#2359=ADVANCED_FACE('',(#176),#32,.F.);
#2360=ADVANCED_FACE('',(#177),#33,.F.);
#2361=ADVANCED_FACE('',(#178),#34,.F.);
#2362=ADVANCED_FACE('',(#179,#56,#57),#78,.T.);
#2363=ADVANCED_FACE('',(#180),#2252,.F.);
#2364=ADVANCED_FACE('',(#181),#2253,.F.);
#2365=ADVANCED_FACE('',(#182),#35,.F.);
#2366=ADVANCED_FACE('',(#183),#36,.F.);
#2367=ADVANCED_FACE('',(#184),#37,.F.);
#2368=ADVANCED_FACE('',(#185),#38,.F.);
#2369=ADVANCED_FACE('',(#186),#2254,.F.);
#2370=ADVANCED_FACE('',(#187),#2255,.F.);
#2371=ADVANCED_FACE('',(#188),#2256,.F.);
#2372=ADVANCED_FACE('',(#189),#2257,.F.);
#2373=ADVANCED_FACE('',(#190),#15,.F.);
#2374=ADVANCED_FACE('',(#191),#2258,.F.);
#2375=ADVANCED_FACE('',(#192),#16,.F.);
#2376=ADVANCED_FACE('',(#193),#2259,.F.);
#2377=ADVANCED_FACE('',(#194),#17,.F.);
#2378=ADVANCED_FACE('',(#195),#2260,.F.);
#2379=ADVANCED_FACE('',(#196),#18,.F.);
#2380=ADVANCED_FACE('',(#197),#2261,.F.);
#2381=ADVANCED_FACE('',(#198),#19,.F.);
#2382=ADVANCED_FACE('',(#199),#2262,.F.);
#2383=ADVANCED_FACE('',(#200),#20,.F.);
#2384=ADVANCED_FACE('',(#201),#2263,.F.);
#2385=ADVANCED_FACE('',(#202),#21,.F.);
#2386=ADVANCED_FACE('',(#203),#2264,.F.);
#2387=ADVANCED_FACE('',(#204),#22,.F.);
#2388=ADVANCED_FACE('',(#205),#2265,.F.);
#2389=ADVANCED_FACE('',(#206,#58,#59),#79,.T.);
#2390=ADVANCED_FACE('',(#207,#60,#61),#80,.T.);
#2391=ADVANCED_FACE('',(#208,#62,#63),#81,.T.);
#2392=ADVANCED_FACE('',(#209,#64,#65,#66,#67,#68,#69,#70,#71),#82,.T.);
#2393=CLOSED_SHELL('',(#2266,#2267,#2268,#2269,#2270,#2271,#2272,#2273,
#2274,#2275,#2276,#2277,#2278,#2279,#2280,#2281,#2282,#2283,#2284,#2285,
#2286,#2287,#2288,#2289,#2290,#2291,#2292,#2293,#2294,#2295,#2296,#2297,
#2298,#2299,#2300,#2301,#2302,#2303,#2304,#2305,#2306,#2307,#2308,#2309,
#2310,#2311,#2312,#2313,#2314,#2315,#2316,#2317,#2318,#2319,#2320,#2321,
#2322,#2323,#2324,#2325,#2326,#2327,#2328,#2329,#2330,#2331,#2332,#2333,
#2334,#2335,#2336,#2337,#2338,#2339,#2340,#2341,#2342,#2343,#2344,#2345,
#2346,#2347,#2348,#2349,#2350,#2351,#2352,#2353,#2354,#2355,#2356,#2357,
#2358,#2359,#2360,#2361,#2362,#2363,#2364,#2365,#2366,#2367,#2368,#2369,
#2370,#2371,#2372,#2373,#2374,#2375,#2376,#2377,#2378,#2379,#2380,#2381,
#2382,#2383,#2384,#2385,#2386,#2387,#2388,#2389,#2390,#2391,#2392));
#2394=DERIVED_UNIT_ELEMENT(#2396,1.);
#2395=DERIVED_UNIT_ELEMENT(#10563,-3.);
#2396=(
MASS_UNIT()
NAMED_UNIT(*)
SI_UNIT(.KILO.,.GRAM.)
);
#2397=DERIVED_UNIT((#2394,#2395));
#2398=MEASURE_REPRESENTATION_ITEM('density measure',
POSITIVE_RATIO_MEASURE(7850.),#2397);
#2399=PROPERTY_DEFINITION_REPRESENTATION(#2404,#2401);
#2400=PROPERTY_DEFINITION_REPRESENTATION(#2405,#2402);
#2401=REPRESENTATION('material name',(#2403),#10560);
#2402=REPRESENTATION('density',(#2398),#10560);
#2403=DESCRIPTIVE_REPRESENTATION_ITEM('Steel','Steel');
#2404=PROPERTY_DEFINITION('material property','material name',#10570);
#2405=PROPERTY_DEFINITION('material property','density of part',#10570);
#2406=AXIS2_PLACEMENT_3D('',#3066,#2590,#2591);
#2407=AXIS2_PLACEMENT_3D('',#3067,#2592,#2593);
#2408=AXIS2_PLACEMENT_3D('',#3072,#2595,#2596);
#2409=AXIS2_PLACEMENT_3D('',#3077,#2597,#2598);
#2410=AXIS2_PLACEMENT_3D('',#3101,#2600,#2601);
#2411=AXIS2_PLACEMENT_3D('',#3127,#2602,#2603);
#2412=AXIS2_PLACEMENT_3D('',#3175,#2605,#2606);
#2413=AXIS2_PLACEMENT_3D('',#3194,#2608,#2609);
#2414=AXIS2_PLACEMENT_3D('',#3214,#2610,#2611);
#2415=AXIS2_PLACEMENT_3D('',#3219,#2613,#2614);
#2416=AXIS2_PLACEMENT_3D('',#3224,#2615,#2616);
#2417=AXIS2_PLACEMENT_3D('',#3248,#2618,#2619);
#2418=AXIS2_PLACEMENT_3D('',#3274,#2620,#2621);
#2419=AXIS2_PLACEMENT_3D('',#3322,#2623,#2624);
#2420=AXIS2_PLACEMENT_3D('',#3341,#2626,#2627);
#2421=AXIS2_PLACEMENT_3D('',#3361,#2628,#2629);
#2422=AXIS2_PLACEMENT_3D('',#3366,#2631,#2632);
#2423=AXIS2_PLACEMENT_3D('',#3371,#2633,#2634);
#2424=AXIS2_PLACEMENT_3D('',#3395,#2636,#2637);
#2425=AXIS2_PLACEMENT_3D('',#3421,#2638,#2639);
#2426=AXIS2_PLACEMENT_3D('',#3469,#2641,#2642);
#2427=AXIS2_PLACEMENT_3D('',#3488,#2644,#2645);
#2428=AXIS2_PLACEMENT_3D('',#3508,#2646,#2647);
#2429=AXIS2_PLACEMENT_3D('',#3513,#2649,#2650);
#2430=AXIS2_PLACEMENT_3D('',#3518,#2651,#2652);
#2431=AXIS2_PLACEMENT_3D('',#3542,#2654,#2655);
#2432=AXIS2_PLACEMENT_3D('',#3568,#2656,#2657);
#2433=AXIS2_PLACEMENT_3D('',#3616,#2659,#2660);
#2434=AXIS2_PLACEMENT_3D('',#3635,#2662,#2663);
#2435=AXIS2_PLACEMENT_3D('',#3655,#2664,#2665);
#2436=AXIS2_PLACEMENT_3D('',#3667,#2667,#2668);
#2437=AXIS2_PLACEMENT_3D('',#3675,#2669,#2670);
#2438=AXIS2_PLACEMENT_3D('',#3700,#2672,#2673);
#2439=AXIS2_PLACEMENT_3D('',#3725,#2675,#2676);
#2440=AXIS2_PLACEMENT_3D('',#3738,#2678,#2679);
#2441=AXIS2_PLACEMENT_3D('',#3746,#2680,#2681);
#2442=AXIS2_PLACEMENT_3D('',#3758,#2683,#2684);
#2443=AXIS2_PLACEMENT_3D('',#3766,#2685,#2686);
#2444=AXIS2_PLACEMENT_3D('',#3791,#2688,#2689);
#2445=AXIS2_PLACEMENT_3D('',#3816,#2691,#2692);
#2446=AXIS2_PLACEMENT_3D('',#3827,#2694,#2695);
#2447=AXIS2_PLACEMENT_3D('',#3833,#2696,#2697);
#2448=AXIS2_PLACEMENT_3D('',#3845,#2699,#2700);
#2449=AXIS2_PLACEMENT_3D('',#3853,#2701,#2702);
#2450=AXIS2_PLACEMENT_3D('',#3878,#2704,#2705);
#2451=AXIS2_PLACEMENT_3D('',#3903,#2707,#2708);
#2452=AXIS2_PLACEMENT_3D('',#3916,#2710,#2711);
#2453=AXIS2_PLACEMENT_3D('',#3924,#2712,#2713);
#2454=AXIS2_PLACEMENT_3D('',#3936,#2715,#2716);
#2455=AXIS2_PLACEMENT_3D('',#3944,#2717,#2718);
#2456=AXIS2_PLACEMENT_3D('',#3969,#2720,#2721);
#2457=AXIS2_PLACEMENT_3D('',#3994,#2723,#2724);
#2458=AXIS2_PLACEMENT_3D('',#4005,#2726,#2727);
#2459=AXIS2_PLACEMENT_3D('',#4011,#2728,#2729);
#2460=AXIS2_PLACEMENT_3D('',#4016,#2731,#2732);
#2461=AXIS2_PLACEMENT_3D('',#4021,#2733,#2734);
#2462=AXIS2_PLACEMENT_3D('',#4045,#2736,#2737);
#2463=AXIS2_PLACEMENT_3D('',#4071,#2738,#2739);
#2464=AXIS2_PLACEMENT_3D('',#4119,#2741,#2742);
#2465=AXIS2_PLACEMENT_3D('',#4138,#2744,#2745);
#2466=AXIS2_PLACEMENT_3D('',#4158,#2746,#2747);
#2467=AXIS2_PLACEMENT_3D('',#4163,#2749,#2750);
#2468=AXIS2_PLACEMENT_3D('',#4168,#2751,#2752);
#2469=AXIS2_PLACEMENT_3D('',#4192,#2754,#2755);
#2470=AXIS2_PLACEMENT_3D('',#4218,#2756,#2757);
#2471=AXIS2_PLACEMENT_3D('',#4266,#2759,#2760);
#2472=AXIS2_PLACEMENT_3D('',#4285,#2762,#2763);
#2473=AXIS2_PLACEMENT_3D('',#4305,#2764,#2765);
#2474=AXIS2_PLACEMENT_3D('',#4310,#2767,#2768);
#2475=AXIS2_PLACEMENT_3D('',#4315,#2769,#2770);
#2476=AXIS2_PLACEMENT_3D('',#4339,#2772,#2773);
#2477=AXIS2_PLACEMENT_3D('',#4365,#2774,#2775);
#2478=AXIS2_PLACEMENT_3D('',#4413,#2777,#2778);
#2479=AXIS2_PLACEMENT_3D('',#4432,#2780,#2781);
#2480=AXIS2_PLACEMENT_3D('',#4452,#2782,#2783);
#2481=AXIS2_PLACEMENT_3D('',#4457,#2785,#2786);
#2482=AXIS2_PLACEMENT_3D('',#4462,#2787,#2788);
#2483=AXIS2_PLACEMENT_3D('',#4486,#2790,#2791);
#2484=AXIS2_PLACEMENT_3D('',#4512,#2792,#2793);
#2485=AXIS2_PLACEMENT_3D('',#4560,#2795,#2796);
#2486=AXIS2_PLACEMENT_3D('',#4579,#2798,#2799);
#2487=AXIS2_PLACEMENT_3D('',#4599,#2800,#2801);
#2488=AXIS2_PLACEMENT_3D('',#4611,#2803,#2804);
#2489=AXIS2_PLACEMENT_3D('',#4625,#2805,#2806);
#2490=AXIS2_PLACEMENT_3D('',#4662,#2808,#2809);
#2491=AXIS2_PLACEMENT_3D('',#4687,#2811,#2812);
#2492=AXIS2_PLACEMENT_3D('',#4700,#2814,#2815);
#2493=AXIS2_PLACEMENT_3D('',#4706,#2816,#2817);
#2494=AXIS2_PLACEMENT_3D('',#4718,#2819,#2820);
#2495=AXIS2_PLACEMENT_3D('',#4726,#2821,#2822);
#2496=AXIS2_PLACEMENT_3D('',#4751,#2824,#2825);
#2497=AXIS2_PLACEMENT_3D('',#4776,#2827,#2828);
#2498=AXIS2_PLACEMENT_3D('',#4787,#2830,#2831);
#2499=AXIS2_PLACEMENT_3D('',#4793,#2832,#2833);
#2500=AXIS2_PLACEMENT_3D('',#4805,#2835,#2836);
#2501=AXIS2_PLACEMENT_3D('',#4813,#2837,#2838);
#2502=AXIS2_PLACEMENT_3D('',#4838,#2840,#2841);
#2503=AXIS2_PLACEMENT_3D('',#4863,#2843,#2844);
#2504=AXIS2_PLACEMENT_3D('',#4874,#2846,#2847);
#2505=AXIS2_PLACEMENT_3D('',#4880,#2848,#2849);
#2506=AXIS2_PLACEMENT_3D('',#4892,#2851,#2852);
#2507=AXIS2_PLACEMENT_3D('',#4900,#2853,#2854);
#2508=AXIS2_PLACEMENT_3D('',#4925,#2856,#2857);
#2509=AXIS2_PLACEMENT_3D('',#4964,#2859,#2860);
#2510=AXIS2_PLACEMENT_3D('',#4977,#2862,#2863);
#2511=AXIS2_PLACEMENT_3D('',#4985,#2864,#2865);
#2512=AXIS2_PLACEMENT_3D('',#4988,#2866,#2867);
#2513=AXIS2_PLACEMENT_3D('',#4992,#2869,#2870);
#2514=AXIS2_PLACEMENT_3D('',#4994,#2872,#2873);
#2515=AXIS2_PLACEMENT_3D('',#4998,#2875,#2876);
#2516=AXIS2_PLACEMENT_3D('',#5002,#2878,#2879);
#2517=AXIS2_PLACEMENT_3D('',#5006,#2881,#2882);
#2518=AXIS2_PLACEMENT_3D('',#5009,#2884,#2885);
#2519=AXIS2_PLACEMENT_3D('',#5011,#2886,#2887);
#2520=AXIS2_PLACEMENT_3D('',#5013,#2888,#2889);
#2521=AXIS2_PLACEMENT_3D('',#5015,#2890,#2891);
#2522=AXIS2_PLACEMENT_3D('',#5017,#2892,#2893);
#2523=AXIS2_PLACEMENT_3D('',#5019,#2894,#2895);
#2524=AXIS2_PLACEMENT_3D('',#5021,#2896,#2897);
#2525=AXIS2_PLACEMENT_3D('',#5023,#2898,#2899);
#2526=AXIS2_PLACEMENT_3D('',#5024,#2900,#2901);
#2527=AXIS2_PLACEMENT_3D('',#5392,#2904,#2905);
#2528=AXIS2_PLACEMENT_3D('',#5394,#2906,#2907);
#2529=AXIS2_PLACEMENT_3D('',#5396,#2909,#2910);
#2530=AXIS2_PLACEMENT_3D('',#5399,#2911,#2912);
#2531=AXIS2_PLACEMENT_3D('',#5402,#2915,#2916);
#2532=AXIS2_PLACEMENT_3D('',#5770,#2919,#2920);
#2533=AXIS2_PLACEMENT_3D('',#5773,#2922,#2923);
#2534=AXIS2_PLACEMENT_3D('',#5783,#2929,#2930);
#2535=AXIS2_PLACEMENT_3D('',#5785,#2932,#2933);
#2536=AXIS2_PLACEMENT_3D('',#6150,#2934,#2935);
#2537=AXIS2_PLACEMENT_3D('',#6659,#2936,#2937);
#2538=AXIS2_PLACEMENT_3D('',#6844,#2941,#2942);
#2539=AXIS2_PLACEMENT_3D('',#7327,#2943,#2944);
#2540=AXIS2_PLACEMENT_3D('',#7349,#2945,#2946);
#2541=AXIS2_PLACEMENT_3D('',#8126,#2947,#2948);
#2542=AXIS2_PLACEMENT_3D('',#8127,#2949,#2950);
#2543=AXIS2_PLACEMENT_3D('',#8128,#2951,#2952);
#2544=AXIS2_PLACEMENT_3D('',#8129,#2953,#2954);
#2545=AXIS2_PLACEMENT_3D('',#8130,#2955,#2956);
#2546=AXIS2_PLACEMENT_3D('',#8152,#2957,#2958);
#2547=AXIS2_PLACEMENT_3D('',#9304,#2959,#2960);
#2548=AXIS2_PLACEMENT_3D('',#9487,#2963,#2964);
#2549=AXIS2_PLACEMENT_3D('',#9509,#2965,#2966);
#2550=AXIS2_PLACEMENT_3D('',#10482,#2967,#2968);
#2551=AXIS2_PLACEMENT_3D('',#10483,#2969,#2970);
#2552=AXIS2_PLACEMENT_3D('',#10484,#2971,#2972);
#2553=AXIS2_PLACEMENT_3D('',#10485,#2973,#2974);
#2554=AXIS2_PLACEMENT_3D('',#10486,#2975,#2976);
#2555=AXIS2_PLACEMENT_3D('',#10488,#2977,#2978);
#2556=AXIS2_PLACEMENT_3D('',#10491,#2980,#2981);
#2557=AXIS2_PLACEMENT_3D('',#10492,#2982,#2983);
#2558=AXIS2_PLACEMENT_3D('',#10494,#2985,#2986);
#2559=AXIS2_PLACEMENT_3D('',#10496,#2987,#2988);
#2560=AXIS2_PLACEMENT_3D('',#10499,#2990,#2991);
#2561=AXIS2_PLACEMENT_3D('',#10500,#2992,#2993);
#2562=AXIS2_PLACEMENT_3D('',#10502,#2995,#2996);
#2563=AXIS2_PLACEMENT_3D('',#10504,#2997,#2998);
#2564=AXIS2_PLACEMENT_3D('',#10507,#3000,#3001);
#2565=AXIS2_PLACEMENT_3D('',#10508,#3002,#3003);
#2566=AXIS2_PLACEMENT_3D('',#10510,#3005,#3006);
#2567=AXIS2_PLACEMENT_3D('',#10512,#3007,#3008);
#2568=AXIS2_PLACEMENT_3D('',#10515,#3010,#3011);
#2569=AXIS2_PLACEMENT_3D('',#10516,#3012,#3013);
#2570=AXIS2_PLACEMENT_3D('',#10518,#3015,#3016);
#2571=AXIS2_PLACEMENT_3D('',#10520,#3017,#3018);
#2572=AXIS2_PLACEMENT_3D('',#10523,#3020,#3021);
#2573=AXIS2_PLACEMENT_3D('',#10524,#3022,#3023);
#2574=AXIS2_PLACEMENT_3D('',#10526,#3025,#3026);
#2575=AXIS2_PLACEMENT_3D('',#10528,#3027,#3028);
#2576=AXIS2_PLACEMENT_3D('',#10531,#3030,#3031);
#2577=AXIS2_PLACEMENT_3D('',#10532,#3032,#3033);
#2578=AXIS2_PLACEMENT_3D('',#10534,#3035,#3036);
#2579=AXIS2_PLACEMENT_3D('',#10536,#3037,#3038);
#2580=AXIS2_PLACEMENT_3D('',#10539,#3040,#3041);
#2581=AXIS2_PLACEMENT_3D('',#10540,#3042,#3043);
#2582=AXIS2_PLACEMENT_3D('',#10542,#3045,#3046);
#2583=AXIS2_PLACEMENT_3D('',#10544,#3047,#3048);
#2584=AXIS2_PLACEMENT_3D('',#10547,#3050,#3051);
#2585=AXIS2_PLACEMENT_3D('',#10548,#3052,#3053);
#2586=AXIS2_PLACEMENT_3D('',#10550,#3055,#3056);
#2587=AXIS2_PLACEMENT_3D('',#10554,#3059,#3060);
#2588=AXIS2_PLACEMENT_3D('',#10556,#3062,#3063);
#2589=AXIS2_PLACEMENT_3D('',#10557,#3064,#3065);
#2590=DIRECTION('axis',(0.,0.,1.));
#2591=DIRECTION('refdir',(1.,0.,0.));
#2592=DIRECTION('center_axis',(0.,1.,0.));
#2593=DIRECTION('ref_axis',(0.418342610339363,0.,0.908289304337802));
#2594=DIRECTION('',(0.,1.,0.));
#2595=DIRECTION('center_axis',(0.,-1.,0.));
#2596=DIRECTION('ref_axis',(0.,0.,-1.));
#2597=DIRECTION('center_axis',(0.,1.,0.));
#2598=DIRECTION('ref_axis',(0.,0.,-1.));
#2599=DIRECTION('',(0.,1.,0.));
#2600=DIRECTION('center_axis',(0.,-1.,0.));
#2601=DIRECTION('ref_axis',(0.,0.,-1.));
#2602=DIRECTION('center_axis',(0.,1.,0.));
#2603=DIRECTION('ref_axis',(0.,0.,-1.));
#2604=DIRECTION('',(0.,1.,0.));
#2605=DIRECTION('center_axis',(0.,1.,0.));
#2606=DIRECTION('ref_axis',(-0.346628143967279,0.,-0.938002627826703));
#2607=DIRECTION('',(0.,1.,0.));
#2608=DIRECTION('center_axis',(0.,-1.,0.));
#2609=DIRECTION('ref_axis',(0.,0.,-1.));
#2610=DIRECTION('center_axis',(0.,1.,0.));
#2611=DIRECTION('ref_axis',(0.418342626176055,0.,0.908289297043691));
#2612=DIRECTION('',(0.,1.,0.));
#2613=DIRECTION('center_axis',(-1.39049459052857E-16,1.,0.));
#2614=DIRECTION('ref_axis',(0.,0.,-1.));
#2615=DIRECTION('center_axis',(0.,1.,0.));
#2616=DIRECTION('ref_axis',(0.,0.,-1.));
#2617=DIRECTION('',(0.,1.,0.));
#2618=DIRECTION('center_axis',(-1.39049459052857E-16,1.,0.));
#2619=DIRECTION('ref_axis',(0.,0.,-1.));
#2620=DIRECTION('center_axis',(0.,1.,0.));
#2621=DIRECTION('ref_axis',(0.,0.,-1.));
#2622=DIRECTION('',(0.,1.,0.));
#2623=DIRECTION('center_axis',(0.,1.,0.));
#2624=DIRECTION('ref_axis',(-0.346628160568947,0.,-0.938002621691746));
#2625=DIRECTION('',(0.,1.,0.));
#2626=DIRECTION('center_axis',(-1.30855015793757E-16,1.,0.));
#2627=DIRECTION('ref_axis',(0.,0.,-1.));
#2628=DIRECTION('center_axis',(0.,1.,0.));
#2629=DIRECTION('ref_axis',(0.418342648157372,0.,0.908289286919469));
#2630=DIRECTION('',(0.,1.,0.));
#2631=DIRECTION('center_axis',(0.,-1.,0.));
#2632=DIRECTION('ref_axis',(0.,0.,-1.));
#2633=DIRECTION('center_axis',(0.,1.,0.));
#2634=DIRECTION('ref_axis',(0.,0.,-1.));
#2635=DIRECTION('',(0.,1.,0.));
#2636=DIRECTION('center_axis',(0.,-1.,0.));
#2637=DIRECTION('ref_axis',(0.,0.,-1.));
#2638=DIRECTION('center_axis',(0.,1.,0.));
#2639=DIRECTION('ref_axis',(0.,0.,-1.));
#2640=DIRECTION('',(0.,1.,0.));
#2641=DIRECTION('center_axis',(0.,1.,0.));
#2642=DIRECTION('ref_axis',(-0.346628246002501,0.,-0.938002590120747));
#2643=DIRECTION('',(0.,1.,0.));
#2644=DIRECTION('center_axis',(0.,-1.,0.));
#2645=DIRECTION('ref_axis',(0.,0.,-1.));
#2646=DIRECTION('center_axis',(0.,1.,0.));
#2647=DIRECTION('ref_axis',(0.418342589005624,0.,0.908289314163759));
#2648=DIRECTION('',(0.,1.,0.));
#2649=DIRECTION('center_axis',(-1.39049459052857E-16,1.,0.));
#2650=DIRECTION('ref_axis',(0.,0.,-1.));
#2651=DIRECTION('center_axis',(0.,1.,0.));
#2652=DIRECTION('ref_axis',(0.,0.,-1.));
#2653=DIRECTION('',(0.,1.,0.));
#2654=DIRECTION('center_axis',(-1.39049459052857E-16,1.,0.));
#2655=DIRECTION('ref_axis',(0.,0.,-1.));
#2656=DIRECTION('center_axis',(0.,1.,0.));
#2657=DIRECTION('ref_axis',(0.,0.,-1.));
#2658=DIRECTION('',(0.,1.,0.));
#2659=DIRECTION('center_axis',(0.,1.,0.));
#2660=DIRECTION('ref_axis',(-0.346628195337745,0.,-0.938002608843333));
#2661=DIRECTION('',(0.,1.,0.));
#2662=DIRECTION('center_axis',(-1.30855015793757E-16,1.,0.));
#2663=DIRECTION('ref_axis',(0.,0.,-1.));
#2664=DIRECTION('center_axis',(0.,1.,0.));
#2665=DIRECTION('ref_axis',(0.991493160666925,0.,-0.130158796670493));
#2666=DIRECTION('',(1.85427444565485E-28,1.,-1.22464679914735E-16));
#2667=DIRECTION('center_axis',(0.,-1.,0.));
#2668=DIRECTION('ref_axis',(1.51425245460506E-12,0.,-1.));
#2669=DIRECTION('center_axis',(0.,1.,0.));
#2670=DIRECTION('ref_axis',(1.51425245460506E-12,0.,-1.));
#2671=DIRECTION('',(1.85427444565485E-28,1.,-1.22464679914735E-16));
#2672=DIRECTION('center_axis',(0.,1.,0.));
#2673=DIRECTION('ref_axis',(1.51425245460506E-12,0.,-1.));
#2674=DIRECTION('',(1.85427444565485E-28,1.,-1.22464679914735E-16));
#2675=DIRECTION('center_axis',(0.,1.,0.));
#2676=DIRECTION('ref_axis',(-0.793121462478922,0.,0.609063498951706));
#2677=DIRECTION('',(1.85427444565485E-28,1.,-1.22464679914735E-16));
#2678=DIRECTION('center_axis',(0.,-1.,0.));
#2679=DIRECTION('ref_axis',(1.51425245460506E-12,0.,-1.));
#2680=DIRECTION('center_axis',(0.,1.,0.));
#2681=DIRECTION('ref_axis',(0.991493162979866,0.,-0.130158779051512));
#2682=DIRECTION('',(1.85427444565485E-28,1.,-1.22464679914735E-16));
#2683=DIRECTION('center_axis',(-1.39049459052857E-16,1.,0.));
#2684=DIRECTION('ref_axis',(1.51425245460506E-12,0.,-1.));
#2685=DIRECTION('center_axis',(0.,1.,0.));
#2686=DIRECTION('ref_axis',(1.51425245460506E-12,0.,-1.));
#2687=DIRECTION('',(1.85427444565485E-28,1.,-1.22464679914735E-16));
#2688=DIRECTION('center_axis',(0.,1.,0.));
#2689=DIRECTION('ref_axis',(1.51425245460506E-12,0.,-1.));
#2690=DIRECTION('',(1.85427444565485E-28,1.,-1.22464679914735E-16));
#2691=DIRECTION('center_axis',(0.,1.,0.));
#2692=DIRECTION('ref_axis',(-0.793121474669693,0.,0.609063483076905));
#2693=DIRECTION('',(1.85427444565485E-28,1.,-1.22464679914735E-16));
#2694=DIRECTION('center_axis',(-1.30855015793757E-16,1.,0.));
#2695=DIRECTION('ref_axis',(1.51425245460506E-12,0.,-1.));
#2696=DIRECTION('center_axis',(0.,1.,0.));
#2697=DIRECTION('ref_axis',(0.991493174802431,0.,-0.13015868899231));
#2698=DIRECTION('',(1.86135240146261E-28,1.,-1.22464679914735E-16));
#2699=DIRECTION('center_axis',(0.,-1.,0.));
#2700=DIRECTION('ref_axis',(1.52003204412645E-12,0.,-1.));
#2701=DIRECTION('center_axis',(0.,1.,0.));
#2702=DIRECTION('ref_axis',(1.52003204412645E-12,0.,-1.));
#2703=DIRECTION('',(1.86135240146261E-28,1.,-1.22464679914735E-16));
#2704=DIRECTION('center_axis',(0.,1.,0.));
#2705=DIRECTION('ref_axis',(1.52003204412645E-12,0.,-1.));
#2706=DIRECTION('',(1.86135240146261E-28,1.,-1.22464679914735E-16));
#2707=DIRECTION('center_axis',(0.,1.,0.));
#2708=DIRECTION('ref_axis',(-0.79312149160983,0.,0.609063461017486));
#2709=DIRECTION('',(1.86135240146261E-28,1.,-1.22464679914735E-16));
#2710=DIRECTION('center_axis',(0.,-1.,0.));
#2711=DIRECTION('ref_axis',(1.52003204412645E-12,0.,-1.));
#2712=DIRECTION('center_axis',(0.,1.,0.));
#2713=DIRECTION('ref_axis',(0.991493167728434,0.,-0.130158742878977));
#2714=DIRECTION('',(1.86135240146261E-28,1.,-1.22464679914735E-16));
#2715=DIRECTION('center_axis',(-1.39049459052857E-16,1.,0.));
#2716=DIRECTION('ref_axis',(1.52003204412645E-12,0.,-1.));
#2717=DIRECTION('center_axis',(0.,1.,0.));
#2718=DIRECTION('ref_axis',(1.52003204412645E-12,0.,-1.));
#2719=DIRECTION('',(1.86135240146261E-28,1.,-1.22464679914735E-16));
#2720=DIRECTION('center_axis',(0.,1.,0.));
#2721=DIRECTION('ref_axis',(1.52003204412645E-12,0.,-1.));
#2722=DIRECTION('',(1.86135240146261E-28,1.,-1.22464679914735E-16));
#2723=DIRECTION('center_axis',(0.,1.,0.));
#2724=DIRECTION('ref_axis',(-0.793121446074734,0.,0.609063520313213));
#2725=DIRECTION('',(1.86135240146261E-28,1.,-1.22464679914735E-16));
#2726=DIRECTION('center_axis',(-1.30855015793757E-16,1.,0.));
#2727=DIRECTION('ref_axis',(1.52003204412645E-12,0.,-1.));
#2728=DIRECTION('center_axis',(1.,0.,0.));
#2729=DIRECTION('ref_axis',(0.,0.908289341911377,0.418342528761059));
#2730=DIRECTION('',(1.,0.,0.));
#2731=DIRECTION('center_axis',(1.,0.,0.));
#2732=DIRECTION('ref_axis',(0.,-1.,0.));
#2733=DIRECTION('center_axis',(1.,0.,0.));
#2734=DIRECTION('ref_axis',(0.,-1.,0.));
#2735=DIRECTION('',(1.,0.,0.));
#2736=DIRECTION('center_axis',(1.,0.,0.));
#2737=DIRECTION('ref_axis',(0.,-1.,0.));
#2738=DIRECTION('center_axis',(1.,0.,0.));
#2739=DIRECTION('ref_axis',(0.,-1.,0.));
#2740=DIRECTION('',(1.,0.,0.));
#2741=DIRECTION('center_axis',(1.,0.,0.));
#2742=DIRECTION('ref_axis',(0.,-0.938002636345421,-0.346628120914965));
#2743=DIRECTION('',(1.,0.,0.));
#2744=DIRECTION('center_axis',(1.,0.,0.));
#2745=DIRECTION('ref_axis',(0.,-1.,0.));
#2746=DIRECTION('center_axis',(1.,0.,0.));
#2747=DIRECTION('ref_axis',(0.,0.908289319621526,0.418342577155931));
#2748=DIRECTION('',(1.,0.,0.));
#2749=DIRECTION('center_axis',(-1.,1.8947806286936E-16,0.));
#2750=DIRECTION('ref_axis',(0.,-1.,0.));
#2751=DIRECTION('center_axis',(1.,0.,0.));
#2752=DIRECTION('ref_axis',(0.,-1.,0.));
#2753=DIRECTION('',(1.,0.,0.));
#2754=DIRECTION('center_axis',(-1.,1.8947806286936E-16,0.));
#2755=DIRECTION('ref_axis',(0.,-1.,0.));
#2756=DIRECTION('center_axis',(1.,0.,0.));
#2757=DIRECTION('ref_axis',(0.,-1.,0.));
#2758=DIRECTION('',(1.,0.,0.));
#2759=DIRECTION('center_axis',(1.,0.,0.));
#2760=DIRECTION('ref_axis',(0.,-0.938002613430456,-0.346628182924636));
#2761=DIRECTION('',(1.,0.,0.));
#2762=DIRECTION('center_axis',(-1.,2.07155316548134E-16,0.));
#2763=DIRECTION('ref_axis',(0.,-1.,0.));
#2764=DIRECTION('center_axis',(1.,0.,0.));
#2765=DIRECTION('ref_axis',(0.,0.908289297043675,0.418342626176089));
#2766=DIRECTION('',(1.,0.,0.));
#2767=DIRECTION('center_axis',(1.,0.,0.));
#2768=DIRECTION('ref_axis',(0.,-1.,0.));
#2769=DIRECTION('center_axis',(1.,0.,0.));
#2770=DIRECTION('ref_axis',(0.,-1.,0.));
#2771=DIRECTION('',(1.,0.,0.));
#2772=DIRECTION('center_axis',(1.,0.,0.));
#2773=DIRECTION('ref_axis',(0.,-1.,0.));
#2774=DIRECTION('center_axis',(1.,0.,0.));
#2775=DIRECTION('ref_axis',(0.,-1.,0.));
#2776=DIRECTION('',(1.,0.,0.));
#2777=DIRECTION('center_axis',(1.,0.,0.));
#2778=DIRECTION('ref_axis',(0.,-0.938002621691722,-0.346628160569012));
#2779=DIRECTION('',(1.,0.,0.));
#2780=DIRECTION('center_axis',(1.,0.,0.));
#2781=DIRECTION('ref_axis',(0.,-1.,0.));
#2782=DIRECTION('center_axis',(1.,0.,0.));
#2783=DIRECTION('ref_axis',(0.,0.908289304337799,0.41834261033937));
#2784=DIRECTION('',(1.,0.,0.));
#2785=DIRECTION('center_axis',(-1.,1.8947806286936E-16,0.));
#2786=DIRECTION('ref_axis',(0.,-1.,0.));
#2787=DIRECTION('center_axis',(1.,0.,0.));
#2788=DIRECTION('ref_axis',(0.,-1.,0.));
#2789=DIRECTION('',(1.,0.,0.));
#2790=DIRECTION('center_axis',(-1.,1.8947806286936E-16,0.));
#2791=DIRECTION('ref_axis',(0.,-1.,0.));
#2792=DIRECTION('center_axis',(1.,0.,0.));
#2793=DIRECTION('ref_axis',(0.,-1.,0.));
#2794=DIRECTION('',(1.,0.,0.));
#2795=DIRECTION('center_axis',(1.,0.,0.));
#2796=DIRECTION('ref_axis',(0.,-0.938002627826681,-0.346628143967337));
#2797=DIRECTION('',(1.,0.,0.));
#2798=DIRECTION('center_axis',(-1.,2.07155316548134E-16,0.));
#2799=DIRECTION('ref_axis',(0.,-1.,0.));
#2800=DIRECTION('center_axis',(1.,0.,0.));
#2801=DIRECTION('ref_axis',(0.,-0.130158796670049,0.991493160666984));
#2802=DIRECTION('',(1.,-1.22464679914735E-16,2.96639825194913E-28));
#2803=DIRECTION('center_axis',(-1.,1.8947806286936E-16,0.));
#2804=DIRECTION('ref_axis',(0.,-1.,2.42237045815399E-12));
#2805=DIRECTION('center_axis',(1.,0.,0.));
#2806=DIRECTION('ref_axis',(0.,-1.,2.42237045815399E-12));
#2807=DIRECTION('',(1.,-1.22464679914735E-16,2.96639825194913E-28));
#2808=DIRECTION('center_axis',(1.,0.,0.));
#2809=DIRECTION('ref_axis',(0.,-1.,2.42237045815399E-12));
#2810=DIRECTION('',(1.,-1.22464679914735E-16,2.96639825194913E-28));
#2811=DIRECTION('center_axis',(1.,0.,0.));
#2812=DIRECTION('ref_axis',(0.,0.609063498951483,-0.793121462479094));
#2813=DIRECTION('',(1.,-1.22464679914735E-16,2.96639825194913E-28));
#2814=DIRECTION('center_axis',(-1.,2.07155316548134E-16,0.));
#2815=DIRECTION('ref_axis',(0.,-1.,2.42237045815399E-12));
#2816=DIRECTION('center_axis',(1.,0.,0.));
#2817=DIRECTION('ref_axis',(0.,-0.130158779051082,0.991493162979923));
#2818=DIRECTION('',(1.,-1.22464679914735E-16,2.96639825194913E-28));
#2819=DIRECTION('center_axis',(1.,0.,0.));
#2820=DIRECTION('ref_axis',(0.,-1.,2.42237045815399E-12));
#2821=DIRECTION('center_axis',(1.,0.,0.));
#2822=DIRECTION('ref_axis',(0.,-1.,2.42237045815399E-12));
#2823=DIRECTION('',(1.,-1.22464679914735E-16,2.96639825194913E-28));
#2824=DIRECTION('center_axis',(1.,0.,0.));
#2825=DIRECTION('ref_axis',(0.,-1.,2.42237045815399E-12));
#2826=DIRECTION('',(1.,-1.22464679914735E-16,2.96639825194913E-28));
#2827=DIRECTION('center_axis',(1.,0.,0.));
#2828=DIRECTION('ref_axis',(0.,0.609063483076606,-0.793121474669922));
#2829=DIRECTION('',(1.,-1.22464679914735E-16,2.96639825194913E-28));
#2830=DIRECTION('center_axis',(1.,0.,0.));
#2831=DIRECTION('ref_axis',(0.,-1.,2.42237045815399E-12));
#2832=DIRECTION('center_axis',(1.,0.,0.));
#2833=DIRECTION('ref_axis',(0.,-0.130158821674068,0.991493157384567));
#2834=DIRECTION('',(1.,-1.22464679914735E-16,-1.49975978266186E-32));
#2835=DIRECTION('center_axis',(1.,0.,0.));
#2836=DIRECTION('ref_axis',(0.,-1.,0.));
#2837=DIRECTION('center_axis',(1.,0.,0.));
#2838=DIRECTION('ref_axis',(0.,-1.,0.));
#2839=DIRECTION('',(1.,-1.22464679914735E-16,-1.49975978266186E-32));
#2840=DIRECTION('center_axis',(1.,0.,0.));
#2841=DIRECTION('ref_axis',(0.,-1.,0.));
#2842=DIRECTION('',(1.,-1.22464679914735E-16,-1.49975978266186E-32));
#2843=DIRECTION('center_axis',(1.,0.,0.));
#2844=DIRECTION('ref_axis',(0.,0.609063580492776,-0.793121399860904));
#2845=DIRECTION('',(1.,-1.22464679914735E-16,-1.49975978266186E-32));
#2846=DIRECTION('center_axis',(1.,0.,0.));
#2847=DIRECTION('ref_axis',(0.,-1.,0.));
#2848=DIRECTION('center_axis',(1.,0.,0.));
#2849=DIRECTION('ref_axis',(0.,-0.130158756043941,0.991493166000197));
#2850=DIRECTION('',(1.,-1.22464679914735E-16,2.96551350747316E-28));
#2851=DIRECTION('center_axis',(-1.,1.8947806286936E-16,0.));
#2852=DIRECTION('ref_axis',(0.,-1.,2.42164800946382E-12));
#2853=DIRECTION('center_axis',(1.,0.,0.));
#2854=DIRECTION('ref_axis',(0.,-1.,2.42164800946382E-12));
#2855=DIRECTION('',(1.,-1.22464679914735E-16,2.96551350747316E-28));
#2856=DIRECTION('center_axis',(1.,0.,0.));
#2857=DIRECTION('ref_axis',(0.,-1.,2.42164800946382E-12));
#2858=DIRECTION('',(1.,-1.22464679914735E-16,2.96551350747316E-28));
#2859=DIRECTION('center_axis',(1.,0.,0.));
#2860=DIRECTION('ref_axis',(0.,0.609063532166399,-0.79312143697229));
#2861=DIRECTION('',(1.,-1.22464679914735E-16,2.96551350747316E-28));
#2862=DIRECTION('center_axis',(-1.,2.07155316548134E-16,0.));
#2863=DIRECTION('ref_axis',(0.,-1.,2.42164800946382E-12));
#2864=DIRECTION('center_axis',(0.,0.,1.));
#2865=DIRECTION('ref_axis',(-0.707106781186547,-0.707106781186547,0.));
#2866=DIRECTION('center_axis',(0.,0.,-1.));
#2867=DIRECTION('ref_axis',(-0.707106781186547,-0.707106781186547,0.));
#2868=DIRECTION('',(0.,0.,-1.));
#2869=DIRECTION('center_axis',(0.,0.,1.));
#2870=DIRECTION('ref_axis',(-0.707106781186547,-0.707106781186547,0.));
#2871=DIRECTION('',(0.,0.,1.));
#2872=DIRECTION('center_axis',(0.,0.,1.));
#2873=DIRECTION('ref_axis',(1.,0.,0.));
#2874=DIRECTION('',(0.,1.,0.));
#2875=DIRECTION('center_axis',(0.,0.,1.));
#2876=DIRECTION('ref_axis',(-0.707106781186547,0.707106781186547,0.));
#2877=DIRECTION('',(1.,0.,0.));
#2878=DIRECTION('center_axis',(0.,0.,1.));
#2879=DIRECTION('ref_axis',(0.707106781186547,0.707106781186547,0.));
#2880=DIRECTION('',(-1.8947806286936E-16,-1.,0.));
#2881=DIRECTION('center_axis',(0.,0.,1.));
#2882=DIRECTION('ref_axis',(0.707106781186547,-0.707106781186547,0.));
#2883=DIRECTION('',(-1.,-1.30855015793757E-16,0.));
#2884=DIRECTION('center_axis',(0.,0.,1.));
#2885=DIRECTION('ref_axis',(1.,0.,0.));
#2886=DIRECTION('center_axis',(0.,0.,1.));
#2887=DIRECTION('ref_axis',(1.,0.,0.));
#2888=DIRECTION('center_axis',(0.,0.,1.));
#2889=DIRECTION('ref_axis',(1.,0.,0.));
#2890=DIRECTION('center_axis',(0.,0.,1.));
#2891=DIRECTION('ref_axis',(1.,0.,0.));
#2892=DIRECTION('center_axis',(0.,0.,1.));
#2893=DIRECTION('ref_axis',(1.,0.,0.));
#2894=DIRECTION('center_axis',(0.,0.,1.));
#2895=DIRECTION('ref_axis',(1.,0.,0.));
#2896=DIRECTION('center_axis',(0.,0.,1.));
#2897=DIRECTION('ref_axis',(1.,0.,0.));
#2898=DIRECTION('center_axis',(0.,0.,1.));
#2899=DIRECTION('ref_axis',(1.,0.,0.));
#2900=DIRECTION('center_axis',(-1.,0.,0.));
#2901=DIRECTION('ref_axis',(0.,-1.,0.));
#2902=DIRECTION('',(0.,-1.,0.));
#2903=DIRECTION('',(0.,0.,1.));
#2904=DIRECTION('center_axis',(0.,0.,1.));
#2905=DIRECTION('ref_axis',(-0.707106781186547,0.707106781186547,0.));
#2906=DIRECTION('center_axis',(0.,0.,-1.));
#2907=DIRECTION('ref_axis',(-0.707106781186547,0.707106781186547,0.));
#2908=DIRECTION('',(0.,0.,-1.));
#2909=DIRECTION('center_axis',(0.,0.,1.));
#2910=DIRECTION('ref_axis',(0.707106781186547,0.707106781186547,0.));
#2911=DIRECTION('center_axis',(0.,0.,-1.));
#2912=DIRECTION('ref_axis',(0.707106781186547,0.707106781186547,0.));
#2913=DIRECTION('',(0.,0.,-1.));
#2914=DIRECTION('',(0.,0.,1.));
#2915=DIRECTION('center_axis',(1.,-1.8947806286936E-16,0.));
#2916=DIRECTION('ref_axis',(1.8947806286936E-16,1.,0.));
#2917=DIRECTION('',(2.8421709430404E-16,1.,0.));
#2918=DIRECTION('',(0.,0.,1.));
#2919=DIRECTION('center_axis',(0.,0.,1.));
#2920=DIRECTION('ref_axis',(1.,0.,0.));
#2921=DIRECTION('',(1.,1.30855015793757E-16,0.));
#2922=DIRECTION('center_axis',(0.,0.,-1.));
#2923=DIRECTION('ref_axis',(0.707106781186547,-0.707106781186547,0.));
#2924=DIRECTION('',(-1.,0.,0.));
#2925=DIRECTION('',(2.07155316548134E-16,1.,0.));
#2926=DIRECTION('',(1.,1.39049459052857E-16,0.));
#2927=DIRECTION('',(0.,-1.,0.));
#2928=DIRECTION('',(-1.,0.,0.));
#2929=DIRECTION('center_axis',(0.,0.,1.));
#2930=DIRECTION('ref_axis',(0.707106781186547,-0.707106781186547,0.));
#2931=DIRECTION('',(0.,0.,-1.));
#2932=DIRECTION('center_axis',(1.30855015793757E-16,-1.,0.));
#2933=DIRECTION('ref_axis',(1.,1.30855015793757E-16,0.));
#2934=DIRECTION('center_axis',(1.,0.,0.));
#2935=DIRECTION('ref_axis',(0.,-1.,2.42164800946382E-12));
#2936=DIRECTION('center_axis',(-1.,2.07155316548134E-16,0.));
#2937=DIRECTION('ref_axis',(-2.07155316548134E-16,-1.,0.));
#2938=DIRECTION('',(2.07155316548134E-16,1.,0.));
#2939=DIRECTION('',(0.,0.,1.));
#2940=DIRECTION('',(0.,0.,-1.));
#2941=DIRECTION('center_axis',(1.,0.,0.));
#2942=DIRECTION('ref_axis',(0.,-1.,0.));
#2943=DIRECTION('center_axis',(1.,0.,0.));
#2944=DIRECTION('ref_axis',(0.,-1.,2.42237045815399E-12));
#2945=DIRECTION('center_axis',(1.,0.,0.));
#2946=DIRECTION('ref_axis',(0.,-1.,2.42237045815399E-12));
#2947=DIRECTION('center_axis',(1.,0.,0.));
#2948=DIRECTION('ref_axis',(0.,-1.,0.));
#2949=DIRECTION('center_axis',(1.,0.,0.));
#2950=DIRECTION('ref_axis',(0.,-1.,0.));
#2951=DIRECTION('center_axis',(1.,0.,0.));
#2952=DIRECTION('ref_axis',(0.,-1.,0.));
#2953=DIRECTION('center_axis',(1.,0.,0.));
#2954=DIRECTION('ref_axis',(0.,-1.,0.));
#2955=DIRECTION('center_axis',(0.,1.,0.));
#2956=DIRECTION('ref_axis',(1.52003204412645E-12,0.,-1.));
#2957=DIRECTION('center_axis',(0.,1.,0.));
#2958=DIRECTION('ref_axis',(1.52003204412645E-12,0.,-1.));
#2959=DIRECTION('center_axis',(0.,-1.,0.));
#2960=DIRECTION('ref_axis',(1.,0.,0.));
#2961=DIRECTION('',(-1.,0.,0.));
#2962=DIRECTION('',(0.,0.,1.));
#2963=DIRECTION('center_axis',(0.,1.,0.));
#2964=DIRECTION('ref_axis',(1.51425245460506E-12,0.,-1.));
#2965=DIRECTION('center_axis',(0.,1.,0.));
#2966=DIRECTION('ref_axis',(1.51425245460506E-12,0.,-1.));
#2967=DIRECTION('center_axis',(0.,1.,0.));
#2968=DIRECTION('ref_axis',(0.,0.,-1.));
#2969=DIRECTION('center_axis',(0.,1.,0.));
#2970=DIRECTION('ref_axis',(0.,0.,-1.));
#2971=DIRECTION('center_axis',(0.,1.,0.));
#2972=DIRECTION('ref_axis',(0.,0.,-1.));
#2973=DIRECTION('center_axis',(0.,1.,0.));
#2974=DIRECTION('ref_axis',(0.,0.,-1.));
#2975=DIRECTION('center_axis',(0.,0.,1.));
#2976=DIRECTION('ref_axis',(1.,0.,0.));
#2977=DIRECTION('center_axis',(0.,0.,-1.));
#2978=DIRECTION('ref_axis',(1.,0.,0.));
#2979=DIRECTION('',(0.707106781186547,8.65956056235493E-17,-0.707106781186548));
#2980=DIRECTION('center_axis',(0.,0.,-1.));
#2981=DIRECTION('ref_axis',(1.,0.,0.));
#2982=DIRECTION('center_axis',(0.,0.,1.));
#2983=DIRECTION('ref_axis',(1.,0.,0.));
#2984=DIRECTION('',(0.,0.,-1.));
#2985=DIRECTION('center_axis',(0.,0.,1.));
#2986=DIRECTION('ref_axis',(1.,0.,0.));
#2987=DIRECTION('center_axis',(0.,0.,-1.));
#2988=DIRECTION('ref_axis',(1.,0.,0.));
#2989=DIRECTION('',(0.707106781186547,8.65956056235493E-17,-0.707106781186548));
#2990=DIRECTION('center_axis',(0.,0.,-1.));
#2991=DIRECTION('ref_axis',(1.,0.,0.));
#2992=DIRECTION('center_axis',(0.,0.,1.));
#2993=DIRECTION('ref_axis',(1.,0.,0.));
#2994=DIRECTION('',(0.,0.,-1.));
#2995=DIRECTION('center_axis',(0.,0.,1.));
#2996=DIRECTION('ref_axis',(1.,0.,0.));
#2997=DIRECTION('center_axis',(0.,0.,-1.));
#2998=DIRECTION('ref_axis',(1.,0.,0.));
#2999=DIRECTION('',(0.707106781186547,8.65956056235493E-17,-0.707106781186548));
#3000=DIRECTION('center_axis',(0.,0.,-1.));
#3001=DIRECTION('ref_axis',(1.,0.,0.));
#3002=DIRECTION('center_axis',(0.,0.,1.));
#3003=DIRECTION('ref_axis',(1.,0.,0.));
#3004=DIRECTION('',(0.,0.,-1.));
#3005=DIRECTION('center_axis',(0.,0.,1.));
#3006=DIRECTION('ref_axis',(1.,0.,0.));
#3007=DIRECTION('center_axis',(0.,0.,-1.));
#3008=DIRECTION('ref_axis',(1.,0.,0.));
#3009=DIRECTION('',(0.707106781186547,8.65956056235493E-17,-0.707106781186548));
#3010=DIRECTION('center_axis',(0.,0.,-1.));
#3011=DIRECTION('ref_axis',(1.,0.,0.));
#3012=DIRECTION('center_axis',(0.,0.,1.));
#3013=DIRECTION('ref_axis',(1.,0.,0.));
#3014=DIRECTION('',(0.,0.,-1.));
#3015=DIRECTION('center_axis',(0.,0.,1.));
#3016=DIRECTION('ref_axis',(1.,0.,0.));
#3017=DIRECTION('center_axis',(0.,0.,-1.));
#3018=DIRECTION('ref_axis',(1.,0.,0.));
#3019=DIRECTION('',(0.707106781186547,-8.65956056235493E-17,-0.707106781186548));
#3020=DIRECTION('center_axis',(0.,0.,-1.));
#3021=DIRECTION('ref_axis',(1.,0.,0.));
#3022=DIRECTION('center_axis',(0.,0.,-1.));
#3023=DIRECTION('ref_axis',(1.,0.,0.));
#3024=DIRECTION('',(0.,0.,-1.));
#3025=DIRECTION('center_axis',(0.,0.,1.));
#3026=DIRECTION('ref_axis',(1.,0.,0.));
#3027=DIRECTION('center_axis',(0.,0.,-1.));
#3028=DIRECTION('ref_axis',(1.,0.,0.));
#3029=DIRECTION('',(0.707106781186547,-8.65956056235493E-17,-0.707106781186548));
#3030=DIRECTION('center_axis',(0.,0.,-1.));
#3031=DIRECTION('ref_axis',(1.,0.,0.));
#3032=DIRECTION('center_axis',(0.,0.,-1.));
#3033=DIRECTION('ref_axis',(1.,0.,0.));
#3034=DIRECTION('',(0.,0.,-1.));
#3035=DIRECTION('center_axis',(0.,0.,1.));
#3036=DIRECTION('ref_axis',(1.,0.,0.));
#3037=DIRECTION('center_axis',(0.,0.,-1.));
#3038=DIRECTION('ref_axis',(1.,0.,0.));
#3039=DIRECTION('',(0.707106781186547,-8.65956056235493E-17,-0.707106781186548));
#3040=DIRECTION('center_axis',(0.,0.,-1.));
#3041=DIRECTION('ref_axis',(1.,0.,0.));
#3042=DIRECTION('center_axis',(0.,0.,-1.));
#3043=DIRECTION('ref_axis',(1.,0.,0.));
#3044=DIRECTION('',(0.,0.,-1.));
#3045=DIRECTION('center_axis',(0.,0.,1.));
#3046=DIRECTION('ref_axis',(1.,0.,0.));
#3047=DIRECTION('center_axis',(0.,0.,-1.));
#3048=DIRECTION('ref_axis',(1.,0.,0.));
#3049=DIRECTION('',(0.707106781186547,-8.65956056235493E-17,-0.707106781186548));
#3050=DIRECTION('center_axis',(0.,0.,-1.));
#3051=DIRECTION('ref_axis',(1.,0.,0.));
#3052=DIRECTION('center_axis',(0.,0.,-1.));
#3053=DIRECTION('ref_axis',(1.,0.,0.));
#3054=DIRECTION('',(0.,0.,-1.));
#3055=DIRECTION('center_axis',(1.,0.,0.));
#3056=DIRECTION('ref_axis',(0.,1.,0.));
#3057=DIRECTION('',(0.,-1.,0.));
#3058=DIRECTION('',(0.,0.,1.));
#3059=DIRECTION('center_axis',(-1.39049459052857E-16,1.,0.));
#3060=DIRECTION('ref_axis',(-1.,-1.39049459052857E-16,0.));
#3061=DIRECTION('',(1.,1.39049459052857E-16,0.));
#3062=DIRECTION('center_axis',(0.,1.,0.));
#3063=DIRECTION('ref_axis',(-1.,0.,0.));
#3064=DIRECTION('center_axis',(0.,0.,1.));
#3065=DIRECTION('ref_axis',(1.,0.,0.));
#3066=CARTESIAN_POINT('',(0.,0.,0.));
#3067=CARTESIAN_POINT('Origin',(55.3750000000002,4.6875,12.5));
#3068=CARTESIAN_POINT('',(55.3739125662914,46.737583302492,15.0209355834932));
#3069=CARTESIAN_POINT('',(55.3750000000002,46.875,15.0175));
#3070=CARTESIAN_POINT('',(55.3750000000002,4.6875,15.0175));
#3071=CARTESIAN_POINT('',(57.2920433369846,46.875,14.1382000581464));
#3072=CARTESIAN_POINT('Origin',(55.3750000000002,46.875,12.5));
#3073=CARTESIAN_POINT('Ctrl Pts',(57.2920644337835,46.875,14.1382131081075));
#3074=CARTESIAN_POINT('Ctrl Pts',(56.8211978242616,46.829194434164,14.6850634411723));
#3075=CARTESIAN_POINT('Ctrl Pts',(56.0959567849174,46.783388868328,15.0173818759387));
#3076=CARTESIAN_POINT('Ctrl Pts',(55.3739125662914,46.737583302492,15.0209355834932));
#3077=CARTESIAN_POINT('Origin',(55.3750000000002,4.6875,12.5));
#3078=CARTESIAN_POINT('',(55.376924049223,45.737583302492,15.015807640809));
#3079=CARTESIAN_POINT('',(55.374893335887,46.012416697508,15.0137963183419));
#3080=CARTESIAN_POINT('',(55.3750000000002,4.6875,15.0175));
#3081=CARTESIAN_POINT('',(53.4615340033353,46.875,14.1359872033751));
#3082=CARTESIAN_POINT('Ctrl Pts',(55.374893335887,46.012416697508,15.0137963183419));
#3083=CARTESIAN_POINT('Ctrl Pts',(55.7966626174002,46.0389824938727,15.0136352552294));
#3084=CARTESIAN_POINT('Ctrl Pts',(56.218509350245,46.0655482902374,14.9128711968425));
#3085=CARTESIAN_POINT('Ctrl Pts',(56.5855595261467,46.092114086602,14.7119679694761));
#3086=CARTESIAN_POINT('Ctrl Pts',(57.3066833057094,46.1443064808286,14.3172641819384));
#3087=CARTESIAN_POINT('Ctrl Pts',(57.816301406686,46.1964988750551,13.5360397064291));
#3088=CARTESIAN_POINT('Ctrl Pts',(57.8871326839783,46.2486912692816,12.7171109560927));
#3089=CARTESIAN_POINT('Ctrl Pts',(57.9579639612707,46.3008836635082,11.8981822057563));
#3090=CARTESIAN_POINT('Ctrl Pts',(57.5900084148788,46.3530760577347,11.0415491805927));
#3091=CARTESIAN_POINT('Ctrl Pts',(56.9472625314296,46.4052684519612,10.5287932254886));
#3092=CARTESIAN_POINT('Ctrl Pts',(56.3045166479804,46.4574608461878,10.0160372703845));
#3093=CARTESIAN_POINT('Ctrl Pts',(55.3869804274741,46.5096532404143,9.84715838533976));
#3094=CARTESIAN_POINT('Ctrl Pts',(54.604387093615,46.5618456346408,10.0987266534449));
#3095=CARTESIAN_POINT('Ctrl Pts',(53.8217937597559,46.6140380288673,10.35029492155));
#3096=CARTESIAN_POINT('Ctrl Pts',(53.1741433125441,46.6662304230939,11.0223103428049));
#3097=CARTESIAN_POINT('Ctrl Pts',(52.9499542183714,46.7184228173204,11.8118605419308));
#3098=CARTESIAN_POINT('Ctrl Pts',(52.7257651241986,46.770615211547,12.6014107410567));
#3099=CARTESIAN_POINT('Ctrl Pts',(52.9250373830649,46.8228076057735,13.5084957180536));
#3100=CARTESIAN_POINT('Ctrl Pts',(53.4615340033353,46.875,14.1359872033751));
#3101=CARTESIAN_POINT('Origin',(55.3750000000002,46.875,12.5));
#3102=CARTESIAN_POINT('Ctrl Pts',(55.3739125662914,46.737583302492,15.0209355834932));
#3103=CARTESIAN_POINT('Ctrl Pts',(55.3144951228613,46.7338139355382,15.021228020178));
#3104=CARTESIAN_POINT('Ctrl Pts',(55.2550993274727,46.7300445685844,15.0192941473131));
#3105=CARTESIAN_POINT('Ctrl Pts',(55.1958687118446,46.7262752016306,15.0150703085925));
#3106=CARTESIAN_POINT('Ctrl Pts',(54.375734275729,46.6740828074041,14.9565850885662));
#3107=CARTESIAN_POINT('Ctrl Pts',(53.5872688457327,46.6218904131776,14.4590573218598));
#3108=CARTESIAN_POINT('Ctrl Pts',(53.1817657847623,46.5696980189511,13.7440547078295));
#3109=CARTESIAN_POINT('Ctrl Pts',(52.7762627237918,46.5175056247246,13.0290520937992));
#3110=CARTESIAN_POINT('Ctrl Pts',(52.7537220318472,46.465313230498,12.0965746324449));
#3111=CARTESIAN_POINT('Ctrl Pts',(53.1244249551699,46.4131208362715,11.3628240044141));
#3112=CARTESIAN_POINT('Ctrl Pts',(53.4951278784925,46.360928442045,10.6290733763832));
#3113=CARTESIAN_POINT('Ctrl Pts',(54.2590744170825,46.3087360478184,10.0940495816759));
#3114=CARTESIAN_POINT('Ctrl Pts',(55.0753306285029,46.2565436535919,9.99635960196619));
#3115=CARTESIAN_POINT('Ctrl Pts',(55.8915868399232,46.2043512593654,9.89866962225651));
#3116=CARTESIAN_POINT('Ctrl Pts',(56.7601527241738,46.1521588651388,10.2383134575445));
#3117=CARTESIAN_POINT('Ctrl Pts',(57.2935767151018,46.0999664709123,10.8638043471772));
#3118=CARTESIAN_POINT('Ctrl Pts',(57.8270007060297,46.0477740766858,11.4892952368098));
#3119=CARTESIAN_POINT('Ctrl Pts',(58.0252828036349,45.9955816824592,12.4006331807869));
#3120=CARTESIAN_POINT('Ctrl Pts',(57.799937373084,45.9433892882327,13.1912137120162));
#3121=CARTESIAN_POINT('Ctrl Pts',(57.574591942533,45.8911968940062,13.9817942432454));
#3122=CARTESIAN_POINT('Ctrl Pts',(56.9256189838259,45.8390044997796,14.6516173617268));
#3123=CARTESIAN_POINT('Ctrl Pts',(56.1425628260953,45.7868121055531,14.9018574853319));
#3124=CARTESIAN_POINT('Ctrl Pts',(55.8963652849528,45.7704025045327,14.9805344774206));
#3125=CARTESIAN_POINT('Ctrl Pts',(55.6369134691122,45.7539929035124,15.0177352195895));
#3126=CARTESIAN_POINT('Ctrl Pts',(55.376924049223,45.737583302492,15.015807640809));
#3127=CARTESIAN_POINT('Origin',(55.3750000000002,4.6875,12.5));
#3128=CARTESIAN_POINT('',(55.3729935159674,44.737583302492,15.0161301614929));
#3129=CARTESIAN_POINT('',(55.3736254307717,45.012416697508,15.0204858104177));
#3130=CARTESIAN_POINT('',(55.3750000000002,4.6875,15.0175));
#3131=CARTESIAN_POINT('Ctrl Pts',(55.3736254307717,45.012416697508,15.0204858104177));
#3132=CARTESIAN_POINT('Ctrl Pts',(56.1106963935687,45.0591614618468,15.0155755727279));
#3133=CARTESIAN_POINT('Ctrl Pts',(56.8517548244587,45.1059062261857,14.6724093825744));
#3134=CARTESIAN_POINT('Ctrl Pts',(57.3202310875302,45.1526509905245,14.1044179044561));
#3135=CARTESIAN_POINT('Ctrl Pts',(57.8433035247077,45.204843384751,13.4702327596046));
#3136=CARTESIAN_POINT('Ctrl Pts',(58.0265583125985,45.2570357789775,12.5557666210699));
#3137=CARTESIAN_POINT('Ctrl Pts',(57.7882389741551,45.3092281732041,11.769002775337));
#3138=CARTESIAN_POINT('Ctrl Pts',(57.5499196357117,45.3614205674306,10.9822389296041));
#3139=CARTESIAN_POINT('Ctrl Pts',(56.8900261709343,45.4136129616571,10.323177376673));
#3140=CARTESIAN_POINT('Ctrl Pts',(56.1029617148462,45.4658053558836,10.0858452516652));
#3141=CARTESIAN_POINT('Ctrl Pts',(55.315897258758,45.5179977501102,9.84851312665725));
#3142=CARTESIAN_POINT('Ctrl Pts',(54.4016618113592,45.5701901443367,10.0329104295726));
#3143=CARTESIAN_POINT('Ctrl Pts',(53.7681366085516,45.6223825385632,10.5567843541156));
#3144=CARTESIAN_POINT('Ctrl Pts',(53.134611405744,45.6745749327898,11.0806582786585));
#3145=CARTESIAN_POINT('Ctrl Pts',(52.7817964475276,45.7267673270163,11.944008824829));
#3146=CARTESIAN_POINT('Ctrl Pts',(52.8670881919153,45.7789597212428,12.761630528772));
#3147=CARTESIAN_POINT('Ctrl Pts',(52.9523799363031,45.8311521154694,13.5792522327149));
#3148=CARTESIAN_POINT('Ctrl Pts',(53.475778383295,45.8833445096959,14.3511450944304));
#3149=CARTESIAN_POINT('Ctrl Pts',(54.2037923358653,45.9355369039224,14.7329999755052));
#3150=CARTESIAN_POINT('Ctrl Pts',(54.561249031938,45.9611635017843,14.9204916900338));
#3151=CARTESIAN_POINT('Ctrl Pts',(54.9680351480333,45.9867900996462,15.0139516872817));
#3152=CARTESIAN_POINT('Ctrl Pts',(55.374893335887,46.012416697508,15.0137963183419));
#3153=CARTESIAN_POINT('Ctrl Pts',(55.376924049223,45.737583302492,15.015807640809));
#3154=CARTESIAN_POINT('Ctrl Pts',(54.8099908473661,45.7018005092858,15.0116043604973));
#3155=CARTESIAN_POINT('Ctrl Pts',(54.2405013270026,45.6660177160797,14.8213450948463));
#3156=CARTESIAN_POINT('Ctrl Pts',(53.8003121491177,45.6302349228735,14.4693750583222));
#3157=CARTESIAN_POINT('Ctrl Pts',(53.1582569866249,45.578042528647,13.9559953789786));
#3158=CARTESIAN_POINT('Ctrl Pts',(52.7912860183934,45.5258501344204,13.0985788915626));
#3159=CARTESIAN_POINT('Ctrl Pts',(52.8631222474808,45.4736577401939,12.2796556970416));
#3160=CARTESIAN_POINT('Ctrl Pts',(52.9349584765682,45.4214653459674,11.4607325025207));
#3161=CARTESIAN_POINT('Ctrl Pts',(53.4456019029743,45.3692729517408,10.6803026008948));
#3162=CARTESIAN_POINT('Ctrl Pts',(54.167232894139,45.3170805575143,10.286546204816));
#3163=CARTESIAN_POINT('Ctrl Pts',(54.8888638853037,45.2648881632878,9.89278980873726));
#3164=CARTESIAN_POINT('Ctrl Pts',(55.821482441227,45.2126957690613,9.88570691820562));
#3165=CARTESIAN_POINT('Ctrl Pts',(56.5490101371636,45.1605033748347,10.268457878584));
#3166=CARTESIAN_POINT('Ctrl Pts',(57.2765378331002,45.1083109806082,10.6512088389623));
#3167=CARTESIAN_POINT('Ctrl Pts',(57.79897466905,45.0561185863817,11.4237936502506));
#3168=CARTESIAN_POINT('Ctrl Pts',(57.883241002036,45.0039261921552,12.2415311215624));
#3169=CARTESIAN_POINT('Ctrl Pts',(57.967507335022,44.9517337979286,13.0592685928744));
#3170=CARTESIAN_POINT('Ctrl Pts',(57.6136031650438,44.8995414037021,13.9221587242099));
#3171=CARTESIAN_POINT('Ctrl Pts',(56.9794179875063,44.8473490094755,14.4452311885261));
#3172=CARTESIAN_POINT('Ctrl Pts',(56.5348335137051,44.810760440481,14.8119220298525));
#3173=CARTESIAN_POINT('Ctrl Pts',(55.9525058681627,44.7741718714865,15.0116106055723));
#3174=CARTESIAN_POINT('Ctrl Pts',(55.3729935159674,44.737583302492,15.0161301614929));
#3175=CARTESIAN_POINT('Origin',(55.3750000000002,4.6875,12.5));
#3176=CARTESIAN_POINT('',(55.3761389412273,43.737583302492,15.0207552288434));
#3177=CARTESIAN_POINT('',(55.3770702424558,44.012416697508,15.0164931723019));
#3178=CARTESIAN_POINT('',(55.3750000000002,4.6875,15.0175));
#3179=CARTESIAN_POINT('',(57.0109872033749,43.125,10.5865340033348));
#3180=CARTESIAN_POINT('Ctrl Pts',(55.3761389412273,43.737583302492,15.0207552288434));
#3181=CARTESIAN_POINT('Ctrl Pts',(54.6256410450439,43.6899660510076,15.0163432186408));
#3182=CARTESIAN_POINT('Ctrl Pts',(53.871601256487,43.6423487995232,14.6586660034221));
#3183=CARTESIAN_POINT('Ctrl Pts',(53.4037930576036,43.5947315480388,14.0722626580212));
#3184=CARTESIAN_POINT('Ctrl Pts',(52.8910370883405,43.5425391538123,13.4295167282407));
#3185=CARTESIAN_POINT('Ctrl Pts',(52.7221582972455,43.4903467595857,12.5119803872756));
#3186=CARTESIAN_POINT('Ctrl Pts',(52.9737264640386,43.4381543653592,11.7293871516968));
#3187=CARTESIAN_POINT('Ctrl Pts',(53.2252946308318,43.3859619711327,10.9467939161179));
#3188=CARTESIAN_POINT('Ctrl Pts',(53.8973097555132,43.3337695769061,10.2991437859254));
#3189=CARTESIAN_POINT('Ctrl Pts',(54.6868600273186,43.2815771826796,10.074954652662));
#3190=CARTESIAN_POINT('Ctrl Pts',(55.476410299124,43.2293847884531,9.85076551939867));
#3191=CARTESIAN_POINT('Ctrl Pts',(56.3834957180534,43.1771923942265,10.0500373830646));
#3192=CARTESIAN_POINT('Ctrl Pts',(57.0109872033751,43.125,10.5865340033349));
#3193=CARTESIAN_POINT('',(57.0131998845055,43.125,14.4170432676358));
#3194=CARTESIAN_POINT('Origin',(55.3750000000002,43.125,12.5));
#3195=CARTESIAN_POINT('Ctrl Pts',(57.0132129379582,43.125,14.4170643713262));
#3196=CARTESIAN_POINT('Ctrl Pts',(57.6050640126089,43.1745749327898,13.9074498556091));
#3197=CARTESIAN_POINT('Ctrl Pts',(57.9456222842007,43.2241498655796,13.0998731691541));
#3198=CARTESIAN_POINT('Ctrl Pts',(57.8900700985314,43.2737247983694,12.3208687210712));
#3199=CARTESIAN_POINT('Ctrl Pts',(57.8315848639293,43.3259171925959,11.5007343311576));
#3200=CARTESIAN_POINT('Ctrl Pts',(57.3340572137286,43.3781095868224,10.7122689475123));
#3201=CARTESIAN_POINT('Ctrl Pts',(56.6190546603871,43.4303019810489,10.3067659059881));
#3202=CARTESIAN_POINT('Ctrl Pts',(55.9040521070455,43.4824943752755,9.90126286446387));
#3203=CARTESIAN_POINT('Ctrl Pts',(54.9715746505631,43.534686769502,9.87872216506081));
#3204=CARTESIAN_POINT('Ctrl Pts',(54.2378240505264,43.5868791637285,10.2494250680613));
#3205=CARTESIAN_POINT('Ctrl Pts',(53.5040734504898,43.6390715579551,10.6201279710618));
#3206=CARTESIAN_POINT('Ctrl Pts',(52.9690497068988,43.6912639521816,11.3840744764658));
#3207=CARTESIAN_POINT('Ctrl Pts',(52.8713597379467,43.7434563464081,12.2003306466132));
#3208=CARTESIAN_POINT('Ctrl Pts',(52.7736697689946,43.7956487406346,13.0165868167607));
#3209=CARTESIAN_POINT('Ctrl Pts',(53.1133135746816,43.8478411348612,13.8851526516517));
#3210=CARTESIAN_POINT('Ctrl Pts',(53.7388044289416,43.9000335290877,14.4185766140463));
#3211=CARTESIAN_POINT('Ctrl Pts',(54.1877500723403,43.9374945852278,14.8014413072236));
#3212=CARTESIAN_POINT('Ctrl Pts',(54.7839538546613,43.9749556413679,15.0116529376348));
#3213=CARTESIAN_POINT('Ctrl Pts',(55.3770702424558,44.012416697508,15.0164931723019));
#3214=CARTESIAN_POINT('Origin',(55.3750000000002,4.6875,12.5));
#3215=CARTESIAN_POINT('',(55.3739125655369,-43.262416697508,15.0209353784843));
#3216=CARTESIAN_POINT('',(55.3750000000002,-43.125,15.0175));
#3217=CARTESIAN_POINT('',(55.3750000000002,4.6875,15.0175));
#3218=CARTESIAN_POINT('',(57.292043267636,-43.125,14.1381998845053));
#3219=CARTESIAN_POINT('Origin',(55.3750000000002,-43.125,12.5));
#3220=CARTESIAN_POINT('Ctrl Pts',(57.2920643713264,-43.125,14.138212937958));
#3221=CARTESIAN_POINT('Ctrl Pts',(56.8211977470659,-43.170805565836,14.6850633690011));
#3222=CARTESIAN_POINT('Ctrl Pts',(56.0959567439517,-43.216611131672,15.0173816984346));
#3223=CARTESIAN_POINT('Ctrl Pts',(55.3739125655369,-43.262416697508,15.0209353784843));
#3224=CARTESIAN_POINT('Origin',(55.3750000000002,4.6875,12.5));
#3225=CARTESIAN_POINT('',(55.3769240486467,-44.262416697508,15.0158075092692));
#3226=CARTESIAN_POINT('',(55.374893339856,-43.987583302492,15.0137964405445));
#3227=CARTESIAN_POINT('',(55.3750000000002,4.6875,15.0175));
#3228=CARTESIAN_POINT('',(53.4615340033351,-43.125,14.135987203375));
#3229=CARTESIAN_POINT('Ctrl Pts',(55.374893339856,-43.987583302492,15.0137964405445));
#3230=CARTESIAN_POINT('Ctrl Pts',(55.7966626449833,-43.9610175061273,15.0136353719927));
#3231=CARTESIAN_POINT('Ctrl Pts',(56.2185094005634,-43.9344517097626,14.9128713046736));
#3232=CARTESIAN_POINT('Ctrl Pts',(56.5855595930608,-43.907885913398,14.7119680714239));
#3233=CARTESIAN_POINT('Ctrl Pts',(57.306683405228,-43.8556935191714,14.3172642723276));
#3234=CARTESIAN_POINT('Ctrl Pts',(57.8163015151109,-43.8035011249449,13.5360397970283));
#3235=CARTESIAN_POINT('Ctrl Pts',(57.8871328107543,-43.7513087307184,12.717110985663));
#3236=CARTESIAN_POINT('Ctrl Pts',(57.9579641063977,-43.6991163364918,11.8981821742978));
#3237=CARTESIAN_POINT('Ctrl Pts',(57.5900085878018,-43.6469239422653,11.0415490268666));
#3238=CARTESIAN_POINT('Ctrl Pts',(56.9472626580213,-43.5947315480388,10.5287930576034));
#3239=CARTESIAN_POINT('Ctrl Pts',(56.3045167282407,-43.5425391538122,10.0160370883403));
#3240=CARTESIAN_POINT('Ctrl Pts',(55.3869803872756,-43.4903467595857,9.84715829724526));
#3241=CARTESIAN_POINT('Ctrl Pts',(54.6043871516968,-43.4381543653592,10.0987264640385));
#3242=CARTESIAN_POINT('Ctrl Pts',(53.8217939161179,-43.3859619711326,10.3502946308318));
#3243=CARTESIAN_POINT('Ctrl Pts',(53.1741437859254,-43.3337695769061,11.0223097555133));
#3244=CARTESIAN_POINT('Ctrl Pts',(52.9499546526621,-43.2815771826796,11.8118600273188));
#3245=CARTESIAN_POINT('Ctrl Pts',(52.7257655193989,-43.2293847884531,12.6014102991241));
#3246=CARTESIAN_POINT('Ctrl Pts',(52.9250373830649,-43.1771923942265,13.5084957180533));
#3247=CARTESIAN_POINT('Ctrl Pts',(53.461534003335,-43.125,14.1359872033749));
#3248=CARTESIAN_POINT('Origin',(55.3750000000002,-43.125,12.5));
#3249=CARTESIAN_POINT('Ctrl Pts',(55.3739125655369,-43.262416697508,15.0209353784843));
#3250=CARTESIAN_POINT('Ctrl Pts',(55.3144951254157,-43.2661860644618,15.0212278129058));
#3251=CARTESIAN_POINT('Ctrl Pts',(55.2550993333631,-43.2699554314156,15.0192939383045));
#3252=CARTESIAN_POINT('Ctrl Pts',(55.1958687210717,-43.2737247983693,15.0150700985313));
#3253=CARTESIAN_POINT('Ctrl Pts',(54.375734331158,-43.3259171925959,14.9565848639292));
#3254=CARTESIAN_POINT('Ctrl Pts',(53.5872689475126,-43.3781095868224,14.4590572137286));
#3255=CARTESIAN_POINT('Ctrl Pts',(53.1817659059883,-43.4303019810489,13.744054660387));
#3256=CARTESIAN_POINT('Ctrl Pts',(52.7762628644641,-43.4824943752755,13.0290521070455));
#3257=CARTESIAN_POINT('Ctrl Pts',(52.753722165061,-43.534686769502,12.096574650563));
#3258=CARTESIAN_POINT('Ctrl Pts',(53.1244250680615,-43.5868791637285,11.3628240505263));
#3259=CARTESIAN_POINT('Ctrl Pts',(53.495127971062,-43.639071557955,10.6290734504895));
#3260=CARTESIAN_POINT('Ctrl Pts',(54.259074476466,-43.6912639521816,10.0940497068986));
#3261=CARTESIAN_POINT('Ctrl Pts',(55.0753306466135,-43.7434563464081,9.99635973794653));
#3262=CARTESIAN_POINT('Ctrl Pts',(55.8915868167609,-43.7956487406347,9.89866976899449));
#3263=CARTESIAN_POINT('Ctrl Pts',(56.7601526516517,-43.8478411348612,10.2383135746814));
#3264=CARTESIAN_POINT('Ctrl Pts',(57.2935766140462,-43.9000335290877,10.8638044289412));
#3265=CARTESIAN_POINT('Ctrl Pts',(57.8270005764408,-43.9522259233143,11.489295283201));
#3266=CARTESIAN_POINT('Ctrl Pts',(58.025282666339,-44.0044183175408,12.4006331860338));
#3267=CARTESIAN_POINT('Ctrl Pts',(57.7999372480338,-44.0566107117673,13.1912136777342));
#3268=CARTESIAN_POINT('Ctrl Pts',(57.5745918297286,-44.1088031059938,13.9817941694345));
#3269=CARTESIAN_POINT('Ctrl Pts',(56.92561890322,-44.1609955002204,14.6516172500026));
#3270=CARTESIAN_POINT('Ctrl Pts',(56.1425627858029,-44.2131878944469,14.9018573598446));
#3271=CARTESIAN_POINT('Ctrl Pts',(55.8963652573353,-44.2295974954673,14.9805343476061));
#3272=CARTESIAN_POINT('Ctrl Pts',(55.6369134549719,-44.2460070964876,15.0177350878352));
#3273=CARTESIAN_POINT('Ctrl Pts',(55.3769240486467,-44.262416697508,15.0158075092692));
#3274=CARTESIAN_POINT('Origin',(55.3750000000002,4.6875,12.5));
#3275=CARTESIAN_POINT('',(55.3729935155158,-45.262416697508,15.0161300309376));
#3276=CARTESIAN_POINT('',(55.3736254306702,-44.987583302492,15.020485941307));
#3277=CARTESIAN_POINT('',(55.3750000000002,4.6875,15.0175));
#3278=CARTESIAN_POINT('Ctrl Pts',(55.3736254306702,-44.987583302492,15.020485941307));
#3279=CARTESIAN_POINT('Ctrl Pts',(56.1106964317293,-44.9408385381532,15.0155757031958));
#3280=CARTESIAN_POINT('Ctrl Pts',(56.851754901149,-44.8940937738143,14.6724094948987));
#3281=CARTESIAN_POINT('Ctrl Pts',(57.3202311885264,-44.8473490094755,14.1044179875061));
#3282=CARTESIAN_POINT('Ctrl Pts',(57.8433036528425,-44.795156615249,13.4702328099687));
#3283=CARTESIAN_POINT('Ctrl Pts',(58.0265584501395,-44.7429642210225,12.5557666248721));
#3284=CARTESIAN_POINT('Ctrl Pts',(57.7882390993862,-44.6907718267959,11.7690027378622));
#3285=CARTESIAN_POINT('Ctrl Pts',(57.5499197486328,-44.6385794325694,10.9822388508522));
#3286=CARTESIAN_POINT('Ctrl Pts',(56.8900262498291,-44.5863870383429,10.3231772619288));
#3287=CARTESIAN_POINT('Ctrl Pts',(56.1029617527226,-44.5341946441163,10.0858451254277));
#3288=CARTESIAN_POINT('Ctrl Pts',(55.3158972556161,-44.4820022498898,9.84851298892657));
#3289=CARTESIAN_POINT('Ctrl Pts',(54.4016617602067,-44.4298098556633,10.0329103048477));
#3290=CARTESIAN_POINT('Ctrl Pts',(53.7681365249165,-44.3776174614367,10.5567842550299));
#3291=CARTESIAN_POINT('Ctrl Pts',(53.1346112896263,-44.3254250672102,11.080658205212));
#3292=CARTESIAN_POINT('Ctrl Pts',(52.7817963144552,-44.2732326729837,11.9440087896553));
#3293=CARTESIAN_POINT('Ctrl Pts',(52.8670880623207,-44.2210402787571,12.7616305389115));
#3294=CARTESIAN_POINT('Ctrl Pts',(52.9523798101862,-44.1688478845306,13.5792522881678));
#3295=CARTESIAN_POINT('Ctrl Pts',(53.4757782810882,-44.1166554903041,14.3511452022372));
#3296=CARTESIAN_POINT('Ctrl Pts',(54.2037922737651,-44.0644630960776,14.7330000978253));
#3297=CARTESIAN_POINT('Ctrl Pts',(54.5612489895303,-44.0388364982157,14.9204918194801));
#3298=CARTESIAN_POINT('Ctrl Pts',(54.9680351292228,-44.0132099003538,15.0139518147313));
#3299=CARTESIAN_POINT('Ctrl Pts',(55.374893339856,-43.987583302492,15.0137964405445));
#3300=CARTESIAN_POINT('Ctrl Pts',(55.3769240486467,-44.262416697508,15.0158075092692));
#3301=CARTESIAN_POINT('Ctrl Pts',(54.8099908763669,-44.2981994907142,15.0116042294253));
#3302=CARTESIAN_POINT('Ctrl Pts',(54.2405013859933,-44.3339822839203,14.8213449744861));
#3303=CARTESIAN_POINT('Ctrl Pts',(53.8003122310934,-44.3697650771265,14.4693749565029));
#3304=CARTESIAN_POINT('Ctrl Pts',(53.1582571021263,-44.421957471353,13.9559953042029));
#3305=CARTESIAN_POINT('Ctrl Pts',(52.7912861525178,-44.4741498655796,13.0985788604867));
#3306=CARTESIAN_POINT('Ctrl Pts',(52.863122377755,-44.5263422598061,12.2796557082746));
#3307=CARTESIAN_POINT('Ctrl Pts',(52.9349586029921,-44.5785346540326,11.4607325560625));
#3308=CARTESIAN_POINT('Ctrl Pts',(53.445602003075,-44.6307270482591,10.6803026953545));
#3309=CARTESIAN_POINT('Ctrl Pts',(54.1672329568691,-44.6829194424857,10.2865463198154));
#3310=CARTESIAN_POINT('Ctrl Pts',(54.8888639106632,-44.7351118367122,9.89278994427629));
#3311=CARTESIAN_POINT('Ctrl Pts',(55.8214824181686,-44.7873042309387,9.88570705390608));
#3312=CARTESIAN_POINT('Ctrl Pts',(56.5490100762497,-44.8394966251653,10.2684579943688));
#3313=CARTESIAN_POINT('Ctrl Pts',(57.2765377343308,-44.8916890193918,10.6512089348316));
#3314=CARTESIAN_POINT('Ctrl Pts',(57.7989745429877,-44.9438814136183,11.4237937061273));
#3315=CARTESIAN_POINT('Ctrl Pts',(57.8832408717319,-44.9960738078449,12.2415311350074));
#3316=CARTESIAN_POINT('Ctrl Pts',(57.9675072004762,-45.0482662020714,13.0592685638875));
#3317=CARTESIAN_POINT('Ctrl Pts',(57.613603049308,-45.1004585962979,13.922158650352));
#3318=CARTESIAN_POINT('Ctrl Pts',(56.9794179044565,-45.1526509905245,14.4452310875297));
#3319=CARTESIAN_POINT('Ctrl Pts',(56.5348334535692,-45.189239559519,14.8119219098312));
#3320=CARTESIAN_POINT('Ctrl Pts',(55.95250583776,-45.2258281285135,15.0116104752405));
#3321=CARTESIAN_POINT('Ctrl Pts',(55.3729935155158,-45.262416697508,15.0161300309376));
#3322=CARTESIAN_POINT('Origin',(55.3750000000002,4.6875,12.5));
#3323=CARTESIAN_POINT('',(55.3761389290045,-46.262416697508,15.0207550970801));
#3324=CARTESIAN_POINT('',(55.3770702430468,-45.987583302492,15.016493302933));
#3325=CARTESIAN_POINT('',(55.3750000000002,4.6875,15.0175));
#3326=CARTESIAN_POINT('',(57.0109872033751,-46.875,10.5865340033349));
#3327=CARTESIAN_POINT('Ctrl Pts',(55.3761389290045,-46.262416697508,15.0207550970801));
#3328=CARTESIAN_POINT('Ctrl Pts',(54.625641097108,-46.3100339489924,15.0163430692104));
#3329=CARTESIAN_POINT('Ctrl Pts',(53.8716014114547,-46.3576512004768,14.6586658345608));
#3330=CARTESIAN_POINT('Ctrl Pts',(53.403793225489,-46.4052684519612,14.0722625314297));
#3331=CARTESIAN_POINT('Ctrl Pts',(52.8910372703848,-46.4574608461878,13.4295166479806));
#3332=CARTESIAN_POINT('Ctrl Pts',(52.7221583853399,-46.5096532404143,12.5119804274742));
#3333=CARTESIAN_POINT('Ctrl Pts',(52.973726653445,-46.5618456346408,11.729387093615));
#3334=CARTESIAN_POINT('Ctrl Pts',(53.22529492155,-46.6140380288673,10.9467937597559));
#3335=CARTESIAN_POINT('Ctrl Pts',(53.8973103428049,-46.6662304230939,10.299143312544));
#3336=CARTESIAN_POINT('Ctrl Pts',(54.6868605419308,-46.7184228173204,10.0749542183712));
#3337=CARTESIAN_POINT('Ctrl Pts',(55.4764107410567,-46.7706152115469,9.85076512419843));
#3338=CARTESIAN_POINT('Ctrl Pts',(56.3834957180535,-46.8228076057735,10.0500373830647));
#3339=CARTESIAN_POINT('Ctrl Pts',(57.0109872033751,-46.875,10.5865340033349));
#3340=CARTESIAN_POINT('',(57.0132000581464,-46.875,14.4170433369846));
#3341=CARTESIAN_POINT('Origin',(55.3750000000002,-46.875,12.5));
#3342=CARTESIAN_POINT('Ctrl Pts',(57.0132131081076,-46.875,14.4170644337834));
#3343=CARTESIAN_POINT('Ctrl Pts',(57.6050640767173,-46.8254250672102,13.9074499340179));
#3344=CARTESIAN_POINT('Ctrl Pts',(57.9456224804172,-46.7758501344204,13.0998732038122));
#3345=CARTESIAN_POINT('Ctrl Pts',(57.8900703085927,-46.7262752016306,12.3208687118443));
#3346=CARTESIAN_POINT('Ctrl Pts',(57.8315850885663,-46.6740828074041,11.5007342757286));
#3347=CARTESIAN_POINT('Ctrl Pts',(57.3340573218599,-46.6218904131776,10.7122688457324));
#3348=CARTESIAN_POINT('Ctrl Pts',(56.6190547078295,-46.5696980189511,10.306765784762));
#3349=CARTESIAN_POINT('Ctrl Pts',(55.9040520937991,-46.5175056247245,9.90126272379159));
#3350=CARTESIAN_POINT('Ctrl Pts',(54.9715746324447,-46.465313230498,9.87872203184708));
#3351=CARTESIAN_POINT('Ctrl Pts',(54.2378240044139,-46.4131208362715,10.2494249551698));
#3352=CARTESIAN_POINT('Ctrl Pts',(53.5040733763831,-46.3609284420449,10.6201278784926));
#3353=CARTESIAN_POINT('Ctrl Pts',(52.9690495816759,-46.3087360478184,11.3840744170827));
#3354=CARTESIAN_POINT('Ctrl Pts',(52.8713596019663,-46.2565436535919,12.200330628503));
#3355=CARTESIAN_POINT('Ctrl Pts',(52.7736696222568,-46.2043512593653,13.0165868399233));
#3356=CARTESIAN_POINT('Ctrl Pts',(53.1133134575448,-46.1521588651388,13.8851527241738));
#3357=CARTESIAN_POINT('Ctrl Pts',(53.7388043471774,-46.0999664709123,14.4185767151017));
#3358=CARTESIAN_POINT('Ctrl Pts',(54.1877500159649,-46.0625054147722,14.8014414287589));
#3359=CARTESIAN_POINT('Ctrl Pts',(54.7839538266482,-46.0250443586321,15.011653068921));
#3360=CARTESIAN_POINT('Ctrl Pts',(55.3770702430468,-45.987583302492,15.016493302933));
#3361=CARTESIAN_POINT('Origin',(-55.375,4.6875,12.5));
#3362=CARTESIAN_POINT('',(-55.3760874355566,46.737583302492,15.0209350930807));
#3363=CARTESIAN_POINT('',(-55.375,46.875,15.0175));
#3364=CARTESIAN_POINT('',(-55.375,4.6875,15.0175));
#3365=CARTESIAN_POINT('',(-53.457956828992,46.875,14.1381996431161));
#3366=CARTESIAN_POINT('Origin',(-55.375,46.875,12.5));
#3367=CARTESIAN_POINT('Ctrl Pts',(-53.4579357157278,46.875,14.1382127014186));
#3368=CARTESIAN_POINT('Ctrl Pts',(-53.9288023605334,46.829194434164,14.6850632689501));
#3369=CARTESIAN_POINT('Ctrl Pts',(-54.6540433131616,46.783388868328,15.0173814514497));
#3370=CARTESIAN_POINT('Ctrl Pts',(-55.3760874355566,46.737583302492,15.0209350930807));
#3371=CARTESIAN_POINT('Origin',(-55.375,4.6875,12.5));
#3372=CARTESIAN_POINT('',(-55.3730759521572,45.737583302492,15.0158073261053));
#3373=CARTESIAN_POINT('',(-55.3751066399203,46.012416697508,15.0137970650816));
#3374=CARTESIAN_POINT('',(-55.375,4.6875,15.0175));
#3375=CARTESIAN_POINT('',(-57.2884659966649,46.875,14.1359872033751));
#3376=CARTESIAN_POINT('Ctrl Pts',(-55.3751066399203,46.012416697508,15.0137970650816));
#3377=CARTESIAN_POINT('Ctrl Pts',(-54.9533372141642,46.0389824938727,15.0136359688323));
#3378=CARTESIAN_POINT('Ctrl Pts',(-54.5314903424251,46.0655482902374,14.9128718559356));
#3379=CARTESIAN_POINT('Ctrl Pts',(-54.1644400650656,46.092114086602,14.7119685925346));
#3380=CARTESIAN_POINT('Ctrl Pts',(-53.4433160861745,46.1443064808286,14.3172647342016));
#3381=CARTESIAN_POINT('Ctrl Pts',(-52.9336979303687,46.1964988750551,13.5360402592081));
#3382=CARTESIAN_POINT('Ctrl Pts',(-52.8628665410618,46.2486912692816,12.7171111361484));
#3383=CARTESIAN_POINT('Ctrl Pts',(-52.7920351517549,46.3008836635082,11.8981820130887));
#3384=CARTESIAN_POINT('Ctrl Pts',(-53.1599905289468,46.3530760577347,11.0415482419629));
#3385=CARTESIAN_POINT('Ctrl Pts',(-53.8027366946797,46.4052684519612,10.5287921996925));
#3386=CARTESIAN_POINT('Ctrl Pts',(-54.4454828604126,46.4574608461878,10.0160361574222));
#3387=CARTESIAN_POINT('Ctrl Pts',(-55.3630198146866,46.5096532404143,9.84715784400733));
#3388=CARTESIAN_POINT('Ctrl Pts',(-56.145612548931,46.5618456346408,10.0987254938071));
#3389=CARTESIAN_POINT('Ctrl Pts',(-56.9282052831754,46.6140380288674,10.3502931436069));
#3390=CARTESIAN_POINT('Ctrl Pts',(-57.5758537973904,46.6662304230939,11.0223067566214));
#3391=CARTESIAN_POINT('Ctrl Pts',(-57.8000431308304,46.7184228173204,11.811857400233));
#3392=CARTESIAN_POINT('Ctrl Pts',(-58.0242324642704,46.770615211547,12.6014080438447));
#3393=CARTESIAN_POINT('Ctrl Pts',(-57.8249626169353,46.8228076057735,13.5084957180535));
#3394=CARTESIAN_POINT('Ctrl Pts',(-57.2884659966649,46.875,14.1359872033751));
#3395=CARTESIAN_POINT('Origin',(-55.375,46.875,12.5));
#3396=CARTESIAN_POINT('Ctrl Pts',(-55.3760874355566,46.737583302492,15.0209350930807));
#3397=CARTESIAN_POINT('Ctrl Pts',(-55.4355048710679,46.7338139355382,15.0212275243407));
#3398=CARTESIAN_POINT('Ctrl Pts',(-55.4949006584731,46.7300445685844,15.0192936473127));
#3399=CARTESIAN_POINT('Ctrl Pts',(-55.5541312661161,46.7262752016306,15.0150698060661));
#3400=CARTESIAN_POINT('Ctrl Pts',(-56.3742655916667,46.6740828074041,14.9565845510625));
#3401=CARTESIAN_POINT('Ctrl Pts',(-57.1627309107624,46.6218904131776,14.4590570632208));
#3402=CARTESIAN_POINT('Ctrl Pts',(-57.5682339252095,46.5696980189511,13.7440545944042));
#3403=CARTESIAN_POINT('Ctrl Pts',(-57.9737369396567,46.5175056247246,13.0290521255876));
#3404=CARTESIAN_POINT('Ctrl Pts',(-57.9962776494553,46.465313230498,12.0965746757961));
#3405=CARTESIAN_POINT('Ctrl Pts',(-57.6255747747522,46.4131208362715,11.3628241147165));
#3406=CARTESIAN_POINT('Ctrl Pts',(-57.254871900049,46.3609284420449,10.6290735536367));
#3407=CARTESIAN_POINT('Ctrl Pts',(-56.490925440844,46.3087360478184,10.0940498812689));
#3408=CARTESIAN_POINT('Ctrl Pts',(-55.6746693281649,46.2565436535919,9.99635992730637));
#3409=CARTESIAN_POINT('Ctrl Pts',(-54.8584132154859,46.2043512593654,9.89866997334383));
#3410=CARTESIAN_POINT('Ctrl Pts',(-53.989847449333,46.1521588651388,10.2383137377866));
#3411=CARTESIAN_POINT('Ctrl Pts',(-53.4564235266708,46.0999664709123,10.8638045427857));
#3412=CARTESIAN_POINT('Ctrl Pts',(-52.9229996040087,46.0477740766858,11.4892953477848));
#3413=CARTESIAN_POINT('Ctrl Pts',(-52.7247175248373,45.9955816824592,12.4006331933401));
#3414=CARTESIAN_POINT('Ctrl Pts',(-52.9500629260898,45.9433892882327,13.191213630002));
#3415=CARTESIAN_POINT('Ctrl Pts',(-53.1754083273424,45.8911968940062,13.9817940666639));
#3416=CARTESIAN_POINT('Ctrl Pts',(-53.824381209019,45.8390044997796,14.6516170944324));
#3417=CARTESIAN_POINT('Ctrl Pts',(-54.6074372703023,45.7868121055531,14.9018571851087));
#3418=CARTESIAN_POINT('Ctrl Pts',(-54.8536347811212,45.7704025045327,14.9805341668444));
#3419=CARTESIAN_POINT('Ctrl Pts',(-55.1130865647188,45.7539929035123,15.0177349043723));
#3420=CARTESIAN_POINT('Ctrl Pts',(-55.3730759521572,45.737583302492,15.0158073261053));
#3421=CARTESIAN_POINT('Origin',(-55.375,4.6875,12.5));
#3422=CARTESIAN_POINT('',(-55.3770064851146,44.737583302492,15.0161298491472));
#3423=CARTESIAN_POINT('',(-55.376374569846,45.012416697508,15.0204866101099));
#3424=CARTESIAN_POINT('',(-55.375,4.6875,15.0175));
#3425=CARTESIAN_POINT('Ctrl Pts',(-55.376374569846,45.012416697508,15.0204866101099));
#3426=CARTESIAN_POINT('Ctrl Pts',(-54.6393033732797,45.0591614618468,15.0155763698491));
#3427=CARTESIAN_POINT('Ctrl Pts',(-53.8982447069873,45.1059062261857,14.6724100688505));
#3428=CARTESIAN_POINT('Ctrl Pts',(-53.4297682954139,45.1526509905245,14.1044184118707));
#3429=CARTESIAN_POINT('Ctrl Pts',(-52.9066956924279,45.204843384751,13.4702330673133));
#3430=CARTESIAN_POINT('Ctrl Pts',(-52.7234408470642,45.2570357789775,12.5557666442794));
#3431=CARTESIAN_POINT('Ctrl Pts',(-52.9617602607198,45.3092281732041,11.7690025463656));
#3432=CARTESIAN_POINT('Ctrl Pts',(-53.2000796743755,45.3614205674306,10.9822384484518));
#3433=CARTESIAN_POINT('Ctrl Pts',(-53.8599733470505,45.4136129616571,10.3231766756582));
#3434=CARTESIAN_POINT('Ctrl Pts',(-54.6470380537439,45.4658053558837,10.0858444804133));
#3435=CARTESIAN_POINT('Ctrl Pts',(-55.4341027604375,45.5179977501102,9.8485122851684));
#3436=CARTESIAN_POINT('Ctrl Pts',(-56.3483385011496,45.5701901443367,10.0329096674724));
#3437=CARTESIAN_POINT('Ctrl Pts',(-56.9818639024261,45.6223825385633,10.5567837486937));
#3438=CARTESIAN_POINT('Ctrl Pts',(-57.6153893037026,45.6745749327898,11.080657829915));
#3439=CARTESIAN_POINT('Ctrl Pts',(-57.9682043655434,45.7267673270163,11.9440086100536));
#3440=CARTESIAN_POINT('Ctrl Pts',(-57.8829125998847,45.7789597212428,12.7616305907929));
#3441=CARTESIAN_POINT('Ctrl Pts',(-57.7976208342259,45.8311521154694,13.5792525715322));
#3442=CARTESIAN_POINT('Ctrl Pts',(-57.2742222410676,45.8833445096959,14.3511457528723));
#3443=CARTESIAN_POINT('Ctrl Pts',(-56.5462080435003,45.9355369039224,14.7330007227061));
#3444=CARTESIAN_POINT('Ctrl Pts',(-56.1887512271335,45.9611635017843,14.9204924808157));
#3445=CARTESIAN_POINT('Ctrl Pts',(-55.7819649669175,45.9867900996462,15.0139524659867));
#3446=CARTESIAN_POINT('Ctrl Pts',(-55.3751066399203,46.012416697508,15.0137970650816));
#3447=CARTESIAN_POINT('Ctrl Pts',(-55.3730759521572,45.737583302492,15.0158073261053));
#3448=CARTESIAN_POINT('Ctrl Pts',(-55.940009083252,45.7018005092858,15.0116040469134));
#3449=CARTESIAN_POINT('Ctrl Pts',(-56.5094985318654,45.6660177160796,14.821344806892));
#3450=CARTESIAN_POINT('Ctrl Pts',(-56.9496876547597,45.6302349228735,14.4693748147267));
#3451=CARTESIAN_POINT('Ctrl Pts',(-57.5917427370438,45.578042528647,13.9559952000842));
#3452=CARTESIAN_POINT('Ctrl Pts',(-57.9587136607219,45.5258501344204,13.0985788172153));
#3453=CARTESIAN_POINT('Ctrl Pts',(-57.8868774408462,45.4736577401939,12.2796557239152));
#3454=CARTESIAN_POINT('Ctrl Pts',(-57.8150412209705,45.4214653459674,11.4607326306153));
#3455=CARTESIAN_POINT('Ctrl Pts',(-57.304397857541,45.3692729517408,10.6803028268844));
#3456=CARTESIAN_POINT('Ctrl Pts',(-56.5827669557833,45.3170805575143,10.2865464799458));
#3457=CARTESIAN_POINT('Ctrl Pts',(-55.8611360540255,45.2648881632878,9.89279013300719));
#3458=CARTESIAN_POINT('Ctrl Pts',(-54.9285176139393,45.2126957690613,9.88570724286098));
#3459=CARTESIAN_POINT('Ctrl Pts',(-54.20099000857,45.1605033748347,10.2684581555921));
#3460=CARTESIAN_POINT('Ctrl Pts',(-53.4734624032007,45.1083109806082,10.6512090683232));
#3461=CARTESIAN_POINT('Ctrl Pts',(-52.9510256325481,45.0561185863817,11.4237937839315));
#3462=CARTESIAN_POINT('Ctrl Pts',(-52.8667593097095,45.0039261921551,12.2415311537279));
#3463=CARTESIAN_POINT('Ctrl Pts',(-52.7824929868708,44.9517337979286,13.0592685235244));
#3464=CARTESIAN_POINT('Ctrl Pts',(-53.1363971118462,44.8995414037021,13.9221585475089));
#3465=CARTESIAN_POINT('Ctrl Pts',(-53.7705822111851,44.8473490094755,14.445230946898));
#3466=CARTESIAN_POINT('Ctrl Pts',(-54.2151666301666,44.810760440481,14.8119217427084));
#3467=CARTESIAN_POINT('Ctrl Pts',(-54.7974942045753,44.7741718714865,15.0116102937612));
#3468=CARTESIAN_POINT('Ctrl Pts',(-55.3770064851146,44.737583302492,15.0161298491472));
#3469=CARTESIAN_POINT('Origin',(-55.375,4.6875,12.5));
#3470=CARTESIAN_POINT('',(-55.3738610880755,43.7375833024919,15.0207549136455));
#3471=CARTESIAN_POINT('',(-55.37292975394,44.012416697508,15.0164939704191));
#3472=CARTESIAN_POINT('',(-55.375,4.6875,15.0175));
#3473=CARTESIAN_POINT('',(-53.7390127966253,43.125,10.5865340033347));
#3474=CARTESIAN_POINT('Ctrl Pts',(-55.3738610880755,43.7375833024919,15.0207549136455));
#3475=CARTESIAN_POINT('Ctrl Pts',(-56.124358830428,43.6899660510076,15.0163428611573));
#3476=CARTESIAN_POINT('Ctrl Pts',(-56.8783983727049,43.6423487995232,14.6586655994021));
#3477=CARTESIAN_POINT('Ctrl Pts',(-57.3462065407476,43.5947315480388,14.0722623552066));
#3478=CARTESIAN_POINT('Ctrl Pts',(-57.8589624762067,43.5425391538123,13.4295165363555));
#3479=CARTESIAN_POINT('Ctrl Pts',(-58.0278414923255,43.4903467595857,12.5119804838164));
#3480=CARTESIAN_POINT('Ctrl Pts',(-57.7762730830771,43.4381543653592,11.7293870130171));
#3481=CARTESIAN_POINT('Ctrl Pts',(-57.5247046738287,43.3859619711327,10.9467935422177));
#3482=CARTESIAN_POINT('Ctrl Pts',(-56.8526888392131,43.3337695769061,10.2991426531582));
#3483=CARTESIAN_POINT('Ctrl Pts',(-56.0631387412426,43.2815771826796,10.0749536133698));
#3484=CARTESIAN_POINT('Ctrl Pts',(-55.2735886432721,43.2293847884531,9.85076457358154));
#3485=CARTESIAN_POINT('Ctrl Pts',(-54.3665042819467,43.1771923942265,10.0500373830646));
#3486=CARTESIAN_POINT('Ctrl Pts',(-53.7390127966251,43.125,10.5865340033349));
#3487=CARTESIAN_POINT('',(-53.7367990508967,43.125,14.4170436907356));
#3488=CARTESIAN_POINT('Origin',(-55.375,43.125,12.5));
#3489=CARTESIAN_POINT('Ctrl Pts',(-53.7367860188891,43.125,14.4170647521139));
#3490=CARTESIAN_POINT('Ctrl Pts',(-53.1449355915183,43.1745749327898,13.9074503336295));
#3491=CARTESIAN_POINT('Ctrl Pts',(-52.8043765157221,43.2241498655796,13.0998733803052));
#3492=CARTESIAN_POINT('Ctrl Pts',(-52.8599286177443,43.2737247983694,12.3208686643598));
#3493=CARTESIAN_POINT('Ctrl Pts',(-52.918413764283,43.3259171925959,11.5007339924409));
#3494=CARTESIAN_POINT('Ctrl Pts',(-53.4159421250746,43.3781095868224,10.7122683256896));
#3495=CARTESIAN_POINT('Ctrl Pts',(-54.1309450490278,43.4303019810489,10.3067651653509));
#3496=CARTESIAN_POINT('Ctrl Pts',(-54.845947972981,43.4824943752755,9.90126200501224));
#3497=CARTESIAN_POINT('Ctrl Pts',(-55.7784254600959,43.534686769502,9.87872135108618));
#3498=CARTESIAN_POINT('Ctrl Pts',(-56.5121762313831,43.5868791637285,10.2494243782523));
#3499=CARTESIAN_POINT('Ctrl Pts',(-57.2459270026702,43.6390715579551,10.6201274054183));
#3500=CARTESIAN_POINT('Ctrl Pts',(-57.7809510581295,43.6912639521816,11.3840741136765));
#3501=CARTESIAN_POINT('Ctrl Pts',(-57.8786410927115,43.7434563464081,12.2003305360033));
#3502=CARTESIAN_POINT('Ctrl Pts',(-57.9763311272936,43.7956487406346,13.0165869583302));
#3503=CARTESIAN_POINT('Ctrl Pts',(-57.6366871409981,43.8478411348612,13.8851530947258));
#3504=CARTESIAN_POINT('Ctrl Pts',(-57.0111960706785,43.9000335290877,14.4185772314388));
#3505=CARTESIAN_POINT('Ctrl Pts',(-56.5622502722032,43.9374945852278,14.801442049733));
#3506=CARTESIAN_POINT('Ctrl Pts',(-55.9660463165423,43.9749556413679,15.0116537397393));
#3507=CARTESIAN_POINT('Ctrl Pts',(-55.37292975394,44.012416697508,15.0164939704191));
#3508=CARTESIAN_POINT('Origin',(-55.375,4.6875,12.5));
#3509=CARTESIAN_POINT('',(-55.3760874327355,-43.2624166975081,15.0209358588594));
#3510=CARTESIAN_POINT('',(-55.375,-43.125,15.0175));
#3511=CARTESIAN_POINT('',(-55.375,4.6875,15.0175));
#3512=CARTESIAN_POINT('',(-53.4579565699468,-43.125,14.1382002917061));
#3513=CARTESIAN_POINT('Origin',(-55.375,-43.125,12.5));
#3514=CARTESIAN_POINT('Ctrl Pts',(-53.4579354824235,-43.125,14.1382133369669));
#3515=CARTESIAN_POINT('Ctrl Pts',(-53.9288020721736,-43.170805565836,14.6850635385104));
#3516=CARTESIAN_POINT('Ctrl Pts',(-54.6540431601357,-43.2166111316721,15.0173821144812));
#3517=CARTESIAN_POINT('Ctrl Pts',(-55.3760874327355,-43.2624166975081,15.0209358588594));
#3518=CARTESIAN_POINT('Origin',(-55.375,4.6875,12.5));
#3519=CARTESIAN_POINT('',(-55.3730759500039,-44.262416697508,15.0158078174539));
#3520=CARTESIAN_POINT('',(-55.3751066518737,-43.987583302492,15.0137966955788));
#3521=CARTESIAN_POINT('',(-55.375,4.6875,15.0175));
#3522=CARTESIAN_POINT('',(-57.288465996665,-43.125,14.135987203375));
#3523=CARTESIAN_POINT('Ctrl Pts',(-55.3751066518737,-43.987583302492,15.0137966955788));
#3524=CARTESIAN_POINT('Ctrl Pts',(-54.9533372974756,-43.9610175061273,15.0136356156961));
#3525=CARTESIAN_POINT('Ctrl Pts',(-54.5314904944544,-43.9344517097626,14.9128715297506));
#3526=CARTESIAN_POINT('Ctrl Pts',(-54.1644402673125,-43.907885913398,14.7119682842053));
#3527=CARTESIAN_POINT('Ctrl Pts',(-53.443316387081,-43.8556935191714,14.3172644609526));
#3528=CARTESIAN_POINT('Ctrl Pts',(-52.9336982585271,-43.8035011249449,13.536039985933));
#3529=CARTESIAN_POINT('Ctrl Pts',(-52.8628669246107,-43.7513087307184,12.717111047244));
#3530=CARTESIAN_POINT('Ctrl Pts',(-52.7920355906943,-43.6991163364918,11.898182108555));
#3531=CARTESIAN_POINT('Ctrl Pts',(-53.1599910514154,-43.6469239422653,11.0415487061966));
#3532=CARTESIAN_POINT('Ctrl Pts',(-53.8027370777167,-43.5947315480388,10.5287927072506));
#3533=CARTESIAN_POINT('Ctrl Pts',(-54.4454831040179,-43.5425391538123,10.0160367083047));
#3534=CARTESIAN_POINT('Ctrl Pts',(-55.3630196958992,-43.4903467595857,9.84715811277106));
#3535=CARTESIAN_POINT('Ctrl Pts',(-56.1456127265641,-43.4381543653592,10.0987260682892));
#3536=CARTESIAN_POINT('Ctrl Pts',(-56.928205757229,-43.3859619711327,10.3502940238073));
#3537=CARTESIAN_POINT('Ctrl Pts',(-57.5758552266775,-43.3337695769061,11.0223085303772));
#3538=CARTESIAN_POINT('Ctrl Pts',(-57.8000444416041,-43.2815771826796,11.8118589539387));
#3539=CARTESIAN_POINT('Ctrl Pts',(-58.0242336565307,-43.2293847884531,12.6014093775001));
#3540=CARTESIAN_POINT('Ctrl Pts',(-57.8249626169354,-43.1771923942265,13.5084957180531));
#3541=CARTESIAN_POINT('Ctrl Pts',(-57.2884659966652,-43.125,14.1359872033748));
#3542=CARTESIAN_POINT('Origin',(-55.375,-43.125,12.5));
#3543=CARTESIAN_POINT('Ctrl Pts',(-55.3760874327355,-43.2624166975081,15.0209358588594));
#3544=CARTESIAN_POINT('Ctrl Pts',(-55.4355048806073,-43.2661860644618,15.0212282985745));
#3545=CARTESIAN_POINT('Ctrl Pts',(-55.4949006804738,-43.2699554314156,15.0192944280329));
#3546=CARTESIAN_POINT('Ctrl Pts',(-55.554131300581,-43.2737247983694,15.0150705907188));
#3547=CARTESIAN_POINT('Ctrl Pts',(-56.3742657987144,-43.3259171925959,14.9565853901664));
#3548=CARTESIAN_POINT('Ctrl Pts',(-57.1627312909476,-43.3781095868224,14.459057467126));
#3549=CARTESIAN_POINT('Ctrl Pts',(-57.5682343780329,-43.4303019810489,13.7440547716136));
#3550=CARTESIAN_POINT('Ctrl Pts',(-57.9737374651183,-43.4824943752755,13.0290520761012));
#3551=CARTESIAN_POINT('Ctrl Pts',(-57.9962781470559,-43.534686769502,12.0965746081168));
#3552=CARTESIAN_POINT('Ctrl Pts',(-57.6255751964417,-43.5868791637285,11.3628239424706));
#3553=CARTESIAN_POINT('Ctrl Pts',(-57.2548722458275,-43.6390715579551,10.6290732768244));
#3554=CARTESIAN_POINT('Ctrl Pts',(-56.4909256626616,-43.6912639521816,10.0940494135164));
#3555=CARTESIAN_POINT('Ctrl Pts',(-55.6746693958138,-43.7434563464081,9.99635941936999));
#3556=CARTESIAN_POINT('Ctrl Pts',(-54.8584131289659,-43.7956487406347,9.89866942522356));
#3557=CARTESIAN_POINT('Ctrl Pts',(-53.9898471784363,-43.8478411348612,10.2383133002387));
#3558=CARTESIAN_POINT('Ctrl Pts',(-53.4564231491917,-43.9000335290877,10.8638042373683));
#3559=CARTESIAN_POINT('Ctrl Pts',(-52.922999119947,-43.9522259233142,11.4892951744979));
#3560=CARTESIAN_POINT('Ctrl Pts',(-52.7247170119874,-44.0044183175408,12.400633173742));
#3561=CARTESIAN_POINT('Ctrl Pts',(-52.9500624589827,-44.0566107117673,13.1912137580584));
#3562=CARTESIAN_POINT('Ctrl Pts',(-53.175407905978,-44.1088031059939,13.9817943423747));
#3563=CARTESIAN_POINT('Ctrl Pts',(-53.8243809079283,-44.1609955002204,14.6516175117634));
#3564=CARTESIAN_POINT('Ctrl Pts',(-54.6074371197973,-44.2131878944469,14.9018576538492));
#3565=CARTESIAN_POINT('Ctrl Pts',(-54.8536346779611,-44.2295974954673,14.9805346517483));
#3566=CARTESIAN_POINT('Ctrl Pts',(-55.1130865119,-44.2460070964876,15.0177353965222));
#3567=CARTESIAN_POINT('Ctrl Pts',(-55.3730759500039,-44.262416697508,15.0158078174539));
#3568=CARTESIAN_POINT('Origin',(-55.375,4.6875,12.5));
#3569=CARTESIAN_POINT('',(-55.3770064834276,-45.262416697508,15.016130336818));
#3570=CARTESIAN_POINT('',(-55.3763745695411,-44.987583302492,15.0204862144435));
#3571=CARTESIAN_POINT('',(-55.375,4.6875,15.0175));
#3572=CARTESIAN_POINT('Ctrl Pts',(-55.3763745695411,-44.987583302492,15.0204862144435));
#3573=CARTESIAN_POINT('Ctrl Pts',(-54.6393034886376,-44.9408385381532,15.0155759754537));
#3574=CARTESIAN_POINT('Ctrl Pts',(-53.8982449388156,-44.8940937738143,14.6724097292962));
#3575=CARTESIAN_POINT('Ctrl Pts',(-53.4297686007172,-44.8473490094755,14.1044181608138));
#3576=CARTESIAN_POINT('Ctrl Pts',(-52.9066960797689,-44.795156615249,13.4702329150673));
#3577=CARTESIAN_POINT('Ctrl Pts',(-52.7234412628424,-44.7429642210225,12.5557666328023));
#3578=CARTESIAN_POINT('Ctrl Pts',(-52.9617606392843,-44.6907718267959,11.7690026596582));
#3579=CARTESIAN_POINT('Ctrl Pts',(-53.2000800157262,-44.6385794325694,10.9822386865142));
#3580=CARTESIAN_POINT('Ctrl Pts',(-53.8599735855365,-44.5863870383429,10.323177022491));
#3581=CARTESIAN_POINT('Ctrl Pts',(-54.6470381682383,-44.5341946441164,10.0858448620025));
#3582=CARTESIAN_POINT('Ctrl Pts',(-55.4341027509402,-44.4820022498898,9.84851270151403));
#3583=CARTESIAN_POINT('Ctrl Pts',(-56.3483383465336,-44.4298098556633,10.0329100445602));
#3584=CARTESIAN_POINT('Ctrl Pts',(-56.9818636496099,-44.3776174614367,10.556784048252));
#3585=CARTESIAN_POINT('Ctrl Pts',(-57.6153889526862,-44.3254250672102,11.0806580519439));
#3586=CARTESIAN_POINT('Ctrl Pts',(-57.9682039632455,-44.2732326729837,11.9440087162814));
#3587=CARTESIAN_POINT('Ctrl Pts',(-57.882912208118,-44.2210402787572,12.7616305600853));
#3588=CARTESIAN_POINT('Ctrl Pts',(-57.7976204529905,-44.1688478845306,13.5792524038891));
#3589=CARTESIAN_POINT('Ctrl Pts',(-57.2742219321763,-44.1166554903041,14.3511454271594));
#3590=CARTESIAN_POINT('Ctrl Pts',(-56.5462078558146,-44.0644630960776,14.7330003530516));
#3591=CARTESIAN_POINT('Ctrl Pts',(-56.1887510989599,-44.0388364982157,14.9204920895859));
#3592=CARTESIAN_POINT('Ctrl Pts',(-55.7819649100358,-44.0132099003538,15.0139520806958));
#3593=CARTESIAN_POINT('Ctrl Pts',(-55.3751066518737,-43.987583302492,15.0137966955788));
#3594=CARTESIAN_POINT('Ctrl Pts',(-55.3730759500039,-44.262416697508,15.0158078174539));
#3595=CARTESIAN_POINT('Ctrl Pts',(-55.9400091915804,-44.2981994907142,15.0116045365147));
#3596=CARTESIAN_POINT('Ctrl Pts',(-56.5094987522172,-44.3339822839203,14.8213452564803));
#3597=CARTESIAN_POINT('Ctrl Pts',(-56.9496879609689,-44.3697650771265,14.4693751950578));
#3598=CARTESIAN_POINT('Ctrl Pts',(-57.5917431684835,-44.421957471353,13.9559954793977));
#3599=CARTESIAN_POINT('Ctrl Pts',(-57.9587141617247,-44.4741498655796,13.0985789332947));
#3600=CARTESIAN_POINT('Ctrl Pts',(-57.886877927467,-44.5263422598061,12.279655681956));
#3601=CARTESIAN_POINT('Ctrl Pts',(-57.8150416932093,-44.5785346540326,11.4607324306173));
#3602=CARTESIAN_POINT('Ctrl Pts',(-57.3043982314526,-44.6307270482592,10.680302474043));
#3603=CARTESIAN_POINT('Ctrl Pts',(-56.5827671901019,-44.6829194424857,10.2865460503815));
#3604=CARTESIAN_POINT('Ctrl Pts',(-55.8611361487512,-44.7351118367122,9.89278962671994));
#3605=CARTESIAN_POINT('Ctrl Pts',(-54.9285175278066,-44.7873042309387,9.88570673597121));
#3606=CARTESIAN_POINT('Ctrl Pts',(-54.2009897810335,-44.8394966251653,10.2684577230947));
#3607=CARTESIAN_POINT('Ctrl Pts',(-53.4734620342604,-44.8916890193918,10.6512087102182));
#3608=CARTESIAN_POINT('Ctrl Pts',(-52.9510251616589,-44.9438814136183,11.4237935752139));
#3609=CARTESIAN_POINT('Ctrl Pts',(-52.8667588229768,-44.9960738078449,12.2415311035081));
#3610=CARTESIAN_POINT('Ctrl Pts',(-52.7824924842947,-45.0482662020714,13.0592686318023));
#3611=CARTESIAN_POINT('Ctrl Pts',(-53.1363966795321,-45.1004585962979,13.922158823395));
#3612=CARTESIAN_POINT('Ctrl Pts',(-53.7705819009644,-45.1526509905245,14.4452313241559));
#3613=CARTESIAN_POINT('Ctrl Pts',(-54.2151664055374,-45.189239559519,14.8119221910312));
#3614=CARTESIAN_POINT('Ctrl Pts',(-54.79749409101,-45.2258281285135,15.0116107805972));
#3615=CARTESIAN_POINT('Ctrl Pts',(-55.3770064834276,-45.262416697508,15.016130336818));
#3616=CARTESIAN_POINT('Origin',(-55.375,4.6875,12.5));
#3617=CARTESIAN_POINT('',(-55.3738610424131,-46.262416697508,15.0207554058268));
#3618=CARTESIAN_POINT('',(-55.3729297557214,-45.987583302492,15.0164935755312));
#3619=CARTESIAN_POINT('',(-55.375,4.6875,15.0175));
#3620=CARTESIAN_POINT('',(-53.7390127966251,-46.875,10.5865340033349));
#3621=CARTESIAN_POINT('Ctrl Pts',(-55.3738610424131,-46.262416697508,15.0207554058268));
#3622=CARTESIAN_POINT('Ctrl Pts',(-56.1243590249027,-46.3100339489924,15.0163434193333));
#3623=CARTESIAN_POINT('Ctrl Pts',(-56.8783989515675,-46.3576512004768,14.6586662301626));
#3624=CARTESIAN_POINT('Ctrl Pts',(-57.3462071678592,-46.4052684519612,14.0722628280688));
#3625=CARTESIAN_POINT('Ctrl Pts',(-57.8589631562032,-46.4574608461877,13.4295168361485));
#3626=CARTESIAN_POINT('Ctrl Pts',(-58.0278418213713,-46.5096532404143,12.5119803336393));
#3627=CARTESIAN_POINT('Ctrl Pts',(-57.776273790563,-46.5618456346408,11.7293872299572));
#3628=CARTESIAN_POINT('Ctrl Pts',(-57.5247057597546,-46.6140380288673,10.946794126275));
#3629=CARTESIAN_POINT('Ctrl Pts',(-56.8526910329698,-46.6662304230939,10.29914442142));
#3630=CARTESIAN_POINT('Ctrl Pts',(-56.0631406635178,-46.7184228173204,10.0749552356174));
#3631=CARTESIAN_POINT('Ctrl Pts',(-55.2735902940658,-46.7706152115469,9.85076604981483));
#3632=CARTESIAN_POINT('Ctrl Pts',(-54.3665042819467,-46.8228076057735,10.0500373830647));
#3633=CARTESIAN_POINT('Ctrl Pts',(-53.7390127966251,-46.875,10.5865340033349));
#3634=CARTESIAN_POINT('',(-53.7367995787383,-46.875,14.4170434815759));
#3635=CARTESIAN_POINT('Origin',(-55.375,-46.875,12.5));
#3636=CARTESIAN_POINT('Ctrl Pts',(-53.7367865360866,-46.875,14.4170645639509));
#3637=CARTESIAN_POINT('Ctrl Pts',(-53.1449357886376,-46.8254250672102,13.907450097426));
#3638=CARTESIAN_POINT('Ctrl Pts',(-52.804377109864,-46.7758501344204,13.0998732760121));
#3639=CARTESIAN_POINT('Ctrl Pts',(-52.8599292529919,-46.7262752016307,12.3208686925201));
#3640=CARTESIAN_POINT('Ctrl Pts',(-52.9184144428066,-46.6740828074041,11.5007341600478));
#3641=CARTESIAN_POINT('Ctrl Pts',(-53.4159424523816,-46.6218904131776,10.7122686333449));
#3642=CARTESIAN_POINT('Ctrl Pts',(-54.130945193019,-46.5696980189511,10.3067655317937));
#3643=CARTESIAN_POINT('Ctrl Pts',(-54.8459479336565,-46.5175056247245,9.90126243024262));
#3644=CARTESIAN_POINT('Ctrl Pts',(-55.7784254053565,-46.465313230498,9.8787217538433));
#3645=CARTESIAN_POINT('Ctrl Pts',(-56.5121760918491,-46.4131208362715,10.2494247195746));
#3646=CARTESIAN_POINT('Ctrl Pts',(-57.2459267783417,-46.3609284420449,10.620127685306));
#3647=CARTESIAN_POINT('Ctrl Pts',(-57.780950679627,-46.3087360478184,11.384074293168));
#3648=CARTESIAN_POINT('Ctrl Pts',(-57.8786406817655,-46.2565436535919,12.2003305907186));
#3649=CARTESIAN_POINT('Ctrl Pts',(-57.9763306839041,-46.2043512593653,13.0165868882692));
#3650=CARTESIAN_POINT('Ctrl Pts',(-57.6366867868958,-46.1521588651388,13.8851528755084));
#3651=CARTESIAN_POINT('Ctrl Pts',(-57.0111958234599,-46.0999664709123,14.4185769259767));
#3652=CARTESIAN_POINT('Ctrl Pts',(-56.5622501017001,-46.0625054147722,14.801441682369));
#3653=CARTESIAN_POINT('Ctrl Pts',(-55.9660462318198,-46.0250443586321,15.0116533428832));
#3654=CARTESIAN_POINT('Ctrl Pts',(-55.3729297557214,-45.987583302492,15.0164935755312));
#3655=CARTESIAN_POINT('Origin',(55.3750000000002,-49.0834234471777,12.5));
#3656=CARTESIAN_POINT('',(55.3748697786844,46.3334234471772,15.5689783453521));
#3657=CARTESIAN_POINT('',(55.3736724021792,46.4165765528223,15.5776943459251));
#3658=CARTESIAN_POINT('',(55.3749999999955,-49.0834234471777,15.5735));
#3659=CARTESIAN_POINT('',(56.1687992825329,46.875,9.53077704625426));
#3660=CARTESIAN_POINT('Ctrl Pts',(55.3736724021792,46.4165765528223,15.5776943459251));
#3661=CARTESIAN_POINT('Ctrl Pts',(56.3055550342915,46.4649995800951,15.5731078701065));
#3662=CARTESIAN_POINT('Ctrl Pts',(58.2509231150828,46.5656150015945,14.6315499430972));
#3663=CARTESIAN_POINT('Ctrl Pts',(58.7980640238852,46.7184228173204,11.3407334367631));
#3664=CARTESIAN_POINT('Ctrl Pts',(57.1425098813851,46.8228076057735,9.79109120480809));
#3665=CARTESIAN_POINT('Ctrl Pts',(56.1687992825325,46.875,9.53077704625417));
#3666=CARTESIAN_POINT('',(54.5791317586932,46.875,9.52607701515436));
#3667=CARTESIAN_POINT('Origin',(55.3750000000002,46.875,12.5));
#3668=CARTESIAN_POINT('Ctrl Pts',(55.3748697786844,46.3334234471772,15.5689783453521));
#3669=CARTESIAN_POINT('Ctrl Pts',(55.8897885023127,46.359989243542,15.5687817108041));
#3670=CARTESIAN_POINT('Ctrl Pts',(57.416620731911,46.4387474341333,15.2040762385293));
#3671=CARTESIAN_POINT('Ctrl Pts',(58.9776419490768,46.569698018951,12.8110921994964));
#3672=CARTESIAN_POINT('Ctrl Pts',(57.6525104172316,46.7236577401939,9.72606890253763));
#3673=CARTESIAN_POINT('Ctrl Pts',(55.5011369919382,46.8254250672102,9.28300312305368));
#3674=CARTESIAN_POINT('Ctrl Pts',(54.5791195531136,46.875,9.52604928787243));
#3675=CARTESIAN_POINT('Origin',(55.3750000000002,-49.0834234471777,12.5));
#3676=CARTESIAN_POINT('',(55.3733218516244,45.3334234471772,15.577145238657));
#3677=CARTESIAN_POINT('',(55.3773489832275,45.4165765528223,15.5714338764752));
#3678=CARTESIAN_POINT('',(55.3749999999955,-49.0834234471777,15.5735));
#3679=CARTESIAN_POINT('Ctrl Pts',(55.3773489832275,45.4165765528223,15.5714338764752));
#3680=CARTESIAN_POINT('Ctrl Pts',(55.6947581121384,45.4329861538427,15.5737871687823));
#3681=CARTESIAN_POINT('Ctrl Pts',(57.0189751703232,45.5015881490898,15.3839181667199));
#3682=CARTESIAN_POINT('Ctrl Pts',(58.8526819161715,45.6223825385632,13.4912982132919));
#3683=CARTESIAN_POINT('Ctrl Pts',(58.1264614272064,45.7789597212429,10.1534664307927));
#3684=CARTESIAN_POINT('Ctrl Pts',(54.9452849681269,45.9355369039224,8.90949980387197));
#3685=CARTESIAN_POINT('Ctrl Pts',(52.1472833557857,46.092114086602,10.869057658529));
#3686=CARTESIAN_POINT('Ctrl Pts',(52.2298400390331,46.2486912692816,14.2843142354575));
#3687=CARTESIAN_POINT('Ctrl Pts',(54.224562074327,46.3568454246884,15.5429992223496));
#3688=CARTESIAN_POINT('Ctrl Pts',(55.301132377401,46.4128071858686,15.5780513684278));
#3689=CARTESIAN_POINT('Ctrl Pts',(55.3736724021792,46.4165765528223,15.5776943459251));
#3690=CARTESIAN_POINT('Ctrl Pts',(55.3733218516244,45.3334234471772,15.577145238657));
#3691=CARTESIAN_POINT('Ctrl Pts',(56.2731779009435,45.3801682115161,15.5711505552266));
#3692=CARTESIAN_POINT('Ctrl Pts',(58.1880626910044,45.4791053700816,14.6844138410951));
#3693=CARTESIAN_POINT('Ctrl Pts',(58.835892974917,45.6302349228735,11.4516532405449));
#3694=CARTESIAN_POINT('Ctrl Pts',(56.4189922035243,45.7868121055531,9.03779939792283));
#3695=CARTESIAN_POINT('Ctrl Pts',(53.0705481349086,45.9433892882327,9.71316596456877));
#3696=CARTESIAN_POINT('Ctrl Pts',(51.7783414527896,46.0999664709123,12.8752409242369));
#3697=CARTESIAN_POINT('Ctrl Pts',(53.3700748822056,46.2299778572271,15.2226832580488));
#3698=CARTESIAN_POINT('Ctrl Pts',(54.8781553237232,46.3077968493155,15.5691680281464));
#3699=CARTESIAN_POINT('Ctrl Pts',(55.3748697786844,46.3334234471772,15.5689783453521));
#3700=CARTESIAN_POINT('Origin',(55.3750000000002,-49.0834234471777,12.5));
#3701=CARTESIAN_POINT('',(55.3775274638238,44.3334234471772,15.5722708103555));
#3702=CARTESIAN_POINT('',(55.3725503758944,44.4165765528223,15.5718276271494));
#3703=CARTESIAN_POINT('',(55.3749999999955,-49.0834234471777,15.5735));
#3704=CARTESIAN_POINT('Ctrl Pts',(55.3725503758944,44.4165765528223,15.5718276271494));
#3705=CARTESIAN_POINT('Ctrl Pts',(56.0800503617837,44.4531651218169,15.5663099091277));
#3706=CARTESIAN_POINT('Ctrl Pts',(57.8051158030909,44.541946085038,14.974760008253));
#3707=CARTESIAN_POINT('Ctrl Pts',(58.9721383358958,44.6829194424857,12.1293224236508));
#3708=CARTESIAN_POINT('Ctrl Pts',(57.0586809989044,44.8394966251653,9.2996826014125));
#3709=CARTESIAN_POINT('Ctrl Pts',(53.6429076543598,44.9960738078448,9.32562412758806));
#3710=CARTESIAN_POINT('Ctrl Pts',(51.7726444117865,45.1526509905245,12.1839970800973));
#3711=CARTESIAN_POINT('Ctrl Pts',(52.9758388249337,45.2928185721836,14.9952241708147));
#3712=CARTESIAN_POINT('Ctrl Pts',(54.6852063036233,45.3807937596162,15.5663022848008));
#3713=CARTESIAN_POINT('Ctrl Pts',(55.3773489832275,45.4165765528223,15.5714338764752));
#3714=CARTESIAN_POINT('Ctrl Pts',(55.3775274638238,44.3334234471772,15.5722708103555));
#3715=CARTESIAN_POINT('Ctrl Pts',(55.6622788464191,44.3481547852637,15.5745945760483));
#3716=CARTESIAN_POINT('Ctrl Pts',(56.9532421378333,44.4150785175768,15.4090080760556));
#3717=CARTESIAN_POINT('Ctrl Pts',(58.8195667749788,44.5341946441164,13.60077811695));
#3718=CARTESIAN_POINT('Ctrl Pts',(58.1993380366353,44.6907718267959,10.2416984774602));
#3719=CARTESIAN_POINT('Ctrl Pts',(55.0589970955089,44.8473490094756,8.89764459826858));
#3720=CARTESIAN_POINT('Ctrl Pts',(52.2006242928644,45.0039261921551,10.7679077444313));
#3721=CARTESIAN_POINT('Ctrl Pts',(52.1746827672803,45.1605033748348,14.1836809116421));
#3722=CARTESIAN_POINT('Ctrl Pts',(54.159557979001,45.2703357931754,15.5258920316648));
#3723=CARTESIAN_POINT('Ctrl Pts',(55.268452722896,45.3279758172896,15.5778438584294));
#3724=CARTESIAN_POINT('Ctrl Pts',(55.3733218516244,45.3334234471772,15.577145238657));
#3725=CARTESIAN_POINT('Origin',(55.3750000000002,-49.0834234471777,12.5));
#3726=CARTESIAN_POINT('',(55.3725524769973,43.3334234471772,15.5701195478979));
#3727=CARTESIAN_POINT('',(55.3763904809738,43.4165765528223,15.5774741592254));
#3728=CARTESIAN_POINT('',(55.3749999999955,-49.0834234471777,15.5735));
#3729=CARTESIAN_POINT('',(52.4057770462544,43.125,13.2937992825328));
#3730=CARTESIAN_POINT('Ctrl Pts',(52.4057770462544,43.125,13.2937992825327));
#3731=CARTESIAN_POINT('Ctrl Pts',(52.6660912048085,43.1771923942265,14.2675098813853));
#3732=CARTESIAN_POINT('Ctrl Pts',(53.4409116028565,43.2293847884531,15.0952870446344));
#3733=CARTESIAN_POINT('Ctrl Pts',(54.3903207765592,43.2815771826796,15.4157359966394));
#3734=CARTESIAN_POINT('Ctrl Pts',(54.7046917359408,43.2988592708455,15.5218439290937));
#3735=CARTESIAN_POINT('Ctrl Pts',(55.0382050038926,43.3161413590113,15.5723272480553));
#3736=CARTESIAN_POINT('Ctrl Pts',(55.3725524769973,43.3334234471772,15.5701195478979));
#3737=CARTESIAN_POINT('',(52.4010767924955,43.125,11.7041318090006));
#3738=CARTESIAN_POINT('Origin',(55.3750000000002,43.125,12.5));
#3739=CARTESIAN_POINT('Ctrl Pts',(52.4010490734921,43.125,11.7041196079402));
#3740=CARTESIAN_POINT('Ctrl Pts',(52.1580030043308,43.1745749327898,12.6261369573842));
#3741=CARTESIAN_POINT('Ctrl Pts',(52.373837952894,43.2241498655796,13.6741570820009));
#3742=CARTESIAN_POINT('Ctrl Pts',(52.9684440764825,43.2737247983694,14.4195031894451));
#3743=CARTESIAN_POINT('Ctrl Pts',(53.5395695975414,43.3213420498537,15.1354160721013));
#3744=CARTESIAN_POINT('Ctrl Pts',(54.4601421060319,43.368959301338,15.5720877388239));
#3745=CARTESIAN_POINT('Ctrl Pts',(55.3763904809738,43.4165765528223,15.5774741592254));
#3746=CARTESIAN_POINT('Origin',(55.3750000000002,-49.0834234471777,12.5));
#3747=CARTESIAN_POINT('',(55.3748697835294,-43.6665765528228,15.5689784945436));
#3748=CARTESIAN_POINT('',(55.3736724012576,-43.5834234471777,15.5776940956392));
#3749=CARTESIAN_POINT('',(55.3749999999955,-49.0834234471777,15.5735));
#3750=CARTESIAN_POINT('',(56.1687992825328,-43.125,9.53077704625424));
#3751=CARTESIAN_POINT('Ctrl Pts',(55.3736724012576,-43.5834234471777,15.5776940956392));
#3752=CARTESIAN_POINT('Ctrl Pts',(56.3055549814727,-43.5350004199049,15.5731076553189));
#3753=CARTESIAN_POINT('Ctrl Pts',(58.2509229657162,-43.4343849984055,14.6315500227072));
#3754=CARTESIAN_POINT('Ctrl Pts',(58.7980642078837,-43.2815771826796,11.3407320009043));
#3755=CARTESIAN_POINT('Ctrl Pts',(57.1425098813854,-43.1771923942265,9.79109120480826));
#3756=CARTESIAN_POINT('Ctrl Pts',(56.1687992825328,-43.125,9.53077704625424));
#3757=CARTESIAN_POINT('',(54.5791318090009,-43.125,9.52607679249521));
#3758=CARTESIAN_POINT('Origin',(55.3750000000002,-43.125,12.5));
#3759=CARTESIAN_POINT('Ctrl Pts',(55.3748697835294,-43.6665765528228,15.5689784945436));
#3760=CARTESIAN_POINT('Ctrl Pts',(55.8897885359874,-43.640010756458,15.5687818533551));
#3761=CARTESIAN_POINT('Ctrl Pts',(57.4166208478742,-43.5612525658668,15.2040763487509));
#3762=CARTESIAN_POINT('Ctrl Pts',(58.9776420923209,-43.4303019810489,12.8110923103611));
#3763=CARTESIAN_POINT('Ctrl Pts',(57.6525106605783,-43.2763422598061,9.72606857307523));
#3764=CARTESIAN_POINT('Ctrl Pts',(55.5011369573843,-43.1745749327897,9.28300300433068));
#3765=CARTESIAN_POINT('Ctrl Pts',(54.5791196079404,-43.125,9.52604907349189));
#3766=CARTESIAN_POINT('Origin',(55.3750000000002,-49.0834234471777,12.5));
#3767=CARTESIAN_POINT('',(55.3733218515008,-44.6665765528228,15.5771453984537));
#3768=CARTESIAN_POINT('',(55.3773489825239,-44.5834234471777,15.5714337158843));
#3769=CARTESIAN_POINT('',(55.3749999999955,-49.0834234471777,15.5735));
#3770=CARTESIAN_POINT('Ctrl Pts',(55.3773489825239,-44.5834234471777,15.5714337158843));
#3771=CARTESIAN_POINT('Ctrl Pts',(55.6947580948752,-44.5670138461573,15.5737870079295));
#3772=CARTESIAN_POINT('Ctrl Pts',(57.0189750842745,-44.4984118509103,15.383918015768));
#3773=CARTESIAN_POINT('Ctrl Pts',(58.852681739144,-44.3776174614367,13.4912981694663));
#3774=CARTESIAN_POINT('Ctrl Pts',(58.1264612784065,-44.2210402787572,10.1534665376612));
#3775=CARTESIAN_POINT('Ctrl Pts',(54.9452850001103,-44.0644630960775,8.90950001915626));
#3776=CARTESIAN_POINT('Ctrl Pts',(52.1472835093146,-43.907885913398,10.8690576865964));
#3777=CARTESIAN_POINT('Ctrl Pts',(52.229840219879,-43.7513087307184,14.2843142456815));
#3778=CARTESIAN_POINT('Ctrl Pts',(54.2245621379109,-43.6431545753116,15.5429989378282));
#3779=CARTESIAN_POINT('Ctrl Pts',(55.3011323805193,-43.5871928141314,15.5780511153786));
#3780=CARTESIAN_POINT('Ctrl Pts',(55.3736724012576,-43.5834234471777,15.5776940956392));
#3781=CARTESIAN_POINT('Ctrl Pts',(55.3733218515008,-44.6665765528228,15.5771453984537));
#3782=CARTESIAN_POINT('Ctrl Pts',(56.2731779475322,-44.6198317884839,15.5711507145088));
#3783=CARTESIAN_POINT('Ctrl Pts',(58.1880628371532,-44.5208946299185,14.6844139534942));
#3784=CARTESIAN_POINT('Ctrl Pts',(58.8358931543182,-44.3697650771265,11.4516531883417));
#3785=CARTESIAN_POINT('Ctrl Pts',(56.4189922583025,-44.2131878944469,9.03779921389561));
#3786=CARTESIAN_POINT('Ctrl Pts',(53.0705480138449,-44.0566107117673,9.71316582817595));
#3787=CARTESIAN_POINT('Ctrl Pts',(51.7783412696285,-43.9000335290877,12.8752409280205));
#3788=CARTESIAN_POINT('Ctrl Pts',(53.3700747717587,-43.7700221427729,15.2226834210481));
#3789=CARTESIAN_POINT('Ctrl Pts',(54.878155300758,-43.6922031506846,15.5691681837437));
#3790=CARTESIAN_POINT('Ctrl Pts',(55.3748697835294,-43.6665765528228,15.5689784945436));
#3791=CARTESIAN_POINT('Origin',(55.3750000000002,-49.0834234471777,12.5));
#3792=CARTESIAN_POINT('',(55.3775274645452,-45.6665765528228,15.5722709698369));
#3793=CARTESIAN_POINT('',(55.3725503753429,-45.5834234471777,15.5718274677605));
#3794=CARTESIAN_POINT('',(55.3749999999955,-49.0834234471777,15.5735));
#3795=CARTESIAN_POINT('Ctrl Pts',(55.3725503753429,-45.5834234471777,15.5718274677605));
#3796=CARTESIAN_POINT('Ctrl Pts',(56.0800503246662,-45.5468348781831,15.5663097500117));
#3797=CARTESIAN_POINT('Ctrl Pts',(57.8051156778931,-45.458053914962,14.9747598796803));
#3798=CARTESIAN_POINT('Ctrl Pts',(58.9721381486709,-45.3170805575143,12.1293224430425));
#3799=CARTESIAN_POINT('Ctrl Pts',(57.0586809116421,-45.1605033748347,9.29968276728003));
#3800=CARTESIAN_POINT('Ctrl Pts',(53.6429077444312,-45.0039261921551,9.32562429286436));
#3801=CARTESIAN_POINT('Ctrl Pts',(51.7726445982687,-44.8473490094755,12.183997095509));
#3802=CARTESIAN_POINT('Ctrl Pts',(52.9758389503566,-44.7071814278164,14.9952240429474));
#3803=CARTESIAN_POINT('Ctrl Pts',(54.6852063390291,-44.6192062403838,15.566302124781));
#3804=CARTESIAN_POINT('Ctrl Pts',(55.3773489825239,-44.5834234471777,15.5714337158843));
#3805=CARTESIAN_POINT('Ctrl Pts',(55.3775274645452,-45.6665765528228,15.5722709698369));
#3806=CARTESIAN_POINT('Ctrl Pts',(55.6622788608731,-45.6518452147363,15.5745947352152));
#3807=CARTESIAN_POINT('Ctrl Pts',(56.9532422148814,-45.5849214824232,15.4090082248685));
#3808=CARTESIAN_POINT('Ctrl Pts',(58.8195669576646,-45.4658053558836,13.6007781760478));
#3809=CARTESIAN_POINT('Ctrl Pts',(58.1993381812765,-45.3092281732041,10.2416983591857));
#3810=CARTESIAN_POINT('Ctrl Pts',(55.0589970800972,-45.1526509905245,8.8976444117864));
#3811=CARTESIAN_POINT('Ctrl Pts',(52.200624127588,-44.9960738078449,10.7679076543599));
#3812=CARTESIAN_POINT('Ctrl Pts',(52.1746826014129,-44.8394966251653,14.1836809989046));
#3813=CARTESIAN_POINT('Ctrl Pts',(54.1595579158803,-44.7296642068246,15.5258921890467));
#3814=CARTESIAN_POINT('Ctrl Pts',(55.2684527173285,-44.6720241827104,15.577844018286));
#3815=CARTESIAN_POINT('Ctrl Pts',(55.3733218515008,-44.6665765528228,15.5771453984537));
#3816=CARTESIAN_POINT('Origin',(55.3750000000002,-49.0834234471777,12.5));
#3817=CARTESIAN_POINT('',(55.3725532264254,-46.6665765528228,15.570119504722));
#3818=CARTESIAN_POINT('',(55.3763904660511,-46.5834234471777,15.5774739983617));
#3819=CARTESIAN_POINT('',(55.3749999999955,-49.0834234471777,15.5735));
#3820=CARTESIAN_POINT('',(52.4057770462544,-46.875,13.2937992825328));
#3821=CARTESIAN_POINT('Ctrl Pts',(52.4057770462544,-46.875,13.2937992825327));
#3822=CARTESIAN_POINT('Ctrl Pts',(52.6660912048085,-46.8228076057735,14.2675098813853));
#3823=CARTESIAN_POINT('Ctrl Pts',(53.6974732055194,-46.7533331233811,15.369382757954));
#3824=CARTESIAN_POINT('Ctrl Pts',(55.0382058205725,-46.6838586409887,15.5723271855129));
#3825=CARTESIAN_POINT('Ctrl Pts',(55.3725532264254,-46.6665765528228,15.570119504722));
#3826=CARTESIAN_POINT('',(52.4010770151547,-46.875,11.7041317586927));
#3827=CARTESIAN_POINT('Origin',(55.3750000000002,-46.875,12.5));
#3828=CARTESIAN_POINT('Ctrl Pts',(52.4010492878726,-46.875,11.7041195531133));
#3829=CARTESIAN_POINT('Ctrl Pts',(52.1580031230538,-46.8254250672102,12.6261369919381));
#3830=CARTESIAN_POINT('Ctrl Pts',(52.5811500420868,-46.7282328829361,14.6807913542367));
#3831=CARTESIAN_POINT('Ctrl Pts',(54.4601421695942,-46.631040698662,15.5720875563911));
#3832=CARTESIAN_POINT('Ctrl Pts',(55.3763904660511,-46.5834234471777,15.5774739983617));
#3833=CARTESIAN_POINT('Origin',(-55.375,-49.0834234471777,12.5));
#3834=CARTESIAN_POINT('',(-55.3751301917799,46.3334234471772,15.5689792570122));
#3835=CARTESIAN_POINT('',(-55.376327600077,46.4165765528223,15.577693747203));
#3836=CARTESIAN_POINT('',(-55.3750000000047,-49.0834234471777,15.5735));
#3837=CARTESIAN_POINT('',(-54.5812007174673,46.875,9.53077704625426));
#3838=CARTESIAN_POINT('Ctrl Pts',(-55.376327600077,46.4165765528223,15.577693747203));
#3839=CARTESIAN_POINT('Ctrl Pts',(-54.4444450921619,46.4649995800951,15.5731073564664));
#3840=CARTESIAN_POINT('Ctrl Pts',(-52.499077242459,46.5656150015945,14.6315501345161));
#3841=CARTESIAN_POINT('Ctrl Pts',(-51.9519355356822,46.7184228173204,11.3407300004897));
#3842=CARTESIAN_POINT('Ctrl Pts',(-53.607490118615,46.8228076057735,9.7910912048081));
#3843=CARTESIAN_POINT('Ctrl Pts',(-54.5812007174676,46.875,9.53077704625417));
#3844=CARTESIAN_POINT('',(-56.1708679307764,46.875,9.5260756514622));
#3845=CARTESIAN_POINT('Origin',(-55.375,46.875,12.5));
#3846=CARTESIAN_POINT('Ctrl Pts',(-55.3751301917798,46.3334234471772,15.5689792570122));
#3847=CARTESIAN_POINT('Ctrl Pts',(-54.8602112920519,46.359989243542,15.568782582009));
#3848=CARTESIAN_POINT('Ctrl Pts',(-53.3333785597395,46.4387474341333,15.2040769124415));
#3849=CARTESIAN_POINT('Ctrl Pts',(-51.7723571746253,46.5696980189511,12.8110928749885));
#3850=CARTESIAN_POINT('Ctrl Pts',(-53.0974880971245,46.7236577401939,9.7260668915689));
#3851=CARTESIAN_POINT('Ctrl Pts',(-55.2488632152393,46.8254250672102,9.28300239419127));
#3852=CARTESIAN_POINT('Ctrl Pts',(-56.1708801086158,46.875,9.52604797501693));
#3853=CARTESIAN_POINT('Origin',(-55.375,-49.0834234471777,12.5));
#3854=CARTESIAN_POINT('',(-55.3766781491297,45.3334234471772,15.5771462149644));
#3855=CARTESIAN_POINT('',(-55.3726510184574,45.4165765528223,15.571433492268));
#3856=CARTESIAN_POINT('',(-55.3750000000047,-49.0834234471777,15.5735));
#3857=CARTESIAN_POINT('Ctrl Pts',(-55.3726510184574,45.4165765528223,15.571433492268));
#3858=CARTESIAN_POINT('Ctrl Pts',(-55.0552419291642,45.4329861538427,15.5737867839481));
#3859=CARTESIAN_POINT('Ctrl Pts',(-53.7310250355445,45.5015881490897,15.3839178055728));
#3860=CARTESIAN_POINT('Ctrl Pts',(-51.8973185073501,45.6223825385633,13.4912981084588));
#3861=CARTESIAN_POINT('Ctrl Pts',(-52.6235389288,45.7789597212428,10.1534666864357));
#3862=CARTESIAN_POINT('Ctrl Pts',(-55.8047149553395,45.9355369039225,8.90950031899004));
#3863=CARTESIAN_POINT('Ctrl Pts',(-58.6027162769284,46.092114086602,10.8690577255709));
#3864=CARTESIAN_POINT('Ctrl Pts',(-58.5201595282894,46.2486912692816,14.28431426015));
#3865=CARTESIAN_POINT('Ctrl Pts',(-56.5254377735606,46.3568454246884,15.5429985415484));
#3866=CARTESIAN_POINT('Ctrl Pts',(-55.4488676151874,46.4128071858686,15.5780507630827));
#3867=CARTESIAN_POINT('Ctrl Pts',(-55.376327600077,46.4165765528223,15.577693747203));
#3868=CARTESIAN_POINT('Ctrl Pts',(-55.3766781491297,45.3334234471772,15.5771462149644));
#3869=CARTESIAN_POINT('Ctrl Pts',(-54.4768218144124,45.3801682115161,15.5711515283952));
#3870=CARTESIAN_POINT('Ctrl Pts',(-52.561936416075,45.4791053700816,14.6844145278414));
#3871=CARTESIAN_POINT('Ctrl Pts',(-51.9141059289876,45.6302349228735,11.4516529215484));
#3872=CARTESIAN_POINT('Ctrl Pts',(-54.3310074618178,45.7868121055531,9.03779827366583));
#3873=CARTESIAN_POINT('Ctrl Pts',(-57.6794526047118,45.9433892882327,9.71316513107763));
#3874=CARTESIAN_POINT('Ctrl Pts',(-58.9716596663616,46.0999664709123,12.8752409476684));
#3875=CARTESIAN_POINT('Ctrl Pts',(-57.3799257924317,46.2299778572272,15.2226842535067));
#3876=CARTESIAN_POINT('Ctrl Pts',(-55.8718448166149,46.3077968493155,15.5691689788315));
#3877=CARTESIAN_POINT('Ctrl Pts',(-55.3751301917798,46.3334234471772,15.5689792570122));
#3878=CARTESIAN_POINT('Origin',(-55.375,-49.0834234471777,12.5));
#3879=CARTESIAN_POINT('',(-55.372472531776,44.3334234471772,15.57227178474));
#3880=CARTESIAN_POINT('',(-55.3774496254265,44.4165765528223,15.5718272458209));
#3881=CARTESIAN_POINT('',(-55.3750000000047,-49.0834234471777,15.5735));
#3882=CARTESIAN_POINT('Ctrl Pts',(-55.3774496254265,44.4165765528223,15.5718272458209));
#3883=CARTESIAN_POINT('Ctrl Pts',(-54.6699497270189,44.4531651218169,15.5663095284519));
#3884=CARTESIAN_POINT('Ctrl Pts',(-52.9448844964353,44.541946085038,14.9747597006496));
#3885=CARTESIAN_POINT('Ctrl Pts',(-51.77786211203,44.6829194424857,12.1293224700444));
#3886=CARTESIAN_POINT('Ctrl Pts',(-53.691319209866,44.8394966251653,9.29968299823985));
#3887=CARTESIAN_POINT('Ctrl Pts',(-57.1070921301498,44.9960738078449,9.32562452300377));
#3888=CARTESIAN_POINT('Ctrl Pts',(-58.9773551420669,45.1526509905245,12.1839971169666));
#3889=CARTESIAN_POINT('Ctrl Pts',(-57.7741608749977,45.2928185721836,14.9952238649039));
#3890=CARTESIAN_POINT('Ctrl Pts',(-56.0647936116714,45.3807937596162,15.5663019019606));
#3891=CARTESIAN_POINT('Ctrl Pts',(-55.3726510184574,45.4165765528223,15.571433492268));
#3892=CARTESIAN_POINT('Ctrl Pts',(-55.372472531776,44.3334234471772,15.57227178474));
#3893=CARTESIAN_POINT('Ctrl Pts',(-55.0877210652566,44.3481547852637,15.5745955485185));
#3894=CARTESIAN_POINT('Ctrl Pts',(-53.7967573913204,44.4150785175768,15.4090089852956));
#3895=CARTESIAN_POINT('Ctrl Pts',(-51.9304321089548,44.5341946441164,13.6007784779834));
#3896=CARTESIAN_POINT('Ctrl Pts',(-52.5506610796052,44.6907718267959,10.2416977548587));
#3897=CARTESIAN_POINT('Ctrl Pts',(-55.6910029986775,44.8473490094756,8.89764345890937));
#3898=CARTESIAN_POINT('Ctrl Pts',(-58.5493767169116,45.0039261921551,10.767907194126));
#3899=CARTESIAN_POINT('Ctrl Pts',(-58.5753182461264,45.1605033748347,14.1836814447933));
#3900=CARTESIAN_POINT('Ctrl Pts',(-56.5904424066457,45.2703357931754,15.5258929932129));
#3901=CARTESIAN_POINT('Ctrl Pts',(-55.4815473111184,45.3279758172896,15.5778448351026));
#3902=CARTESIAN_POINT('Ctrl Pts',(-55.3766781491297,45.3334234471772,15.5771462149644));
#3903=CARTESIAN_POINT('Origin',(-55.375,-49.0834234471777,12.5));
#3904=CARTESIAN_POINT('',(-55.3774429462367,43.3334234471772,15.570119284578));
#3905=CARTESIAN_POINT('',(-55.3736095548006,43.4165765528223,15.5774737744149));
#3906=CARTESIAN_POINT('',(-55.3750000000047,-49.0834234471777,15.5735));
#3907=CARTESIAN_POINT('',(-58.3442229537457,43.125,13.2937992825328));
#3908=CARTESIAN_POINT('Ctrl Pts',(-58.3442229537457,43.125,13.2937992825327));
#3909=CARTESIAN_POINT('Ctrl Pts',(-58.0839087951917,43.1771923942265,14.2675098813853));
#3910=CARTESIAN_POINT('Ctrl Pts',(-57.3090840157807,43.2293847884531,15.0952864836095));
#3911=CARTESIAN_POINT('Ctrl Pts',(-56.3596742294138,43.2815771826796,15.4157355022666));
#3912=CARTESIAN_POINT('Ctrl Pts',(-56.0453030671651,43.2988592708455,15.5218434567909));
#3913=CARTESIAN_POINT('Ctrl Pts',(-55.7117900095549,43.3161413590113,15.5723268666424));
#3914=CARTESIAN_POINT('Ctrl Pts',(-55.3774429462367,43.3334234471772,15.570119284578));
#3915=CARTESIAN_POINT('',(-58.3489226751596,43.125,11.7041316889797));
#3916=CARTESIAN_POINT('Origin',(-55.375,43.125,12.5));
#3917=CARTESIAN_POINT('Ctrl Pts',(-58.3489504139418,43.125,11.7041194771219));
#3918=CARTESIAN_POINT('Ctrl Pts',(-58.5919967120061,43.1745749327898,12.6261370404731));
#3919=CARTESIAN_POINT('Ctrl Pts',(-58.3761615175514,43.2241498655795,13.6741568409454));
#3920=CARTESIAN_POINT('Ctrl Pts',(-57.7815554331629,43.2737247983693,14.4195028197527));
#3921=CARTESIAN_POINT('Ctrl Pts',(-57.210429949756,43.3213420498536,15.1354155788518));
#3922=CARTESIAN_POINT('Ctrl Pts',(-56.2898577419374,43.368959301338,15.5720873023888));
#3923=CARTESIAN_POINT('Ctrl Pts',(-55.3736095548006,43.4165765528223,15.5774737744149));
#3924=CARTESIAN_POINT('Origin',(-55.375,-49.0834234471777,12.5));
#3925=CARTESIAN_POINT('',(-55.3751302063736,-43.6665765528228,15.5689788059032));
#3926=CARTESIAN_POINT('',(-55.3763275966333,-43.5834234471777,15.5776946821071));
#3927=CARTESIAN_POINT('',(-55.3750000000047,-49.0834234471777,15.5735));
#3928=CARTESIAN_POINT('',(-54.5812007174671,-43.125,9.53077704625432));
#3929=CARTESIAN_POINT('Ctrl Pts',(-55.3763275966333,-43.5834234471777,15.5776946821071));
#3930=CARTESIAN_POINT('Ctrl Pts',(-54.4444448948613,-43.5350004199049,15.5731081587632));
#3931=CARTESIAN_POINT('Ctrl Pts',(-52.4990766845119,-43.4343849984055,14.631549837091));
#3932=CARTESIAN_POINT('Ctrl Pts',(-51.9519362229948,-43.2815771826796,11.3407353640007));
#3933=CARTESIAN_POINT('Ctrl Pts',(-53.6074901186145,-43.1771923942265,9.79109120480844));
#3934=CARTESIAN_POINT('Ctrl Pts',(-54.5812007174671,-43.125,9.53077704625432));
#3935=CARTESIAN_POINT('',(-56.1708680853638,-43.125,9.52607632717069));
#3936=CARTESIAN_POINT('Origin',(-55.375,-43.125,12.5));
#3937=CARTESIAN_POINT('Ctrl Pts',(-55.3751302063736,-43.6665765528228,15.5689788059032));
#3938=CARTESIAN_POINT('Ctrl Pts',(-54.8602113937633,-43.640010756458,15.5687821508814));
#3939=CARTESIAN_POINT('Ctrl Pts',(-53.3333789101678,-43.5612525658668,15.2040765788607));
#3940=CARTESIAN_POINT('Ctrl Pts',(-51.7723576085293,-43.4303019810489,12.8110925413275));
#3941=CARTESIAN_POINT('Ctrl Pts',(-53.0974888318454,-43.2763422598061,9.7260678859634));
#3942=CARTESIAN_POINT('Ctrl Pts',(-55.2488631139088,-43.1745749327898,9.28300275585928));
#3943=CARTESIAN_POINT('Ctrl Pts',(-56.1708802769672,-43.125,9.52604862549618));
#3944=CARTESIAN_POINT('Origin',(-55.375,-49.0834234471777,12.5));
#3945=CARTESIAN_POINT('',(-55.376678148757,-44.6665765528228,15.5771457319135));
#3946=CARTESIAN_POINT('',(-55.3726510158287,-44.5834234471777,15.5714340921329));
#3947=CARTESIAN_POINT('',(-55.3750000000047,-49.0834234471777,15.5735));
#3948=CARTESIAN_POINT('Ctrl Pts',(-55.3726510158286,-44.5834234471777,15.5714340921329));
#3949=CARTESIAN_POINT('Ctrl Pts',(-55.0552418646802,-44.5670138461572,15.5737873847913));
#3950=CARTESIAN_POINT('Ctrl Pts',(-53.7310247141227,-44.4984118509103,15.383918369433));
#3951=CARTESIAN_POINT('Ctrl Pts',(-51.8973178460892,-44.3776174614368,13.4912982721639));
#3952=CARTESIAN_POINT('Ctrl Pts',(-52.6235383729775,-44.2210402787571,10.1534662872463));
#3953=CARTESIAN_POINT('Ctrl Pts',(-55.8047150748083,-44.0644630960776,8.90949951482247));
#3954=CARTESIAN_POINT('Ctrl Pts',(-58.6027168504117,-43.9078859133979,10.8690576207337));
#3955=CARTESIAN_POINT('Ctrl Pts',(-58.5201602038156,-43.7513087307184,14.2843142219452));
#3956=CARTESIAN_POINT('Ctrl Pts',(-56.52543801107,-43.6431545753116,15.5429996043435));
#3957=CARTESIAN_POINT('Ctrl Pts',(-55.4488676268339,-43.5871928141314,15.5780517083092));
#3958=CARTESIAN_POINT('Ctrl Pts',(-55.3763275966333,-43.5834234471777,15.5776946821071));
#3959=CARTESIAN_POINT('Ctrl Pts',(-55.376678148757,-44.6665765528228,15.5771457319135));
#3960=CARTESIAN_POINT('Ctrl Pts',(-54.4768219552474,-44.6198317884839,15.5711510468959));
#3961=CARTESIAN_POINT('Ctrl Pts',(-52.5619368578677,-44.5208946299184,14.6844141880506));
#3962=CARTESIAN_POINT('Ctrl Pts',(-51.9141064713098,-44.3697650771265,11.4516530793948));
#3963=CARTESIAN_POINT('Ctrl Pts',(-54.3310076273916,-44.2131878944469,9.03779882989117));
#3964=CARTESIAN_POINT('Ctrl Pts',(-57.6794522387795,-44.0566107117673,9.71316554351863));
#3965=CARTESIAN_POINT('Ctrl Pts',(-58.9716591126073,-43.9000335290877,12.875240935981));
#3966=CARTESIAN_POINT('Ctrl Pts',(-57.3799254586866,-43.7700221427729,15.222683761105));
#3967=CARTESIAN_POINT('Ctrl Pts',(-55.871844747171,-43.6922031506846,15.5691685084475));
#3968=CARTESIAN_POINT('Ctrl Pts',(-55.3751302063736,-43.6665765528228,15.5689788059032));
#3969=CARTESIAN_POINT('Origin',(-55.375,-49.0834234471777,12.5));
#3970=CARTESIAN_POINT('',(-55.372472533951,-45.6665765528228,15.5722713026395));
#3971=CARTESIAN_POINT('',(-55.3774496233671,-45.5834234471777,15.5718278411958));
#3972=CARTESIAN_POINT('',(-55.3750000000047,-49.0834234471777,15.5735));
#3973=CARTESIAN_POINT('Ctrl Pts',(-55.3774496233671,-45.5834234471777,15.5718278411958));
#3974=CARTESIAN_POINT('Ctrl Pts',(-54.6699495883723,-45.5468348781831,15.5663101228077));
#3975=CARTESIAN_POINT('Ctrl Pts',(-52.9448840287771,-45.458053914962,14.9747601809152));
#3976=CARTESIAN_POINT('Ctrl Pts',(-51.7778614126783,-45.3170805575143,12.1293223976104));
#3977=CARTESIAN_POINT('Ctrl Pts',(-53.6913188839087,-45.1605033748347,9.29968237866584));
#3978=CARTESIAN_POINT('Ctrl Pts',(-57.107092466598,-45.0039261921551,9.32562390563654));
#3979=CARTESIAN_POINT('Ctrl Pts',(-58.9773558386447,-44.8473490094756,12.1839970593976));
#3980=CARTESIAN_POINT('Ctrl Pts',(-57.7741613434974,-44.7071814278164,14.9952243425336));
#3981=CARTESIAN_POINT('Ctrl Pts',(-56.0647937439246,-44.6192062403838,15.5663024996923));
#3982=CARTESIAN_POINT('Ctrl Pts',(-55.3726510158286,-44.5834234471777,15.5714340921329));
#3983=CARTESIAN_POINT('Ctrl Pts',(-55.372472533951,-45.6665765528228,15.5722713026395));
#3984=CARTESIAN_POINT('Ctrl Pts',(-55.0877211089617,-45.6518452147363,15.5745950673629));
#3985=CARTESIAN_POINT('Ctrl Pts',(-53.7967576243147,-45.5849214824232,15.4090085354159));
#3986=CARTESIAN_POINT('Ctrl Pts',(-51.9304326611292,-45.4658053558836,13.6007782993645));
#3987=CARTESIAN_POINT('Ctrl Pts',(-52.5506615168802,-45.3092281732041,10.2416981123773));
#3988=CARTESIAN_POINT('Ctrl Pts',(-55.6910029520689,-45.1526509905244,8.89764402263755));
#3989=CARTESIAN_POINT('Ctrl Pts',(-58.5493762173046,-44.9960738078449,10.7679074664016));
#3990=CARTESIAN_POINT('Ctrl Pts',(-58.5753177447172,-44.8394966251653,14.1836811810026));
#3991=CARTESIAN_POINT('Ctrl Pts',(-56.5904422158385,-44.7296642068246,15.5258925174661));
#3992=CARTESIAN_POINT('Ctrl Pts',(-55.4815472942896,-44.6720241827104,15.5778443518708));
#3993=CARTESIAN_POINT('Ctrl Pts',(-55.376678148757,-44.6665765528228,15.5771457319135));
#3994=CARTESIAN_POINT('Origin',(-55.375,-49.0834234471777,12.5));
#3995=CARTESIAN_POINT('',(-55.3774452101008,-46.6665765528228,15.570119414721));
#3996=CARTESIAN_POINT('',(-55.3736094990539,-46.5834234471777,15.5774743752963));
#3997=CARTESIAN_POINT('',(-55.3750000000047,-49.0834234471777,15.5735));
#3998=CARTESIAN_POINT('',(-58.3442229537457,-46.875,13.2937992825327));
#3999=CARTESIAN_POINT('Ctrl Pts',(-58.3442229537458,-46.875,13.2937992825327));
#4000=CARTESIAN_POINT('Ctrl Pts',(-58.0839087951917,-46.8228076057735,14.2675098813853));
#4001=CARTESIAN_POINT('Ctrl Pts',(-57.0525248016131,-46.7533331233811,15.3693825026947));
#4002=CARTESIAN_POINT('Ctrl Pts',(-55.7117924758418,-46.6838586409887,15.5723270551459));
#4003=CARTESIAN_POINT('Ctrl Pts',(-55.3774452101008,-46.6665765528228,15.570119414721));
#4004=CARTESIAN_POINT('',(-58.348923506852,-46.875,11.7041318768797));
#4005=CARTESIAN_POINT('Origin',(-55.375,-46.875,12.5));
#4006=CARTESIAN_POINT('Ctrl Pts',(-58.3489512147118,-46.875,11.704119681901));
#4007=CARTESIAN_POINT('Ctrl Pts',(-58.5919971554576,-46.8254250672102,12.6261369113785));
#4008=CARTESIAN_POINT('Ctrl Pts',(-58.1688507074473,-46.7282328829361,14.6807918950148));
#4009=CARTESIAN_POINT('Ctrl Pts',(-56.2898579793629,-46.631040698662,15.57208798384));
#4010=CARTESIAN_POINT('Ctrl Pts',(-55.3736094990539,-46.5834234471777,15.5774743752963));
#4011=CARTESIAN_POINT('Origin',(6.78750000000002,-34.375,12.5));
#4012=CARTESIAN_POINT('',(-64.2624166975081,-31.8540633684133,12.4989125697482));
#4013=CARTESIAN_POINT('',(-64.125,-31.8575,12.5));
#4014=CARTESIAN_POINT('',(6.78750000000002,-31.8575,12.5));
#4015=CARTESIAN_POINT('',(-64.125,-32.7367990508967,14.4170436907356));
#4016=CARTESIAN_POINT('Origin',(-64.125,-34.375,12.5));
#4017=CARTESIAN_POINT('Ctrl Pts',(-64.125,-32.7367860188892,14.417064752114));
#4018=CARTESIAN_POINT('Ctrl Pts',(-64.170805565836,-32.1899361859109,13.9461982176932));
#4019=CARTESIAN_POINT('Ctrl Pts',(-64.2166111316721,-31.8576172153901,13.2209569935798));
#4020=CARTESIAN_POINT('Ctrl Pts',(-64.2624166975081,-31.8540633684133,12.4989125697482));
#4021=CARTESIAN_POINT('Origin',(6.78750000000002,-34.375,12.5));
#4022=CARTESIAN_POINT('',(-65.262416697508,-31.8591916870838,12.5019240521595));
#4023=CARTESIAN_POINT('',(-64.987583302492,-31.8612038518054,12.4998933303547));
#4024=CARTESIAN_POINT('',(6.78750000000002,-31.8575,12.5));
#4025=CARTESIAN_POINT('',(-64.125,-32.7390127966251,10.5865340033349));
#4026=CARTESIAN_POINT('Ctrl Pts',(-64.987583302492,-31.8612038518054,12.4998933303547));
#4027=CARTESIAN_POINT('Ctrl Pts',(-64.9610175061273,-31.8613649073338,12.9216625789829));
#4028=CARTESIAN_POINT('Ctrl Pts',(-64.9344517097626,-31.9621289532762,13.3435092801686));
#4029=CARTESIAN_POINT('Ctrl Pts',(-64.907885913398,-32.1630321724601,13.7105594329687));
#4030=CARTESIAN_POINT('Ctrl Pts',(-64.8556935191715,-32.5577359439219,14.4316831671445));
#4031=CARTESIAN_POINT('Ctrl Pts',(-64.8035011249449,-33.3389604198056,14.9413012557641));
#4032=CARTESIAN_POINT('Ctrl Pts',(-64.7513087307184,-34.1578890851472,15.0121325074924));
#4033=CARTESIAN_POINT('Ctrl Pts',(-64.6991163364918,-34.9768177504889,15.0829637592206));
#4034=CARTESIAN_POINT('Ctrl Pts',(-64.6469239422653,-35.8334506052885,14.7150081740576));
#4035=CARTESIAN_POINT('Ctrl Pts',(-64.5947315480388,-36.3462065407476,14.0722623552065));
#4036=CARTESIAN_POINT('Ctrl Pts',(-64.5425391538123,-36.8589624762068,13.4295165363553));
#4037=CARTESIAN_POINT('Ctrl Pts',(-64.4903467595857,-37.0278414923256,12.5119804838162));
#4038=CARTESIAN_POINT('Ctrl Pts',(-64.4381543653592,-36.7762730830771,11.7293870130168));
#4039=CARTESIAN_POINT('Ctrl Pts',(-64.3859619711327,-36.5247046738285,10.9467935422175));
#4040=CARTESIAN_POINT('Ctrl Pts',(-64.3337695769061,-35.8526888392128,10.2991426531579));
#4041=CARTESIAN_POINT('Ctrl Pts',(-64.2815771826796,-35.0631387412422,10.0749536133697));
#4042=CARTESIAN_POINT('Ctrl Pts',(-64.2293847884531,-34.2735886432718,9.85076457358157));
#4043=CARTESIAN_POINT('Ctrl Pts',(-64.1771923942266,-33.3665042819467,10.0500373830647));
#4044=CARTESIAN_POINT('Ctrl Pts',(-64.125,-32.7390127966251,10.5865340033349));
#4045=CARTESIAN_POINT('Origin',(-64.125,-34.375,12.5));
#4046=CARTESIAN_POINT('Ctrl Pts',(-64.2624166975081,-31.8540633684133,12.4989125697482));
#4047=CARTESIAN_POINT('Ctrl Pts',(-64.2661860644618,-31.8537709202554,12.4394951094315));
#4048=CARTESIAN_POINT('Ctrl Pts',(-64.2699554314156,-31.8557047843311,12.3800992970181));
#4049=CARTESIAN_POINT('Ctrl Pts',(-64.2737247983694,-31.8599286177443,12.3208686643601));
#4050=CARTESIAN_POINT('Ctrl Pts',(-64.3259171925959,-31.9184137642829,11.5007339924412));
#4051=CARTESIAN_POINT('Ctrl Pts',(-64.3781095868224,-32.4159421250744,10.7122683256898));
#4052=CARTESIAN_POINT('Ctrl Pts',(-64.4303019810489,-33.1309450490276,10.306765165351));
#4053=CARTESIAN_POINT('Ctrl Pts',(-64.4824943752755,-33.8459479729809,9.90126200501226));
#4054=CARTESIAN_POINT('Ctrl Pts',(-64.534686769502,-34.7784254600958,9.87872135108617));
#4055=CARTESIAN_POINT('Ctrl Pts',(-64.5868791637286,-35.512176231383,10.2494243782522));
#4056=CARTESIAN_POINT('Ctrl Pts',(-64.6390715579551,-36.2459270026701,10.6201274054183));
#4057=CARTESIAN_POINT('Ctrl Pts',(-64.6912639521816,-36.7809510581296,11.3840741136765));
#4058=CARTESIAN_POINT('Ctrl Pts',(-64.7434563464081,-36.8786410927116,12.2003305360034));
#4059=CARTESIAN_POINT('Ctrl Pts',(-64.7956487406346,-36.9763311272936,13.0165869583302));
#4060=CARTESIAN_POINT('Ctrl Pts',(-64.8478411348612,-36.6366871409982,13.8851530947256));
#4061=CARTESIAN_POINT('Ctrl Pts',(-64.9000335290877,-36.0111960706787,14.4185772314385));
#4062=CARTESIAN_POINT('Ctrl Pts',(-64.9522259233142,-35.3857050003593,14.9520013681514));
#4063=CARTESIAN_POINT('Ctrl Pts',(-65.0044183175408,-34.4743668460159,15.1502835051819));
#4064=CARTESIAN_POINT('Ctrl Pts',(-65.0566107117673,-33.6837861127755,14.9249380120673));
#4065=CARTESIAN_POINT('Ctrl Pts',(-65.1088031059938,-32.8932053795352,14.6995925189527));
#4066=CARTESIAN_POINT('Ctrl Pts',(-65.1609955002204,-32.223382067398,14.050619395693));
#4067=CARTESIAN_POINT('Ctrl Pts',(-65.2131878944469,-31.973141873485,13.2675630319665));
#4068=CARTESIAN_POINT('Ctrl Pts',(-65.2295974954673,-31.8944648592911,13.0213654260576));
#4069=CARTESIAN_POINT('Ctrl Pts',(-65.2460070964876,-31.85726410721,12.761913541354));
#4070=CARTESIAN_POINT('Ctrl Pts',(-65.262416697508,-31.8591916870838,12.5019240521595));
#4071=CARTESIAN_POINT('Origin',(6.78750000000002,-34.375,12.5));
#4072=CARTESIAN_POINT('',(-66.262416697508,-31.8588691714072,12.4979935182622));
#4073=CARTESIAN_POINT('',(-65.987583302492,-31.8545143718382,12.4986254309124));
#4074=CARTESIAN_POINT('',(6.78750000000002,-31.8575,12.5));
#4075=CARTESIAN_POINT('Ctrl Pts',(-65.987583302492,-31.8545143718382,12.4986254309124));
#4076=CARTESIAN_POINT('Ctrl Pts',(-65.9408385381532,-31.8594246089407,13.2356963404317));
#4077=CARTESIAN_POINT('Ctrl Pts',(-65.8940937738143,-32.2025907738291,13.9767547176711));
#4078=CARTESIAN_POINT('Ctrl Pts',(-65.8473490094755,-32.7705822111853,14.4452309468982));
#4079=CARTESIAN_POINT('Ctrl Pts',(-65.795156615249,-33.4047673105242,14.9683033462872));
#4080=CARTESIAN_POINT('Ctrl Pts',(-65.7429642210225,-34.3192333842265,15.1515581210808));
#4081=CARTESIAN_POINT('Ctrl Pts',(-65.6907718267959,-35.1059971724826,14.9132387997782));
#4082=CARTESIAN_POINT('Ctrl Pts',(-65.6385794325694,-35.8927609607386,14.6749194784755));
#4083=CARTESIAN_POINT('Ctrl Pts',(-65.5863870383429,-36.5518224635484,14.0150260610765));
#4084=CARTESIAN_POINT('Ctrl Pts',(-65.5341946441163,-36.7891545725544,13.2279616621046));
#4085=CARTESIAN_POINT('Ctrl Pts',(-65.4820022498898,-37.0264866815603,12.4408972631328));
#4086=CARTESIAN_POINT('Ctrl Pts',(-65.4298098556633,-36.8420893967625,11.526661882588));
#4087=CARTESIAN_POINT('Ctrl Pts',(-65.3776174614368,-36.3182155079176,10.8931367250095));
#4088=CARTESIAN_POINT('Ctrl Pts',(-65.3254250672103,-35.7943416190728,10.2596115674311));
#4089=CARTESIAN_POINT('Ctrl Pts',(-65.2732326729837,-34.9309911261808,9.90679663281889));
#4090=CARTESIAN_POINT('Ctrl Pts',(-65.2210402787571,-34.1133694853398,9.99208837236643));
#4091=CARTESIAN_POINT('Ctrl Pts',(-65.1688478845306,-33.2957478444987,10.077380111914));
#4092=CARTESIAN_POINT('Ctrl Pts',(-65.1166554903041,-32.5238550557085,10.6007785256212));
#4093=CARTESIAN_POINT('Ctrl Pts',(-65.0644630960775,-32.1420001948334,11.3287924223409));
#4094=CARTESIAN_POINT('Ctrl Pts',(-65.0388364982157,-31.9545084902227,11.6862490909909));
#4095=CARTESIAN_POINT('Ctrl Pts',(-65.0132099003538,-31.8610484901817,12.0930351742232));
#4096=CARTESIAN_POINT('Ctrl Pts',(-64.987583302492,-31.8612038518054,12.4998933303547));
#4097=CARTESIAN_POINT('Ctrl Pts',(-65.262416697508,-31.8591916870838,12.5019240521595));
#4098=CARTESIAN_POINT('Ctrl Pts',(-65.2981994907142,-31.8633949697796,11.9349906991748));
#4099=CARTESIAN_POINT('Ctrl Pts',(-65.3339822839203,-32.053654290146,11.3655010255799));
#4100=CARTESIAN_POINT('Ctrl Pts',(-65.3697650771265,-32.4056244214026,10.925311730251));
#4101=CARTESIAN_POINT('Ctrl Pts',(-65.4219574713531,-32.919004238922,10.2832563964557));
#4102=CARTESIAN_POINT('Ctrl Pts',(-65.4741498655796,-33.7764209496496,9.91628533305852));
#4103=CARTESIAN_POINT('Ctrl Pts',(-65.5263422598061,-34.5953443603605,9.98812158181691));
#4104=CARTESIAN_POINT('Ctrl Pts',(-65.5785346540326,-35.4142677710713,10.0599578305753));
#4105=CARTESIAN_POINT('Ctrl Pts',(-65.6307270482592,-36.1946978817655,10.5706013914892));
#4106=CARTESIAN_POINT('Ctrl Pts',(-65.6829194424857,-36.5884543827933,11.2922325736085));
#4107=CARTESIAN_POINT('Ctrl Pts',(-65.7351118367122,-36.9822108838212,12.0138637557278));
#4108=CARTESIAN_POINT('Ctrl Pts',(-65.7873042309387,-36.9892937751827,12.9464825590525));
#4109=CARTESIAN_POINT('Ctrl Pts',(-65.8394966251653,-36.6065427130423,13.674010448417));
#4110=CARTESIAN_POINT('Ctrl Pts',(-65.8916890193918,-36.2237916509018,14.4015383377815));
#4111=CARTESIAN_POINT('Ctrl Pts',(-65.9438814136183,-35.4512066352594,14.9239753131858));
#4112=CARTESIAN_POINT('Ctrl Pts',(-65.9960738078449,-34.633468947134,15.0082416678475));
#4113=CARTESIAN_POINT('Ctrl Pts',(-66.0482662020714,-33.8157312590087,15.0925080225093));
#4114=CARTESIAN_POINT('Ctrl Pts',(-66.1004585962979,-32.9528408984003,14.7386037564285));
#4115=CARTESIAN_POINT('Ctrl Pts',(-66.1526509905244,-32.4297682954142,14.1044184118711));
#4116=CARTESIAN_POINT('Ctrl Pts',(-66.189239559519,-32.0630773568756,13.6598338209834));
#4117=CARTESIAN_POINT('Ctrl Pts',(-66.2258281285135,-31.8633887284703,13.0775060235023));
#4118=CARTESIAN_POINT('Ctrl Pts',(-66.262416697508,-31.8588691714072,12.4979935182622));
#4119=CARTESIAN_POINT('Origin',(6.78750000000002,-34.375,12.5));
#4120=CARTESIAN_POINT('',(-67.262416697508,-31.8542440975269,12.5011390031333));
#4121=CARTESIAN_POINT('',(-66.987583302492,-31.8585070095941,12.5020702416321));
#4122=CARTESIAN_POINT('',(6.78750000000002,-31.8575,12.5));
#4123=CARTESIAN_POINT('',(-67.875,-36.2884659966653,14.1359872033747));
#4124=CARTESIAN_POINT('Ctrl Pts',(-67.262416697508,-31.8542440975269,12.5011390031333));
#4125=CARTESIAN_POINT('Ctrl Pts',(-67.3100339489924,-31.8586560176204,11.7506407787217));
#4126=CARTESIAN_POINT('Ctrl Pts',(-67.3576512004768,-32.2163331340093,10.9966004651839));
#4127=CARTESIAN_POINT('Ctrl Pts',(-67.4052684519612,-32.8027366946792,10.5287921996929));
#4128=CARTESIAN_POINT('Ctrl Pts',(-67.4574608461877,-33.445482860412,10.0160361574224));
#4129=CARTESIAN_POINT('Ctrl Pts',(-67.5096532404143,-34.3630198146859,9.84715784400733));
#4130=CARTESIAN_POINT('Ctrl Pts',(-67.5618456346408,-35.1456125489305,10.098725493807));
#4131=CARTESIAN_POINT('Ctrl Pts',(-67.6140380288673,-35.928205283175,10.3502931436066));
#4132=CARTESIAN_POINT('Ctrl Pts',(-67.6662304230939,-36.5758537973902,11.022306756621));
#4133=CARTESIAN_POINT('Ctrl Pts',(-67.7184228173204,-36.8000431308303,11.8118574002326));
#4134=CARTESIAN_POINT('Ctrl Pts',(-67.7706152115469,-37.0242324642704,12.6014080438442));
#4135=CARTESIAN_POINT('Ctrl Pts',(-67.8228076057735,-36.8249626169355,13.508495718053));
#4136=CARTESIAN_POINT('Ctrl Pts',(-67.875,-36.2884659966653,14.1359872033747));
#4137=CARTESIAN_POINT('',(-67.875,-32.4579568289921,14.1381996431161));
#4138=CARTESIAN_POINT('Origin',(-67.875,-34.375,12.5));
#4139=CARTESIAN_POINT('Ctrl Pts',(-67.875,-32.4579357157279,14.1382127014187));
#4140=CARTESIAN_POINT('Ctrl Pts',(-67.8254250672102,-32.9675502536808,14.7300639237895));
#4141=CARTESIAN_POINT('Ctrl Pts',(-67.7758501344204,-33.7751268791689,15.0706220111137));
#4142=CARTESIAN_POINT('Ctrl Pts',(-67.7262752016307,-34.5541312661165,15.0150698060661));
#4143=CARTESIAN_POINT('Ctrl Pts',(-67.6740828074041,-35.3742655916671,14.9565845510624));
#4144=CARTESIAN_POINT('Ctrl Pts',(-67.6218904131776,-36.1627309107628,14.4590570632205));
#4145=CARTESIAN_POINT('Ctrl Pts',(-67.569698018951,-36.5682339252098,13.7440545944038));
#4146=CARTESIAN_POINT('Ctrl Pts',(-67.5175056247245,-36.9737369396568,13.029052125587));
#4147=CARTESIAN_POINT('Ctrl Pts',(-67.465313230498,-36.9962776494552,12.0965746757954));
#4148=CARTESIAN_POINT('Ctrl Pts',(-67.4131208362715,-36.6255747747519,11.3628241147159));
#4149=CARTESIAN_POINT('Ctrl Pts',(-67.360928442045,-36.2548719000486,10.6290735536363));
#4150=CARTESIAN_POINT('Ctrl Pts',(-67.3087360478184,-35.4909254408434,10.0940498812687));
#4151=CARTESIAN_POINT('Ctrl Pts',(-67.2565436535918,-34.6746693281645,9.9963599273063));
#4152=CARTESIAN_POINT('Ctrl Pts',(-67.2043512593653,-33.8584132154855,9.89866997334394));
#4153=CARTESIAN_POINT('Ctrl Pts',(-67.1521588651388,-32.9898474493326,10.2383137377868));
#4154=CARTESIAN_POINT('Ctrl Pts',(-67.0999664709123,-32.4564235266706,10.863804542786));
#4155=CARTESIAN_POINT('Ctrl Pts',(-67.0625054147722,-32.0735588620111,11.3127501508278));
#4156=CARTESIAN_POINT('Ctrl Pts',(-67.0250443586321,-31.8633472451752,11.9089538936621));
#4157=CARTESIAN_POINT('Ctrl Pts',(-66.987583302492,-31.8585070095941,12.5020702416321));
#4158=CARTESIAN_POINT('Origin',(6.78750000000002,-34.375,12.5));
#4159=CARTESIAN_POINT('',(67.7375833024919,-31.8540639885836,12.4989125677834));
#4160=CARTESIAN_POINT('',(67.875,-31.8575,12.5));
#4161=CARTESIAN_POINT('',(6.78750000000002,-31.8575,12.5));
#4162=CARTESIAN_POINT('',(67.875,-32.7367995787386,14.4170434815761));
#4163=CARTESIAN_POINT('Origin',(67.875,-34.375,12.5));
#4164=CARTESIAN_POINT('Ctrl Pts',(67.875,-32.7367865360868,14.4170645639511));
#4165=CARTESIAN_POINT('Ctrl Pts',(67.829194434164,-32.1899364073668,13.9461979851424));
#4166=CARTESIAN_POINT('Ctrl Pts',(67.783388868328,-31.8576177533033,13.2209568702674));
#4167=CARTESIAN_POINT('Ctrl Pts',(67.7375833024919,-31.8540639885836,12.4989125677834));
#4168=CARTESIAN_POINT('Origin',(6.78750000000002,-34.375,12.5));
#4169=CARTESIAN_POINT('',(66.737583302492,-31.8591920847011,12.5019240504239));
#4170=CARTESIAN_POINT('',(67.012416697508,-31.8612033953355,12.4998933451796));
#4171=CARTESIAN_POINT('',(6.78750000000002,-31.8575,12.5));
#4172=CARTESIAN_POINT('',(67.875,-32.7390127966251,10.5865340033349));
#4173=CARTESIAN_POINT('Ctrl Pts',(67.012416697508,-31.8612033953355,12.4998933451796));
#4174=CARTESIAN_POINT('Ctrl Pts',(67.0389824938727,-31.8613644711821,12.9216626820158));
#4175=CARTESIAN_POINT('Ctrl Pts',(67.0655482902373,-31.9621285504901,13.3435094681266));
#4176=CARTESIAN_POINT('Ctrl Pts',(67.092114086602,-32.1630317916498,13.7105596829172));
#4177=CARTESIAN_POINT('Ctrl Pts',(67.1443064808285,-32.5577356062861,14.4316835388822));
#4178=CARTESIAN_POINT('Ctrl Pts',(67.1964988750551,-33.3389600813809,14.9413016607671));
#4179=CARTESIAN_POINT('Ctrl Pts',(67.2486912692816,-34.1578889746882,15.0121329810438));
#4180=CARTESIAN_POINT('Ctrl Pts',(67.3008836635081,-34.9768178679956,15.0829643013205));
#4181=CARTESIAN_POINT('Ctrl Pts',(67.3530760577347,-35.8334511795155,14.715008819989));
#4182=CARTESIAN_POINT('Ctrl Pts',(67.4052684519612,-36.3462071678595,14.0722628280685));
#4183=CARTESIAN_POINT('Ctrl Pts',(67.4574608461877,-36.8589631562033,13.4295168361482));
#4184=CARTESIAN_POINT('Ctrl Pts',(67.5096532404143,-37.0278418213713,12.511980333639));
#4185=CARTESIAN_POINT('Ctrl Pts',(67.5618456346408,-36.7762737905629,11.7293872299569));
#4186=CARTESIAN_POINT('Ctrl Pts',(67.6140380288673,-36.5247057597545,10.9467941262748));
#4187=CARTESIAN_POINT('Ctrl Pts',(67.6662304230939,-35.8526910329695,10.2991444214198));
#4188=CARTESIAN_POINT('Ctrl Pts',(67.7184228173204,-35.0631406635175,10.0749552356173));
#4189=CARTESIAN_POINT('Ctrl Pts',(67.7706152115469,-34.2735902940655,9.85076604981485));
#4190=CARTESIAN_POINT('Ctrl Pts',(67.8228076057735,-33.3665042819464,10.0500373830648));
#4191=CARTESIAN_POINT('Ctrl Pts',(67.875,-32.7390127966249,10.5865340033351));
#4192=CARTESIAN_POINT('Origin',(67.875,-34.375,12.5));
#4193=CARTESIAN_POINT('Ctrl Pts',(67.7375833024919,-31.8540639885836,12.4989125677834));
#4194=CARTESIAN_POINT('Ctrl Pts',(67.7338139355382,-31.8537715471946,12.4394951174526));
#4195=CARTESIAN_POINT('Ctrl Pts',(67.7300445685844,-31.8557054164533,12.3800993151071));
#4196=CARTESIAN_POINT('Ctrl Pts',(67.7262752016307,-31.8599292529919,12.3208686925202));
#4197=CARTESIAN_POINT('Ctrl Pts',(67.6740828074041,-31.9184144428066,11.500734160048));
#4198=CARTESIAN_POINT('Ctrl Pts',(67.6218904131776,-32.4159424523815,10.712268633345));
#4199=CARTESIAN_POINT('Ctrl Pts',(67.5696980189511,-33.1309451930188,10.3067655317939));
#4200=CARTESIAN_POINT('Ctrl Pts',(67.5175056247245,-33.8459479336563,9.90126243024265));
#4201=CARTESIAN_POINT('Ctrl Pts',(67.465313230498,-34.778425405356,9.87872175384322));
#4202=CARTESIAN_POINT('Ctrl Pts',(67.4131208362715,-35.5121760918488,10.2494247195745));
#4203=CARTESIAN_POINT('Ctrl Pts',(67.3609284420449,-36.2459267783415,10.6201276853057));
#4204=CARTESIAN_POINT('Ctrl Pts',(67.3087360478184,-36.7809506796271,11.384074293168));
#4205=CARTESIAN_POINT('Ctrl Pts',(67.2565436535918,-36.8786406817656,12.2003305907187));
#4206=CARTESIAN_POINT('Ctrl Pts',(67.2043512593653,-36.9763306839041,13.0165868882693));
#4207=CARTESIAN_POINT('Ctrl Pts',(67.1521588651388,-36.6366867868959,13.8851528755084));
#4208=CARTESIAN_POINT('Ctrl Pts',(67.0999664709123,-36.0111958234599,14.4185769259767));
#4209=CARTESIAN_POINT('Ctrl Pts',(67.0477740766858,-35.3857048600241,14.9520009764449));
#4210=CARTESIAN_POINT('Ctrl Pts',(66.9955816824592,-34.4743668301605,15.1502830901423));
#4211=CARTESIAN_POINT('Ctrl Pts',(66.9433892882327,-33.683786216437,14.9249376340388));
#4212=CARTESIAN_POINT('Ctrl Pts',(66.8911968940062,-32.8932056027135,14.6995921779354));
#4213=CARTESIAN_POINT('Ctrl Pts',(66.8390044997796,-32.22338240513,14.0506191520313));
#4214=CARTESIAN_POINT('Ctrl Pts',(66.7868121055531,-31.973142252808,13.2675629101742));
#4215=CARTESIAN_POINT('Ctrl Pts',(66.7704025045327,-31.8944652516905,13.0213653425817));
#4216=CARTESIAN_POINT('Ctrl Pts',(66.7539929035124,-31.8572645054735,12.7619134986175));
#4217=CARTESIAN_POINT('Ctrl Pts',(66.737583302492,-31.8591920847011,12.5019240504239));
#4218=CARTESIAN_POINT('Origin',(6.78750000000002,-34.375,12.5));
#4219=CARTESIAN_POINT('',(65.7375833024919,-31.8588695660669,12.4979935169067));
#4220=CARTESIAN_POINT('',(66.012416697508,-31.8545138829197,12.4986254305342));
#4221=CARTESIAN_POINT('',(6.78750000000002,-31.8575,12.5));
#4222=CARTESIAN_POINT('Ctrl Pts',(66.012416697508,-31.8545138829197,12.4986254305342));
#4223=CARTESIAN_POINT('Ctrl Pts',(66.0591614618468,-31.8594241215965,13.2356964829761));
#4224=CARTESIAN_POINT('Ctrl Pts',(66.1059062261856,-32.2025903542584,13.9767550041376));
#4225=CARTESIAN_POINT('Ctrl Pts',(66.1526509905244,-32.7705819009644,14.4452313241558));
#4226=CARTESIAN_POINT('Ctrl Pts',(66.204843384751,-33.4047671223967,14.9683038249168));
#4227=CARTESIAN_POINT('Ctrl Pts',(66.2570357789775,-34.3192333700241,15.1515586348459));
#4228=CARTESIAN_POINT('Ctrl Pts',(66.309228173204,-35.1059973124648,14.913239267561));
#4229=CARTESIAN_POINT('Ctrl Pts',(66.3614205674306,-35.8927612549055,14.6749199002761));
#4230=CARTESIAN_POINT('Ctrl Pts',(66.4136129616571,-36.5518228921595,14.0150263557772));
#4231=CARTESIAN_POINT('Ctrl Pts',(66.4658053558837,-36.7891550440968,13.2279618035868));
#4232=CARTESIAN_POINT('Ctrl Pts',(66.5179977501102,-37.026487196034,12.4408972513963));
#4233=CARTESIAN_POINT('Ctrl Pts',(66.5701901443367,-36.8420898626544,11.5266616915143));
#4234=CARTESIAN_POINT('Ctrl Pts',(66.6223825385632,-36.3182158780376,10.8931364126016));
#4235=CARTESIAN_POINT('Ctrl Pts',(66.6745749327898,-35.7943418934208,10.2596111336891));
#4236=CARTESIAN_POINT('Ctrl Pts',(66.7267673270163,-34.930991257567,9.90679613574582));
#4237=CARTESIAN_POINT('Ctrl Pts',(66.7789597212428,-34.1133694474642,9.99208788828408));
#4238=CARTESIAN_POINT('Ctrl Pts',(66.8311521154694,-33.2957476373615,10.0773796408223));
#4239=CARTESIAN_POINT('Ctrl Pts',(66.8833445096959,-32.5238546530099,10.600778143842));
#4240=CARTESIAN_POINT('Ctrl Pts',(66.9355369039224,-32.1419997379229,11.3287921903743));
#4241=CARTESIAN_POINT('Ctrl Pts',(66.9611635017843,-31.9545080066941,11.6862489325826));
#4242=CARTESIAN_POINT('Ctrl Pts',(66.9867900996461,-31.8610480141118,12.0930351039589));
#4243=CARTESIAN_POINT('Ctrl Pts',(67.012416697508,-31.8612033953355,12.4998933451796));
#4244=CARTESIAN_POINT('Ctrl Pts',(66.737583302492,-31.8591920847011,12.5019240504239));
#4245=CARTESIAN_POINT('Ctrl Pts',(66.7018005092858,-31.8633953659877,11.9349907868465));
#4246=CARTESIAN_POINT('Ctrl Pts',(66.6660177160797,-32.053654653988,11.3655012039024));
#4247=CARTESIAN_POINT('Ctrl Pts',(66.6302349228735,-32.4056247292017,10.9253119780533));
#4248=CARTESIAN_POINT('Ctrl Pts',(66.578042528647,-32.9190044649774,10.2832567456006));
#4249=CARTESIAN_POINT('Ctrl Pts',(66.5258501344204,-33.776421043589,9.9162857385055));
#4250=CARTESIAN_POINT('Ctrl Pts',(66.4736577401939,-34.5953443264001,9.98812197562693));
#4251=CARTESIAN_POINT('Ctrl Pts',(66.4214653459674,-35.4142676092111,10.0599582127483));
#4252=CARTESIAN_POINT('Ctrl Pts',(66.3692729517409,-36.1946975962214,10.570601694086));
#4253=CARTESIAN_POINT('Ctrl Pts',(66.3170805575143,-36.5884540351615,11.2922327632353));
#4254=CARTESIAN_POINT('Ctrl Pts',(66.2648881632878,-36.9822104741016,12.0138638323846));
#4255=CARTESIAN_POINT('Ctrl Pts',(66.2126957690613,-36.9892933649711,12.9464824893457));
#4256=CARTESIAN_POINT('Ctrl Pts',(66.1605033748347,-36.6065423630334,13.6740102642778));
#4257=CARTESIAN_POINT('Ctrl Pts',(66.1083109806082,-36.2237913610956,14.40153803921));
#4258=CARTESIAN_POINT('Ctrl Pts',(66.0561185863816,-35.4512064663505,14.9239749321134));
#4259=CARTESIAN_POINT('Ctrl Pts',(66.0039261921551,-34.633468906493,15.008241273951));
#4260=CARTESIAN_POINT('Ctrl Pts',(65.9517337979286,-33.8157313466354,15.0925076157886));
#4261=CARTESIAN_POINT('Ctrl Pts',(65.8995414037021,-32.9528411216654,14.7386034065604));
#4262=CARTESIAN_POINT('Ctrl Pts',(65.8473490094755,-32.4297686007171,14.1044181608138));
#4263=CARTESIAN_POINT('Ctrl Pts',(65.810760440481,-32.0630777196898,13.6598336391956));
#4264=CARTESIAN_POINT('Ctrl Pts',(65.7741718714865,-31.8633891224539,13.0775059316043));
#4265=CARTESIAN_POINT('Ctrl Pts',(65.7375833024919,-31.8588695660669,12.4979935169067));
#4266=CARTESIAN_POINT('Origin',(6.78750000000002,-34.375,12.5));
#4267=CARTESIAN_POINT('',(64.7375833024919,-31.8542444961218,12.5011389666209));
#4268=CARTESIAN_POINT('',(65.012416697508,-31.8585065216402,12.5020702438397));
#4269=CARTESIAN_POINT('',(6.78750000000002,-31.8575,12.5));
#4270=CARTESIAN_POINT('',(64.125,-36.2884659966654,14.1359872033745));
#4271=CARTESIAN_POINT('Ctrl Pts',(64.7375833024919,-31.8542444961218,12.5011389666209));
#4272=CARTESIAN_POINT('Ctrl Pts',(64.6899660510075,-31.8586564694909,11.7506409363381));
#4273=CARTESIAN_POINT('Ctrl Pts',(64.6423487995232,-32.2163336442559,10.9966009332148));
#4274=CARTESIAN_POINT('Ctrl Pts',(64.5947315480388,-32.8027370777168,10.5287927072505));
#4275=CARTESIAN_POINT('Ctrl Pts',(64.5425391538123,-33.445483104018,10.0160367083047));
#4276=CARTESIAN_POINT('Ctrl Pts',(64.4903467595857,-34.3630196958995,9.84715811277112));
#4277=CARTESIAN_POINT('Ctrl Pts',(64.4381543653592,-35.1456127265642,10.0987260682892));
#4278=CARTESIAN_POINT('Ctrl Pts',(64.3859619711326,-35.9282057572291,10.3502940238074));
#4279=CARTESIAN_POINT('Ctrl Pts',(64.3337695769061,-36.5758552266774,11.0223085303772));
#4280=CARTESIAN_POINT('Ctrl Pts',(64.2815771826796,-36.8000444416041,11.8118589539387));
#4281=CARTESIAN_POINT('Ctrl Pts',(64.229384788453,-37.0242336565307,12.6014093775001));
#4282=CARTESIAN_POINT('Ctrl Pts',(64.1771923942265,-36.8249626169354,13.5084957180532));
#4283=CARTESIAN_POINT('Ctrl Pts',(64.125,-36.2884659966652,14.1359872033749));
#4284=CARTESIAN_POINT('',(64.1249999999999,-32.4579565699466,14.1382002917059));
#4285=CARTESIAN_POINT('Origin',(64.125,-34.375,12.5));
#4286=CARTESIAN_POINT('Ctrl Pts',(64.1249999999999,-32.4579354824234,14.1382133369667));
#4287=CARTESIAN_POINT('Ctrl Pts',(64.1745749327897,-32.9675499607902,14.7300641632323));
#4288=CARTESIAN_POINT('Ctrl Pts',(64.2241498655795,-33.7751267497057,15.070622744046));
#4289=CARTESIAN_POINT('Ctrl Pts',(64.2737247983693,-34.554131300581,15.0150705907188));
#4290=CARTESIAN_POINT('Ctrl Pts',(64.3259171925959,-35.3742657987146,14.9565853901663));
#4291=CARTESIAN_POINT('Ctrl Pts',(64.3781095868224,-36.1627312909479,14.4590574671257));
#4292=CARTESIAN_POINT('Ctrl Pts',(64.4303019810489,-36.5682343780332,13.7440547716131));
#4293=CARTESIAN_POINT('Ctrl Pts',(64.4824943752755,-36.9737374651183,13.0290520761008));
#4294=CARTESIAN_POINT('Ctrl Pts',(64.534686769502,-36.9962781470558,12.0965746081166));
#4295=CARTESIAN_POINT('Ctrl Pts',(64.5868791637285,-36.6255751964417,11.3628239424705));
#4296=CARTESIAN_POINT('Ctrl Pts',(64.639071557955,-36.2548722458274,10.6290732768243));
#4297=CARTESIAN_POINT('Ctrl Pts',(64.6912639521816,-35.4909256626614,10.0940494135163));
#4298=CARTESIAN_POINT('Ctrl Pts',(64.7434563464081,-34.6746693958135,9.99635941936996));
#4299=CARTESIAN_POINT('Ctrl Pts',(64.7956487406346,-33.8584131289657,9.89866942522361));
#4300=CARTESIAN_POINT('Ctrl Pts',(64.8478411348612,-32.9898471784361,10.2383133002388));
#4301=CARTESIAN_POINT('Ctrl Pts',(64.9000335290877,-32.4564231491916,10.8638042373684));
#4302=CARTESIAN_POINT('Ctrl Pts',(64.9374945852278,-32.0735584080326,11.3127499402468));
#4303=CARTESIAN_POINT('Ctrl Pts',(64.9749556413679,-31.8633467547739,11.9089537890236));
#4304=CARTESIAN_POINT('Ctrl Pts',(65.012416697508,-31.8585065216402,12.5020702438397));
#4305=CARTESIAN_POINT('Origin',(6.78750000000002,34.375,12.5));
#4306=CARTESIAN_POINT('',(-64.262416697508,36.8959353784843,12.4989125655368));
#4307=CARTESIAN_POINT('',(-64.125,36.8925,12.5));
#4308=CARTESIAN_POINT('',(6.78750000000002,36.8925,12.5));
#4309=CARTESIAN_POINT('',(-64.125,36.0131998845052,14.417043267636));
#4310=CARTESIAN_POINT('Origin',(-64.125,34.375,12.5));
#4311=CARTESIAN_POINT('Ctrl Pts',(-64.125,36.0132129379578,14.4170643713263));
#4312=CARTESIAN_POINT('Ctrl Pts',(-64.170805565836,36.560063369001,13.9461977470659));
#4313=CARTESIAN_POINT('Ctrl Pts',(-64.216611131672,36.8923816984346,13.2209567439516));
#4314=CARTESIAN_POINT('Ctrl Pts',(-64.262416697508,36.8959353784843,12.4989125655368));
#4315=CARTESIAN_POINT('Origin',(6.78750000000002,34.375,12.5));
#4316=CARTESIAN_POINT('',(-65.262416697508,36.8908075092692,12.5019240486465));
#4317=CARTESIAN_POINT('',(-64.987583302492,36.8887964405445,12.4998933398558));
#4318=CARTESIAN_POINT('',(6.78750000000002,36.8925,12.5));
#4319=CARTESIAN_POINT('',(-64.125,36.0109872033751,10.5865340033351));
#4320=CARTESIAN_POINT('Ctrl Pts',(-64.987583302492,36.8887964405445,12.4998933398558));
#4321=CARTESIAN_POINT('Ctrl Pts',(-64.9610175061273,36.8886353719927,12.9216626449832));
#4322=CARTESIAN_POINT('Ctrl Pts',(-64.9344517097627,36.7878713046736,13.3435094005634));
#4323=CARTESIAN_POINT('Ctrl Pts',(-64.907885913398,36.5869680714238,13.7105595930608));
#4324=CARTESIAN_POINT('Ctrl Pts',(-64.8556935191715,36.1922642723275,14.431683405228));
#4325=CARTESIAN_POINT('Ctrl Pts',(-64.8035011249449,35.4110397970281,14.9413015151107));
#4326=CARTESIAN_POINT('Ctrl Pts',(-64.7513087307184,34.5921109856629,15.0121328107541));
#4327=CARTESIAN_POINT('Ctrl Pts',(-64.6991163364918,33.7731821742976,15.0829641063975));
#4328=CARTESIAN_POINT('Ctrl Pts',(-64.6469239422653,32.9165490268664,14.7150085878016));
#4329=CARTESIAN_POINT('Ctrl Pts',(-64.5947315480388,32.4037930576033,14.072262658021));
#4330=CARTESIAN_POINT('Ctrl Pts',(-64.5425391538122,31.8910370883403,13.4295167282404));
#4331=CARTESIAN_POINT('Ctrl Pts',(-64.4903467595857,31.7221582972453,12.5119803872753));
#4332=CARTESIAN_POINT('Ctrl Pts',(-64.4381543653592,31.9737264640386,11.7293871516964));
#4333=CARTESIAN_POINT('Ctrl Pts',(-64.3859619711327,32.2252946308319,10.9467939161176));
#4334=CARTESIAN_POINT('Ctrl Pts',(-64.3337695769061,32.8973097555135,10.2991437859251));
#4335=CARTESIAN_POINT('Ctrl Pts',(-64.2815771826796,33.6868600273189,10.0749546526619));
#4336=CARTESIAN_POINT('Ctrl Pts',(-64.2293847884531,34.4764102991243,9.85076551939871));
#4337=CARTESIAN_POINT('Ctrl Pts',(-64.1771923942265,35.3834957180534,10.0500373830647));
#4338=CARTESIAN_POINT('Ctrl Pts',(-64.125,36.010987203375,10.5865340033349));
#4339=CARTESIAN_POINT('Origin',(-64.125,34.375,12.5));
#4340=CARTESIAN_POINT('Ctrl Pts',(-64.262416697508,36.8959353784843,12.4989125655368));
#4341=CARTESIAN_POINT('Ctrl Pts',(-64.2661860644618,36.8962278129058,12.4394951254156));
#4342=CARTESIAN_POINT('Ctrl Pts',(-64.2699554314156,36.8942939383044,12.380099333363));
#4343=CARTESIAN_POINT('Ctrl Pts',(-64.2737247983693,36.8900700985313,12.3208687210717));
#4344=CARTESIAN_POINT('Ctrl Pts',(-64.3259171925959,36.8315848639293,11.500734331158));
#4345=CARTESIAN_POINT('Ctrl Pts',(-64.3781095868224,36.3340572137287,10.7122689475125));
#4346=CARTESIAN_POINT('Ctrl Pts',(-64.430301981049,35.6190546603872,10.3067659059882));
#4347=CARTESIAN_POINT('Ctrl Pts',(-64.4824943752755,34.9040521070456,9.90126286446391));
#4348=CARTESIAN_POINT('Ctrl Pts',(-64.534686769502,33.9715746505632,9.87872216506078));
#4349=CARTESIAN_POINT('Ctrl Pts',(-64.5868791637285,33.2378240505264,10.2494250680612));
#4350=CARTESIAN_POINT('Ctrl Pts',(-64.6390715579551,32.5040734504896,10.6201279710617));
#4351=CARTESIAN_POINT('Ctrl Pts',(-64.6912639521816,31.9690497068986,11.3840744764657));
#4352=CARTESIAN_POINT('Ctrl Pts',(-64.7434563464081,31.8713597379465,12.2003306466132));
#4353=CARTESIAN_POINT('Ctrl Pts',(-64.7956487406347,31.7736697689945,13.0165868167606));
#4354=CARTESIAN_POINT('Ctrl Pts',(-64.8478411348612,32.1133135746813,13.8851526516514));
#4355=CARTESIAN_POINT('Ctrl Pts',(-64.9000335290877,32.7388044289411,14.418576614046));
#4356=CARTESIAN_POINT('Ctrl Pts',(-64.9522259233142,33.3642952832009,14.9520005764405));
#4357=CARTESIAN_POINT('Ctrl Pts',(-65.0044183175408,34.2756331860336,15.1502826663388));
#4358=CARTESIAN_POINT('Ctrl Pts',(-65.0566107117673,35.066213677734,14.9249372480337));
#4359=CARTESIAN_POINT('Ctrl Pts',(-65.1088031059938,35.8567941694344,14.6995918297285));
#4360=CARTESIAN_POINT('Ctrl Pts',(-65.1609955002204,36.5266172500025,14.05061890322));
#4361=CARTESIAN_POINT('Ctrl Pts',(-65.2131878944469,36.7768573598446,13.2675627858029));
#4362=CARTESIAN_POINT('Ctrl Pts',(-65.2295974954673,36.8555343476061,13.0213652573353));
#4363=CARTESIAN_POINT('Ctrl Pts',(-65.2460070964876,36.8927350878352,12.7619134549718));
#4364=CARTESIAN_POINT('Ctrl Pts',(-65.262416697508,36.8908075092692,12.5019240486465));
#4365=CARTESIAN_POINT('Origin',(6.78750000000002,34.375,12.5));
#4366=CARTESIAN_POINT('',(-66.2624166975081,36.8911300309377,12.4979935155155));
#4367=CARTESIAN_POINT('',(-65.987583302492,36.895485941307,12.49862543067));
#4368=CARTESIAN_POINT('',(6.78750000000002,36.8925,12.5));
#4369=CARTESIAN_POINT('Ctrl Pts',(-65.987583302492,36.895485941307,12.49862543067));
#4370=CARTESIAN_POINT('Ctrl Pts',(-65.9408385381532,36.8905757031959,13.2356964317292));
#4371=CARTESIAN_POINT('Ctrl Pts',(-65.8940937738144,36.5474094948986,13.976754901149));
#4372=CARTESIAN_POINT('Ctrl Pts',(-65.8473490094755,35.9794179875059,14.4452311885264));
#4373=CARTESIAN_POINT('Ctrl Pts',(-65.795156615249,35.3452328099685,14.9683036528424));
#4374=CARTESIAN_POINT('Ctrl Pts',(-65.7429642210225,34.4307666248719,15.1515584501394));
#4375=CARTESIAN_POINT('Ctrl Pts',(-65.690771826796,33.6440027378619,14.9132390993859));
#4376=CARTESIAN_POINT('Ctrl Pts',(-65.6385794325694,32.857238850852,14.6749197486325));
#4377=CARTESIAN_POINT('Ctrl Pts',(-65.5863870383429,32.1981772619287,14.0150262498288));
#4378=CARTESIAN_POINT('Ctrl Pts',(-65.5341946441163,31.9608451254276,13.2279617527222));
#4379=CARTESIAN_POINT('Ctrl Pts',(-65.4820022498898,31.7235129889266,12.4408972556157));
#4380=CARTESIAN_POINT('Ctrl Pts',(-65.4298098556633,31.9079103048478,11.5266617602063));
#4381=CARTESIAN_POINT('Ctrl Pts',(-65.3776174614367,32.43178425503,10.8931365249161));
#4382=CARTESIAN_POINT('Ctrl Pts',(-65.3254250672102,32.9556582052122,10.259611289626));
#4383=CARTESIAN_POINT('Ctrl Pts',(-65.2732326729837,33.8190087896555,9.90679631445497));
#4384=CARTESIAN_POINT('Ctrl Pts',(-65.2210402787571,34.6366305389118,9.99208806232053));
#4385=CARTESIAN_POINT('Ctrl Pts',(-65.1688478845306,35.454252288168,10.0773798101861));
#4386=CARTESIAN_POINT('Ctrl Pts',(-65.1166554903041,36.2261452022374,10.6007782810882));
#4387=CARTESIAN_POINT('Ctrl Pts',(-65.0644630960776,36.6080000978254,11.3287922737651));
#4388=CARTESIAN_POINT('Ctrl Pts',(-65.0388364982157,36.7954918194801,11.6862489895302));
#4389=CARTESIAN_POINT('Ctrl Pts',(-65.0132099003539,36.8889518147313,12.0930351292227));
#4390=CARTESIAN_POINT('Ctrl Pts',(-64.987583302492,36.8887964405445,12.4998933398558));
#4391=CARTESIAN_POINT('Ctrl Pts',(-65.262416697508,36.8908075092692,12.5019240486465));
#4392=CARTESIAN_POINT('Ctrl Pts',(-65.2981994907142,36.8866042294253,11.9349908763668));
#4393=CARTESIAN_POINT('Ctrl Pts',(-65.3339822839203,36.6963449744862,11.3655013859932));
#4394=CARTESIAN_POINT('Ctrl Pts',(-65.3697650771265,36.344374956503,10.9253122310933));
#4395=CARTESIAN_POINT('Ctrl Pts',(-65.421957471353,35.830995304203,10.2832571021263));
#4396=CARTESIAN_POINT('Ctrl Pts',(-65.4741498655796,34.9735788604869,9.91628615251767));
#4397=CARTESIAN_POINT('Ctrl Pts',(-65.5263422598061,34.1546557082748,9.98812237775477));
#4398=CARTESIAN_POINT('Ctrl Pts',(-65.5785346540326,33.3357325560627,10.0599586029919));
#4399=CARTESIAN_POINT('Ctrl Pts',(-65.6307270482592,32.5553026953547,10.5706020030747));
#4400=CARTESIAN_POINT('Ctrl Pts',(-65.6829194424857,32.1615463198155,11.2922329568688));
#4401=CARTESIAN_POINT('Ctrl Pts',(-65.7351118367122,31.7677899442764,12.0138639106629));
#4402=CARTESIAN_POINT('Ctrl Pts',(-65.7873042309388,31.760707053906,12.9464824181682));
#4403=CARTESIAN_POINT('Ctrl Pts',(-65.8394966251653,32.1434579943687,13.6740100762494));
#4404=CARTESIAN_POINT('Ctrl Pts',(-65.8916890193918,32.5262089348314,14.4015377343305));
#4405=CARTESIAN_POINT('Ctrl Pts',(-65.9438814136183,33.2987937061271,14.9239745429874));
#4406=CARTESIAN_POINT('Ctrl Pts',(-65.9960738078449,34.1165311350072,15.0082408717318));
#4407=CARTESIAN_POINT('Ctrl Pts',(-66.0482662020714,34.9342685638873,15.0925072004761));
#4408=CARTESIAN_POINT('Ctrl Pts',(-66.1004585962979,35.7971586503518,14.738603049308));
#4409=CARTESIAN_POINT('Ctrl Pts',(-66.1526509905245,36.3202310875296,14.1044179044565));
#4410=CARTESIAN_POINT('Ctrl Pts',(-66.189239559519,36.6869219098311,13.6598334535691));
#4411=CARTESIAN_POINT('Ctrl Pts',(-66.2258281285135,36.8866104752405,13.0775058377598));
#4412=CARTESIAN_POINT('Ctrl Pts',(-66.2624166975081,36.8911300309377,12.4979935155155));
#4413=CARTESIAN_POINT('Origin',(6.78750000000002,34.375,12.5));
#4414=CARTESIAN_POINT('',(-67.262416697508,36.8957550970801,12.5011389290043));
#4415=CARTESIAN_POINT('',(-66.987583302492,36.891493302933,12.5020702430466));
#4416=CARTESIAN_POINT('',(6.78750000000002,36.8925,12.5));
#4417=CARTESIAN_POINT('',(-67.875,32.4615340033347,14.1359872033746));
#4418=CARTESIAN_POINT('Ctrl Pts',(-67.262416697508,36.8957550970801,12.5011389290043));
#4419=CARTESIAN_POINT('Ctrl Pts',(-67.3100339489924,36.8913430692104,11.7506410971079));
#4420=CARTESIAN_POINT('Ctrl Pts',(-67.3576512004768,36.5336658345609,10.9966014114547));
#4421=CARTESIAN_POINT('Ctrl Pts',(-67.4052684519612,35.9472625314299,10.528793225489));
#4422=CARTESIAN_POINT('Ctrl Pts',(-67.4574608461877,35.3045166479809,10.0160372703847));
#4423=CARTESIAN_POINT('Ctrl Pts',(-67.5096532404143,34.3869804274745,9.84715838533976));
#4424=CARTESIAN_POINT('Ctrl Pts',(-67.5618456346408,33.6043870936153,10.0987266534447));
#4425=CARTESIAN_POINT('Ctrl Pts',(-67.6140380288674,32.8217937597562,10.3502949215497));
#4426=CARTESIAN_POINT('Ctrl Pts',(-67.6662304230939,32.1741433125442,11.0223103428045));
#4427=CARTESIAN_POINT('Ctrl Pts',(-67.7184228173204,31.9499542183713,11.8118605419304));
#4428=CARTESIAN_POINT('Ctrl Pts',(-67.770615211547,31.7257651241984,12.6014107410562));
#4429=CARTESIAN_POINT('Ctrl Pts',(-67.8228076057735,31.9250373830646,13.508495718053));
#4430=CARTESIAN_POINT('Ctrl Pts',(-67.875,32.4615340033347,14.1359872033747));
#4431=CARTESIAN_POINT('',(-67.875,36.2920433369843,14.1382000581466));
#4432=CARTESIAN_POINT('Origin',(-67.875,34.375,12.5));
#4433=CARTESIAN_POINT('Ctrl Pts',(-67.875,36.2920644337832,14.1382131081077));
#4434=CARTESIAN_POINT('Ctrl Pts',(-67.8254250672102,35.7824499340176,14.7300640767173));
#4435=CARTESIAN_POINT('Ctrl Pts',(-67.7758501344204,34.9748732038119,15.0706224804172));
#4436=CARTESIAN_POINT('Ctrl Pts',(-67.7262752016307,34.195868711844,15.0150703085925));
#4437=CARTESIAN_POINT('Ctrl Pts',(-67.6740828074041,33.3757342757283,14.956585088566));
#4438=CARTESIAN_POINT('Ctrl Pts',(-67.6218904131776,32.5872688457321,14.4590573218594));
#4439=CARTESIAN_POINT('Ctrl Pts',(-67.5696980189511,32.1817657847618,13.744054707829));
#4440=CARTESIAN_POINT('Ctrl Pts',(-67.5175056247245,31.7762627237915,13.0290520937985));
#4441=CARTESIAN_POINT('Ctrl Pts',(-67.465313230498,31.7537220318471,12.0965746324442));
#4442=CARTESIAN_POINT('Ctrl Pts',(-67.4131208362715,32.12442495517,11.3628240044135));
#4443=CARTESIAN_POINT('Ctrl Pts',(-67.3609284420449,32.4951278784929,10.6290733763827));
#4444=CARTESIAN_POINT('Ctrl Pts',(-67.3087360478184,33.259074417083,10.0940495816756));
#4445=CARTESIAN_POINT('Ctrl Pts',(-67.2565436535919,34.0753306285033,9.99635960196611));
#4446=CARTESIAN_POINT('Ctrl Pts',(-67.2043512593653,34.8915868399236,9.89866962225663));
#4447=CARTESIAN_POINT('Ctrl Pts',(-67.1521588651388,35.7601527241741,10.2383134575448));
#4448=CARTESIAN_POINT('Ctrl Pts',(-67.0999664709123,36.2935767151019,10.8638043471775));
#4449=CARTESIAN_POINT('Ctrl Pts',(-67.0625054147722,36.676441428759,11.3127500159649));
#4450=CARTESIAN_POINT('Ctrl Pts',(-67.0250443586321,36.886653068921,11.9089538266481));
#4451=CARTESIAN_POINT('Ctrl Pts',(-66.987583302492,36.891493302933,12.5020702430466));
#4452=CARTESIAN_POINT('Origin',(6.78750000000002,34.375,12.5));
#4453=CARTESIAN_POINT('',(67.7375833024919,36.8959355834932,12.498912566291));
#4454=CARTESIAN_POINT('',(67.875,36.8925,12.5));
#4455=CARTESIAN_POINT('',(6.78750000000002,36.8925,12.5));
#4456=CARTESIAN_POINT('',(67.875,36.0132000581462,14.4170433369846));
#4457=CARTESIAN_POINT('Origin',(67.875,34.375,12.5));
#4458=CARTESIAN_POINT('Ctrl Pts',(67.875,36.0132131081073,14.4170644337835));
#4459=CARTESIAN_POINT('Ctrl Pts',(67.829194434164,36.5600634411723,13.9461978242616));
#4460=CARTESIAN_POINT('Ctrl Pts',(67.7833888683279,36.8923818759388,13.2209567849172));
#4461=CARTESIAN_POINT('Ctrl Pts',(67.7375833024919,36.8959355834932,12.498912566291));
#4462=CARTESIAN_POINT('Origin',(6.78750000000002,34.375,12.5));
#4463=CARTESIAN_POINT('',(66.7375833024919,36.890807640809,12.5019240492226));
#4464=CARTESIAN_POINT('',(67.012416697508,36.8887963183419,12.4998933358866));
#4465=CARTESIAN_POINT('',(6.78750000000002,36.8925,12.5));
#4466=CARTESIAN_POINT('',(67.875,36.0109872033749,10.5865340033349));
#4467=CARTESIAN_POINT('Ctrl Pts',(67.012416697508,36.8887963183419,12.4998933358866));
#4468=CARTESIAN_POINT('Ctrl Pts',(67.0389824938727,36.8886352552294,12.9216626173999));
#4469=CARTESIAN_POINT('Ctrl Pts',(67.0655482902373,36.7878711968425,13.3435093502449));
#4470=CARTESIAN_POINT('Ctrl Pts',(67.092114086602,36.586967969476,13.7105595261468));
#4471=CARTESIAN_POINT('Ctrl Pts',(67.1443064808285,36.1922641819382,14.4316833057093));
#4472=CARTESIAN_POINT('Ctrl Pts',(67.1964988750551,35.411039706429,14.9413014066858));
#4473=CARTESIAN_POINT('Ctrl Pts',(67.2486912692816,34.5921109560927,15.0121326839782));
#4474=CARTESIAN_POINT('Ctrl Pts',(67.3008836635081,33.7731822057562,15.0829639612705));
#4475=CARTESIAN_POINT('Ctrl Pts',(67.3530760577347,32.9165491805927,14.7150084148786));
#4476=CARTESIAN_POINT('Ctrl Pts',(67.4052684519612,32.4037932254886,14.0722625314294));
#4477=CARTESIAN_POINT('Ctrl Pts',(67.4574608461877,31.8910372703845,13.4295166479803));
#4478=CARTESIAN_POINT('Ctrl Pts',(67.5096532404143,31.7221583853398,12.5119804274739));
#4479=CARTESIAN_POINT('Ctrl Pts',(67.5618456346408,31.9737266534449,11.7293870936148));
#4480=CARTESIAN_POINT('Ctrl Pts',(67.6140380288673,32.22529492155,10.9467937597556));
#4481=CARTESIAN_POINT('Ctrl Pts',(67.6662304230939,32.8973103428051,10.2991433125438));
#4482=CARTESIAN_POINT('Ctrl Pts',(67.7184228173204,33.6868605419311,10.0749542183711));
#4483=CARTESIAN_POINT('Ctrl Pts',(67.7706152115469,34.4764107410569,9.85076512419846));
#4484=CARTESIAN_POINT('Ctrl Pts',(67.8228076057735,35.3834957180537,10.0500373830648));
#4485=CARTESIAN_POINT('Ctrl Pts',(67.875,36.0109872033751,10.5865340033351));
#4486=CARTESIAN_POINT('Origin',(67.875,34.375,12.5));
#4487=CARTESIAN_POINT('Ctrl Pts',(67.7375833024919,36.8959355834932,12.498912566291));
#4488=CARTESIAN_POINT('Ctrl Pts',(67.7338139355382,36.896228020178,12.439495122861));
#4489=CARTESIAN_POINT('Ctrl Pts',(67.7300445685844,36.8942941473131,12.3800993274727));
#4490=CARTESIAN_POINT('Ctrl Pts',(67.7262752016307,36.8900703085926,12.3208687118448));
#4491=CARTESIAN_POINT('Ctrl Pts',(67.6740828074041,36.8315850885663,11.500734275729));
#4492=CARTESIAN_POINT('Ctrl Pts',(67.6218904131776,36.3340573218599,10.7122688457326));
#4493=CARTESIAN_POINT('Ctrl Pts',(67.5696980189511,35.6190547078295,10.3067657847621));
#4494=CARTESIAN_POINT('Ctrl Pts',(67.5175056247245,34.9040520937992,9.90126272379167));
#4495=CARTESIAN_POINT('Ctrl Pts',(67.465313230498,33.9715746324449,9.87872203184703));
#4496=CARTESIAN_POINT('Ctrl Pts',(67.4131208362715,33.2378240044142,10.2494249551697));
#4497=CARTESIAN_POINT('Ctrl Pts',(67.360928442045,32.5040733763833,10.6201278784923));
#4498=CARTESIAN_POINT('Ctrl Pts',(67.3087360478184,31.9690495816759,11.3840744170824));
#4499=CARTESIAN_POINT('Ctrl Pts',(67.2565436535919,31.8713596019662,12.2003306285027));
#4500=CARTESIAN_POINT('Ctrl Pts',(67.2043512593654,31.7736696222565,13.0165868399228));
#4501=CARTESIAN_POINT('Ctrl Pts',(67.1521588651388,32.1133134575443,13.8851527241733));
#4502=CARTESIAN_POINT('Ctrl Pts',(67.0999664709123,32.7388043471767,14.4185767151012));
#4503=CARTESIAN_POINT('Ctrl Pts',(67.0477740766858,33.3642952368093,14.9520007060294));
#4504=CARTESIAN_POINT('Ctrl Pts',(66.9955816824592,34.2756331807867,15.1502828036348));
#4505=CARTESIAN_POINT('Ctrl Pts',(66.9433892882327,35.0662137120162,14.9249373730838));
#4506=CARTESIAN_POINT('Ctrl Pts',(66.8911968940062,35.8567942432454,14.6995919425329));
#4507=CARTESIAN_POINT('Ctrl Pts',(66.8390044997796,36.5266173617268,14.0506189838257));
#4508=CARTESIAN_POINT('Ctrl Pts',(66.7868121055531,36.7768574853319,13.2675628260951));
#4509=CARTESIAN_POINT('Ctrl Pts',(66.7704025045327,36.8555344774206,13.0213652849525));
#4510=CARTESIAN_POINT('Ctrl Pts',(66.7539929035123,36.8927352195895,12.7619134691118));
#4511=CARTESIAN_POINT('Ctrl Pts',(66.7375833024919,36.890807640809,12.5019240492226));
#4512=CARTESIAN_POINT('Origin',(6.78750000000002,34.375,12.5));
#4513=CARTESIAN_POINT('',(65.7375833024919,36.8911301614929,12.4979935159669));
#4514=CARTESIAN_POINT('',(66.012416697508,36.8954858104177,12.4986254307713));
#4515=CARTESIAN_POINT('',(6.78750000000002,36.8925,12.5));
#4516=CARTESIAN_POINT('Ctrl Pts',(66.012416697508,36.8954858104177,12.4986254307713));
#4517=CARTESIAN_POINT('Ctrl Pts',(66.0591614618468,36.890575572728,13.2356963935683));
#4518=CARTESIAN_POINT('Ctrl Pts',(66.1059062261856,36.5474093825746,13.9767548244583));
#4519=CARTESIAN_POINT('Ctrl Pts',(66.1526509905244,35.9794179044563,14.4452310875298));
#4520=CARTESIAN_POINT('Ctrl Pts',(66.2048433847509,35.3452327596048,14.9683035247075));
#4521=CARTESIAN_POINT('Ctrl Pts',(66.2570357789775,34.43076662107,15.1515583125984));
#4522=CARTESIAN_POINT('Ctrl Pts',(66.309228173204,33.644002775337,14.913238974155));
#4523=CARTESIAN_POINT('Ctrl Pts',(66.3614205674306,32.857238929604,14.6749196357116));
#4524=CARTESIAN_POINT('Ctrl Pts',(66.4136129616571,32.1981773766729,14.0150261709339));
#4525=CARTESIAN_POINT('Ctrl Pts',(66.4658053558837,31.9608452516651,13.2279617148457));
#4526=CARTESIAN_POINT('Ctrl Pts',(66.5179977501102,31.7235131266572,12.4408972587575));
#4527=CARTESIAN_POINT('Ctrl Pts',(66.5701901443367,31.9079104295727,11.5266618113588));
#4528=CARTESIAN_POINT('Ctrl Pts',(66.6223825385632,32.4317843541157,10.8931366085512));
#4529=CARTESIAN_POINT('Ctrl Pts',(66.6745749327898,32.9556582786587,10.2596114057437));
#4530=CARTESIAN_POINT('Ctrl Pts',(66.7267673270163,33.8190088248291,9.90679644752739));
#4531=CARTESIAN_POINT('Ctrl Pts',(66.7789597212428,34.636630528772,9.99208819191517));
#4532=CARTESIAN_POINT('Ctrl Pts',(66.8311521154694,35.4542522327149,10.0773799363029));
#4533=CARTESIAN_POINT('Ctrl Pts',(66.8833445096959,36.2261450944303,10.6007783832947));
#4534=CARTESIAN_POINT('Ctrl Pts',(66.9355369039224,36.607999975505,11.3287923358649));
#4535=CARTESIAN_POINT('Ctrl Pts',(66.9611635017843,36.7954916900338,11.6862490319375));
#4536=CARTESIAN_POINT('Ctrl Pts',(66.9867900996461,36.8889516872816,12.0930351480329));
#4537=CARTESIAN_POINT('Ctrl Pts',(67.012416697508,36.8887963183419,12.4998933358866));
#4538=CARTESIAN_POINT('Ctrl Pts',(66.7375833024919,36.890807640809,12.5019240492226));
#4539=CARTESIAN_POINT('Ctrl Pts',(66.7018005092858,36.8866043604973,11.9349908473657));
#4540=CARTESIAN_POINT('Ctrl Pts',(66.6660177160797,36.6963450948462,11.3655013270024));
#4541=CARTESIAN_POINT('Ctrl Pts',(66.6302349228735,36.3443750583222,10.9253121491176));
#4542=CARTESIAN_POINT('Ctrl Pts',(66.578042528647,35.8309953789787,10.2832569866248));
#4543=CARTESIAN_POINT('Ctrl Pts',(66.5258501344204,34.9735788915628,9.9162860183933));
#4544=CARTESIAN_POINT('Ctrl Pts',(66.4736577401939,34.1546556970419,9.98812224748058));
#4545=CARTESIAN_POINT('Ctrl Pts',(66.4214653459674,33.3357325025209,10.0599584765679));
#4546=CARTESIAN_POINT('Ctrl Pts',(66.3692729517409,32.5553026008949,10.5706019029741));
#4547=CARTESIAN_POINT('Ctrl Pts',(66.3170805575143,32.1615462048161,11.2922328941389));
#4548=CARTESIAN_POINT('Ctrl Pts',(66.2648881632878,31.7677898087373,12.0138638853036));
#4549=CARTESIAN_POINT('Ctrl Pts',(66.2126957690613,31.7607069182056,12.9464824412268));
#4550=CARTESIAN_POINT('Ctrl Pts',(66.1605033748347,32.1434578785839,13.6740101371634));
#4551=CARTESIAN_POINT('Ctrl Pts',(66.1083109806082,32.5262088389623,14.4015378331));
#4552=CARTESIAN_POINT('Ctrl Pts',(66.0561185863817,33.2987936502506,14.9239746690499));
#4553=CARTESIAN_POINT('Ctrl Pts',(66.0039261921551,34.1165311215624,15.0082410020358));
#4554=CARTESIAN_POINT('Ctrl Pts',(65.9517337979286,34.9342685928743,15.0925073350218));
#4555=CARTESIAN_POINT('Ctrl Pts',(65.8995414037021,35.7971587242097,14.7386031650437));
#4556=CARTESIAN_POINT('Ctrl Pts',(65.8473490094755,36.320231188526,14.1044179875064));
#4557=CARTESIAN_POINT('Ctrl Pts',(65.810760440481,36.6869220298525,13.6598335137051));
#4558=CARTESIAN_POINT('Ctrl Pts',(65.7741718714865,36.8866106055724,13.0775058681625));
#4559=CARTESIAN_POINT('Ctrl Pts',(65.7375833024919,36.8911301614929,12.4979935159669));
#4560=CARTESIAN_POINT('Origin',(6.78750000000002,34.375,12.5));
#4561=CARTESIAN_POINT('',(64.7375833024919,36.8957552288434,12.5011389412274));
#4562=CARTESIAN_POINT('',(65.012416697508,36.891493172302,12.5020702424557));
#4563=CARTESIAN_POINT('',(6.78750000000002,36.8925,12.5));
#4564=CARTESIAN_POINT('',(64.125,32.4615340033346,14.1359872033745));
#4565=CARTESIAN_POINT('Ctrl Pts',(64.7375833024919,36.8957552288434,12.5011389412274));
#4566=CARTESIAN_POINT('Ctrl Pts',(64.6899660510075,36.8913432186409,11.7506410450439));
#4567=CARTESIAN_POINT('Ctrl Pts',(64.6423487995232,36.5336660034223,10.9966012564869));
#4568=CARTESIAN_POINT('Ctrl Pts',(64.5947315480388,35.9472626580212,10.5287930576035));
#4569=CARTESIAN_POINT('Ctrl Pts',(64.5425391538123,35.3045167282407,10.0160370883404));
#4570=CARTESIAN_POINT('Ctrl Pts',(64.4903467595857,34.3869803872756,9.84715829724529));
#4571=CARTESIAN_POINT('Ctrl Pts',(64.4381543653592,33.6043871516968,10.0987264640385));
#4572=CARTESIAN_POINT('Ctrl Pts',(64.3859619711326,32.821793916118,10.3502946308316));
#4573=CARTESIAN_POINT('Ctrl Pts',(64.3337695769061,32.1741437859256,11.0223097555129));
#4574=CARTESIAN_POINT('Ctrl Pts',(64.2815771826796,31.9499546526621,11.8118600273182));
#4575=CARTESIAN_POINT('Ctrl Pts',(64.2293847884531,31.7257655193987,12.6014102991235));
#4576=CARTESIAN_POINT('Ctrl Pts',(64.1771923942265,31.9250373830645,13.508495718053));
#4577=CARTESIAN_POINT('Ctrl Pts',(64.125,32.4615340033347,14.1359872033746));
#4578=CARTESIAN_POINT('',(64.125,36.2920432676357,14.1381998845055));
#4579=CARTESIAN_POINT('Origin',(64.125,34.375,12.5));
#4580=CARTESIAN_POINT('Ctrl Pts',(64.125,36.292064371326,14.1382129379582));
#4581=CARTESIAN_POINT('Ctrl Pts',(64.1745749327898,35.7824498556089,14.7300640126088));
#4582=CARTESIAN_POINT('Ctrl Pts',(64.2241498655795,34.974873169154,15.0706222842005));
#4583=CARTESIAN_POINT('Ctrl Pts',(64.2737247983693,34.1958687210712,15.0150700985312));
#4584=CARTESIAN_POINT('Ctrl Pts',(64.3259171925959,33.3757343311574,14.9565848639291));
#4585=CARTESIAN_POINT('Ctrl Pts',(64.3781095868224,32.5872689475119,14.4590572137282));
#4586=CARTESIAN_POINT('Ctrl Pts',(64.4303019810489,32.1817659059878,13.7440546603864));
#4587=CARTESIAN_POINT('Ctrl Pts',(64.4824943752755,31.7762628644638,13.0290521070449));
#4588=CARTESIAN_POINT('Ctrl Pts',(64.534686769502,31.7537221650609,12.0965746505626));
#4589=CARTESIAN_POINT('Ctrl Pts',(64.5868791637285,32.1244250680614,11.362824050526));
#4590=CARTESIAN_POINT('Ctrl Pts',(64.6390715579551,32.495127971062,10.6290734504893));
#4591=CARTESIAN_POINT('Ctrl Pts',(64.6912639521816,33.2590744764662,10.0940497068984));
#4592=CARTESIAN_POINT('Ctrl Pts',(64.7434563464081,34.0753306466138,9.99635973794647));
#4593=CARTESIAN_POINT('Ctrl Pts',(64.7956487406346,34.8915868167612,9.89866976899459));
#4594=CARTESIAN_POINT('Ctrl Pts',(64.8478411348612,35.7601526516519,10.2383135746816));
#4595=CARTESIAN_POINT('Ctrl Pts',(64.9000335290877,36.2935766140463,10.8638044289415));
#4596=CARTESIAN_POINT('Ctrl Pts',(64.9374945852278,36.6764413072236,11.3127500723401));
#4597=CARTESIAN_POINT('Ctrl Pts',(64.9749556413679,36.8866529376348,11.9089538546612));
#4598=CARTESIAN_POINT('Ctrl Pts',(65.012416697508,36.891493172302,12.5020702424557));
#4599=CARTESIAN_POINT('Origin',(-70.0834234471779,34.375,12.5));
#4600=CARTESIAN_POINT('',(67.3334234471771,37.4439783453521,12.4998697786815));
#4601=CARTESIAN_POINT('',(67.4165765528221,37.4526943459251,12.4986724021759));
#4602=CARTESIAN_POINT('',(-70.0834234471779,37.4485,12.4999999999926));
#4603=CARTESIAN_POINT('',(67.875,31.4057770462542,13.2937992825323));
#4604=CARTESIAN_POINT('Ctrl Pts',(67.4165765528221,37.4526943459251,12.4986724021759));
#4605=CARTESIAN_POINT('Ctrl Pts',(67.464999580095,37.4481078701075,13.4305550342893));
#4606=CARTESIAN_POINT('Ctrl Pts',(67.5656150015945,36.5065499430983,15.3759231150824));
#4607=CARTESIAN_POINT('Ctrl Pts',(67.7184228173204,33.2157334367631,15.9230640238851));
#4608=CARTESIAN_POINT('Ctrl Pts',(67.8228076057735,31.6660912048081,14.2675098813849));
#4609=CARTESIAN_POINT('Ctrl Pts',(67.875,31.4057770462542,13.2937992825323));
#4610=CARTESIAN_POINT('',(67.875,31.4010770151545,11.7041317586926));
#4611=CARTESIAN_POINT('Origin',(67.875,34.375,12.5));
#4612=CARTESIAN_POINT('Ctrl Pts',(67.3334234471771,37.4439783453521,12.4998697786815));
#4613=CARTESIAN_POINT('Ctrl Pts',(67.3599892435419,37.4437817108045,13.0147885023109));
#4614=CARTESIAN_POINT('Ctrl Pts',(67.3865550399067,37.3207635048653,13.52980178271));
#4615=CARTESIAN_POINT('Ctrl Pts',(67.4131208362715,37.0754899917316,13.9779164661816));
#4616=CARTESIAN_POINT('Ctrl Pts',(67.465313230498,36.5936142852779,14.8583033327101));
#4617=CARTESIAN_POINT('Ctrl Pts',(67.5175056247245,35.6398532423867,15.4804726408934));
#4618=CARTESIAN_POINT('Ctrl Pts',(67.5696980189511,34.6400607839325,15.5669472906482));
#4619=CARTESIAN_POINT('Ctrl Pts',(67.6218904131776,33.6402683254782,15.653421940403));
#4620=CARTESIAN_POINT('Ctrl Pts',(67.6740828074041,32.5944444514607,15.2042019317297));
#4621=CARTESIAN_POINT('Ctrl Pts',(67.7262752016306,31.9684442814457,14.4195030348953));
#4622=CARTESIAN_POINT('Ctrl Pts',(67.7758501344204,31.3738381742764,13.6741569811783));
#4623=CARTESIAN_POINT('Ctrl Pts',(67.8254250672102,31.1580031230536,12.6261369919379));
#4624=CARTESIAN_POINT('Ctrl Pts',(67.875,31.4010492878725,11.704119553113));
#4625=CARTESIAN_POINT('Origin',(-70.0834234471779,34.375,12.5));
#4626=CARTESIAN_POINT('',(66.333423447177,37.452145238657,12.4983218516211));
#4627=CARTESIAN_POINT('',(66.4165765528221,37.4464338764752,12.5023489832243));
#4628=CARTESIAN_POINT('',(-70.0834234471779,37.4485,12.4999999999926));
#4629=CARTESIAN_POINT('Ctrl Pts',(66.4165765528221,37.4464338764752,12.5023489832243));
#4630=CARTESIAN_POINT('Ctrl Pts',(66.4329861538426,37.4487871687826,12.8197581121362));
#4631=CARTESIAN_POINT('Ctrl Pts',(66.5015881490897,37.2589181667207,14.1439751703222));
#4632=CARTESIAN_POINT('Ctrl Pts',(66.6223825385633,35.3662982132919,15.9776819161714));
#4633=CARTESIAN_POINT('Ctrl Pts',(66.7789597212428,32.0284664307925,15.2514614272061));
#4634=CARTESIAN_POINT('Ctrl Pts',(66.9355369039225,30.7844998038721,12.0702849681266));
#4635=CARTESIAN_POINT('Ctrl Pts',(67.092114086602,32.744057658529,9.2722833557855));
#4636=CARTESIAN_POINT('Ctrl Pts',(67.2486912692816,36.1593142354577,9.354840039033));
#4637=CARTESIAN_POINT('Ctrl Pts',(67.3568454246883,37.417999222349,11.349562074326));
#4638=CARTESIAN_POINT('Ctrl Pts',(67.4128071858685,37.4530513684277,12.4261323773989));
#4639=CARTESIAN_POINT('Ctrl Pts',(67.4165765528221,37.4526943459251,12.4986724021759));
#4640=CARTESIAN_POINT('Ctrl Pts',(66.333423447177,37.452145238657,12.4983218516211));
#4641=CARTESIAN_POINT('Ctrl Pts',(66.380168211516,37.4461505552276,13.3981779009412));
#4642=CARTESIAN_POINT('Ctrl Pts',(66.4269129758549,37.0271947318164,14.3029020667205));
#4643=CARTESIAN_POINT('Ctrl Pts',(66.4736577401939,36.3337600513786,14.8748431966329));
#4644=CARTESIAN_POINT('Ctrl Pts',(66.5258501344204,35.559512566691,15.5134382852785));
#4645=CARTESIAN_POINT('Ctrl Pts',(66.578042528647,34.443082903618,15.7371656300977));
#4646=CARTESIAN_POINT('Ctrl Pts',(66.6302349228735,33.4825590983111,15.4462125072752));
#4647=CARTESIAN_POINT('Ctrl Pts',(66.6824273171,32.5220352930041,15.1552593844526));
#4648=CARTESIAN_POINT('Ctrl Pts',(66.7346197113266,31.7174173454634,14.3496257939883));
#4649=CARTESIAN_POINT('Ctrl Pts',(66.7868121055531,31.4276694661341,13.3887349873201));
#4650=CARTESIAN_POINT('Ctrl Pts',(66.8390044997796,31.1379215868049,12.4278441806521));
#4651=CARTESIAN_POINT('Ctrl Pts',(66.8911968940062,31.3630437756869,11.3116961577802));
#4652=CARTESIAN_POINT('Ctrl Pts',(66.9433892882327,32.0026173634058,10.5382543659912));
#4653=CARTESIAN_POINT('Ctrl Pts',(66.9955816824592,32.6421909511249,9.76481257420203));
#4654=CARTESIAN_POINT('Ctrl Pts',(67.0477740766857,33.6962159376809,9.33407701349569));
#4655=CARTESIAN_POINT('Ctrl Pts',(67.0999664709123,34.6944126832893,9.43820578266187));
#4656=CARTESIAN_POINT('Ctrl Pts',(67.1521588651388,35.6926094288976,9.54233455182806));
#4657=CARTESIAN_POINT('Ctrl Pts',(67.2043512593654,36.6349779335581,10.1813276508668));
#4658=CARTESIAN_POINT('Ctrl Pts',(67.2565436535919,37.1011670008801,11.0701264128231));
#4659=CARTESIAN_POINT('Ctrl Pts',(67.2821702514536,37.3300670146242,11.5065288578575));
#4660=CARTESIAN_POINT('Ctrl Pts',(67.3077968493154,37.444168028146,12.0031553237213));
#4661=CARTESIAN_POINT('Ctrl Pts',(67.3334234471771,37.4439783453521,12.4998697786815));
#4662=CARTESIAN_POINT('Origin',(-70.0834234471779,34.375,12.5));
#4663=CARTESIAN_POINT('',(65.3334234471771,37.4472708103555,12.5025274638208));
#4664=CARTESIAN_POINT('',(65.4165765528221,37.4468276271494,12.4975503758914));
#4665=CARTESIAN_POINT('',(-70.0834234471779,37.4485,12.4999999999926));
#4666=CARTESIAN_POINT('Ctrl Pts',(65.4165765528221,37.4468276271494,12.4975503758914));
#4667=CARTESIAN_POINT('Ctrl Pts',(65.4531651218168,37.4413099091284,13.2050503617818));
#4668=CARTESIAN_POINT('Ctrl Pts',(65.541946085038,36.8497600082538,14.9301158030905));
#4669=CARTESIAN_POINT('Ctrl Pts',(65.6829194424857,34.0043224236505,16.0971383358955));
#4670=CARTESIAN_POINT('Ctrl Pts',(65.8394966251653,31.1746826014125,14.183680998904));
#4671=CARTESIAN_POINT('Ctrl Pts',(65.9960738078449,31.2006241275881,10.7679076543595));
#4672=CARTESIAN_POINT('Ctrl Pts',(66.1526509905245,34.0589970800975,8.89764441178635));
#4673=CARTESIAN_POINT('Ctrl Pts',(66.2928185721835,36.8702241708137,10.1008388249332));
#4674=CARTESIAN_POINT('Ctrl Pts',(66.3807937596161,37.4413022848001,11.8102063036211));
#4675=CARTESIAN_POINT('Ctrl Pts',(66.4165765528221,37.4464338764752,12.5023489832243));
#4676=CARTESIAN_POINT('Ctrl Pts',(65.3334234471771,37.4472708103555,12.5025274638208));
#4677=CARTESIAN_POINT('Ctrl Pts',(65.3481547852636,37.4495945760486,12.7872788464172));
#4678=CARTESIAN_POINT('Ctrl Pts',(65.4150785175767,37.2840080760563,14.0782421378326));
#4679=CARTESIAN_POINT('Ctrl Pts',(65.5341946441164,35.4757781169495,15.9445667749788));
#4680=CARTESIAN_POINT('Ctrl Pts',(65.6907718267959,32.11669847746,15.3243380366349));
#4681=CARTESIAN_POINT('Ctrl Pts',(65.8473490094755,30.7726445982686,12.1839970955084));
#4682=CARTESIAN_POINT('Ctrl Pts',(66.0039261921551,32.6429077444316,9.32562429286408));
#4683=CARTESIAN_POINT('Ctrl Pts',(66.1605033748347,36.0586809116423,9.29968276728032));
#4684=CARTESIAN_POINT('Ctrl Pts',(66.2703357931753,37.4008920316642,11.284557979));
#4685=CARTESIAN_POINT('Ctrl Pts',(66.3279758172895,37.4528438584293,12.3934527228937));
#4686=CARTESIAN_POINT('Ctrl Pts',(66.333423447177,37.452145238657,12.4983218516211));
#4687=CARTESIAN_POINT('Origin',(-70.0834234471779,34.375,12.5));
#4688=CARTESIAN_POINT('',(64.333423447177,37.445119547898,12.4975524769944));
#4689=CARTESIAN_POINT('',(64.4165765528221,37.4524741592254,12.5013904809712));
#4690=CARTESIAN_POINT('',(-70.0834234471779,37.4485,12.4999999999926));
#4691=CARTESIAN_POINT('',(64.125,35.1687992825331,9.53077704625438));
#4692=CARTESIAN_POINT('Ctrl Pts',(64.125,35.1687992825334,9.53077704625446));
#4693=CARTESIAN_POINT('Ctrl Pts',(64.1771923942265,36.1425098813857,9.79109120480869));
#4694=CARTESIAN_POINT('Ctrl Pts',(64.229384788453,36.9702870446345,10.5659116028565));
#4695=CARTESIAN_POINT('Ctrl Pts',(64.2815771826796,37.2907359966394,11.515320776559));
#4696=CARTESIAN_POINT('Ctrl Pts',(64.2988592708454,37.3968439290934,11.8296917359398));
#4697=CARTESIAN_POINT('Ctrl Pts',(64.3161413590112,37.447327248055,12.1632050038906));
#4698=CARTESIAN_POINT('Ctrl Pts',(64.333423447177,37.445119547898,12.4975524769944));
#4699=CARTESIAN_POINT('',(64.125,33.5791318090014,9.52607679249504));
#4700=CARTESIAN_POINT('Origin',(64.125,34.375,12.5));
#4701=CARTESIAN_POINT('Ctrl Pts',(64.125,33.5791196079409,9.52604907349172));
#4702=CARTESIAN_POINT('Ctrl Pts',(64.1745749327898,34.5011369573848,9.28300300433073));
#4703=CARTESIAN_POINT('Ctrl Pts',(64.2717671170638,36.555791585089,9.7061497220984));
#4704=CARTESIAN_POINT('Ctrl Pts',(64.3689593013379,37.4470877388231,11.5851421060302));
#4705=CARTESIAN_POINT('Ctrl Pts',(64.4165765528221,37.4524741592254,12.5013904809712));
#4706=CARTESIAN_POINT('Origin',(-70.0834234471779,34.375,12.5));
#4707=CARTESIAN_POINT('',(-64.666576552823,37.4439784945437,12.4998697835265));
#4708=CARTESIAN_POINT('',(-64.5834234471779,37.4526940956392,12.4986724012546));
#4709=CARTESIAN_POINT('',(-70.0834234471779,37.4485,12.4999999999926));
#4710=CARTESIAN_POINT('',(-64.125,31.4057770462542,13.2937992825326));
#4711=CARTESIAN_POINT('Ctrl Pts',(-64.5834234471779,37.4526940956392,12.4986724012546));
#4712=CARTESIAN_POINT('Ctrl Pts',(-64.535000419905,37.4481076553198,13.4305549814707));
#4713=CARTESIAN_POINT('Ctrl Pts',(-64.4343849984056,36.5065500227082,15.375922965716));
#4714=CARTESIAN_POINT('Ctrl Pts',(-64.2815771826796,33.2157320009041,15.9230642078835));
#4715=CARTESIAN_POINT('Ctrl Pts',(-64.1771923942265,31.6660912048082,14.2675098813851));
#4716=CARTESIAN_POINT('Ctrl Pts',(-64.125,31.4057770462542,13.2937992825325));
#4717=CARTESIAN_POINT('',(-64.125,31.4010767924952,11.7041318090006));
#4718=CARTESIAN_POINT('Origin',(-64.125,34.375,12.5));
#4719=CARTESIAN_POINT('Ctrl Pts',(-64.666576552823,37.4439784945437,12.4998697835265));
#4720=CARTESIAN_POINT('Ctrl Pts',(-64.6400107564582,37.4437818533556,13.0147885359854));
#4721=CARTESIAN_POINT('Ctrl Pts',(-64.5612525658668,37.0790763487517,14.5416208478736));
#4722=CARTESIAN_POINT('Ctrl Pts',(-64.4303019810489,34.6860923103608,16.1026420923207));
#4723=CARTESIAN_POINT('Ctrl Pts',(-64.2763422598061,31.6010685730751,14.777510660578));
#4724=CARTESIAN_POINT('Ctrl Pts',(-64.1745749327898,31.1580030043307,12.626136957384));
#4725=CARTESIAN_POINT('Ctrl Pts',(-64.125,31.4010490734919,11.7041196079401));
#4726=CARTESIAN_POINT('Origin',(-70.0834234471779,34.375,12.5));
#4727=CARTESIAN_POINT('',(-65.6665765528229,37.4521453984537,12.4983218514979));
#4728=CARTESIAN_POINT('',(-65.5834234471779,37.4464337158843,12.5023489825209));
#4729=CARTESIAN_POINT('',(-70.0834234471779,37.4485,12.4999999999926));
#4730=CARTESIAN_POINT('Ctrl Pts',(-65.5834234471779,37.4464337158843,12.5023489825209));
#4731=CARTESIAN_POINT('Ctrl Pts',(-65.5670138461574,37.4487870079298,12.8197580948732));
#4732=CARTESIAN_POINT('Ctrl Pts',(-65.4984118509103,37.2589180157687,14.1439750842738));
#4733=CARTESIAN_POINT('Ctrl Pts',(-65.3776174614368,35.366298169466,15.9776817391439));
#4734=CARTESIAN_POINT('Ctrl Pts',(-65.2210402787571,32.028466537661,15.2514612784062));
#4735=CARTESIAN_POINT('Ctrl Pts',(-65.0644630960776,30.7845000191563,12.0702850001099));
#4736=CARTESIAN_POINT('Ctrl Pts',(-64.907885913398,32.7440576865966,9.27228350931432));
#4737=CARTESIAN_POINT('Ctrl Pts',(-64.7513087307183,36.1593142456817,9.35484021987898));
#4738=CARTESIAN_POINT('Ctrl Pts',(-64.6431545753117,37.4179989378277,11.3495621379099));
#4739=CARTESIAN_POINT('Ctrl Pts',(-64.5871928141315,37.4530511153785,12.4261323805173));
#4740=CARTESIAN_POINT('Ctrl Pts',(-64.5834234471779,37.4526940956392,12.4986724012546));
#4741=CARTESIAN_POINT('Ctrl Pts',(-65.6665765528229,37.4521453984537,12.4983218514979));
#4742=CARTESIAN_POINT('Ctrl Pts',(-65.619831788484,37.4461507145097,13.3981779475303));
#4743=CARTESIAN_POINT('Ctrl Pts',(-65.5208946299185,36.5594139534951,15.313062837153));
#4744=CARTESIAN_POINT('Ctrl Pts',(-65.3697650771265,33.3266531883414,15.9608931543179));
#4745=CARTESIAN_POINT('Ctrl Pts',(-65.2131878944469,30.9127992138955,13.5439922583021));
#4746=CARTESIAN_POINT('Ctrl Pts',(-65.0566107117673,31.5881658281761,10.1955480138445));
#4747=CARTESIAN_POINT('Ctrl Pts',(-64.9000335290877,34.7502409280208,8.90334126962833));
#4748=CARTESIAN_POINT('Ctrl Pts',(-64.770022142773,37.0976834210474,10.4950747717581));
#4749=CARTESIAN_POINT('Ctrl Pts',(-64.6922031506847,37.4441681837433,12.0031553007561));
#4750=CARTESIAN_POINT('Ctrl Pts',(-64.666576552823,37.4439784945437,12.4998697835265));
#4751=CARTESIAN_POINT('Origin',(-70.0834234471779,34.375,12.5));
#4752=CARTESIAN_POINT('',(-66.6665765528229,37.4472709698369,12.5025274645422));
#4753=CARTESIAN_POINT('',(-66.5834234471779,37.4468274677605,12.4975503753399));
#4754=CARTESIAN_POINT('',(-70.0834234471779,37.4485,12.4999999999926));
#4755=CARTESIAN_POINT('Ctrl Pts',(-66.5834234471779,37.4468274677605,12.4975503753399));
#4756=CARTESIAN_POINT('Ctrl Pts',(-66.5468348781832,37.4413097500123,13.2050503246643));
#4757=CARTESIAN_POINT('Ctrl Pts',(-66.458053914962,36.8497598796812,14.9301156778927));
#4758=CARTESIAN_POINT('Ctrl Pts',(-66.3170805575143,34.0043224430422,16.0971381486708));
#4759=CARTESIAN_POINT('Ctrl Pts',(-66.1605033748347,31.1746827672799,14.1836809116417));
#4760=CARTESIAN_POINT('Ctrl Pts',(-66.0039261921551,31.2006242928645,10.7679077444308));
#4761=CARTESIAN_POINT('Ctrl Pts',(-65.8473490094755,34.0589970955093,8.89764459826852));
#4762=CARTESIAN_POINT('Ctrl Pts',(-65.7071814278164,36.8702240429465,10.1008389503561));
#4763=CARTESIAN_POINT('Ctrl Pts',(-65.6192062403839,37.4413021247803,11.8102063390271));
#4764=CARTESIAN_POINT('Ctrl Pts',(-65.5834234471779,37.4464337158843,12.5023489825209));
#4765=CARTESIAN_POINT('Ctrl Pts',(-66.666576552823,37.4472709698369,12.5025274645422));
#4766=CARTESIAN_POINT('Ctrl Pts',(-66.6518452147364,37.4495947352154,12.7872788608712));
#4767=CARTESIAN_POINT('Ctrl Pts',(-66.5849214824233,37.2840082248692,14.0782422148807));
#4768=CARTESIAN_POINT('Ctrl Pts',(-66.4658053558836,35.4757781760474,15.9445669576646));
#4769=CARTESIAN_POINT('Ctrl Pts',(-66.3092281732041,32.1166983591854,15.324338181276));
#4770=CARTESIAN_POINT('Ctrl Pts',(-66.1526509905244,30.7726444117864,12.1839970800966));
#4771=CARTESIAN_POINT('Ctrl Pts',(-65.9960738078449,32.6429076543603,9.32562412758766));
#4772=CARTESIAN_POINT('Ctrl Pts',(-65.8394966251653,36.0586809989049,9.29968260141288));
#4773=CARTESIAN_POINT('Ctrl Pts',(-65.7296642068246,37.4008921890461,11.2845579158795));
#4774=CARTESIAN_POINT('Ctrl Pts',(-65.6720241827105,37.4528440182859,12.3934527173265));
#4775=CARTESIAN_POINT('Ctrl Pts',(-65.6665765528229,37.4521453984537,12.4983218514979));
#4776=CARTESIAN_POINT('Origin',(-70.0834234471779,34.375,12.5));
#4777=CARTESIAN_POINT('',(-67.6665765528229,37.445119504722,12.4975532264225));
#4778=CARTESIAN_POINT('',(-67.5834234471779,37.4524739983616,12.5013904660481));
#4779=CARTESIAN_POINT('',(-70.0834234471779,37.4485,12.4999999999926));
#4780=CARTESIAN_POINT('',(-67.875,35.1687992825332,9.5307770462544));
#4781=CARTESIAN_POINT('Ctrl Pts',(-67.875,35.1687992825332,9.53077704625438));
#4782=CARTESIAN_POINT('Ctrl Pts',(-67.8228076057735,36.1425098813857,9.79109120480858));
#4783=CARTESIAN_POINT('Ctrl Pts',(-67.7533331233811,37.2443827579534,10.8224732055188));
#4784=CARTESIAN_POINT('Ctrl Pts',(-67.6838586409887,37.4473271855126,12.1632058205706));
#4785=CARTESIAN_POINT('Ctrl Pts',(-67.6665765528229,37.445119504722,12.4975532264225));
#4786=CARTESIAN_POINT('',(-67.875,33.5791317586934,9.52607701515431));
#4787=CARTESIAN_POINT('Origin',(-67.875,34.375,12.5));
#4788=CARTESIAN_POINT('Ctrl Pts',(-67.875,33.5791195531138,9.52604928787234));
#4789=CARTESIAN_POINT('Ctrl Pts',(-67.8254250672102,34.5011369919386,9.28300312305365));
#4790=CARTESIAN_POINT('Ctrl Pts',(-67.7282328829362,36.5557913542359,9.70615004208661));
#4791=CARTESIAN_POINT('Ctrl Pts',(-67.6310406986621,37.4470875563902,11.5851421695923));
#4792=CARTESIAN_POINT('Ctrl Pts',(-67.5834234471779,37.4524739983617,12.5013904660481));
#4793=CARTESIAN_POINT('Origin',(-70.0834234471775,-34.375,12.5));
#4794=CARTESIAN_POINT('',(-64.6665765528225,-31.306021862373,12.4998697719344));
#4795=CARTESIAN_POINT('',(-64.5834234471775,-31.2973043745058,12.4986724064036));
#4796=CARTESIAN_POINT('',(-70.0834234471775,-31.3015,12.5));
#4797=CARTESIAN_POINT('',(-64.125,-37.3442229537458,13.2937992825326));
#4798=CARTESIAN_POINT('Ctrl Pts',(-64.5834234471775,-31.2973043745058,12.4986724064036));
#4799=CARTESIAN_POINT('Ctrl Pts',(-64.5350004199047,-31.3018910302664,13.4305553033564));
#4800=CARTESIAN_POINT('Ctrl Pts',(-64.4343849984054,-32.2434504547418,15.3759238765087));
#4801=CARTESIAN_POINT('Ctrl Pts',(-64.2815771826796,-35.5342592363696,15.9230630858339));
#4802=CARTESIAN_POINT('Ctrl Pts',(-64.1771923942265,-37.0839087951918,14.2675098813852));
#4803=CARTESIAN_POINT('Ctrl Pts',(-64.125,-37.3442229537458,13.2937992825326));
#4804=CARTESIAN_POINT('',(-64.125,-37.3489226751596,11.7041316889799));
#4805=CARTESIAN_POINT('Origin',(-64.125,-34.375,12.5));
#4806=CARTESIAN_POINT('Ctrl Pts',(-64.6665765528225,-31.306021862373,12.4998697719344));
#4807=CARTESIAN_POINT('Ctrl Pts',(-64.6400107564579,-31.3062184876625,13.0147884554136));
#4808=CARTESIAN_POINT('Ctrl Pts',(-64.5612525658667,-31.6709239148964,14.5416205704231));
#4809=CARTESIAN_POINT('Ctrl Pts',(-64.430301981049,-34.0639079550748,16.1026417497372));
#4810=CARTESIAN_POINT('Ctrl Pts',(-64.2763422598061,-37.148930638496,14.7775100782639));
#4811=CARTESIAN_POINT('Ctrl Pts',(-64.1745749327898,-37.5919967120061,12.626137040473));
#4812=CARTESIAN_POINT('Ctrl Pts',(-64.125,-37.3489504139418,11.7041194771219));
#4813=CARTESIAN_POINT('Origin',(-70.0834234471775,-34.375,12.5));
#4814=CARTESIAN_POINT('',(-65.6665765528225,-31.2978549838509,12.4983218518011));
#4815=CARTESIAN_POINT('',(-65.5834234471775,-31.30356530298,12.5023489868171));
#4816=CARTESIAN_POINT('',(-70.0834234471775,-31.3015,12.5));
#4817=CARTESIAN_POINT('Ctrl Pts',(-65.5834234471775,-31.30356530298,12.5023489868171));
#4818=CARTESIAN_POINT('Ctrl Pts',(-65.5670138461571,-31.3012120093386,12.8197582003383));
#4819=CARTESIAN_POINT('Ctrl Pts',(-65.4984118509102,-31.4910810619925,14.1439756099918));
#4820=CARTESIAN_POINT('Ctrl Pts',(-65.3776174614368,-33.3837015626039,15.9776828207903));
#4821=CARTESIAN_POINT('Ctrl Pts',(-65.2210402787571,-36.7215341155824,15.2514621874281));
#4822=CARTESIAN_POINT('Ctrl Pts',(-65.0644630960776,-37.9655012955772,12.0702848048526));
#4823=CARTESIAN_POINT('Ctrl Pts',(-64.907885913398,-36.0059424858996,9.27228257109096));
#4824=CARTESIAN_POINT('Ctrl Pts',(-64.7513087307184,-32.5906858146212,9.35483911509316));
#4825=CARTESIAN_POINT('Ctrl Pts',(-64.6431545753116,-31.3319993247648,11.3495617493503));
#4826=CARTESIAN_POINT('Ctrl Pts',(-64.5871928141313,-31.296947337996,12.4261323610081));
#4827=CARTESIAN_POINT('Ctrl Pts',(-64.5834234471775,-31.2973043745058,12.4986724064036));
#4828=CARTESIAN_POINT('Ctrl Pts',(-65.6665765528225,-31.2978549838509,12.4983218518011));
#4829=CARTESIAN_POINT('Ctrl Pts',(-65.6198317884837,-31.3038496665657,13.3981778360742));
#4830=CARTESIAN_POINT('Ctrl Pts',(-65.5208946299184,-32.1905863154131,15.3130624875));
#4831=CARTESIAN_POINT('Ctrl Pts',(-65.3697650771265,-35.4233466867703,15.9608927251124));
#4832=CARTESIAN_POINT('Ctrl Pts',(-65.2131878944469,-37.83720034582,13.5439921272464));
#4833=CARTESIAN_POINT('Ctrl Pts',(-65.0566107117673,-37.1618338455307,10.1955483034875));
#4834=CARTESIAN_POINT('Ctrl Pts',(-64.9000335290877,-33.9997590809984,8.90334170782059));
#4835=CARTESIAN_POINT('Ctrl Pts',(-64.7700221427728,-31.6523169689622,10.4950750360138));
#4836=CARTESIAN_POINT('Ctrl Pts',(-64.6922031506844,-31.3058321885098,12.0031553557001));
#4837=CARTESIAN_POINT('Ctrl Pts',(-64.6665765528225,-31.306021862373,12.4998697719344));
#4838=CARTESIAN_POINT('Origin',(-70.0834234471775,-34.375,12.5));
#4839=CARTESIAN_POINT('',(-66.6665765528226,-31.302729411713,12.5025274628226));
#4840=CARTESIAN_POINT('',(-66.5834234471775,-31.3031715584191,12.4975503787007));
#4841=CARTESIAN_POINT('',(-70.0834234471775,-31.3015,12.5));
#4842=CARTESIAN_POINT('Ctrl Pts',(-66.5834234471775,-31.3031715584191,12.4975503787007));
#4843=CARTESIAN_POINT('Ctrl Pts',(-66.5468348781829,-31.3086892778365,13.2050505514337));
#4844=CARTESIAN_POINT('Ctrl Pts',(-66.4580539149619,-31.9002393347855,14.9301164428356));
#4845=CARTESIAN_POINT('Ctrl Pts',(-66.3170805575143,-34.7456776754291,16.0971392925449));
#4846=CARTESIAN_POINT('Ctrl Pts',(-66.1605033748347,-37.5753182461266,14.183681444793));
#4847=CARTESIAN_POINT('Ctrl Pts',(-66.0039261921551,-37.5493767169115,10.7679071941256));
#4848=CARTESIAN_POINT('Ctrl Pts',(-65.8473490094755,-34.691002998677,8.89764345890933));
#4849=CARTESIAN_POINT('Ctrl Pts',(-65.7071814278163,-31.879775175782,10.1008381840786));
#4850=CARTESIAN_POINT('Ctrl Pts',(-65.6192062403836,-31.308696897564,11.8102061227066));
#4851=CARTESIAN_POINT('Ctrl Pts',(-65.5834234471775,-31.30356530298,12.5023489868171));
#4852=CARTESIAN_POINT('Ctrl Pts',(-66.6665765528226,-31.302729411713,12.5025274628226));
#4853=CARTESIAN_POINT('Ctrl Pts',(-66.6518452147361,-31.3004056455818,12.787278826297));
#4854=CARTESIAN_POINT('Ctrl Pts',(-66.5849214824232,-31.4659921311548,14.0782420305608));
#4855=CARTESIAN_POINT('Ctrl Pts',(-66.4658053558836,-33.2742219653446,15.9445665205899));
#4856=CARTESIAN_POINT('Ctrl Pts',(-66.3092281732041,-36.6333013578473,15.3243378352356));
#4857=CARTESIAN_POINT('Ctrl Pts',(-66.1526509905244,-37.9773551420669,12.1839971169661));
#4858=CARTESIAN_POINT('Ctrl Pts',(-65.9960738078449,-36.1070921301493,9.32562452300341));
#4859=CARTESIAN_POINT('Ctrl Pts',(-65.8394966251653,-32.6913192098653,9.29968299824018));
#4860=CARTESIAN_POINT('Ctrl Pts',(-65.7296642068245,-31.3491081874802,11.2845580668944));
#4861=CARTESIAN_POINT('Ctrl Pts',(-65.6720241827102,-31.2971563641619,12.3934527306514));
#4862=CARTESIAN_POINT('Ctrl Pts',(-65.6665765528225,-31.2978549838509,12.4983218518011));
#4863=CARTESIAN_POINT('Origin',(-70.0834234471775,-34.375,12.5));
#4864=CARTESIAN_POINT('',(-67.6665765528226,-31.3048803919316,12.4975514332519));
#4865=CARTESIAN_POINT('',(-67.5834234471775,-31.297525018371,12.5013905565562));
#4866=CARTESIAN_POINT('',(-70.0834234471775,-31.3015,12.5));
#4867=CARTESIAN_POINT('',(-67.875,-33.5812007174669,9.53077704625437));
#4868=CARTESIAN_POINT('Ctrl Pts',(-67.875,-33.581200717467,9.53077704625436));
#4869=CARTESIAN_POINT('Ctrl Pts',(-67.8228076057735,-32.6074901186144,9.79109120480852));
#4870=CARTESIAN_POINT('Ctrl Pts',(-67.753333123381,-31.5056169489097,10.8224709184699));
#4871=CARTESIAN_POINT('Ctrl Pts',(-67.6838586409885,-31.3026726647824,12.1632038663836));
#4872=CARTESIAN_POINT('Ctrl Pts',(-67.6665765528225,-31.3048803919316,12.4975514332519));
#4873=CARTESIAN_POINT('',(-67.875,-35.1708679307762,9.5260756514622));
#4874=CARTESIAN_POINT('Origin',(-67.875,-34.375,12.5));
#4875=CARTESIAN_POINT('Ctrl Pts',(-67.875,-35.1708801086155,9.52604797501686));
#4876=CARTESIAN_POINT('Ctrl Pts',(-67.8254250672102,-34.2488632152388,9.28300239419122));
#4877=CARTESIAN_POINT('Ctrl Pts',(-67.7282328829361,-32.1942072362213,9.70614808875791));
#4878=CARTESIAN_POINT('Ctrl Pts',(-67.6310406986619,-31.3029113287611,11.5851417808942));
#4879=CARTESIAN_POINT('Ctrl Pts',(-67.5834234471775,-31.297525018371,12.5013905565562));
#4880=CARTESIAN_POINT('Origin',(-70.0834234471779,-34.375,12.5));
#4881=CARTESIAN_POINT('',(67.333423447177,-31.3060213050898,12.4998697900265));
#4882=CARTESIAN_POINT('',(67.4165765528221,-31.2973051316431,12.4986724039979));
#4883=CARTESIAN_POINT('',(-70.0834234471779,-31.3015,12.4999999999926));
#4884=CARTESIAN_POINT('',(67.875,-37.3442229537459,13.2937992825323));
#4885=CARTESIAN_POINT('Ctrl Pts',(67.4165765528221,-31.2973051316431,12.4986724039979));
#4886=CARTESIAN_POINT('Ctrl Pts',(67.464999580095,-31.3018916812392,13.4305551443396));
#4887=CARTESIAN_POINT('Ctrl Pts',(67.5656150015944,-32.2434502211819,15.3759234264068));
#4888=CARTESIAN_POINT('Ctrl Pts',(67.7184228173204,-35.534263568971,15.9230636403603));
#4889=CARTESIAN_POINT('Ctrl Pts',(67.8228076057735,-37.0839087951919,14.2675098813849));
#4890=CARTESIAN_POINT('Ctrl Pts',(67.875,-37.3442229537459,13.2937992825323));
#4891=CARTESIAN_POINT('',(67.875,-37.3489235068519,11.7041318768793));
#4892=CARTESIAN_POINT('Origin',(67.875,-34.375,12.5));
#4893=CARTESIAN_POINT('Ctrl Pts',(67.333423447177,-31.3060213050898,12.4998697900265));
#4894=CARTESIAN_POINT('Ctrl Pts',(67.3599892435418,-31.3062179551839,13.0147885811971));
#4895=CARTESIAN_POINT('Ctrl Pts',(67.4387474341332,-31.6709235031802,14.5416210035875));
#4896=CARTESIAN_POINT('Ctrl Pts',(67.5696980189511,-34.0639075409448,16.1026422847988));
#4897=CARTESIAN_POINT('Ctrl Pts',(67.7236577401939,-37.1489318691689,14.7775109872578));
#4898=CARTESIAN_POINT('Ctrl Pts',(67.8254250672102,-37.5919971554576,12.6261369113781));
#4899=CARTESIAN_POINT('Ctrl Pts',(67.875,-37.3489512147118,11.7041196819007));
#4900=CARTESIAN_POINT('Origin',(-70.0834234471779,-34.375,12.5));
#4901=CARTESIAN_POINT('',(66.3334234471771,-31.2978543869528,12.4983218513317));
#4902=CARTESIAN_POINT('',(66.4165765528221,-31.3035657884127,12.5023489846906));
#4903=CARTESIAN_POINT('',(-70.0834234471779,-31.3015,12.4999999999926));
#4904=CARTESIAN_POINT('Ctrl Pts',(66.4165765528221,-31.3035657884127,12.5023489846906));
#4905=CARTESIAN_POINT('Ctrl Pts',(66.4329861538426,-31.3012124955595,12.819758148158));
#4906=CARTESIAN_POINT('Ctrl Pts',(66.5015881490897,-31.4910815182823,14.1439753498834));
#4907=CARTESIAN_POINT('Ctrl Pts',(66.6223825385632,-33.3837016952186,15.9776822856012));
#4908=CARTESIAN_POINT('Ctrl Pts',(66.7789597212428,-36.721533792282,15.2514617376979));
#4909=CARTESIAN_POINT('Ctrl Pts',(66.9355369039224,-37.9655006452568,12.0702849014161));
#4910=CARTESIAN_POINT('Ctrl Pts',(67.0921140866021,-36.0059424002511,9.27228303536191));
#4911=CARTESIAN_POINT('Ctrl Pts',(67.2486912692816,-32.590685785431,9.3548396616741));
#4912=CARTESIAN_POINT('Ctrl Pts',(67.3568454246883,-31.3320001841117,11.3495619416231));
#4913=CARTESIAN_POINT('Ctrl Pts',(67.4128071858685,-31.2969481033974,12.426132370796));
#4914=CARTESIAN_POINT('Ctrl Pts',(67.4165765528221,-31.2973051316431,12.4986724039979));
#4915=CARTESIAN_POINT('Ctrl Pts',(66.333423447177,-31.2978543869528,12.4983218513317));
#4916=CARTESIAN_POINT('Ctrl Pts',(66.380168211516,-31.3038490715872,13.398178010095));
#4917=CARTESIAN_POINT('Ctrl Pts',(66.4791053700815,-32.1905858955601,15.3130630334184));
#4918=CARTESIAN_POINT('Ctrl Pts',(66.6302349228735,-35.4233468817685,15.9608933952397));
#4919=CARTESIAN_POINT('Ctrl Pts',(66.7868121055531,-37.8372010332283,13.5439923318627));
#4920=CARTESIAN_POINT('Ctrl Pts',(66.9433892882327,-37.1618343550056,10.1955478512701));
#4921=CARTESIAN_POINT('Ctrl Pts',(67.0999664709122,-33.9997590668661,8.90334102364884));
#4922=CARTESIAN_POINT('Ctrl Pts',(67.2299778572271,-31.6523163601003,10.4950746234534));
#4923=CARTESIAN_POINT('Ctrl Pts',(67.3077968493153,-31.3058316072991,12.0031552699131));
#4924=CARTESIAN_POINT('Ctrl Pts',(67.333423447177,-31.3060213050898,12.4998697900265));
#4925=CARTESIAN_POINT('Origin',(-70.0834234471779,-34.375,12.5));
#4926=CARTESIAN_POINT('',(65.3334234471771,-31.3027288159926,12.5025274655102));
#4927=CARTESIAN_POINT('',(65.4165765528221,-31.3031720402408,12.4975503770388));
#4928=CARTESIAN_POINT('',(-70.0834234471779,-31.3015,12.4999999999926));
#4929=CARTESIAN_POINT('Ctrl Pts',(65.4165765528221,-31.3031720402408,12.4975503770388));
#4930=CARTESIAN_POINT('Ctrl Pts',(65.4531651218168,-31.3086897588314,13.205050439235));
#4931=CARTESIAN_POINT('Ctrl Pts',(65.541946085038,-31.9002397234443,14.9301160643546));
#4932=CARTESIAN_POINT('Ctrl Pts',(65.6829194424857,-34.745677616814,16.0971387265895));
#4933=CARTESIAN_POINT('Ctrl Pts',(65.8394966251653,-37.5753177447174,14.1836811810024));
#4934=CARTESIAN_POINT('Ctrl Pts',(65.9960738078449,-37.5493762173044,10.7679074664015));
#4935=CARTESIAN_POINT('Ctrl Pts',(66.1526509905244,-34.6910029520689,8.89764402263755));
#4936=CARTESIAN_POINT('Ctrl Pts',(66.2928185721836,-31.8797755623478,10.100838563207));
#4937=CARTESIAN_POINT('Ctrl Pts',(66.3807937596161,-31.308697381278,11.8102062297357));
#4938=CARTESIAN_POINT('Ctrl Pts',(66.4165765528221,-31.3035657884127,12.5023489846906));
#4939=CARTESIAN_POINT('Ctrl Pts',(65.3334234471771,-31.3027288159926,12.5025274655102));
#4940=CARTESIAN_POINT('Ctrl Pts',(65.3481547852636,-31.3004050510357,12.7872788802832));
#4941=CARTESIAN_POINT('Ctrl Pts',(65.3628861233502,-31.3368541698605,13.0714474137229));
#4942=CARTESIAN_POINT('Ctrl Pts',(65.3776174614368,-31.4145052503212,13.3438710964819));
#4943=CARTESIAN_POINT('Ctrl Pts',(65.4298098556633,-31.6896191455905,14.3090545824387));
#4944=CARTESIAN_POINT('Ctrl Pts',(65.4820022498898,-32.4819204450915,15.1268108927131));
#4945=CARTESIAN_POINT('Ctrl Pts',(65.5341946441163,-33.4379177706842,15.432317576606));
#4946=CARTESIAN_POINT('Ctrl Pts',(65.5863870383429,-34.3939150962769,15.737824260499));
#4947=CARTESIAN_POINT('Ctrl Pts',(65.6385794325694,-35.5136084479614,15.5310813180103));
#4948=CARTESIAN_POINT('Ctrl Pts',(65.690771826796,-36.2974641303034,14.9043196274119));
#4949=CARTESIAN_POINT('Ctrl Pts',(65.7429642210225,-37.0813198126454,14.2775579368135));
#4950=CARTESIAN_POINT('Ctrl Pts',(65.795156615249,-37.529337825645,13.2307774981052));
#4951=CARTESIAN_POINT('Ctrl Pts',(65.8473490094755,-37.4416362701369,12.2309917531242));
#4952=CARTESIAN_POINT('Ctrl Pts',(65.899541403702,-37.3539347146288,11.2312060081433));
#4953=CARTESIAN_POINT('Ctrl Pts',(65.9517337979286,-36.7305135906131,10.2784149568897));
#4954=CARTESIAN_POINT('Ctrl Pts',(66.0039261921551,-35.8495074314902,9.79769584343457));
#4955=CARTESIAN_POINT('Ctrl Pts',(66.0561185863817,-34.9685012723675,9.31697672997952));
#4956=CARTESIAN_POINT('Ctrl Pts',(66.1083109806082,-33.8299100781378,9.30832955432285));
#4957=CARTESIAN_POINT('Ctrl Pts',(66.1605033748347,-32.9417049024846,9.77561263631867));
#4958=CARTESIAN_POINT('Ctrl Pts',(66.2126957690612,-32.0534997268316,10.2428957183144));
#4959=CARTESIAN_POINT('Ctrl Pts',(66.2648881632878,-31.4156805697551,11.1861090579625));
#4960=CARTESIAN_POINT('Ctrl Pts',(66.3170805575143,-31.3128036712688,12.1844472081956));
#4961=CARTESIAN_POINT('Ctrl Pts',(66.3225281874019,-31.302065798917,12.2886496849304));
#4962=CARTESIAN_POINT('Ctrl Pts',(66.3279758172895,-31.2971557670401,12.3934527098498));
#4963=CARTESIAN_POINT('Ctrl Pts',(66.3334234471771,-31.2978543869528,12.4983218513317));
#4964=CARTESIAN_POINT('Origin',(-70.0834234471779,-34.375,12.5));
#4965=CARTESIAN_POINT('',(64.333423447177,-31.304880553212,12.4975542326389));
#4966=CARTESIAN_POINT('',(64.4165765528221,-31.2975255049972,12.5013905119726));
#4967=CARTESIAN_POINT('',(-70.0834234471779,-31.3015,12.4999999999926));
#4968=CARTESIAN_POINT('',(64.125,-33.5812007174669,9.53077704625439));
#4969=CARTESIAN_POINT('Ctrl Pts',(64.125,-33.5812007174669,9.53077704625437));
#4970=CARTESIAN_POINT('Ctrl Pts',(64.1771923942265,-32.6074901186145,9.79109120480851));
#4971=CARTESIAN_POINT('Ctrl Pts',(64.229384788453,-31.7797131708048,10.5659132844045));
#4972=CARTESIAN_POINT('Ctrl Pts',(64.2815771826796,-31.4592641932016,11.5153226928394));
#4973=CARTESIAN_POINT('Ctrl Pts',(64.2988592708454,-31.3531562522715,11.8296937299454));
#4974=CARTESIAN_POINT('Ctrl Pts',(64.3161413590112,-31.3026728984058,12.1632069169894));
#4975=CARTESIAN_POINT('Ctrl Pts',(64.333423447177,-31.304880553212,12.4975542326389));
#4976=CARTESIAN_POINT('',(64.125,-35.1708680853639,9.52607632717072));
#4977=CARTESIAN_POINT('Origin',(64.125,-34.375,12.5));
#4978=CARTESIAN_POINT('Ctrl Pts',(64.125,-35.1708802769673,9.52604862549618));
#4979=CARTESIAN_POINT('Ctrl Pts',(64.1745749327898,-34.2488631139089,9.28300275585929));
#4980=CARTESIAN_POINT('Ctrl Pts',(64.2241498655795,-33.2008427073019,9.49883749074312));
#4981=CARTESIAN_POINT('Ctrl Pts',(64.2737247983693,-32.4554964879296,10.0934436487525));
#4982=CARTESIAN_POINT('Ctrl Pts',(64.3213420498536,-31.7395834977659,10.6645692028725));
#4983=CARTESIAN_POINT('Ctrl Pts',(64.3689593013379,-31.3029118804315,11.5851419733161));
#4984=CARTESIAN_POINT('Ctrl Pts',(64.4165765528221,-31.2975255049972,12.5013905119726));
#4985=CARTESIAN_POINT('Origin',(-65.375,-44.375,0.));
#4986=CARTESIAN_POINT('',(-65.375,-46.875,18.5));
#4987=CARTESIAN_POINT('',(-67.875,-44.375,18.5));
#4988=CARTESIAN_POINT('Origin',(-65.375,-44.375,18.5));
#4989=CARTESIAN_POINT('',(-67.875,-44.375,0.));
#4990=CARTESIAN_POINT('',(-67.875,-44.375,0.));
#4991=CARTESIAN_POINT('',(-65.375,-46.875,0.));
#4992=CARTESIAN_POINT('Origin',(-65.375,-44.375,0.));
#4993=CARTESIAN_POINT('',(-65.375,-46.875,0.));
#4994=CARTESIAN_POINT('Origin',(8.88178419700125E-15,0.,0.));
#4995=CARTESIAN_POINT('',(-67.875,44.375,0.));
#4996=CARTESIAN_POINT('',(-67.875,-46.875,0.));
#4997=CARTESIAN_POINT('',(-65.375,46.875,0.));
#4998=CARTESIAN_POINT('Origin',(-65.375,44.375,0.));
#4999=CARTESIAN_POINT('',(65.375,46.875,0.));
#5000=CARTESIAN_POINT('',(-67.875,46.875,0.));
#5001=CARTESIAN_POINT('',(67.875,44.375,0.));
#5002=CARTESIAN_POINT('Origin',(65.375,44.375,0.));
#5003=CARTESIAN_POINT('',(67.875,-44.375,0.));
#5004=CARTESIAN_POINT('',(67.875,46.875,0.));
#5005=CARTESIAN_POINT('',(65.375,-46.875,0.));
#5006=CARTESIAN_POINT('Origin',(65.375,-44.375,0.));
#5007=CARTESIAN_POINT('',(67.875,-46.875,0.));
#5008=CARTESIAN_POINT('',(-23.7000000000003,-6.99999999999996,0.));
#5009=CARTESIAN_POINT('Origin',(-20.5000000000003,-6.99999999999996,0.));
#5010=CARTESIAN_POINT('',(36.2999999999997,33.,0.));
#5011=CARTESIAN_POINT('Origin',(39.4999999999997,33.,0.));
#5012=CARTESIAN_POINT('',(-23.7000000000002,33.,0.));
#5013=CARTESIAN_POINT('Origin',(-20.5000000000002,33.,0.));
#5014=CARTESIAN_POINT('',(36.2999999999997,-6.99999999999996,0.));
#5015=CARTESIAN_POINT('Origin',(39.4999999999997,-6.99999999999996,0.));
#5016=CARTESIAN_POINT('',(-23.7000000000002,-33.,0.));
#5017=CARTESIAN_POINT('Origin',(-20.5000000000002,-33.,0.));
#5018=CARTESIAN_POINT('',(36.2999999999997,-33.,0.));
#5019=CARTESIAN_POINT('Origin',(39.4999999999997,-33.,0.));
#5020=CARTESIAN_POINT('',(36.2999999999997,6.99999999999996,0.));
#5021=CARTESIAN_POINT('Origin',(39.4999999999997,6.99999999999996,0.));
#5022=CARTESIAN_POINT('',(-23.7000000000003,6.99999999999996,0.));
#5023=CARTESIAN_POINT('Origin',(-20.5000000000003,6.99999999999996,0.));
#5024=CARTESIAN_POINT('Origin',(-67.875,46.875,0.));
#5025=CARTESIAN_POINT('',(-67.875,44.375,18.5));
#5026=CARTESIAN_POINT('',(-67.875,-46.875,18.5));
#5027=CARTESIAN_POINT('',(-67.875,44.375,0.));
#5028=CARTESIAN_POINT('Ctrl Pts',(-67.875,32.4615340033347,14.1359872033747));
#5029=CARTESIAN_POINT('Ctrl Pts',(-67.875,32.399925323208,14.0780901722128));
#5030=CARTESIAN_POINT('Ctrl Pts',(-67.875,32.341682098659,14.0170424968991));
#5031=CARTESIAN_POINT('Ctrl Pts',(-67.875,32.2868033997481,13.9532288988249));
#5032=CARTESIAN_POINT('Ctrl Pts',(-67.875,32.2304720504976,13.88772614181));
#5033=CARTESIAN_POINT('Ctrl Pts',(-67.875,32.1776852647361,13.8193086633276));
#5034=CARTESIAN_POINT('Ctrl Pts',(-67.875,32.128467469372,13.7483440050101));
#5035=CARTESIAN_POINT('Ctrl Pts',(-67.875,32.0784721395993,13.6762582590204));
#5036=CARTESIAN_POINT('Ctrl Pts',(-67.875,32.032159002098,13.6015436067578));
#5037=CARTESIAN_POINT('Ctrl Pts',(-67.875,31.989586335906,13.5245439516344));
#5038=CARTESIAN_POINT('Ctrl Pts',(-67.875,31.9700427938382,13.489196247727));
#5039=CARTESIAN_POINT('Ctrl Pts',(-67.875,31.9512880057361,13.4533664943464));
#5040=CARTESIAN_POINT('Ctrl Pts',(-67.875,31.9333302712759,13.4170856769343));
#5041=CARTESIAN_POINT('Ctrl Pts',(-67.875,31.9231190740246,13.3964555365424));
#5042=CARTESIAN_POINT('Ctrl Pts',(-67.875,31.9131656225929,13.3756795287228));
#5043=CARTESIAN_POINT('Ctrl Pts',(-67.875,31.9034717056875,13.3547631840435));
#5044=CARTESIAN_POINT('Ctrl Pts',(-67.875,31.8953901376886,13.3373257680365));
#5045=CARTESIAN_POINT('Ctrl Pts',(-67.875,31.8874869437378,13.3197859512089));
#5046=CARTESIAN_POINT('Ctrl Pts',(-67.875,31.8797755473924,13.302175753741));
#5047=CARTESIAN_POINT('Ctrl Pts',(-67.875,31.8432027380324,13.2186559389192));
#5048=CARTESIAN_POINT('Ctrl Pts',(-67.875,31.8108904680228,13.1334524628334));
#5049=CARTESIAN_POINT('Ctrl Pts',(-67.875,31.7828653182201,13.0469637870376));
#5050=CARTESIAN_POINT('Ctrl Pts',(-67.875,31.7543768483071,12.9590452547343));
#5051=CARTESIAN_POINT('Ctrl Pts',(-67.875,31.7303179262569,12.8697979229669));
#5052=CARTESIAN_POINT('Ctrl Pts',(-67.875,31.7107554911446,12.7796032314287));
#5053=CARTESIAN_POINT('Ctrl Pts',(-67.875,31.6921980327169,12.6940420919793));
#5054=CARTESIAN_POINT('Ctrl Pts',(-67.875,31.6776869310878,12.6076275027033));
#5055=CARTESIAN_POINT('Ctrl Pts',(-67.875,31.6673170041927,12.520664765148));
#5056=CARTESIAN_POINT('Ctrl Pts',(-67.875,31.6627072189779,12.4820068704609));
#5057=CARTESIAN_POINT('Ctrl Pts',(-67.875,31.6589162877504,12.4432404589615));
#5058=CARTESIAN_POINT('Ctrl Pts',(-67.875,31.6559551275833,12.4043916555186));
#5059=CARTESIAN_POINT('Ctrl Pts',(-67.875,31.654207198178,12.3814597767726));
#5060=CARTESIAN_POINT('Ctrl Pts',(-67.875,31.6527484226785,12.3584991837528));
#5061=CARTESIAN_POINT('Ctrl Pts',(-67.875,31.6515813247592,12.3355152177365));
#5062=CARTESIAN_POINT('Ctrl Pts',(-67.875,31.6509498899169,12.3230802054594));
#5063=CARTESIAN_POINT('Ctrl Pts',(-67.875,31.650403941544,12.3106395104501));
#5064=CARTESIAN_POINT('Ctrl Pts',(-67.875,31.6499440889281,12.2982039779777));
#5065=CARTESIAN_POINT('Ctrl Pts',(-67.875,31.646420726167,12.2029236848687));
#5066=CARTESIAN_POINT('Ctrl Pts',(-67.875,31.6479393990675,12.1077904093479));
#5067=CARTESIAN_POINT('Ctrl Pts',(-67.875,31.6545613454717,12.0132040744328));
#5068=CARTESIAN_POINT('Ctrl Pts',(-67.875,31.6610347965737,11.9207388117103));
#5069=CARTESIAN_POINT('Ctrl Pts',(-67.875,31.6723850126359,11.8287952840404));
#5070=CARTESIAN_POINT('Ctrl Pts',(-67.875,31.6887142848855,11.7377301862822));
#5071=CARTESIAN_POINT('Ctrl Pts',(-67.875,31.7049729825763,11.6470586687765));
#5072=CARTESIAN_POINT('Ctrl Pts',(-67.875,31.7261672964769,11.557257099757));
#5073=CARTESIAN_POINT('Ctrl Pts',(-67.875,31.7520235779344,11.468567355696));
#5074=CARTESIAN_POINT('Ctrl Pts',(-67.875,31.7671515531189,11.4166768218821));
#5075=CARTESIAN_POINT('Ctrl Pts',(-67.875,31.7838764179849,11.3651668977649));
#5076=CARTESIAN_POINT('Ctrl Pts',(-67.875,31.8021513995843,11.3140871212854));
#5077=CARTESIAN_POINT('Ctrl Pts',(-67.875,31.806811367736,11.3010622035695));
#5078=CARTESIAN_POINT('Ctrl Pts',(-67.875,31.8115721541277,11.2880652612716));
#5079=CARTESIAN_POINT('Ctrl Pts',(-67.875,31.8164330408816,11.2750971314693));
#5080=CARTESIAN_POINT('Ctrl Pts',(-67.875,31.82158369319,11.2613559498527));
#5081=CARTESIAN_POINT('Ctrl Pts',(-67.875,31.8268436613463,11.2476553745058));
#5082=CARTESIAN_POINT('Ctrl Pts',(-67.875,31.8322103084064,11.233999716345));
#5083=CARTESIAN_POINT('Ctrl Pts',(-67.875,31.8681482644901,11.1425540822695));
#5084=CARTESIAN_POINT('Ctrl Pts',(-67.875,31.9088832814811,11.0530738576867));
#5085=CARTESIAN_POINT('Ctrl Pts',(-67.875,31.9540412710882,10.965833996463));
#5086=CARTESIAN_POINT('Ctrl Pts',(-67.875,31.998702032824,10.8795547203067));
#5087=CARTESIAN_POINT('Ctrl Pts',(-67.875,32.0476894931906,10.7954659761735));
#5088=CARTESIAN_POINT('Ctrl Pts',(-67.875,32.1006986850139,10.713837566624));
#5089=CARTESIAN_POINT('Ctrl Pts',(-67.875,32.1542197647871,10.6314209051168));
#5090=CARTESIAN_POINT('Ctrl Pts',(-67.875,32.2118410400873,10.551511494419));
#5091=CARTESIAN_POINT('Ctrl Pts',(-67.875,32.2732996629455,10.4744029668288));
#5092=CARTESIAN_POINT('Ctrl Pts',(-67.875,32.2968389617915,10.4448695898981));
#5093=CARTESIAN_POINT('Ctrl Pts',(-67.875,32.320941683473,10.4157473256222));
#5094=CARTESIAN_POINT('Ctrl Pts',(-67.875,32.3455948115828,10.3870536856743));
#5095=CARTESIAN_POINT('Ctrl Pts',(-67.875,32.3628827489082,10.366932350692));
#5096=CARTESIAN_POINT('Ctrl Pts',(-67.875,32.3804413669611,10.3470218033048));
#5097=CARTESIAN_POINT('Ctrl Pts',(-67.875,32.3982664358346,10.3273282897718));
#5098=CARTESIAN_POINT('Ctrl Pts',(-67.875,32.4097469118183,10.3146444168087));
#5099=CARTESIAN_POINT('Ctrl Pts',(-67.875,32.421332852503,10.3020562323144));
#5100=CARTESIAN_POINT('Ctrl Pts',(-67.875,32.4330181772606,10.2895700638256));
#5101=CARTESIAN_POINT('Ctrl Pts',(-67.875,32.503865788373,10.2138669723217));
#5102=CARTESIAN_POINT('Ctrl Pts',(-67.875,32.5784139289299,10.14185500335));
#5103=CARTESIAN_POINT('Ctrl Pts',(-67.875,32.6563345443892,10.0738548215044));
#5104=CARTESIAN_POINT('Ctrl Pts',(-67.875,32.7147750059836,10.0228546851202));
#5105=CARTESIAN_POINT('Ctrl Pts',(-67.875,32.7751137288069,9.97411142526729));
#5106=CARTESIAN_POINT('Ctrl Pts',(-67.875,32.8372304486087,9.92777124264961));
#5107=CARTESIAN_POINT('Ctrl Pts',(-67.875,32.8585599190518,9.91185907667204));
#5108=CARTESIAN_POINT('Ctrl Pts',(-67.875,32.8800991520155,9.89623035235856));
#5109=CARTESIAN_POINT('Ctrl Pts',(-67.875,32.9018436459579,9.88089132788302));
#5110=CARTESIAN_POINT('Ctrl Pts',(-67.875,32.9243680653607,9.86500212754422));
#5111=CARTESIAN_POINT('Ctrl Pts',(-67.875,32.9471179356229,9.84942049765302));
#5112=CARTESIAN_POINT('Ctrl Pts',(-67.875,32.9700596952354,9.83417220179159));
#5113=CARTESIAN_POINT('Ctrl Pts',(-67.875,33.0550074064438,9.77771150064504));
#5114=CARTESIAN_POINT('Ctrl Pts',(-67.875,33.1426394712605,9.72577574001419));
#5115=CARTESIAN_POINT('Ctrl Pts',(-67.875,33.2326711313706,9.6786773924669));
#5116=CARTESIAN_POINT('Ctrl Pts',(-67.875,33.2999282393519,9.64349311792553));
#5117=CARTESIAN_POINT('Ctrl Pts',(-67.875,33.3685254467049,9.61100889319605));
#5118=CARTESIAN_POINT('Ctrl Pts',(-67.875,33.4383573502328,9.58136859440292));
#5119=CARTESIAN_POINT('Ctrl Pts',(-67.875,33.4847487072543,9.56167768503248));
#5120=CARTESIAN_POINT('Ctrl Pts',(-67.875,33.5316852022765,9.54324214013104));
#5121=CARTESIAN_POINT('Ctrl Pts',(-67.875,33.5791195531136,9.52604928787239));
#5122=CARTESIAN_POINT('Ctrl Pts',(-67.875,35.1687992825332,9.53077704625438));
#5123=CARTESIAN_POINT('Ctrl Pts',(-67.875,35.2618510121047,9.56481578459102));
#5124=CARTESIAN_POINT('Ctrl Pts',(-67.875,35.3528408890329,9.60362085510825));
#5125=CARTESIAN_POINT('Ctrl Pts',(-67.875,35.4415591497336,9.64686492877442));
#5126=CARTESIAN_POINT('Ctrl Pts',(-67.875,35.5322356516281,9.69106351085596));
#5127=CARTESIAN_POINT('Ctrl Pts',(-67.875,35.620539819293,9.73989983455583));
#5128=CARTESIAN_POINT('Ctrl Pts',(-67.875,35.7062188014849,9.79306992917647));
#5129=CARTESIAN_POINT('Ctrl Pts',(-67.875,35.7877989237426,9.8436963804792));
#5130=CARTESIAN_POINT('Ctrl Pts',(-67.875,35.8669992470075,9.898252764057));
#5131=CARTESIAN_POINT('Ctrl Pts',(-67.875,35.9435697294021,9.95650568818527));
#5132=CARTESIAN_POINT('Ctrl Pts',(-67.875,36.0105689014973,10.0074769967975));
#5133=CARTESIAN_POINT('Ctrl Pts',(-67.875,36.0755543219872,10.0612791350141));
#5134=CARTESIAN_POINT('Ctrl Pts',(-67.875,36.1383348912279,10.1177680036608));
#5135=CARTESIAN_POINT('Ctrl Pts',(-67.875,36.153968110518,10.1318345035617));
#5136=CARTESIAN_POINT('Ctrl Pts',(-67.875,36.1694686379412,10.1460716734562));
#5137=CARTESIAN_POINT('Ctrl Pts',(-67.875,36.1848095232638,10.1604546499802));
#5138=CARTESIAN_POINT('Ctrl Pts',(-67.875,36.2572268524521,10.2283501282232));
#5139=CARTESIAN_POINT('Ctrl Pts',(-67.875,36.3261779555238,10.2995675656162));
#5140=CARTESIAN_POINT('Ctrl Pts',(-67.875,36.3914217101401,10.3738174728796));
#5141=CARTESIAN_POINT('Ctrl Pts',(-67.875,36.4563062435193,10.4476585725307));
#5142=CARTESIAN_POINT('Ctrl Pts',(-67.875,36.517524628263,10.5244996357949));
#5143=CARTESIAN_POINT('Ctrl Pts',(-67.875,36.5747960875139,10.6040827015437));
#5144=CARTESIAN_POINT('Ctrl Pts',(-67.875,36.6287663305528,10.6790784752924));
#5145=CARTESIAN_POINT('Ctrl Pts',(-67.875,36.6792315444347,10.7565099860356));
#5146=CARTESIAN_POINT('Ctrl Pts',(-67.875,36.7259151706651,10.8361740512959));
#5147=CARTESIAN_POINT('Ctrl Pts',(-67.875,36.7622110736791,10.8981118102033));
#5148=CARTESIAN_POINT('Ctrl Pts',(-67.875,36.7962203102089,10.9613994363141));
#5149=CARTESIAN_POINT('Ctrl Pts',(-67.875,36.8277937638757,11.0259433350557));
#5150=CARTESIAN_POINT('Ctrl Pts',(-67.875,36.834215151007,11.039070228463));
#5151=CARTESIAN_POINT('Ctrl Pts',(-67.875,36.8405357910036,11.0522493932028));
#5152=CARTESIAN_POINT('Ctrl Pts',(-67.875,36.8467481481136,11.0654663539797));
#5153=CARTESIAN_POINT('Ctrl Pts',(-67.875,36.8873006877352,11.1517429984309));
#5154=CARTESIAN_POINT('Ctrl Pts',(-67.875,36.9233133812311,11.2397700401734));
#5155=CARTESIAN_POINT('Ctrl Pts',(-67.875,36.9545269271845,11.3293055679161));
#5156=CARTESIAN_POINT('Ctrl Pts',(-67.875,36.9857404731378,11.4188410956589));
#5157=CARTESIAN_POINT('Ctrl Pts',(-67.875,37.0121553281667,11.5098858297018));
#5158=CARTESIAN_POINT('Ctrl Pts',(-67.875,37.0334570744721,11.6022076934971));
#5159=CARTESIAN_POINT('Ctrl Pts',(-67.875,37.0548728098065,11.6950235862542));
#5160=CARTESIAN_POINT('Ctrl Pts',(-67.875,37.0711198579003,11.7891314824716));
#5161=CARTESIAN_POINT('Ctrl Pts',(-67.875,37.082272655981,11.8841248477454));
#5162=CARTESIAN_POINT('Ctrl Pts',(-67.875,37.0879628748921,11.9325909850858));
#5163=CARTESIAN_POINT('Ctrl Pts',(-67.875,37.0923261869663,11.9812874514788));
#5164=CARTESIAN_POINT('Ctrl Pts',(-67.875,37.0953675665301,12.030158504244));
#5165=CARTESIAN_POINT('Ctrl Pts',(-67.875,37.0963268335868,12.0455726904574));
#5166=CARTESIAN_POINT('Ctrl Pts',(-67.875,37.0971545705047,12.0610042325426));
#5167=CARTESIAN_POINT('Ctrl Pts',(-67.875,37.0978508688328,12.0764513454239));
#5168=CARTESIAN_POINT('Ctrl Pts',(-67.875,37.0984719355233,12.0902294731148));
#5169=CARTESIAN_POINT('Ctrl Pts',(-67.875,37.0989881753717,12.1040151710329));
#5170=CARTESIAN_POINT('Ctrl Pts',(-67.875,37.0993997394433,12.1177994420572));
#5171=CARTESIAN_POINT('Ctrl Pts',(-67.875,37.1021842188168,12.2110583560415));
#5172=CARTESIAN_POINT('Ctrl Pts',(-67.875,37.1001867699583,12.3043606707825));
#5173=CARTESIAN_POINT('Ctrl Pts',(-67.875,37.0935346571241,12.3973308225899));
#5174=CARTESIAN_POINT('Ctrl Pts',(-67.875,37.0868769707743,12.4903788700367));
#5175=CARTESIAN_POINT('Ctrl Pts',(-67.875,37.0755564462519,12.5830951734376));
#5176=CARTESIAN_POINT('Ctrl Pts',(-67.875,37.0596500205477,12.6750907534918));
#5177=CARTESIAN_POINT('Ctrl Pts',(-67.875,37.0439790596106,12.7657245117117));
#5178=CARTESIAN_POINT('Ctrl Pts',(-67.875,37.0238565132863,12.8556595632154));
#5179=CARTESIAN_POINT('Ctrl Pts',(-67.875,36.9993130961415,12.9444984886522));
#5180=CARTESIAN_POINT('Ctrl Pts',(-67.875,36.9904399880451,12.9766161593061));
#5181=CARTESIAN_POINT('Ctrl Pts',(-67.875,36.9809886863349,13.0085902599063));
#5182=CARTESIAN_POINT('Ctrl Pts',(-67.875,36.9709594043508,13.0404008554617));
#5183=CARTESIAN_POINT('Ctrl Pts',(-67.875,36.9640131112053,13.0624329134109));
#5184=CARTESIAN_POINT('Ctrl Pts',(-67.875,36.9567895496044,13.084386524948));
#5185=CARTESIAN_POINT('Ctrl Pts',(-67.875,36.9492886178454,13.1062548618101));
#5186=CARTESIAN_POINT('Ctrl Pts',(-67.875,36.9446935676223,13.1196513449945));
#5187=CARTESIAN_POINT('Ctrl Pts',(-67.875,36.9399951873701,13.1330134627175));
#5188=CARTESIAN_POINT('Ctrl Pts',(-67.875,36.9351965748426,13.1463316090208));
#5189=CARTESIAN_POINT('Ctrl Pts',(-67.875,36.9047299498171,13.2308891695939));
#5190=CARTESIAN_POINT('Ctrl Pts',(-67.875,36.8701936232689,13.3137722738215));
#5191=CARTESIAN_POINT('Ctrl Pts',(-67.875,36.8316393444352,13.3946122230433));
#5192=CARTESIAN_POINT('Ctrl Pts',(-67.875,36.8028765469481,13.4549215624648));
#5193=CARTESIAN_POINT('Ctrl Pts',(-67.875,36.7718765955923,13.5140933148734));
#5194=CARTESIAN_POINT('Ctrl Pts',(-67.875,36.7386474067817,13.5719614204224));
#5195=CARTESIAN_POINT('Ctrl Pts',(-67.875,36.7191767819083,13.605869204982));
#5196=CARTESIAN_POINT('Ctrl Pts',(-67.875,36.698940568261,13.6393291717339));
#5197=CARTESIAN_POINT('Ctrl Pts',(-67.875,36.6779386909853,13.672305709537));
#5198=CARTESIAN_POINT('Ctrl Pts',(-67.875,36.6686100716185,13.6869532367632));
#5199=CARTESIAN_POINT('Ctrl Pts',(-67.875,36.659135061027,13.7014979703666));
#5200=CARTESIAN_POINT('Ctrl Pts',(-67.875,36.6495154186286,13.7159349886099));
#5201=CARTESIAN_POINT('Ctrl Pts',(-67.875,36.6018806775784,13.7874245094338));
#5202=CARTESIAN_POINT('Ctrl Pts',(-67.875,36.5506909903461,13.8562932551414));
#5203=CARTESIAN_POINT('Ctrl Pts',(-67.875,36.4959716824447,13.9221865055786));
#5204=CARTESIAN_POINT('Ctrl Pts',(-67.875,36.4592463349784,13.9664113434065));
#5205=CARTESIAN_POINT('Ctrl Pts',(-67.875,36.4209303534972,14.0092951482461));
#5206=CARTESIAN_POINT('Ctrl Pts',(-67.875,36.3810238052813,14.0507198008077));
#5207=CARTESIAN_POINT('Ctrl Pts',(-67.875,36.3521885929567,14.0806519474224));
#5208=CARTESIAN_POINT('Ctrl Pts',(-67.875,36.3225227525934,14.1098220362046));
#5209=CARTESIAN_POINT('Ctrl Pts',(-67.875,36.2920644337831,14.1382131081077));
#5210=CARTESIAN_POINT('Ctrl Pts',(-67.875,-36.2884659966653,14.1359872033747));
#5211=CARTESIAN_POINT('Ctrl Pts',(-67.875,-36.3500745175454,14.0780903218655));
#5212=CARTESIAN_POINT('Ctrl Pts',(-67.875,-36.4083175752803,14.0170427845583));
#5213=CARTESIAN_POINT('Ctrl Pts',(-67.875,-36.4631961047831,13.9532293152796));
#5214=CARTESIAN_POINT('Ctrl Pts',(-67.875,-36.5195272966696,13.8877266712502));
#5215=CARTESIAN_POINT('Ctrl Pts',(-67.875,-36.5723139202439,13.81930929434));
#5216=CARTESIAN_POINT('Ctrl Pts',(-67.875,-36.6215315538504,13.7483447291936));
#5217=CARTESIAN_POINT('Ctrl Pts',(-67.875,-36.6715268634586,13.6762588700062));
#5218=CARTESIAN_POINT('Ctrl Pts',(-67.875,-36.7178399600099,13.6015440807339));
#5219=CARTESIAN_POINT('Ctrl Pts',(-67.875,-36.7604125694657,13.5245442708873));
#5220=CARTESIAN_POINT('Ctrl Pts',(-67.875,-36.7799561905068,13.4891963060077));
#5221=CARTESIAN_POINT('Ctrl Pts',(-67.875,-36.7987110457763,13.4533662827371));
#5222=CARTESIAN_POINT('Ctrl Pts',(-67.875,-36.8166688359264,13.4170851875809));
#5223=CARTESIAN_POINT('Ctrl Pts',(-67.875,-36.8268800658462,13.396454887233));
#5224=CARTESIAN_POINT('Ctrl Pts',(-67.875,-36.8368335461839,13.3756787168886));
#5225=CARTESIAN_POINT('Ctrl Pts',(-67.875,-36.846527488286,13.3547622073081));
#5226=CARTESIAN_POINT('Ctrl Pts',(-67.875,-36.8546090197787,13.3373247779203));
#5227=CARTESIAN_POINT('Ctrl Pts',(-67.875,-36.8625121771979,13.3197849474551));
#5228=CARTESIAN_POINT('Ctrl Pts',(-67.875,-36.8702235371116,13.3021747361286));
#5229=CARTESIAN_POINT('Ctrl Pts',(-67.875,-36.9067961492732,13.218654911333));
#5230=CARTESIAN_POINT('Ctrl Pts',(-67.875,-36.9391082298105,13.13345142246));
#5231=CARTESIAN_POINT('Ctrl Pts',(-67.875,-36.9671332033909,13.046962734826));
#5232=CARTESIAN_POINT('Ctrl Pts',(-67.875,-36.9956215179903,12.9590441169708));
#5233=CARTESIAN_POINT('Ctrl Pts',(-67.875,-37.0196802910029,12.8697966984105));
#5234=CARTESIAN_POINT('Ctrl Pts',(-67.875,-37.0392425890377,12.7796019237273));
#5235=CARTESIAN_POINT('Ctrl Pts',(-67.875,-37.0577999466778,12.6940405705523));
#5236=CARTESIAN_POINT('Ctrl Pts',(-67.875,-37.0723109455283,12.6076257681406));
#5237=CARTESIAN_POINT('Ctrl Pts',(-67.875,-37.0826807721234,12.5206628236238));
#5238=CARTESIAN_POINT('Ctrl Pts',(-67.875,-37.0872905133378,12.482004832018));
#5239=CARTESIAN_POINT('Ctrl Pts',(-67.875,-37.0910814008453,12.4432383247916));
#5240=CARTESIAN_POINT('Ctrl Pts',(-67.875,-37.0940425179582,12.4043894273137));
#5241=CARTESIAN_POINT('Ctrl Pts',(-67.875,-37.0957904525362,12.3814570917685));
#5242=CARTESIAN_POINT('Ctrl Pts',(-67.875,-37.0972492233211,12.3584960415344));
#5243=CARTESIAN_POINT('Ctrl Pts',(-67.875,-37.0984163065832,12.3355116182721));
#5244=CARTESIAN_POINT('Ctrl Pts',(-67.875,-37.099047721604,12.3230765928015));
#5245=CARTESIAN_POINT('Ctrl Pts',(-67.875,-37.0995936504431,12.3106358852821));
#5246=CARTESIAN_POINT('Ctrl Pts',(-67.875,-37.1000534838711,12.2982003404987));
#5247=CARTESIAN_POINT('Ctrl Pts',(-67.875,-37.1035767016358,12.2029198984314));
#5248=CARTESIAN_POINT('Ctrl Pts',(-67.875,-37.1020578977202,12.1077864897842));
#5249=CARTESIAN_POINT('Ctrl Pts',(-67.875,-37.095435839718,12.0132000435843));
#5250=CARTESIAN_POINT('Ctrl Pts',(-67.875,-37.0889622986865,11.920734945832));
#5251=CARTESIAN_POINT('Ctrl Pts',(-67.875,-37.0776120400938,11.8287916009002));
#5252=CARTESIAN_POINT('Ctrl Pts',(-67.875,-37.0612827787568,11.7377267061427));
#5253=CARTESIAN_POINT('Ctrl Pts',(-67.875,-37.045024027471,11.6470550312776));
#5254=CARTESIAN_POINT('Ctrl Pts',(-67.875,-37.0238296738368,11.5572533318803));
#5255=CARTESIAN_POINT('Ctrl Pts',(-67.875,-36.9979733635189,11.4685634814113));
#5256=CARTESIAN_POINT('Ctrl Pts',(-67.875,-36.9828453892402,11.4166729463665));
#5257=CARTESIAN_POINT('Ctrl Pts',(-67.875,-36.966120532758,11.3651630283341));
#5258=CARTESIAN_POINT('Ctrl Pts',(-67.875,-36.9478455662624,11.3140832645192));
#5259=CARTESIAN_POINT('Ctrl Pts',(-67.875,-36.9431855951794,11.3010583310748));
#5260=CARTESIAN_POINT('Ctrl Pts',(-67.875,-36.938424806,11.2880613735577));
#5261=CARTESIAN_POINT('Ctrl Pts',(-67.875,-36.9335639165929,11.2750932290374));
#5262=CARTESIAN_POINT('Ctrl Pts',(-67.875,-36.9284132994989,11.261352133273));
#5263=CARTESIAN_POINT('Ctrl Pts',(-67.875,-36.923153368435,11.2476516440404));
#5264=CARTESIAN_POINT('Ctrl Pts',(-67.875,-36.917786760136,11.2339960717765));
#5265=CARTESIAN_POINT('Ctrl Pts',(-67.875,-36.8818488475511,11.1425504631198));
#5266=CARTESIAN_POINT('Ctrl Pts',(-67.875,-36.8411138934834,11.0530702840774));
#5267=CARTESIAN_POINT('Ctrl Pts',(-67.875,-36.7959559815444,10.9658304839047));
#5268=CARTESIAN_POINT('Ctrl Pts',(-67.875,-36.7512952690829,10.8795512149258));
#5269=CARTESIAN_POINT('Ctrl Pts',(-67.875,-36.7023078670898,10.7954624958487));
#5270=CARTESIAN_POINT('Ctrl Pts',(-67.875,-36.6492987390439,10.7138341255607));
#5271=CARTESIAN_POINT('Ctrl Pts',(-67.875,-36.5957777478741,10.6314175409755));
#5272=CARTESIAN_POINT('Ctrl Pts',(-67.875,-36.5381565703979,10.5515082194187));
#5273=CARTESIAN_POINT('Ctrl Pts',(-67.875,-36.4766980504929,10.474399789234));
#5274=CARTESIAN_POINT('Ctrl Pts',(-67.875,-36.4531587275904,10.4448663699549));
#5275=CARTESIAN_POINT('Ctrl Pts',(-67.875,-36.4290559795668,10.4157440667619));
#5276=CARTESIAN_POINT('Ctrl Pts',(-67.875,-36.4044028227064,10.3870503912533));
#5277=CARTESIAN_POINT('Ctrl Pts',(-67.875,-36.3871150107949,10.3669292007684));
#5278=CARTESIAN_POINT('Ctrl Pts',(-67.875,-36.3695565215296,10.3470187959797));
#5279=CARTESIAN_POINT('Ctrl Pts',(-67.875,-36.3517315846661,10.3273254229645));
#5280=CARTESIAN_POINT('Ctrl Pts',(-67.875,-36.3402511508192,10.3146415931224));
#5281=CARTESIAN_POINT('Ctrl Pts',(-67.875,-36.3286652528304,10.3020534516114));
#5282=CARTESIAN_POINT('Ctrl Pts',(-67.875,-36.3169799711666,10.2895673257961));
#5283=CARTESIAN_POINT('Ctrl Pts',(-67.875,-36.246132493181,10.2138643560877));
#5284=CARTESIAN_POINT('Ctrl Pts',(-67.875,-36.1715844883789,10.1418525124202));
#5285=CARTESIAN_POINT('Ctrl Pts',(-67.875,-36.093664006521,10.0738524546847));
#5286=CARTESIAN_POINT('Ctrl Pts',(-67.875,-36.0352236451276,10.0228524113831));
#5287=CARTESIAN_POINT('Ctrl Pts',(-67.875,-35.9748850212994,9.97410924394655));
#5288=CARTESIAN_POINT('Ctrl Pts',(-67.875,-35.9127683973029,9.92776915112906));
#5289=CARTESIAN_POINT('Ctrl Pts',(-67.875,-35.8914389240329,9.91185698933588));
#5290=CARTESIAN_POINT('Ctrl Pts',(-67.875,-35.8698996871636,9.89622826984781));
#5291=CARTESIAN_POINT('Ctrl Pts',(-67.875,-35.8481551881792,9.88088925079136));
#5292=CARTESIAN_POINT('Ctrl Pts',(-67.875,-35.825630845395,9.86500011379874));
#5293=CARTESIAN_POINT('Ctrl Pts',(-67.875,-35.8028810521749,9.84941854566168));
#5294=CARTESIAN_POINT('Ctrl Pts',(-67.875,-35.7799393697612,9.83417030972405));
#5295=CARTESIAN_POINT('Ctrl Pts',(-67.875,-35.6949917787897,9.77770972038669));
#5296=CARTESIAN_POINT('Ctrl Pts',(-67.875,-35.6073598259233,9.72577406420243));
#5297=CARTESIAN_POINT('Ctrl Pts',(-67.875,-35.5173282650752,9.67867580939826));
#5298=CARTESIAN_POINT('Ctrl Pts',(-67.875,-35.4500712215212,9.64349159905199));
#5299=CARTESIAN_POINT('Ctrl Pts',(-67.875,-35.3814740711298,9.61100743276934));
#5300=CARTESIAN_POINT('Ctrl Pts',(-67.875,-35.3116422152989,9.58136718491945));
#5301=CARTESIAN_POINT('Ctrl Pts',(-67.875,-35.2652508942423,9.56167631120801));
#5302=CARTESIAN_POINT('Ctrl Pts',(-67.875,-35.2183144311962,9.54324079842242));
#5303=CARTESIAN_POINT('Ctrl Pts',(-67.875,-35.1708801086157,9.5260479750169));
#5304=CARTESIAN_POINT('Ctrl Pts',(-67.875,-33.581200717467,9.53077704625436));
#5305=CARTESIAN_POINT('Ctrl Pts',(-67.875,-33.4881489202043,9.56481580935273));
#5306=CARTESIAN_POINT('Ctrl Pts',(-67.875,-33.3971589764726,9.60362089510419));
#5307=CARTESIAN_POINT('Ctrl Pts',(-67.875,-33.3084406507813,9.64686497694489));
#5308=CARTESIAN_POINT('Ctrl Pts',(-67.875,-33.2177641155397,9.69106355125825));
#5309=CARTESIAN_POINT('Ctrl Pts',(-67.875,-33.1294599146895,9.73989985643068));
#5310=CARTESIAN_POINT('Ctrl Pts',(-67.875,-33.0437809002528,9.79306992471254));
#5311=CARTESIAN_POINT('Ctrl Pts',(-67.875,-32.9622007883862,9.84369632543505));
#5312=CARTESIAN_POINT('Ctrl Pts',(-67.875,-32.8830004739693,9.89825264738952));
#5313=CARTESIAN_POINT('Ctrl Pts',(-67.875,-32.8064299992152,9.95650550173492));
#5314=CARTESIAN_POINT('Ctrl Pts',(-67.875,-32.7394308338053,10.0074767492871));
#5315=CARTESIAN_POINT('Ctrl Pts',(-67.875,-32.674445419076,10.0612788201935));
#5316=CARTESIAN_POINT('Ctrl Pts',(-67.875,-32.6116648548912,10.117767617218));
#5317=CARTESIAN_POINT('Ctrl Pts',(-67.875,-32.5960317068994,10.1318340362639));
#5318=CARTESIAN_POINT('Ctrl Pts',(-67.875,-32.5805312495659,10.1460711234791));
#5319=CARTESIAN_POINT('Ctrl Pts',(-67.875,-32.5651904328726,10.1604540157921));
#5320=CARTESIAN_POINT('Ctrl Pts',(-67.875,-32.4927730909353,10.228349412204));
#5321=CARTESIAN_POINT('Ctrl Pts',(-67.875,-32.4238219750346,10.2995667643525));
#5322=CARTESIAN_POINT('Ctrl Pts',(-67.875,-32.3585782079845,10.3738165860774));
#5323=CARTESIAN_POINT('Ctrl Pts',(-67.875,-32.2936936752009,10.447657585911));
#5324=CARTESIAN_POINT('Ctrl Pts',(-67.875,-32.2324752899796,10.5244985478633));
#5325=CARTESIAN_POINT('Ctrl Pts',(-67.875,-32.1752038294811,10.6040815140444));
#5326=CARTESIAN_POINT('Ctrl Pts',(-67.875,-32.1212335719766,10.6790772124322));
#5327=CARTESIAN_POINT('Ctrl Pts',(-67.875,-32.0707683446691,10.7565086505582));
#5328=CARTESIAN_POINT('Ctrl Pts',(-67.875,-32.0240847065,10.8361726485793));
#5329=CARTESIAN_POINT('Ctrl Pts',(-67.875,-31.9877888099718,10.8981103283016));
#5330=CARTESIAN_POINT('Ctrl Pts',(-67.875,-31.9537795788417,10.9613978773064));
#5331=CARTESIAN_POINT('Ctrl Pts',(-67.875,-31.9222061295143,11.0259417024393));
#5332=CARTESIAN_POINT('Ctrl Pts',(-67.875,-31.9157847251918,11.0390686178231));
#5333=CARTESIAN_POINT('Ctrl Pts',(-67.875,-31.909464068506,11.0522478050228));
#5334=CARTESIAN_POINT('Ctrl Pts',(-67.875,-31.9032516952726,11.0654647886484));
#5335=CARTESIAN_POINT('Ctrl Pts',(-67.875,-31.8626991476819,11.151741375284));
#5336=CARTESIAN_POINT('Ctrl Pts',(-67.875,-31.8266864481899,11.2397683678626));
#5337=CARTESIAN_POINT('Ctrl Pts',(-67.875,-31.7954728986878,11.329303858011));
#5338=CARTESIAN_POINT('Ctrl Pts',(-67.875,-31.7642593491857,11.4188393481594));
#5339=CARTESIAN_POINT('Ctrl Pts',(-67.875,-31.7378444930544,11.5098840561723));
#5340=CARTESIAN_POINT('Ctrl Pts',(-67.875,-31.7165427486023,11.602205908563));
#5341=CARTESIAN_POINT('Ctrl Pts',(-67.875,-31.6951270154443,11.6950217884965));
#5342=CARTESIAN_POINT('Ctrl Pts',(-67.875,-31.6788799723652,11.789129686645));
#5343=CARTESIAN_POINT('Ctrl Pts',(-67.875,-31.6677271816821,11.884123066235));
#5344=CARTESIAN_POINT('Ctrl Pts',(-67.875,-31.662036966811,11.9325892086159));
#5345=CARTESIAN_POINT('Ctrl Pts',(-67.875,-31.6576736592735,11.9812856832531));
#5346=CARTESIAN_POINT('Ctrl Pts',(-67.875,-31.6546322846843,12.0301567471629));
#5347=CARTESIAN_POINT('Ctrl Pts',(-67.875,-31.6536730190841,12.045570938699));
#5348=CARTESIAN_POINT('Ctrl Pts',(-67.875,-31.6528452836971,12.0610024863997));
#5349=CARTESIAN_POINT('Ctrl Pts',(-67.875,-31.6521489869725,12.0764496051788));
#5350=CARTESIAN_POINT('Ctrl Pts',(-67.875,-31.6515279217656,12.0902277369455));
#5351=CARTESIAN_POINT('Ctrl Pts',(-67.875,-31.6510116834405,12.1040134391479));
#5352=CARTESIAN_POINT('Ctrl Pts',(-67.875,-31.6506001209288,12.1177977146719));
#5353=CARTESIAN_POINT('Ctrl Pts',(-67.875,-31.6478156520857,12.2110566598732));
#5354=CARTESIAN_POINT('Ctrl Pts',(-67.875,-31.6498131132473,12.3043590155102));
#5355=CARTESIAN_POINT('Ctrl Pts',(-67.875,-31.6564652397072,12.3973292155357));
#5356=CARTESIAN_POINT('Ctrl Pts',(-67.875,-31.6631229396565,12.4903773107165));
#5357=CARTESIAN_POINT('Ctrl Pts',(-67.875,-31.6744434790516,12.5830936691944));
#5358=CARTESIAN_POINT('Ctrl Pts',(-67.875,-31.6903499204652,12.6750893093731));
#5359=CARTESIAN_POINT('Ctrl Pts',(-67.875,-31.70602089469,12.7657231141659));
#5360=CARTESIAN_POINT('Ctrl Pts',(-67.875,-31.7261434538724,12.8556582173404));
#5361=CARTESIAN_POINT('Ctrl Pts',(-67.875,-31.7506868830372,12.9444971975104));
#5362=CARTESIAN_POINT('Ctrl Pts',(-67.875,-31.759559994995,12.9766148861987));
#5363=CARTESIAN_POINT('Ctrl Pts',(-67.875,-31.7690113003935,13.008589005249));
#5364=CARTESIAN_POINT('Ctrl Pts',(-67.875,-31.7790405858728,13.040399619576));
#5365=CARTESIAN_POINT('Ctrl Pts',(-67.875,-31.7859868685323,13.0624316495893));
#5366=CARTESIAN_POINT('Ctrl Pts',(-67.875,-31.7932104185242,13.0843852336361));
#5367=CARTESIAN_POINT('Ctrl Pts',(-67.875,-31.8007113375435,13.1062535434601));
#5368=CARTESIAN_POINT('Ctrl Pts',(-67.875,-31.8053063759939,13.1196499985115));
#5369=CARTESIAN_POINT('Ctrl Pts',(-67.875,-31.810004743906,13.1330120884314));
#5370=CARTESIAN_POINT('Ctrl Pts',(-67.875,-31.8148033435018,13.1463302071878));
#5371=CARTESIAN_POINT('Ctrl Pts',(-67.875,-31.845269970301,13.2308878256584));
#5372=CARTESIAN_POINT('Ctrl Pts',(-67.875,-31.8798062973693,13.3137709894042));
#5373=CARTESIAN_POINT('Ctrl Pts',(-67.875,-31.918360575042,13.3946109978508));
#5374=CARTESIAN_POINT('Ctrl Pts',(-67.875,-31.9471233866322,13.454920412843));
#5375=CARTESIAN_POINT('Ctrl Pts',(-67.875,-31.9781233534826,13.5140922394768));
#5376=CARTESIAN_POINT('Ctrl Pts',(-67.875,-32.0113525589817,13.5719604168394));
#5377=CARTESIAN_POINT('Ctrl Pts',(-67.875,-32.0308231868328,13.6058682316345));
#5378=CARTESIAN_POINT('Ctrl Pts',(-67.875,-32.0510594033333,13.6393282281058));
#5379=CARTESIAN_POINT('Ctrl Pts',(-67.875,-32.0720612832991,13.6723047949278));
#5380=CARTESIAN_POINT('Ctrl Pts',(-67.875,-32.081389935242,13.6869523843175));
#5381=CARTESIAN_POINT('Ctrl Pts',(-67.875,-32.0908649794518,13.7014971793861));
#5382=CARTESIAN_POINT('Ctrl Pts',(-67.875,-32.1004846563634,13.7159342581309));
#5383=CARTESIAN_POINT('Ctrl Pts',(-67.875,-32.148119391206,13.7874238127408));
#5384=CARTESIAN_POINT('Ctrl Pts',(-67.875,-32.1993090688232,13.8562925898487));
#5385=CARTESIAN_POINT('Ctrl Pts',(-67.875,-32.2540283633351,13.9221858676995));
#5386=CARTESIAN_POINT('Ctrl Pts',(-67.875,-32.2907537415174,13.966410771736));
#5387=CARTESIAN_POINT('Ctrl Pts',(-67.875,-32.3290697554512,14.0092946380904));
#5388=CARTESIAN_POINT('Ctrl Pts',(-67.875,-32.3689763377335,14.05071934659));
#5389=CARTESIAN_POINT('Ctrl Pts',(-67.875,-32.397811552643,14.0806515107553));
#5390=CARTESIAN_POINT('Ctrl Pts',(-67.875,-32.4274773951649,14.1098216153388));
#5391=CARTESIAN_POINT('Ctrl Pts',(-67.875,-32.4579357157279,14.1382127014187));
#5392=CARTESIAN_POINT('Origin',(-65.375,44.375,0.));
#5393=CARTESIAN_POINT('',(-65.375,46.875,18.5));
#5394=CARTESIAN_POINT('Origin',(-65.375,44.375,18.5));
#5395=CARTESIAN_POINT('',(-65.375,46.875,0.));
#5396=CARTESIAN_POINT('Origin',(65.375,44.375,0.));
#5397=CARTESIAN_POINT('',(65.375,46.875,18.5));
#5398=CARTESIAN_POINT('',(67.875,44.375,18.5));
#5399=CARTESIAN_POINT('Origin',(65.375,44.375,18.5));
#5400=CARTESIAN_POINT('',(67.875,44.375,0.));
#5401=CARTESIAN_POINT('',(65.375,46.875,0.));
#5402=CARTESIAN_POINT('Origin',(67.875,-46.875,0.));
#5403=CARTESIAN_POINT('',(67.875,-44.375,18.5));
#5404=CARTESIAN_POINT('',(67.875,46.875,18.5));
#5405=CARTESIAN_POINT('',(67.875,-44.375,0.));
#5406=CARTESIAN_POINT('Ctrl Pts',(67.875,31.4057770462542,13.2937992825323));
#5407=CARTESIAN_POINT('Ctrl Pts',(67.875,31.4398157845582,13.3868510120149));
#5408=CARTESIAN_POINT('Ctrl Pts',(67.875,31.4786208550337,13.4778408888578));
#5409=CARTESIAN_POINT('Ctrl Pts',(67.875,31.52186492865,13.5665591494782));
#5410=CARTESIAN_POINT('Ctrl Pts',(67.875,31.5660635107329,13.6572356513978));
#5411=CARTESIAN_POINT('Ctrl Pts',(67.875,31.6148998344364,13.7455398190866));
#5412=CARTESIAN_POINT('Ctrl Pts',(67.875,31.6680699290629,13.8312188013017));
#5413=CARTESIAN_POINT('Ctrl Pts',(67.875,31.7186963803644,13.9127989235705));
#5414=CARTESIAN_POINT('Ctrl Pts',(67.875,31.7732527639421,13.9919992468465));
#5415=CARTESIAN_POINT('Ctrl Pts',(67.875,31.8315056880711,14.0685697292518));
#5416=CARTESIAN_POINT('Ctrl Pts',(67.875,31.8824769966839,14.1355689013564));
#5417=CARTESIAN_POINT('Ctrl Pts',(67.875,31.9362791349016,14.2005543218553));
#5418=CARTESIAN_POINT('Ctrl Pts',(67.875,31.99276800355,14.2633348911047));
#5419=CARTESIAN_POINT('Ctrl Pts',(67.875,32.0068345039802,14.2789681109847));
#5420=CARTESIAN_POINT('Ctrl Pts',(67.875,32.0210716744164,14.2944686389872));
#5421=CARTESIAN_POINT('Ctrl Pts',(67.875,32.0354546514929,14.3098095248771));
#5422=CARTESIAN_POINT('Ctrl Pts',(67.875,32.1033501297948,14.3822268540241));
#5423=CARTESIAN_POINT('Ctrl Pts',(67.875,32.1745675672455,14.451177957052));
#5424=CARTESIAN_POINT('Ctrl Pts',(67.875,32.2488174745652,14.5164217116212));
#5425=CARTESIAN_POINT('Ctrl Pts',(67.875,32.3226585742097,14.5813062448986));
#5426=CARTESIAN_POINT('Ctrl Pts',(67.875,32.3994996374608,14.6425246295435));
#5427=CARTESIAN_POINT('Ctrl Pts',(67.875,32.4790827031912,14.6997960886995));
#5428=CARTESIAN_POINT('Ctrl Pts',(67.875,32.5540784768384,14.7537663315882));
#5429=CARTESIAN_POINT('Ctrl Pts',(67.875,32.6315099874694,14.8042315453307));
#5430=CARTESIAN_POINT('Ctrl Pts',(67.875,32.7111740526082,14.8509151714341));
#5431=CARTESIAN_POINT('Ctrl Pts',(67.875,32.7731118120297,14.8872110747058));
#5432=CARTESIAN_POINT('Ctrl Pts',(67.875,32.8363994386756,14.9212203114559));
#5433=CARTESIAN_POINT('Ctrl Pts',(67.875,32.9009433379707,14.9527937653016));
#5434=CARTESIAN_POINT('Ctrl Pts',(67.875,32.9140702310905,14.9592151522736));
#5435=CARTESIAN_POINT('Ctrl Pts',(67.875,32.9272493955385,14.9655357921143));
#5436=CARTESIAN_POINT('Ctrl Pts',(67.875,32.9404663560223,14.9717481490735));
#5437=CARTESIAN_POINT('Ctrl Pts',(67.875,33.0267430001606,15.0123006884633));
#5438=CARTESIAN_POINT('Ctrl Pts',(67.875,33.1147700415739,15.0483133817613));
#5439=CARTESIAN_POINT('Ctrl Pts',(67.875,33.2043055689752,15.0795269275535));
#5440=CARTESIAN_POINT('Ctrl Pts',(67.875,33.2938410963764,15.1107404733458));
#5441=CARTESIAN_POINT('Ctrl Pts',(67.875,33.3848858300654,15.1371553282505));
#5442=CARTESIAN_POINT('Ctrl Pts',(67.875,33.4772076934962,15.1584570744718));
#5443=CARTESIAN_POINT('Ctrl Pts',(67.875,33.5700235861884,15.1798728097913));
#5444=CARTESIAN_POINT('Ctrl Pts',(67.875,33.6641314823391,15.1961198578774));
#5445=CARTESIAN_POINT('Ctrl Pts',(67.875,33.7591248475453,15.2072726559574));
#5446=CARTESIAN_POINT('Ctrl Pts',(67.875,33.8075909848892,15.2129628748727));
#5447=CARTESIAN_POINT('Ctrl Pts',(67.875,33.8562874512859,15.2173261869508));
#5448=CARTESIAN_POINT('Ctrl Pts',(67.875,33.9051585040548,15.2203675665183));
#5449=CARTESIAN_POINT('Ctrl Pts',(67.875,33.920572689349,15.2213268335188));
#5450=CARTESIAN_POINT('Ctrl Pts',(67.875,33.9360042305127,15.2221545703963));
#5451=CARTESIAN_POINT('Ctrl Pts',(67.875,33.951451342471,15.2228508686996));
#5452=CARTESIAN_POINT('Ctrl Pts',(67.875,33.9652294710487,15.223471935445));
#5453=CARTESIAN_POINT('Ctrl Pts',(67.875,33.9790151698572,15.2239881753351));
#5454=CARTESIAN_POINT('Ctrl Pts',(67.875,33.9927994417705,15.2243997394347));
#5455=CARTESIAN_POINT('Ctrl Pts',(67.875,34.0860583557544,15.227184218818));
#5456=CARTESIAN_POINT('Ctrl Pts',(67.875,34.179360670495,15.2251867699692));
#5457=CARTESIAN_POINT('Ctrl Pts',(67.875,34.2723308223028,15.2185346571446));
#5458=CARTESIAN_POINT('Ctrl Pts',(67.875,34.3653788697173,15.2118769708068));
#5459=CARTESIAN_POINT('Ctrl Pts',(67.875,34.4580951730865,15.2005564462995));
#5460=CARTESIAN_POINT('Ctrl Pts',(67.875,34.5500907531101,15.1846500206136));
#5461=CARTESIAN_POINT('Ctrl Pts',(67.875,34.6407245113036,15.168979059694));
#5462=CARTESIAN_POINT('Ctrl Pts',(67.875,34.7306595627816,15.1488565133897));
#5463=CARTESIAN_POINT('Ctrl Pts',(67.875,34.8194984881943,15.1243130962679));
#5464=CARTESIAN_POINT('Ctrl Pts',(67.875,34.8516161587397,15.1154399882073));
#5465=CARTESIAN_POINT('Ctrl Pts',(67.875,34.8835902592329,15.1059886865368));
#5466=CARTESIAN_POINT('Ctrl Pts',(67.875,34.9154008546822,15.0959594045965));
#5467=CARTESIAN_POINT('Ctrl Pts',(67.875,34.9374329097935,15.0890131123529));
#5468=CARTESIAN_POINT('Ctrl Pts',(67.875,34.9593865185131,15.0817895517253));
#5469=CARTESIAN_POINT('Ctrl Pts',(67.875,34.9812548525804,15.0742886210112));
#5470=CARTESIAN_POINT('Ctrl Pts',(67.875,34.9946513353186,15.069693570994));
#5471=CARTESIAN_POINT('Ctrl Pts',(67.875,35.0080134526029,15.064995190953));
#5472=CARTESIAN_POINT('Ctrl Pts',(67.875,35.0213315984699,15.0601965786441));
#5473=CARTESIAN_POINT('Ctrl Pts',(67.875,35.1058891592558,15.0297299539309));
#5474=CARTESIAN_POINT('Ctrl Pts',(67.875,35.1887722637086,14.9951936276849));
#5475=CARTESIAN_POINT('Ctrl Pts',(67.875,35.2696122131672,14.9566393491452));
#5476=CARTESIAN_POINT('Ctrl Pts',(67.875,35.329921553536,14.92787655151));
#5477=CARTESIAN_POINT('Ctrl Pts',(67.875,35.3890933068694,14.8968765999443));
#5478=CARTESIAN_POINT('Ctrl Pts',(67.875,35.4469614133148,14.863647410863));
#5479=CARTESIAN_POINT('Ctrl Pts',(67.875,35.4808691984499,14.8441767858021));
#5480=CARTESIAN_POINT('Ctrl Pts',(67.875,35.5143291657657,14.8239405719443));
#5481=CARTESIAN_POINT('Ctrl Pts',(67.875,35.5473057041204,14.8029386944348));
#5482=CARTESIAN_POINT('Ctrl Pts',(67.875,35.5619532329239,14.7936100741158));
#5483=CARTESIAN_POINT('Ctrl Pts',(67.875,35.5764979680877,14.784135062538));
#5484=CARTESIAN_POINT('Ctrl Pts',(67.875,35.590934987866,14.7745154191242));
#5485=CARTESIAN_POINT('Ctrl Pts',(67.875,35.6624245087173,14.7268806780925));
#5486=CARTESIAN_POINT('Ctrl Pts',(67.875,35.7312932544529,14.6756909908777));
#5487=CARTESIAN_POINT('Ctrl Pts',(67.875,35.7971865049187,14.6209716829926));
#5488=CARTESIAN_POINT('Ctrl Pts',(67.875,35.84141134298,14.5842463353594));
#5489=CARTESIAN_POINT('Ctrl Pts',(67.875,35.8842951480395,14.5459303536961));
#5490=CARTESIAN_POINT('Ctrl Pts',(67.875,35.9257198008072,14.5060238052817));
#5491=CARTESIAN_POINT('Ctrl Pts',(67.875,35.9556519474219,14.4771885929571));
#5492=CARTESIAN_POINT('Ctrl Pts',(67.875,35.9848220362042,14.4475227525938));
#5493=CARTESIAN_POINT('Ctrl Pts',(67.875,36.0132131081073,14.4170644337835));
#5494=CARTESIAN_POINT('Ctrl Pts',(67.875,36.0109872033751,10.5865340033351));
#5495=CARTESIAN_POINT('Ctrl Pts',(67.875,35.9530901722127,10.5249253232078));
#5496=CARTESIAN_POINT('Ctrl Pts',(67.875,35.8920424968986,10.4666820986583));
#5497=CARTESIAN_POINT('Ctrl Pts',(67.875,35.8282288988237,10.411803399747));
#5498=CARTESIAN_POINT('Ctrl Pts',(67.875,35.7627261417958,10.3554720504854));
#5499=CARTESIAN_POINT('Ctrl Pts',(67.875,35.694308663299,10.302685264714));
#5500=CARTESIAN_POINT('Ctrl Pts',(67.875,35.6233440049664,10.2534674693416));
#5501=CARTESIAN_POINT('Ctrl Pts',(67.875,35.5512582589775,10.2034721395717));
#5502=CARTESIAN_POINT('Ctrl Pts',(67.875,35.4765436067159,10.157159002073));
#5503=CARTESIAN_POINT('Ctrl Pts',(67.875,35.3995439515937,10.1145863358834));
#5504=CARTESIAN_POINT('Ctrl Pts',(67.875,35.3641962476986,10.0950427938233));
#5505=CARTESIAN_POINT('Ctrl Pts',(67.875,35.3283664943309,10.0762880057283));
#5506=CARTESIAN_POINT('Ctrl Pts',(67.875,35.2920856769319,10.0583302712746));
#5507=CARTESIAN_POINT('Ctrl Pts',(67.875,35.27145553654,10.0481190740233));
#5508=CARTESIAN_POINT('Ctrl Pts',(67.875,35.2506795287202,10.0381656225916));
#5509=CARTESIAN_POINT('Ctrl Pts',(67.875,35.2297631840408,10.0284717056862));
#5510=CARTESIAN_POINT('Ctrl Pts',(67.875,35.2123257677499,10.0203901375557));
#5511=CARTESIAN_POINT('Ctrl Pts',(67.875,35.1947859506348,10.0124869434791));
#5512=CARTESIAN_POINT('Ctrl Pts',(67.875,35.1771757528777,10.0047755470143));
#5513=CARTESIAN_POINT('Ctrl Pts',(67.875,35.0936559380138,9.96820273767032));
#5514=CARTESIAN_POINT('Ctrl Pts',(67.875,35.0084524618863,9.93589046767994));
#5515=CARTESIAN_POINT('Ctrl Pts',(67.875,34.9219637860488,9.90786531789968));
#5516=CARTESIAN_POINT('Ctrl Pts',(67.875,34.8340452537225,9.87937684801563));
#5517=CARTESIAN_POINT('Ctrl Pts',(67.875,34.7447979219331,9.85531792599591));
#5518=CARTESIAN_POINT('Ctrl Pts',(67.875,34.6546032303742,9.83575549091576));
#5519=CARTESIAN_POINT('Ctrl Pts',(67.875,34.5690420910058,9.81719803254046));
#5520=CARTESIAN_POINT('Ctrl Pts',(67.875,34.4826275018136,9.8026869309557));
#5521=CARTESIAN_POINT('Ctrl Pts',(67.875,34.3956647643443,9.79231700409678));
#5522=CARTESIAN_POINT('Ctrl Pts',(67.875,34.3570068696488,9.78770721889247));
#5523=CARTESIAN_POINT('Ctrl Pts',(67.875,34.3182404581413,9.78391628767589));
#5524=CARTESIAN_POINT('Ctrl Pts',(67.875,34.2793916546904,9.78095512752012));
#5525=CARTESIAN_POINT('Ctrl Pts',(67.875,34.2564597764615,9.77920719816126));
#5526=CARTESIAN_POINT('Ctrl Pts',(67.875,34.2334991839599,9.77774842269511));
#5527=CARTESIAN_POINT('Ctrl Pts',(67.875,34.2105152184631,9.77658132479602));
#5528=CARTESIAN_POINT('Ctrl Pts',(67.875,34.1980802053396,9.77594988990748));
#5529=CARTESIAN_POINT('Ctrl Pts',(67.875,34.1856395094837,9.77540394149986));
#5530=CARTESIAN_POINT('Ctrl Pts',(67.875,34.1732039761648,9.77494408886101));
#5531=CARTESIAN_POINT('Ctrl Pts',(67.875,34.0779236830746,9.77142072616448));
#5532=CARTESIAN_POINT('Ctrl Pts',(67.8749999999999,33.9827904075748,9.77293939912817));
#5533=CARTESIAN_POINT('Ctrl Pts',(67.875,33.8882040726836,9.77956134559411));
#5534=CARTESIAN_POINT('Ctrl Pts',(67.875,33.7957388105509,9.78603479671689));
#5535=CARTESIAN_POINT('Ctrl Pts',(67.875,33.7037952834672,9.79738501273862));
#5536=CARTESIAN_POINT('Ctrl Pts',(67.875,33.6127301862833,9.81371428488519));
#5537=CARTESIAN_POINT('Ctrl Pts',(67.875,33.522058668738,9.82997298258306));
#5538=CARTESIAN_POINT('Ctrl Pts',(67.875,33.4322570996793,9.85116729649514));
#5539=CARTESIAN_POINT('Ctrl Pts',(67.875,33.3435673555804,9.87702357796807));
#5540=CARTESIAN_POINT('Ctrl Pts',(67.875,33.2916768217694,9.89215155315428));
#5541=CARTESIAN_POINT('Ctrl Pts',(67.875,33.2401668976555,9.90887641802159));
#5542=CARTESIAN_POINT('Ctrl Pts',(67.875,33.189087121179,9.9271513996223));
#5543=CARTESIAN_POINT('Ctrl Pts',(67.875,33.1760622045725,9.93181136737772));
#5544=CARTESIAN_POINT('Ctrl Pts',(67.875,33.1630652633788,9.93657215335616));
#5545=CARTESIAN_POINT('Ctrl Pts',(67.875,33.1500971346761,9.94143303967953));
#5546=CARTESIAN_POINT('Ctrl Pts',(67.875,33.1363559521896,9.94658369229466));
#5547=CARTESIAN_POINT('Ctrl Pts',(67.875,33.1226553759748,9.95184366077266));
#5548=CARTESIAN_POINT('Ctrl Pts',(67.875,33.1089997169533,9.95721030816738));
#5549=CARTESIAN_POINT('Ctrl Pts',(67.875,33.0175540828438,9.99314826423967));
#5550=CARTESIAN_POINT('Ctrl Pts',(67.875,32.9280738582276,10.0338832812227));
#5551=CARTESIAN_POINT('Ctrl Pts',(67.875,32.840833996971,10.0790412708252));
#5552=CARTESIAN_POINT('Ctrl Pts',(67.875,32.7545547208089,10.1237020325426));
#5553=CARTESIAN_POINT('Ctrl Pts',(67.875,32.670465976669,10.1726894928913));
#5554=CARTESIAN_POINT('Ctrl Pts',(67.875,32.5888375671121,10.2256986846968));
#5555=CARTESIAN_POINT('Ctrl Pts',(67.875,32.5064209056389,10.2792197644255));
#5556=CARTESIAN_POINT('Ctrl Pts',(67.875,32.4265114949725,10.3368410396766));
#5557=CARTESIAN_POINT('Ctrl Pts',(67.875,32.3494029674094,10.3982996624827));
#5558=CARTESIAN_POINT('Ctrl Pts',(67.875,32.3198695907893,10.4218389610693));
#5559=CARTESIAN_POINT('Ctrl Pts',(67.875,32.2907473268145,10.4459416824802));
#5560=CARTESIAN_POINT('Ctrl Pts',(67.875,32.2620536871587,10.4705948103073));
#5561=CARTESIAN_POINT('Ctrl Pts',(67.875,32.2419323520775,10.4878827476955));
#5562=CARTESIAN_POINT('Ctrl Pts',(67.875,32.2220218045928,10.505441365814));
#5563=CARTESIAN_POINT('Ctrl Pts',(67.875,32.2023282909643,10.5232664347552));
#5564=CARTESIAN_POINT('Ctrl Pts',(67.875,32.1896444176619,10.534746911034));
#5565=CARTESIAN_POINT('Ctrl Pts',(67.875,32.1770562328326,10.54633285202));
#5566=CARTESIAN_POINT('Ctrl Pts',(67.875,32.1645700640143,10.5580181770839));
#5567=CARTESIAN_POINT('Ctrl Pts',(67.875,32.0888669724886,10.6288657882049));
#5568=CARTESIAN_POINT('Ctrl Pts',(67.875,32.0168550034963,10.7034139287721));
#5569=CARTESIAN_POINT('Ctrl Pts',(67.875,31.9488548216316,10.7813345442433));
#5570=CARTESIAN_POINT('Ctrl Pts',(67.875,31.8978546852331,10.8397750058467));
#5571=CARTESIAN_POINT('Ctrl Pts',(67.875,31.8491114253669,10.9001137286795));
#5572=CARTESIAN_POINT('Ctrl Pts',(67.875,31.8027712427366,10.962230448492));
#5573=CARTESIAN_POINT('Ctrl Pts',(67.875,31.7868590767969,10.9835599188821));
#5574=CARTESIAN_POINT('Ctrl Pts',(67.875,31.7712303525198,11.0050991517921));
#5575=CARTESIAN_POINT('Ctrl Pts',(67.875,31.7558913280794,11.0268436456795));
#5576=CARTESIAN_POINT('Ctrl Pts',(67.875,31.7400021281039,11.0493680645618));
#5577=CARTESIAN_POINT('Ctrl Pts',(67.875,31.7244204985614,11.0721179342937));
#5578=CARTESIAN_POINT('Ctrl Pts',(67.875,31.7091722030332,11.0950596933673));
#5579=CARTESIAN_POINT('Ctrl Pts',(67.875,31.6527115018257,11.1800074045282));
#5580=CARTESIAN_POINT('Ctrl Pts',(67.875,31.6007757411309,11.2676394692988));
#5581=CARTESIAN_POINT('Ctrl Pts',(67.875,31.5536773935162,11.3576711293647));
#5582=CARTESIAN_POINT('Ctrl Pts',(67.875,31.5184931185715,11.4249282379878));
#5583=CARTESIAN_POINT('Ctrl Pts',(67.875,31.486008893491,11.49352544601));
#5584=CARTESIAN_POINT('Ctrl Pts',(67.875,31.4563685944033,11.5633573502319));
#5585=CARTESIAN_POINT('Ctrl Pts',(67.875,31.4366776850328,11.6097487072533));
#5586=CARTESIAN_POINT('Ctrl Pts',(67.875,31.4182421401312,11.6566852022759));
#5587=CARTESIAN_POINT('Ctrl Pts',(67.875,31.4010492878725,11.704119553113));
#5588=CARTESIAN_POINT('Ctrl Pts',(67.875,-37.3442229537459,13.2937992825323));
#5589=CARTESIAN_POINT('Ctrl Pts',(67.875,-37.310184236973,13.3868509531551));
#5590=CARTESIAN_POINT('Ctrl Pts',(67.875,-37.2713791797139,13.4778407719077));
#5591=CARTESIAN_POINT('Ctrl Pts',(67.875,-37.2281351131507,13.5665589760119));
#5592=CARTESIAN_POINT('Ctrl Pts',(67.875,-37.1839365242875,13.6572354488674));
#5593=CARTESIAN_POINT('Ctrl Pts',(67.875,-37.1351001844285,13.7455395876345));
#5594=CARTESIAN_POINT('Ctrl Pts',(67.875,-37.0819300668397,13.8312185417474));
#5595=CARTESIAN_POINT('Ctrl Pts',(67.875,-37.0313035714603,13.9127986730545));
#5596=CARTESIAN_POINT('Ctrl Pts',(67.875,-36.9767471341836,13.9919990040242));
#5597=CARTESIAN_POINT('Ctrl Pts',(67.875,-36.9184941492457,14.0685694930727));
#5598=CARTESIAN_POINT('Ctrl Pts',(67.875,-36.867522787425,14.1355686709901));
#5599=CARTESIAN_POINT('Ctrl Pts',(67.875,-36.8137205905529,14.2005540964975));
#5600=CARTESIAN_POINT('Ctrl Pts',(67.875,-36.7572316594931,14.2633346701413));
#5601=CARTESIAN_POINT('Ctrl Pts',(67.875,-36.7431650882667,14.2789679525247));
#5602=CARTESIAN_POINT('Ctrl Pts',(67.875,-36.7289278454368,14.2944685419706));
#5603=CARTESIAN_POINT('Ctrl Pts',(67.875,-36.7145447946251,14.3098094880232));
#5604=CARTESIAN_POINT('Ctrl Pts',(67.875,-36.6466492449634,14.3822268060323));
#5605=CARTESIAN_POINT('Ctrl Pts',(67.875,-36.5754317331774,14.4511778978511));
#5606=CARTESIAN_POINT('Ctrl Pts',(67.875,-36.5011817512658,14.5164216415524));
#5607=CARTESIAN_POINT('Ctrl Pts',(67.875,-36.427340564678,14.5813061752358));
#5608=CARTESIAN_POINT('Ctrl Pts',(67.875,-36.3504994131879,14.6425245593581));
#5609=CARTESIAN_POINT('Ctrl Pts',(67.875,-36.2709162607434,14.6997960173271));
#5610=CARTESIAN_POINT('Ctrl Pts',(67.875,-36.1959204214902,14.753766247504));
#5611=CARTESIAN_POINT('Ctrl Pts',(67.875,-36.1184888476498,14.8042314494488));
#5612=CARTESIAN_POINT('Ctrl Pts',(67.875,-36.0388247239917,14.8509150650586));
#5613=CARTESIAN_POINT('Ctrl Pts',(67.875,-35.9768868952174,14.8872109741509));
#5614=CARTESIAN_POINT('Ctrl Pts',(67.875,-35.9135992010154,14.9212202157498));
#5615=CARTESIAN_POINT('Ctrl Pts',(67.875,-35.8490552371974,14.952793673493));
#5616=CARTESIAN_POINT('Ctrl Pts',(67.875,-35.8359283640236,14.9592150450813));
#5617=CARTESIAN_POINT('Ctrl Pts',(67.875,-35.8227492199494,14.9655356699878));
#5618=CARTESIAN_POINT('Ctrl Pts',(67.875,-35.8095322801832,14.9717480125189));
#5619=CARTESIAN_POINT('Ctrl Pts',(67.875,-35.7232555855814,15.0123005450114));
#5620=CARTESIAN_POINT('Ctrl Pts',(67.875,-35.6352285012363,15.0483132331245));
#5621=CARTESIAN_POINT('Ctrl Pts',(67.875,-35.5456929409799,15.0795267758555));
#5622=CARTESIAN_POINT('Ctrl Pts',(67.875,-35.4561573807235,15.1107403185865));
#5623=CARTESIAN_POINT('Ctrl Pts',(67.875,-35.3651126242509,15.1371551725532));
#5624=CARTESIAN_POINT('Ctrl Pts',(67.875,-35.2727907507739,15.1584569204035));
#5625=CARTESIAN_POINT('Ctrl Pts',(67.875,-35.1799748465495,15.179872657691));
#5626=CARTESIAN_POINT('Ctrl Pts',(67.875,-35.085866951711,15.1961197101811));
#5627=CARTESIAN_POINT('Ctrl Pts',(67.875,-34.9908735986013,15.2072725147058));
#5628=CARTESIAN_POINT('Ctrl Pts',(67.875,-34.9424074656434,15.2129627371187));
#5629=CARTESIAN_POINT('Ctrl Pts',(67.875,-34.8937110064236,15.2173260531283));
#5630=CARTESIAN_POINT('Ctrl Pts',(67.875,-34.8448399633591,15.2203674370096));
#5631=CARTESIAN_POINT('Ctrl Pts',(67.875,-34.8294257832528,15.2213267052383));
#5632=CARTESIAN_POINT('Ctrl Pts',(67.875,-34.8139942475327,15.2221544434185));
#5633=CARTESIAN_POINT('Ctrl Pts',(67.875,-34.7985471412656,15.222850743097));
#5634=CARTESIAN_POINT('Ctrl Pts',(67.875,-34.7847690158563,15.2234718111552));
#5635=CARTESIAN_POINT('Ctrl Pts',(67.875,-34.7709833203971,15.2239880523867));
#5636=CARTESIAN_POINT('Ctrl Pts',(67.875,-34.7571990520208,15.2243996178539));
#5637=CARTESIAN_POINT('Ctrl Pts',(67.875,-34.6639401651949,15.2271841063938));
#5638=CARTESIAN_POINT('Ctrl Pts',(67.875,-34.5706378860451,15.2251866682461));
#5639=CARTESIAN_POINT('Ctrl Pts',(67.875,-34.4776677762087,15.2185345672748));
#5640=CARTESIAN_POINT('Ctrl Pts',(67.875,-34.3846197703022,15.2118768927647));
#5641=CARTESIAN_POINT('Ctrl Pts',(67.875,-34.2919035148395,15.2005563811902));
#5642=CARTESIAN_POINT('Ctrl Pts',(67.875,-34.1999079871231,15.1846499691624));
#5643=CARTESIAN_POINT('Ctrl Pts',(67.875,-34.1092742694678,15.1689790197976));
#5644=CARTESIAN_POINT('Ctrl Pts',(67.875,-34.0193392629717,15.1488564846738));
#5645=CARTESIAN_POINT('Ctrl Pts',(67.875,-33.9305003852122,15.1243130780023));
#5646=CARTESIAN_POINT('Ctrl Pts',(67.875,-33.8983827302267,15.1154399732589));
#5647=CARTESIAN_POINT('Ctrl Pts',(67.875,-33.866408645658,15.1059886747502));
#5648=CARTESIAN_POINT('Ctrl Pts',(67.875,-33.8345980664146,15.095959395798));
#5649=CARTESIAN_POINT('Ctrl Pts',(67.875,-33.8125659805291,15.0890130923827));
#5650=CARTESIAN_POINT('Ctrl Pts',(67.875,-33.7906123414693,15.0817895194431));
#5651=CARTESIAN_POINT('Ctrl Pts',(67.875,-33.7687439775081,15.07428857527));
#5652=CARTESIAN_POINT('Ctrl Pts',(67.875,-33.7553474662117,15.0696935134937));
#5653=CARTESIAN_POINT('Ctrl Pts',(67.875,-33.7419853206903,15.0649951211406));
#5654=CARTESIAN_POINT('Ctrl Pts',(67.875,-33.7286671468346,15.0601964959425));
#5655=CARTESIAN_POINT('Ctrl Pts',(67.875,-33.6441096370936,15.0297298718146));
#5656=CARTESIAN_POINT('Ctrl Pts',(67.875,-33.5612265851385,14.9951935450914));
#5657=CARTESIAN_POINT('Ctrl Pts',(67.875,-33.4803866879619,14.9566392646337));
#5658=CARTESIAN_POINT('Ctrl Pts',(67.875,-33.4200774162948,14.9278764797309));
#5659=CARTESIAN_POINT('Ctrl Pts',(67.875,-33.3609057304248,14.8968765422978));
#5660=CARTESIAN_POINT('Ctrl Pts',(67.875,-33.3030376892585,14.863647368575));
#5661=CARTESIAN_POINT('Ctrl Pts',(67.875,-33.2691299321762,14.8441767466578));
#5662=CARTESIAN_POINT('Ctrl Pts',(67.875,-33.2356699924312,14.8239405359041));
#5663=CARTESIAN_POINT('Ctrl Pts',(67.875,-33.2026934810007,14.8029386614258));
#5664=CARTESIAN_POINT('Ctrl Pts',(67.875,-33.1880460111256,14.7936100723666));
#5665=CARTESIAN_POINT('Ctrl Pts',(67.875,-33.1735013342297,14.7841350930586));
#5666=CARTESIAN_POINT('Ctrl Pts',(67.875,-33.1590643718047,14.7745154827835));
#5667=CARTESIAN_POINT('Ctrl Pts',(67.875,-33.0875748804398,14.7268807362593));
#5668=CARTESIAN_POINT('Ctrl Pts',(67.875,-33.0187061621207,14.6756910405844));
#5669=CARTESIAN_POINT('Ctrl Pts',(67.875,-32.9528129356078,14.6209717209521));
#5670=CARTESIAN_POINT('Ctrl Pts',(67.875,-32.908588156016,14.5842464006391));
#5671=CARTESIAN_POINT('Ctrl Pts',(67.875,-32.8657044052956,14.5459304478622));
#5672=CARTESIAN_POINT('Ctrl Pts',(67.875,-32.8242798019626,14.5060239297942));
#5673=CARTESIAN_POINT('Ctrl Pts',(67.875,-32.7943476706422,14.4771887197198));
#5674=CARTESIAN_POINT('Ctrl Pts',(67.875,-32.7651775956319,14.4475228812357));
#5675=CARTESIAN_POINT('Ctrl Pts',(67.875,-32.7367865360866,14.4170645639509));
#5676=CARTESIAN_POINT('Ctrl Pts',(67.875,-32.7390127966249,10.5865340033351));
#5677=CARTESIAN_POINT('Ctrl Pts',(67.875,-32.7969097702464,10.5249253844375));
#5678=CARTESIAN_POINT('Ctrl Pts',(67.875,-32.8579573924774,10.4666822240109));
#5679=CARTESIAN_POINT('Ctrl Pts',(67.875,-32.9217709409943,10.4118035902061));
#5680=CARTESIAN_POINT('Ctrl Pts',(67.875,-32.9872736546032,10.3554723013669));
#5681=CARTESIAN_POINT('Ctrl Pts',(67.875,-33.0556910940572,10.3026855778648));
#5682=CARTESIAN_POINT('Ctrl Pts',(67.875,-33.126655716568,10.253467844592));
#5683=CARTESIAN_POINT('Ctrl Pts',(67.875,-33.1987415060077,10.2034725225303));
#5684=CARTESIAN_POINT('Ctrl Pts',(67.875,-33.2734562108603,10.1571594007196));
#5685=CARTESIAN_POINT('Ctrl Pts',(67.875,-33.3504559253728,10.1145867562784));
#5686=CARTESIAN_POINT('Ctrl Pts',(67.875,-33.3858037295404,10.0950431838361));
#5687=CARTESIAN_POINT('Ctrl Pts',(67.875,-33.421633586607,10.076288369895));
#5688=CARTESIAN_POINT('Ctrl Pts',(67.875,-33.4579145107217,10.0583306140057));
#5689=CARTESIAN_POINT('Ctrl Pts',(67.875,-33.478544712588,10.048119404173));
#5690=CARTESIAN_POINT('Ctrl Pts',(67.875,-33.499320782869,10.0381659416059));
#5691=CARTESIAN_POINT('Ctrl Pts',(67.875,-33.5202371909229,10.0284720149909));
#5692=CARTESIAN_POINT('Ctrl Pts',(67.875,-33.5376746126112,10.0203904607506));
#5693=CARTESIAN_POINT('Ctrl Pts',(67.875,-33.5552144352246,10.0124872805796));
#5694=CARTESIAN_POINT('Ctrl Pts',(67.875,-33.572824638567,10.0047758979877));
#5695=CARTESIAN_POINT('Ctrl Pts',(67.875,-33.6563444571907,9.96820316439202));
#5696=CARTESIAN_POINT('Ctrl Pts',(67.875,-33.7415479381525,9.93589096717631));
#5697=CARTESIAN_POINT('Ctrl Pts',(67.875,-33.8280366184543,9.90786588507719));
#5698=CARTESIAN_POINT('Ctrl Pts',(67.875,-33.9159551836477,9.87937747481374));
#5699=CARTESIAN_POINT('Ctrl Pts',(67.875,-34.005202548779,9.85531861000842));
#5700=CARTESIAN_POINT('Ctrl Pts',(67.875,-34.0953972722777,9.8357562275548));
#5701=CARTESIAN_POINT('Ctrl Pts',(67.875,-34.1809584935934,9.81719880790044));
#5702=CARTESIAN_POINT('Ctrl Pts',(67.875,-34.2673731645018,9.80268774579281));
#5703=CARTESIAN_POINT('Ctrl Pts',(67.875,-34.3543359813145,9.79231785745115));
#5704=CARTESIAN_POINT('Ctrl Pts',(67.875,-34.3929939132213,9.78770808913768));
#5705=CARTESIAN_POINT('Ctrl Pts',(67.875,-34.4317603614819,9.78391717470489));
#5706=CARTESIAN_POINT('Ctrl Pts',(67.875,-34.4706092010366,9.78095603107791));
#5707=CARTESIAN_POINT('Ctrl Pts',(67.875,-34.4935412537768,9.77920809979854));
#5708=CARTESIAN_POINT('Ctrl Pts',(67.8749999999999,-34.5165020209469,9.77774932618627));
#5709=CARTESIAN_POINT('Ctrl Pts',(67.8749999999999,-34.5394861611227,9.77658223393633));
#5710=CARTESIAN_POINT('Ctrl Pts',(67.8749999999999,-34.5519211793202,9.77595080664538));
#5711=CARTESIAN_POINT('Ctrl Pts',(67.875,-34.5643618799887,9.77540486572499));
#5712=CARTESIAN_POINT('Ctrl Pts',(67.875,-34.5767974180437,9.77494502044081));
#5713=CARTESIAN_POINT('Ctrl Pts',(67.875,-34.6720777683133,9.77142171332268));
#5714=CARTESIAN_POINT('Ctrl Pts',(67.875,-34.7672110949161,9.77294043649915));
#5715=CARTESIAN_POINT('Ctrl Pts',(67.875,-34.8617974725276,9.77956242572558));
#5716=CARTESIAN_POINT('Ctrl Pts',(67.875,-34.9542626718384,9.78603591132805));
#5717=CARTESIAN_POINT('Ctrl Pts',(67.875,-35.0462061292755,9.79738614368886));
#5718=CARTESIAN_POINT('Ctrl Pts',(67.875,-35.1372711490231,9.81371541171501));
#5719=CARTESIAN_POINT('Ctrl Pts',(67.875,-35.2279427269574,9.82997412996433));
#5720=CARTESIAN_POINT('Ctrl Pts',(67.875,-35.3177443460468,9.85116845910749));
#5721=CARTESIAN_POINT('Ctrl Pts',(67.875,-35.4064341309742,9.8770247516384));
#5722=CARTESIAN_POINT('Ctrl Pts',(67.875,-35.4583246652351,9.89215272646134));
#5723=CARTESIAN_POINT('Ctrl Pts',(67.875,-35.5098345869912,9.90887758809467));
#5724=CARTESIAN_POINT('Ctrl Pts',(67.8749999999999,-35.5609143585837,9.92715256388128));
#5725=CARTESIAN_POINT('Ctrl Pts',(67.8749999999999,-35.5739392813068,9.93181253278807));
#5726=CARTESIAN_POINT('Ctrl Pts',(67.875,-35.5869362284199,9.93657331986342));
#5727=CARTESIAN_POINT('Ctrl Pts',(67.875,-35.5999043628505,9.941434207234));
#5728=CARTESIAN_POINT('Ctrl Pts',(67.875,-35.6136455123093,9.94658484630389));
#5729=CARTESIAN_POINT('Ctrl Pts',(67.8749999999999,-35.6273460553968,9.95184480051508));
#5730=CARTESIAN_POINT('Ctrl Pts',(67.8749999999999,-35.6410016813742,9.95721143300093));
#5731=CARTESIAN_POINT('Ctrl Pts',(67.8749999999999,-35.732447305682,9.99314937234634));
#5732=CARTESIAN_POINT('Ctrl Pts',(67.875,-35.8219275127724,10.0338843651446));
#5733=CARTESIAN_POINT('Ctrl Pts',(67.875,-35.9091673505508,10.079042324902));
#5734=CARTESIAN_POINT('Ctrl Pts',(67.875,-35.9954466239275,10.1237030676804));
#5735=CARTESIAN_POINT('Ctrl Pts',(67.875,-36.079535358419,10.1726905055977));
#5736=CARTESIAN_POINT('Ctrl Pts',(67.875,-36.1611637528755,10.2256996728988));
#5737=CARTESIAN_POINT('Ctrl Pts',(67.875,-36.2435803848029,10.2792207186001));
#5738=CARTESIAN_POINT('Ctrl Pts',(67.875,-36.3234897612336,10.3368419562874));
#5739=CARTESIAN_POINT('Ctrl Pts',(67.875,-36.4005982513885,10.3983005395629));
#5740=CARTESIAN_POINT('Ctrl Pts',(67.875,-36.4301316443679,10.4218398474678));
#5741=CARTESIAN_POINT('Ctrl Pts',(67.875,-36.4592539233813,10.4459425790782));
#5742=CARTESIAN_POINT('Ctrl Pts',(67.875,-36.4879475767847,10.4705957180344));
#5743=CARTESIAN_POINT('Ctrl Pts',(67.875,-36.5080688555418,10.4878836065511));
#5744=CARTESIAN_POINT('Ctrl Pts',(67.875,-36.5279793474492,10.5054421744805));
#5745=CARTESIAN_POINT('Ctrl Pts',(67.875,-36.5476728063176,10.5232671919735));
#5746=CARTESIAN_POINT('Ctrl Pts',(67.875,-36.5603566636847,10.5347476526156));
#5747=CARTESIAN_POINT('Ctrl Pts',(67.875,-36.5729448326236,10.5463335777617));
#5748=CARTESIAN_POINT('Ctrl Pts',(67.875,-36.5854309856604,10.5580188868425));
#5749=CARTESIAN_POINT('Ctrl Pts',(67.875,-36.6611340304226,10.6288664468396));
#5750=CARTESIAN_POINT('Ctrl Pts',(67.875,-36.7331459513064,10.7034145352779));
#5751=CARTESIAN_POINT('Ctrl Pts',(67.875,-36.8011460855226,10.7813350994501));
#5752=CARTESIAN_POINT('Ctrl Pts',(67.875,-36.8521461861847,10.8397755225793));
#5753=CARTESIAN_POINT('Ctrl Pts',(67.875,-36.9008894105716,10.9001142074033));
#5754=CARTESIAN_POINT('Ctrl Pts',(67.875,-36.9472295587279,10.9622308904333));
#5755=CARTESIAN_POINT('Ctrl Pts',(67.875,-36.9631417230841,10.9835603619382));
#5756=CARTESIAN_POINT('Ctrl Pts',(67.875,-36.9787704455306,11.0050995963774));
#5757=CARTESIAN_POINT('Ctrl Pts',(67.875,-36.9941094679122,11.0268440922318));
#5758=CARTESIAN_POINT('Ctrl Pts',(67.875,-37.0099986434821,11.0493684815776));
#5759=CARTESIAN_POINT('Ctrl Pts',(67.875,-37.0255802492329,11.072118321607));
#5760=CARTESIAN_POINT('Ctrl Pts',(67.875,-37.0408285216768,11.0950600509176));
#5761=CARTESIAN_POINT('Ctrl Pts',(67.875,-37.0972891799738,11.1800077159146));
#5762=CARTESIAN_POINT('Ctrl Pts',(67.8749999999999,-37.1492249005875,11.2676397377076));
#5763=CARTESIAN_POINT('Ctrl Pts',(67.875,-37.1963232126163,11.3576713596701));
#5764=CARTESIAN_POINT('Ctrl Pts',(67.875,-37.2315074629819,11.4249284436611));
#5765=CARTESIAN_POINT('Ctrl Pts',(67.875,-37.2639916656839,11.4935256299241));
#5766=CARTESIAN_POINT('Ctrl Pts',(67.875,-37.2936319452667,11.5633575159495));
#5767=CARTESIAN_POINT('Ctrl Pts',(67.875,-37.31332284095,11.6097488591635));
#5768=CARTESIAN_POINT('Ctrl Pts',(67.875,-37.3317583735255,11.6566853419104));
#5769=CARTESIAN_POINT('Ctrl Pts',(67.875,-37.3489512147118,11.7041196819011));
#5770=CARTESIAN_POINT('Origin',(8.88178419700125E-15,0.,18.5));
#5771=CARTESIAN_POINT('',(65.375,-46.875,18.5));
#5772=CARTESIAN_POINT('',(67.875,-46.875,18.5));
#5773=CARTESIAN_POINT('Origin',(65.375,-44.375,18.5));
#5774=CARTESIAN_POINT('',(-67.875,46.875,18.5));
#5775=CARTESIAN_POINT('',(64.125,43.125,18.5));
#5776=CARTESIAN_POINT('',(64.125,-43.125,18.5));
#5777=CARTESIAN_POINT('',(64.125,21.4375,18.5));
#5778=CARTESIAN_POINT('',(-64.125,-43.125,18.5));
#5779=CARTESIAN_POINT('',(31.9375,-43.125,18.5));
#5780=CARTESIAN_POINT('',(-64.125,43.125,18.5));
#5781=CARTESIAN_POINT('',(-64.125,-21.4375,18.5));
#5782=CARTESIAN_POINT('',(-31.9375,43.125,18.5));
#5783=CARTESIAN_POINT('Origin',(65.375,-44.375,0.));
#5784=CARTESIAN_POINT('',(65.375,-46.875,0.));
#5785=CARTESIAN_POINT('Origin',(-67.875,-46.875,0.));
#5786=CARTESIAN_POINT('Ctrl Pts',(57.0109872033751,-46.875,10.5865340033349));
#5787=CARTESIAN_POINT('Ctrl Pts',(56.953090172211,-46.875,10.5249253232058));
#5788=CARTESIAN_POINT('Ctrl Pts',(56.8920424968949,-46.875,10.4666820986547));
#5789=CARTESIAN_POINT('Ctrl Pts',(56.828228898818,-46.875,10.411803399742));
#5790=CARTESIAN_POINT('Ctrl Pts',(56.7627261418027,-46.875,10.3554720504916));
#5791=CARTESIAN_POINT('Ctrl Pts',(56.6943086633201,-46.875,10.3026852647303));
#5792=CARTESIAN_POINT('Ctrl Pts',(56.6233440050022,-46.875,10.2534674693663));
#5793=CARTESIAN_POINT('Ctrl Pts',(56.5512582590126,-46.875,10.2034721395941));
#5794=CARTESIAN_POINT('Ctrl Pts',(56.4765436067502,-46.875,10.1571590020933));
#5795=CARTESIAN_POINT('Ctrl Pts',(56.399543951627,-46.875,10.1145863359018));
#5796=CARTESIAN_POINT('Ctrl Pts',(56.3641962477212,-46.875,10.0950427938351));
#5797=CARTESIAN_POINT('Ctrl Pts',(56.3283664943424,-46.875,10.0762880057339));
#5798=CARTESIAN_POINT('Ctrl Pts',(56.292085676932,-46.875,10.0583302712746));
#5799=CARTESIAN_POINT('Ctrl Pts',(56.2714555365411,-46.875,10.0481190740239));
#5800=CARTESIAN_POINT('Ctrl Pts',(56.2506795287226,-46.875,10.0381656225927));
#5801=CARTESIAN_POINT('Ctrl Pts',(56.2297631840444,-46.875,10.0284717056878));
#5802=CARTESIAN_POINT('Ctrl Pts',(56.2123257680441,-46.875,10.020390137692));
#5803=CARTESIAN_POINT('Ctrl Pts',(56.1947859512234,-46.875,10.0124869437442));
#5804=CARTESIAN_POINT('Ctrl Pts',(56.1771757537623,-46.875,10.0047755474016));
#5805=CARTESIAN_POINT('Ctrl Pts',(56.0936559389414,-46.875,9.96820273804113));
#5806=CARTESIAN_POINT('Ctrl Pts',(56.0084524628565,-46.875,9.93589046803102));
#5807=CARTESIAN_POINT('Ctrl Pts',(55.9219637870614,-46.875,9.90786531822777));
#5808=CARTESIAN_POINT('Ctrl Pts',(55.8340452547598,-46.875,9.87937684831437));
#5809=CARTESIAN_POINT('Ctrl Pts',(55.7447979229939,-46.875,9.85531792626365));
#5810=CARTESIAN_POINT('Ctrl Pts',(55.6546032314572,-46.875,9.83575549115066));
#5811=CARTESIAN_POINT('Ctrl Pts',(55.5690420920057,-46.875,9.8171980327216));
#5812=CARTESIAN_POINT('Ctrl Pts',(55.4826275027275,-46.875,9.80268693109132));
#5813=CARTESIAN_POINT('Ctrl Pts',(55.3956647651699,-46.875,9.79231700419523));
#5814=CARTESIAN_POINT('Ctrl Pts',(55.3570068704832,-46.875,9.78770721898013));
#5815=CARTESIAN_POINT('Ctrl Pts',(55.3182404589842,-46.875,9.78391628775237));
#5816=CARTESIAN_POINT('Ctrl Pts',(55.2793916555418,-46.875,9.78095512758503));
#5817=CARTESIAN_POINT('Ctrl Pts',(55.2564597767807,-46.875,9.7792071981784));
#5818=CARTESIAN_POINT('Ctrl Pts',(55.2334991837459,-46.875,9.77774842267787));
#5819=CARTESIAN_POINT('Ctrl Pts',(55.2105152177145,-46.875,9.77658132475799));
#5820=CARTESIAN_POINT('Ctrl Pts',(55.198080205394,-46.875,9.77594988991366));
#5821=CARTESIAN_POINT('Ctrl Pts',(55.1856395103413,-46.875,9.77540394153925));
#5822=CARTESIAN_POINT('Ctrl Pts',(55.1732039778254,-46.875,9.77494408892245));
#5823=CARTESIAN_POINT('Ctrl Pts',(55.0779236847167,-46.875,9.77142072616666));
#5824=CARTESIAN_POINT('Ctrl Pts',(54.9827904091965,-46.875,9.77293939907256));
#5825=CARTESIAN_POINT('Ctrl Pts',(54.8882040742821,-46.875,9.77956134548218));
#5826=CARTESIAN_POINT('Ctrl Pts',(54.7957388116105,-46.875,9.78603479658603));
#5827=CARTESIAN_POINT('Ctrl Pts',(54.7037952839913,-46.875,9.7973850126447));
#5828=CARTESIAN_POINT('Ctrl Pts',(54.6127301862827,-46.875,9.81371428488538));
#5829=CARTESIAN_POINT('Ctrl Pts',(54.5220586687763,-46.875,9.8299729825763));
#5830=CARTESIAN_POINT('Ctrl Pts',(54.4322570997561,-46.875,9.85116729647709));
#5831=CARTESIAN_POINT('Ctrl Pts',(54.3435673556945,-46.875,9.87702357793487));
#5832=CARTESIAN_POINT('Ctrl Pts',(54.2916768218806,-46.875,9.89215155311939));
#5833=CARTESIAN_POINT('Ctrl Pts',(54.2401668977635,-46.875,9.90887641798539));
#5834=CARTESIAN_POINT('Ctrl Pts',(54.189087121284,-46.875,9.92715139958483));
#5835=CARTESIAN_POINT('Ctrl Pts',(54.1760622035191,-46.875,9.93181136775411));
#5836=CARTESIAN_POINT('Ctrl Pts',(54.1630652611723,-46.875,9.93657215416415));
#5837=CARTESIAN_POINT('Ctrl Pts',(54.1500971313214,-46.875,9.94143304093705));
#5838=CARTESIAN_POINT('Ctrl Pts',(54.1363559497451,-46.875,9.94658369323129));
#5839=CARTESIAN_POINT('Ctrl Pts',(54.1226553744383,-46.875,9.95184366137267));
#5840=CARTESIAN_POINT('Ctrl Pts',(54.1089997163174,-46.875,9.95721030841732));
#5841=CARTESIAN_POINT('Ctrl Pts',(54.0175540822435,-46.875,9.99314826450147));
#5842=CARTESIAN_POINT('Ctrl Pts',(53.9280738576622,-46.875,10.0338832814928));
#5843=CARTESIAN_POINT('Ctrl Pts',(53.84083399644,-46.875,10.0790412711002));
#5844=CARTESIAN_POINT('Ctrl Pts',(53.7545547202843,-46.875,10.1237020328367));
#5845=CARTESIAN_POINT('Ctrl Pts',(53.6704659761517,-46.875,10.1726894932039));
#5846=CARTESIAN_POINT('Ctrl Pts',(53.5888375666027,-46.875,10.2256986850277));
#5847=CARTESIAN_POINT('Ctrl Pts',(53.5064209050956,-46.875,10.2792197648019));
#5848=CARTESIAN_POINT('Ctrl Pts',(53.4265114943979,-46.875,10.3368410401031));
#5849=CARTESIAN_POINT('Ctrl Pts',(53.3494029668079,-46.875,10.3982996629623));
#5850=CARTESIAN_POINT('Ctrl Pts',(53.3198695898701,-46.875,10.4218389618143));
#5851=CARTESIAN_POINT('Ctrl Pts',(53.2907473255872,-46.875,10.4459416835022));
#5852=CARTESIAN_POINT('Ctrl Pts',(53.2620536856326,-46.875,10.4705948116186));
#5853=CARTESIAN_POINT('Ctrl Pts',(53.2419323506336,-46.875,10.487882748959));
#5854=CARTESIAN_POINT('Ctrl Pts',(53.2220218032301,-46.875,10.5054413670274));
#5855=CARTESIAN_POINT('Ctrl Pts',(53.2023282896812,-46.875,10.5232664359167));
#5856=CARTESIAN_POINT('Ctrl Pts',(53.1896444167455,-46.875,10.5347469118765));
#5857=CARTESIAN_POINT('Ctrl Pts',(53.1770562322783,-46.875,10.5463328525367));
#5858=CARTESIAN_POINT('Ctrl Pts',(53.1645700638162,-46.875,10.5580181772695));
#5859=CARTESIAN_POINT('Ctrl Pts',(53.0888669723134,-46.875,10.6288657883815));
#5860=CARTESIAN_POINT('Ctrl Pts',(53.0168550033428,-46.875,10.7034139289378));
#5861=CARTESIAN_POINT('Ctrl Pts',(52.9488548214981,-46.875,10.7813345443964));
#5862=CARTESIAN_POINT('Ctrl Pts',(52.8978546851147,-46.875,10.8397750059904));
#5863=CARTESIAN_POINT('Ctrl Pts',(52.8491114252625,-46.875,10.9001137288131));
#5864=CARTESIAN_POINT('Ctrl Pts',(52.8027712426454,-46.875,10.9622304486145));
#5865=CARTESIAN_POINT('Ctrl Pts',(52.7868590766681,-46.875,10.9835599190573));
#5866=CARTESIAN_POINT('Ctrl Pts',(52.7712303523549,-46.875,11.0050991520208));
#5867=CARTESIAN_POINT('Ctrl Pts',(52.7558913278796,-46.875,11.026843645963));
#5868=CARTESIAN_POINT('Ctrl Pts',(52.74000212754,-46.875,11.0493680653669));
#5869=CARTESIAN_POINT('Ctrl Pts',(52.7244204976481,-46.875,11.0721179356303));
#5870=CARTESIAN_POINT('Ctrl Pts',(52.709172201786,-46.875,11.095059695244));
#5871=CARTESIAN_POINT('Ctrl Pts',(52.6527115006371,-46.875,11.1800074064565));
#5872=CARTESIAN_POINT('Ctrl Pts',(52.6007757400044,-46.875,11.2676394712775));
#5873=CARTESIAN_POINT('Ctrl Pts',(52.5536773924558,-46.875,11.3576711313922));
#5874=CARTESIAN_POINT('Ctrl Pts',(52.5184931179188,-46.875,11.4249282393665));
#5875=CARTESIAN_POINT('Ctrl Pts',(52.4860088931931,-46.875,11.4935254467122));
#5876=CARTESIAN_POINT('Ctrl Pts',(52.4563685944032,-46.875,11.5633573502325));
#5877=CARTESIAN_POINT('Ctrl Pts',(52.4366776850327,-46.875,11.609748707254));
#5878=CARTESIAN_POINT('Ctrl Pts',(52.4182421401312,-46.875,11.6566852022764));
#5879=CARTESIAN_POINT('Ctrl Pts',(52.4010492878726,-46.875,11.7041195531135));
#5880=CARTESIAN_POINT('Ctrl Pts',(52.4057770462544,-46.875,13.2937992825327));
#5881=CARTESIAN_POINT('Ctrl Pts',(52.439815784591,-46.875,13.3868510121041));
#5882=CARTESIAN_POINT('Ctrl Pts',(52.4786208551082,-46.875,13.4778408890322));
#5883=CARTESIAN_POINT('Ctrl Pts',(52.5218649287742,-46.875,13.5665591497328));
#5884=CARTESIAN_POINT('Ctrl Pts',(52.5660635108553,-46.875,13.6572356516262));
#5885=CARTESIAN_POINT('Ctrl Pts',(52.6148998345545,-46.875,13.7455398192901));
#5886=CARTESIAN_POINT('Ctrl Pts',(52.6680699291744,-46.875,13.8312188014811));
#5887=CARTESIAN_POINT('Ctrl Pts',(52.7186963804771,-46.875,13.912798923739));
#5888=CARTESIAN_POINT('Ctrl Pts',(52.7732527640548,-46.875,13.9919992470041));
#5889=CARTESIAN_POINT('Ctrl Pts',(52.8315056881831,-46.875,14.0685697293989));
#5890=CARTESIAN_POINT('Ctrl Pts',(52.8824769967953,-46.875,14.1355689014943));
#5891=CARTESIAN_POINT('Ctrl Pts',(52.9362791350119,-46.875,14.2005543219844));
#5892=CARTESIAN_POINT('Ctrl Pts',(52.9927680036586,-46.875,14.2633348912252));
#5893=CARTESIAN_POINT('Ctrl Pts',(53.0068345035735,-46.875,14.2789681105309));
#5894=CARTESIAN_POINT('Ctrl Pts',(53.0210716734822,-46.875,14.2944686379693));
#5895=CARTESIAN_POINT('Ctrl Pts',(53.0354546500208,-46.875,14.3098095233068));
#5896=CARTESIAN_POINT('Ctrl Pts',(53.1033501282654,-46.875,14.3822268524941));
#5897=CARTESIAN_POINT('Ctrl Pts',(53.1745675656601,-46.875,14.4511779555648));
#5898=CARTESIAN_POINT('Ctrl Pts',(53.2488174729251,-46.875,14.5164217101799));
#5899=CARTESIAN_POINT('Ctrl Pts',(53.3226585725777,-46.875,14.5813062435577));
#5900=CARTESIAN_POINT('Ctrl Pts',(53.3994996358432,-46.875,14.6425246283));
#5901=CARTESIAN_POINT('Ctrl Pts',(53.4790827015933,-46.875,14.6997960875494));
#5902=CARTESIAN_POINT('Ctrl Pts',(53.5540784753389,-46.875,14.7537663305837));
#5903=CARTESIAN_POINT('Ctrl Pts',(53.6315099860787,-46.875,14.8042315444615));
#5904=CARTESIAN_POINT('Ctrl Pts',(53.7111740513353,-46.875,14.8509151706881));
#5905=CARTESIAN_POINT('Ctrl Pts',(53.7731118102578,-46.875,14.8872110737096));
#5906=CARTESIAN_POINT('Ctrl Pts',(53.8363994363842,-46.875,14.9212203102457));
#5907=CARTESIAN_POINT('Ctrl Pts',(53.9009433351418,-46.875,14.9527937639177));
#5908=CARTESIAN_POINT('Ctrl Pts',(53.914070228513,-46.875,14.9592151510308));
#5909=CARTESIAN_POINT('Ctrl Pts',(53.9272493932164,-46.875,14.9655357910097));
#5910=CARTESIAN_POINT('Ctrl Pts',(53.9404663539566,-46.875,14.9717481481026));
#5911=CARTESIAN_POINT('Ctrl Pts',(54.0267429984113,-46.875,15.0123006877268));
#5912=CARTESIAN_POINT('Ctrl Pts',(54.1147700401574,-46.875,15.048313381225));
#5913=CARTESIAN_POINT('Ctrl Pts',(54.204305567904,-46.875,15.0795269271801));
#5914=CARTESIAN_POINT('Ctrl Pts',(54.2938410956506,-46.875,15.1107404731353));
#5915=CARTESIAN_POINT('Ctrl Pts',(54.3848858296975,-46.875,15.1371553281656));
#5916=CARTESIAN_POINT('Ctrl Pts',(54.4772076934969,-46.875,15.1584570744719));
#5917=CARTESIAN_POINT('Ctrl Pts',(54.5700235862569,-46.875,15.1798728098071));
#5918=CARTESIAN_POINT('Ctrl Pts',(54.6641314824774,-46.875,15.1961198579012));
#5919=CARTESIAN_POINT('Ctrl Pts',(54.7591248477543,-46.875,15.207272655982));
#5920=CARTESIAN_POINT('Ctrl Pts',(54.8075909850945,-46.875,15.2129628748929));
#5921=CARTESIAN_POINT('Ctrl Pts',(54.8562874514874,-46.875,15.2173261869669));
#5922=CARTESIAN_POINT('Ctrl Pts',(54.9051585042524,-46.875,15.2203675665306));
#5923=CARTESIAN_POINT('Ctrl Pts',(54.9205726904475,-46.875,15.2213268335861));
#5924=CARTESIAN_POINT('Ctrl Pts',(54.9360042325145,-46.875,15.2221545705031));
#5925=CARTESIAN_POINT('Ctrl Pts',(54.9514513453774,-46.875,15.2228508688306));
#5926=CARTESIAN_POINT('Ctrl Pts',(54.9652294730879,-46.875,15.2234719355222));
#5927=CARTESIAN_POINT('Ctrl Pts',(54.9790151710256,-46.875,15.2239881753715));
#5928=CARTESIAN_POINT('Ctrl Pts',(54.9927994420695,-46.875,15.2243997394436));
#5929=CARTESIAN_POINT('Ctrl Pts',(55.086058356054,-46.875,15.2271842188167));
#5930=CARTESIAN_POINT('Ctrl Pts',(55.1793606707952,-46.875,15.2251867699578));
#5931=CARTESIAN_POINT('Ctrl Pts',(55.2723308226029,-46.875,15.2185346571231));
#5932=CARTESIAN_POINT('Ctrl Pts',(55.3653788700497,-46.875,15.2118769707729));
#5933=CARTESIAN_POINT('Ctrl Pts',(55.4580951734506,-46.875,15.20055644625));
#5934=CARTESIAN_POINT('Ctrl Pts',(55.5500907535048,-46.875,15.1846500205454));
#5935=CARTESIAN_POINT('Ctrl Pts',(55.6407245117256,-46.875,15.1689790596078));
#5936=CARTESIAN_POINT('Ctrl Pts',(55.73065956323,-46.875,15.1488565132828));
#5937=CARTESIAN_POINT('Ctrl Pts',(55.8194984886676,-46.875,15.1243130961373));
#5938=CARTESIAN_POINT('Ctrl Pts',(55.8516161593265,-46.875,15.1154399880392));
#5939=CARTESIAN_POINT('Ctrl Pts',(55.8835902599317,-46.875,15.1059886863273));
#5940=CARTESIAN_POINT('Ctrl Pts',(55.915400855492,-46.875,15.0959594043413));
#5941=CARTESIAN_POINT('Ctrl Pts',(55.9374329135815,-46.875,15.0890131111512));
#5942=CARTESIAN_POINT('Ctrl Pts',(55.9593865252578,-46.875,15.0817895495024));
#5943=CARTESIAN_POINT('Ctrl Pts',(55.981254862258,-46.875,15.0742886176918));
#5944=CARTESIAN_POINT('Ctrl Pts',(55.9946513456496,-46.875,15.069693567395));
#5945=CARTESIAN_POINT('Ctrl Pts',(56.0080134635784,-46.875,15.0649951870661));
#5946=CARTESIAN_POINT('Ctrl Pts',(56.0213316100862,-46.875,15.0601965744587));
#5947=CARTESIAN_POINT('Ctrl Pts',(56.1058891706386,-46.875,15.0297299494014));
#5948=CARTESIAN_POINT('Ctrl Pts',(56.1887722748443,-46.875,14.9951936228223));
#5949=CARTESIAN_POINT('Ctrl Pts',(56.2696122240429,-46.875,14.9566393439585));
#5950=CARTESIAN_POINT('Ctrl Pts',(56.3299215633685,-46.875,14.9278765464864));
#5951=CARTESIAN_POINT('Ctrl Pts',(56.3890933156834,-46.875,14.8968765951519));
#5952=CARTESIAN_POINT('Ctrl Pts',(56.4469614211416,-46.875,14.8636474063688));
#5953=CARTESIAN_POINT('Ctrl Pts',(56.480869205647,-46.875,14.8441767815121));
#5954=CARTESIAN_POINT('Ctrl Pts',(56.5143291723456,-46.875,14.8239405678836));
#5955=CARTESIAN_POINT('Ctrl Pts',(56.5473057100967,-46.875,14.8029386906289));
#5956=CARTESIAN_POINT('Ctrl Pts',(56.5619532371649,-46.875,14.7936100713574));
#5957=CARTESIAN_POINT('Ctrl Pts',(56.5764979706121,-46.875,14.7841350608644));
#5958=CARTESIAN_POINT('Ctrl Pts',(56.5909349887016,-46.875,14.7745154185676));
#5959=CARTESIAN_POINT('Ctrl Pts',(56.6624245095256,-46.875,14.7268806775127));
#5960=CARTESIAN_POINT('Ctrl Pts',(56.731293255233,-46.875,14.6756909902756));
#5961=CARTESIAN_POINT('Ctrl Pts',(56.7971865056698,-46.875,14.6209716823691));
#5962=CARTESIAN_POINT('Ctrl Pts',(56.8414113434654,-46.875,14.5842463349259));
#5963=CARTESIAN_POINT('Ctrl Pts',(56.8842951482745,-46.875,14.54593035347));
#5964=CARTESIAN_POINT('Ctrl Pts',(56.9257198008076,-46.875,14.5060238052815));
#5965=CARTESIAN_POINT('Ctrl Pts',(56.9556519474224,-46.875,14.4771885929569));
#5966=CARTESIAN_POINT('Ctrl Pts',(56.9848220362046,-46.875,14.4475227525936));
#5967=CARTESIAN_POINT('Ctrl Pts',(57.0132131081078,-46.875,14.4170644337833));
#5968=CARTESIAN_POINT('Ctrl Pts',(-53.7390127966251,-46.875,10.5865340033349));
#5969=CARTESIAN_POINT('Ctrl Pts',(-53.7969097703496,-46.875,10.5249253843278));
#5970=CARTESIAN_POINT('Ctrl Pts',(-53.8579573926949,-46.875,10.4666822238034));
#5971=CARTESIAN_POINT('Ctrl Pts',(-53.9217709413352,-46.875,10.411803589913));
#5972=CARTESIAN_POINT('Ctrl Pts',(-53.9872736549826,-46.875,10.3554723010617));
#5973=CARTESIAN_POINT('Ctrl Pts',(-54.0556910944769,-46.875,10.3026855775506));
#5974=CARTESIAN_POINT('Ctrl Pts',(-54.1266557170295,-46.875,10.2534678442719));
#5975=CARTESIAN_POINT('Ctrl Pts',(-54.1987415064612,-46.875,10.2034725222394));
#5976=CARTESIAN_POINT('Ctrl Pts',(-54.2734562113037,-46.875,10.1571594004557));
#5977=CARTESIAN_POINT('Ctrl Pts',(-54.3504559258043,-46.875,10.1145867560398));
#5978=CARTESIAN_POINT('Ctrl Pts',(-54.3858037298753,-46.875,10.0950431836596));
#5979=CARTESIAN_POINT('Ctrl Pts',(-54.4216335868419,-46.875,10.0762883697763));
#5980=CARTESIAN_POINT('Ctrl Pts',(-54.4579145108544,-46.875,10.0583306139401));
#5981=CARTESIAN_POINT('Ctrl Pts',(-54.478544712633,-46.875,10.0481194041521));
#5982=CARTESIAN_POINT('Ctrl Pts',(-54.499320782825,-46.875,10.0381659416277));
#5983=CARTESIAN_POINT('Ctrl Pts',(-54.5202371907887,-46.875,10.0284720150531));
#5984=CARTESIAN_POINT('Ctrl Pts',(-54.5376746119381,-46.875,10.0203904610614));
#5985=CARTESIAN_POINT('Ctrl Pts',(-54.5552144340067,-46.875,10.0124872811278));
#5986=CARTESIAN_POINT('Ctrl Pts',(-54.5728246368004,-46.875,10.0047758987613));
#5987=CARTESIAN_POINT('Ctrl Pts',(-54.6563444554439,-46.875,9.96820316508643));
#5988=CARTESIAN_POINT('Ctrl Pts',(-54.7415479364297,-46.875,9.93589096779601));
#5989=CARTESIAN_POINT('Ctrl Pts',(-54.8280366167599,-46.875,9.90786588562623));
#5990=CARTESIAN_POINT('Ctrl Pts',(-54.9159551818914,-46.875,9.87937747532036));
#5991=CARTESIAN_POINT('Ctrl Pts',(-55.0052025469617,-46.875,9.85531861046786));
#5992=CARTESIAN_POINT('Ctrl Pts',(-55.095397270401,-46.875,9.83575622796183));
#5993=CARTESIAN_POINT('Ctrl Pts',(-55.1809584918604,-46.875,9.81719880821435));
#5994=CARTESIAN_POINT('Ctrl Pts',(-55.2673731629182,-46.875,9.8026877460278));
#5995=CARTESIAN_POINT('Ctrl Pts',(-55.3543359798838,-46.875,9.79231785762173));
#5996=CARTESIAN_POINT('Ctrl Pts',(-55.3929939117674,-46.875,9.78770808929049));
#5997=CARTESIAN_POINT('Ctrl Pts',(-55.4317603600057,-46.875,9.78391717483894));
#5998=CARTESIAN_POINT('Ctrl Pts',(-55.4706091995377,-46.875,9.78095603119218));
#5999=CARTESIAN_POINT('Ctrl Pts',(-55.4935412535402,-46.875,9.77920809980389));
#6000=CARTESIAN_POINT('Ctrl Pts',(-55.5165020219756,-46.875,9.7777493261145));
#6001=CARTESIAN_POINT('Ctrl Pts',(-55.5394861634193,-46.875,9.77658223381968));
#6002=CARTESIAN_POINT('Ctrl Pts',(-55.551921180722,-46.875,9.77595080658472));
#6003=CARTESIAN_POINT('Ctrl Pts',(-55.5643618804946,-46.875,9.7754048657081));
#6004=CARTESIAN_POINT('Ctrl Pts',(-55.5767974176539,-46.875,9.77494502045525));
#6005=CARTESIAN_POINT('Ctrl Pts',(-55.672077767921,-46.875,9.77142171332347));
#6006=CARTESIAN_POINT('Ctrl Pts',(-55.7672110945217,-46.875,9.77294043648591));
#6007=CARTESIAN_POINT('Ctrl Pts',(-55.8617974721318,-46.875,9.77956242569791));
#6008=CARTESIAN_POINT('Ctrl Pts',(-55.9542626715763,-46.875,9.7860359112957));
#6009=CARTESIAN_POINT('Ctrl Pts',(-56.0462061291461,-46.875,9.79738614366568));
#6010=CARTESIAN_POINT('Ctrl Pts',(-56.1372711490238,-46.875,9.81371541171519));
#6011=CARTESIAN_POINT('Ctrl Pts',(-56.2279427269064,-46.875,9.82997412995526));
#6012=CARTESIAN_POINT('Ctrl Pts',(-56.3177443459446,-46.875,9.8511684590834));
#6013=CARTESIAN_POINT('Ctrl Pts',(-56.4064341308227,-46.875,9.87702475159422));
#6014=CARTESIAN_POINT('Ctrl Pts',(-56.4583246650874,-46.875,9.89215272641496));
#6015=CARTESIAN_POINT('Ctrl Pts',(-56.5098345868471,-46.875,9.90887758804623));
#6016=CARTESIAN_POINT('Ctrl Pts',(-56.5609143584433,-46.875,9.92715256383104));
#6017=CARTESIAN_POINT('Ctrl Pts',(-56.5739392821316,-46.875,9.93181253308233));
#6018=CARTESIAN_POINT('Ctrl Pts',(-56.5869362302066,-46.875,9.93657332051756));
#6019=CARTESIAN_POINT('Ctrl Pts',(-56.5999043655939,-46.875,9.94143420826238));
#6020=CARTESIAN_POINT('Ctrl Pts',(-56.6136455142956,-46.875,9.94658484706506));
#6021=CARTESIAN_POINT('Ctrl Pts',(-56.6273460566269,-46.875,9.95184480099552));
#6022=CARTESIAN_POINT('Ctrl Pts',(-56.6410016818552,-46.875,9.95721143318988));
#6023=CARTESIAN_POINT('Ctrl Pts',(-56.7324473061361,-46.875,9.99314937254428));
#6024=CARTESIAN_POINT('Ctrl Pts',(-56.8219275132006,-46.875,10.0338843653491));
#6025=CARTESIAN_POINT('Ctrl Pts',(-56.9091673509529,-46.875,10.0790423251102));
#6026=CARTESIAN_POINT('Ctrl Pts',(-56.9954466243202,-46.875,10.1237030679007));
#6027=CARTESIAN_POINT('Ctrl Pts',(-57.0795353588021,-46.875,10.1726905058293));
#6028=CARTESIAN_POINT('Ctrl Pts',(-57.1611637532487,-46.875,10.2256996731411));
#6029=CARTESIAN_POINT('Ctrl Pts',(-57.2435803851943,-46.875,10.2792207188716));
#6030=CARTESIAN_POINT('Ctrl Pts',(-57.3234897616414,-46.875,10.3368419565903));
#6031=CARTESIAN_POINT('Ctrl Pts',(-57.4005982518104,-46.875,10.3983005398992));
#6032=CARTESIAN_POINT('Ctrl Pts',(-57.4301316449822,-46.875,10.4218398479659));
#6033=CARTESIAN_POINT('Ctrl Pts',(-57.4592539241825,-46.875,10.4459425797456));
#6034=CARTESIAN_POINT('Ctrl Pts',(-57.4879475777667,-46.875,10.4705957188782));
#6035=CARTESIAN_POINT('Ctrl Pts',(-57.5080688572961,-46.875,10.4878836080732));
#6036=CARTESIAN_POINT('Ctrl Pts',(-57.527979349959,-46.875,10.5054421767014));
#6037=CARTESIAN_POINT('Ctrl Pts',(-57.5476728095662,-46.875,10.5232671949139));
#6038=CARTESIAN_POINT('Ctrl Pts',(-57.560356665958,-46.875,10.534747654706));
#6039=CARTESIAN_POINT('Ctrl Pts',(-57.572944833934,-46.875,10.5463335789844));
#6040=CARTESIAN_POINT('Ctrl Pts',(-57.5854309860238,-46.875,10.5580188871827));
#6041=CARTESIAN_POINT('Ctrl Pts',(-57.6611340307438,-46.875,10.6288664471631));
#6042=CARTESIAN_POINT('Ctrl Pts',(-57.7331459515875,-46.875,10.7034145355809));
#6043=CARTESIAN_POINT('Ctrl Pts',(-57.8011460857668,-46.875,10.78133509973));
#6044=CARTESIAN_POINT('Ctrl Pts',(-57.8521461864013,-46.875,10.8397755228418));
#6045=CARTESIAN_POINT('Ctrl Pts',(-57.9008894107622,-46.875,10.9001142076467));
#6046=CARTESIAN_POINT('Ctrl Pts',(-57.9472295588943,-46.875,10.9622308906562));
#6047=CARTESIAN_POINT('Ctrl Pts',(-57.9631417232644,-46.875,10.9835603621839));
#6048=CARTESIAN_POINT('Ctrl Pts',(-57.9787704457245,-46.875,11.0050995966467));
#6049=CARTESIAN_POINT('Ctrl Pts',(-57.9941094681188,-46.875,11.0268440925246));
#6050=CARTESIAN_POINT('Ctrl Pts',(-58.0099986441344,-46.875,11.049368482508));
#6051=CARTESIAN_POINT('Ctrl Pts',(-58.0255802503139,-46.875,11.0721183231884));
#6052=CARTESIAN_POINT('Ctrl Pts',(-58.0408285231666,-46.875,11.0950600531591));
#6053=CARTESIAN_POINT('Ctrl Pts',(-58.0972891813809,-46.875,11.1800077181987));
#6054=CARTESIAN_POINT('Ctrl Pts',(-58.1492249019094,-46.875,11.2676397400307));
#6055=CARTESIAN_POINT('Ctrl Pts',(-58.1963232138513,-46.875,11.3576713620308));
#6056=CARTESIAN_POINT('Ctrl Pts',(-58.2315074637421,-46.875,11.4249284452664));
#6057=CARTESIAN_POINT('Ctrl Pts',(-58.2639916660308,-46.875,11.4935256307414));
#6058=CARTESIAN_POINT('Ctrl Pts',(-58.2936319452669,-46.875,11.5633575159497));
#6059=CARTESIAN_POINT('Ctrl Pts',(-58.3133228409501,-46.875,11.6097488591636));
#6060=CARTESIAN_POINT('Ctrl Pts',(-58.3317583735255,-46.875,11.6566853419104));
#6061=CARTESIAN_POINT('Ctrl Pts',(-58.3489512147118,-46.875,11.7041196819008));
#6062=CARTESIAN_POINT('Ctrl Pts',(-58.3442229537458,-46.875,13.2937992825327));
#6063=CARTESIAN_POINT('Ctrl Pts',(-58.3101842369867,-46.875,13.3868509531175));
#6064=CARTESIAN_POINT('Ctrl Pts',(-58.2713791797454,-46.875,13.4778407718339));
#6065=CARTESIAN_POINT('Ctrl Pts',(-58.2281351132034,-46.875,13.5665589759038));
#6066=CARTESIAN_POINT('Ctrl Pts',(-58.1839365243557,-46.875,13.6572354487369));
#6067=CARTESIAN_POINT('Ctrl Pts',(-58.1351001845146,-46.875,13.7455395874829));
#6068=CARTESIAN_POINT('Ctrl Pts',(-58.0819300669458,-46.875,13.8312185415764));
#6069=CARTESIAN_POINT('Ctrl Pts',(-58.0313035715676,-46.875,13.9127986728938));
#6070=CARTESIAN_POINT('Ctrl Pts',(-57.9767471342907,-46.875,13.9919990038744));
#6071=CARTESIAN_POINT('Ctrl Pts',(-57.9184941493522,-46.875,14.0685694929329));
#6072=CARTESIAN_POINT('Ctrl Pts',(-57.8675227875309,-46.875,14.135568670859));
#6073=CARTESIAN_POINT('Ctrl Pts',(-57.8137205906581,-46.875,14.2005540963743));
#6074=CARTESIAN_POINT('Ctrl Pts',(-57.7572316595967,-46.875,14.2633346700262));
#6075=CARTESIAN_POINT('Ctrl Pts',(-57.7431650892217,-46.875,14.2789679514649));
#6076=CARTESIAN_POINT('Ctrl Pts',(-57.7289278472631,-46.875,14.2944685399831));
#6077=CARTESIAN_POINT('Ctrl Pts',(-57.7145447973399,-46.875,14.3098094851277));
#6078=CARTESIAN_POINT('Ctrl Pts',(-57.6466492477871,-46.875,14.3822268032076));
#6079=CARTESIAN_POINT('Ctrl Pts',(-57.5754317361085,-46.875,14.4511778951017));
#6080=CARTESIAN_POINT('Ctrl Pts',(-57.5011817543016,-46.875,14.5164216388848));
#6081=CARTESIAN_POINT('Ctrl Pts',(-57.4273405676668,-46.875,14.5813061727824));
#6082=CARTESIAN_POINT('Ctrl Pts',(-57.3504994161153,-46.875,14.6425245571097));
#6083=CARTESIAN_POINT('Ctrl Pts',(-57.2709162635971,-46.875,14.6997960152734));
#6084=CARTESIAN_POINT('Ctrl Pts',(-57.195920424168,-46.875,14.7537662457105));
#6085=CARTESIAN_POINT('Ctrl Pts',(-57.1184888501332,-46.875,14.8042314478966));
#6086=CARTESIAN_POINT('Ctrl Pts',(-57.038824726265,-46.875,14.8509150637265));
#6087=CARTESIAN_POINT('Ctrl Pts',(-56.9768868983462,-46.875,14.8872109723927));
#6088=CARTESIAN_POINT('Ctrl Pts',(-56.9135992050345,-46.875,14.921220213628));
#6089=CARTESIAN_POINT('Ctrl Pts',(-56.8490552421378,-46.875,14.9527936710763));
#6090=CARTESIAN_POINT('Ctrl Pts',(-56.8359283678623,-46.875,14.9592150432352));
#6091=CARTESIAN_POINT('Ctrl Pts',(-56.8227492226753,-46.875,14.9655356686964));
#6092=CARTESIAN_POINT('Ctrl Pts',(-56.8095322817901,-46.875,14.9717480117637));
#6093=CARTESIAN_POINT('Ctrl Pts',(-56.7232555869421,-46.875,15.0123005444385));
#6094=CARTESIAN_POINT('Ctrl Pts',(-56.6352285023392,-46.875,15.0483132327068));
#6095=CARTESIAN_POINT('Ctrl Pts',(-56.545692941814,-46.875,15.0795267755647));
#6096=CARTESIAN_POINT('Ctrl Pts',(-56.4561573812888,-46.875,15.1107403184225));
#6097=CARTESIAN_POINT('Ctrl Pts',(-56.365112624537,-46.875,15.1371551724873));
#6098=CARTESIAN_POINT('Ctrl Pts',(-56.2727907507735,-46.875,15.1584569204036));
#6099=CARTESIAN_POINT('Ctrl Pts',(-56.1799748468003,-46.875,15.1798726576331));
#6100=CARTESIAN_POINT('Ctrl Pts',(-56.0858669522196,-46.875,15.1961197100933));
#6101=CARTESIAN_POINT('Ctrl Pts',(-55.9908735993716,-46.875,15.2072725146154));
#6102=CARTESIAN_POINT('Ctrl Pts',(-55.9424074664,-46.875,15.2129627370443));
#6103=CARTESIAN_POINT('Ctrl Pts',(-55.8937110071666,-46.875,15.2173260530688));
#6104=CARTESIAN_POINT('Ctrl Pts',(-55.8448399640877,-46.875,15.2203674369642));
#6105=CARTESIAN_POINT('Ctrl Pts',(-55.8294257825355,-46.875,15.2213267052872));
#6106=CARTESIAN_POINT('Ctrl Pts',(-55.8139942453664,-46.875,15.2221544435367));
#6107=CARTESIAN_POINT('Ctrl Pts',(-55.7985471376475,-46.875,15.2228507432601));
#6108=CARTESIAN_POINT('Ctrl Pts',(-55.7847690135454,-46.875,15.2234718112409));
#6109=CARTESIAN_POINT('Ctrl Pts',(-55.7709833193976,-46.875,15.223988052415));
#6110=CARTESIAN_POINT('Ctrl Pts',(-55.7571990523313,-46.875,15.2243996178446));
#6111=CARTESIAN_POINT('Ctrl Pts',(-55.6639401655039,-46.875,15.2271841063952));
#6112=CARTESIAN_POINT('Ctrl Pts',(-55.5706378863522,-46.875,15.2251866682578));
#6113=CARTESIAN_POINT('Ctrl Pts',(-55.4776677765136,-46.875,15.2185345672966));
#6114=CARTESIAN_POINT('Ctrl Pts',(-55.3846197706162,-46.875,15.2118768927974));
#6115=CARTESIAN_POINT('Ctrl Pts',(-55.2919035151625,-46.875,15.2005563812347));
#6116=CARTESIAN_POINT('Ctrl Pts',(-55.1999079874541,-46.875,15.1846499692197));
#6117=CARTESIAN_POINT('Ctrl Pts',(-55.1092742697795,-46.875,15.1689790198627));
#6118=CARTESIAN_POINT('Ctrl Pts',(-55.0193392632639,-46.875,15.1488564847449));
#6119=CARTESIAN_POINT('Ctrl Pts',(-54.9305003854849,-46.875,15.1243130780777));
#6120=CARTESIAN_POINT('Ctrl Pts',(-54.8983827306202,-46.875,15.1154399733712));
#6121=CARTESIAN_POINT('Ctrl Pts',(-54.8664086461708,-46.875,15.1059886749036));
#6122=CARTESIAN_POINT('Ctrl Pts',(-54.8345980670455,-46.875,15.095959395997));
#6123=CARTESIAN_POINT('Ctrl Pts',(-54.8125659860804,-46.875,15.0890130941387));
#6124=CARTESIAN_POINT('Ctrl Pts',(-54.7906123519063,-46.875,15.0817895228802));
#6125=CARTESIAN_POINT('Ctrl Pts',(-54.7687439927906,-46.875,15.074288580512));
#6126=CARTESIAN_POINT('Ctrl Pts',(-54.7553474861103,-46.875,15.0696935204066));
#6127=CARTESIAN_POINT('Ctrl Pts',(-54.7419853451707,-46.875,15.0649951297924));
#6128=CARTESIAN_POINT('Ctrl Pts',(-54.7286671758677,-46.875,15.0601965064033));
#6129=CARTESIAN_POINT('Ctrl Pts',(-54.6441096655759,-46.875,15.0297298831476));
#6130=CARTESIAN_POINT('Ctrl Pts',(-54.5612266130355,-46.875,14.9951935572721));
#6131=CARTESIAN_POINT('Ctrl Pts',(-54.4803867152394,-46.875,14.956639277643));
#6132=CARTESIAN_POINT('Ctrl Pts',(-54.4200774409559,-46.875,14.9278764923309));
#6133=CARTESIAN_POINT('Ctrl Pts',(-54.3609057525314,-46.875,14.8968765543182));
#6134=CARTESIAN_POINT('Ctrl Pts',(-54.3030377088886,-46.875,14.8636473798471));
#6135=CARTESIAN_POINT('Ctrl Pts',(-54.2691299502494,-46.875,14.8441767574307));
#6136=CARTESIAN_POINT('Ctrl Pts',(-54.2356700089774,-46.875,14.8239405461152));
#6137=CARTESIAN_POINT('Ctrl Pts',(-54.2026934960537,-46.875,14.8029386710127));
#6138=CARTESIAN_POINT('Ctrl Pts',(-54.1880460218687,-46.875,14.7936100793538));
#6139=CARTESIAN_POINT('Ctrl Pts',(-54.1735013407107,-46.875,14.7841350973542));
#6140=CARTESIAN_POINT('Ctrl Pts',(-54.1590643740908,-46.875,14.7745154843068));
#6141=CARTESIAN_POINT('Ctrl Pts',(-54.0875748826914,-46.875,14.7268807378727));
#6142=CARTESIAN_POINT('Ctrl Pts',(-54.0187061643327,-46.875,14.6756910422897));
#6143=CARTESIAN_POINT('Ctrl Pts',(-53.9528129377744,-46.875,14.6209717227513));
#6144=CARTESIAN_POINT('Ctrl Pts',(-53.9085881574165,-46.875,14.5842464018905));
#6145=CARTESIAN_POINT('Ctrl Pts',(-53.8657044059718,-46.875,14.5459304485137));
#6146=CARTESIAN_POINT('Ctrl Pts',(-53.8242798019624,-46.875,14.506023929794));
#6147=CARTESIAN_POINT('Ctrl Pts',(-53.7943476706421,-46.875,14.4771887197197));
#6148=CARTESIAN_POINT('Ctrl Pts',(-53.7651775956319,-46.875,14.4475228812357));
#6149=CARTESIAN_POINT('Ctrl Pts',(-53.7367865360866,-46.875,14.417064563951));
#6150=CARTESIAN_POINT('Origin',(-70.0834234471779,-34.375,12.5));
#6151=CARTESIAN_POINT('Ctrl Pts',(64.4165765528221,-31.2975255049972,12.5013905119726));
#6152=CARTESIAN_POINT('Ctrl Pts',(64.4211516955644,-31.2970079733106,12.5894251574231));
#6153=CARTESIAN_POINT('Ctrl Pts',(64.4257268383066,-31.3004719281134,12.6774198829581));
#6154=CARTESIAN_POINT('Ctrl Pts',(64.4303019810489,-31.3080522314959,12.7650608952151));
#6155=CARTESIAN_POINT('Ctrl Pts',(64.4824943752754,-31.3945269503805,13.7648535836206));
#6156=CARTESIAN_POINT('Ctrl Pts',(64.534686769502,-32.0166962922317,14.7186146259138));
#6157=CARTESIAN_POINT('Ctrl Pts',(64.5868791637285,-32.8970832816624,15.2004903759703));
#6158=CARTESIAN_POINT('Ctrl Pts',(64.639071557955,-33.777470271093,15.6823661260267));
#6159=CARTESIAN_POINT('Ctrl Pts',(64.6912639521816,-34.9160749081028,15.6923565838466));
#6160=CARTESIAN_POINT('Ctrl Pts',(64.7434563464081,-35.8048738211902,15.226167461809));
#6161=CARTESIAN_POINT('Ctrl Pts',(64.7956487406346,-36.6936727342775,14.7599783397714));
#6162=CARTESIAN_POINT('Ctrl Pts',(64.8478411348612,-37.3326659234424,13.8176096378764));
#6163=CARTESIAN_POINT('Ctrl Pts',(64.9000335290877,-37.4367947057202,12.8194127215184));
#6164=CARTESIAN_POINT('Ctrl Pts',(64.9522259233142,-37.5409234879981,11.8212158051604));
#6165=CARTESIAN_POINT('Ctrl Pts',(65.0044183175408,-37.1101878633887,10.7671906743394));
#6166=CARTESIAN_POINT('Ctrl Pts',(65.0566107117673,-36.3367459491861,10.1276169899911));
#6167=CARTESIAN_POINT('Ctrl Pts',(65.1088031059938,-35.5633040349835,9.48804330564275));
#6168=CARTESIAN_POINT('Ctrl Pts',(65.1609955002204,-34.4471558311875,9.26292106776696));
#6169=CARTESIAN_POINT('Ctrl Pts',(65.2131878944469,-33.4862648699424,9.55266899041308));
#6170=CARTESIAN_POINT('Ctrl Pts',(65.2653802886734,-32.5253739086977,9.84241691305913));
#6171=CARTESIAN_POINT('Ctrl Pts',(65.3175726828999,-31.7197401900039,10.6470349962268));
#6172=CARTESIAN_POINT('Ctrl Pts',(65.3697650771264,-31.4287870207907,11.607558957084));
#6173=CARTESIAN_POINT('Ctrl Pts',(65.3853689023583,-31.3418015036411,11.8947243235779));
#6174=CARTESIAN_POINT('Ctrl Pts',(65.4009727275902,-31.3008189141435,12.1958247937378));
#6175=CARTESIAN_POINT('Ctrl Pts',(65.4165765528221,-31.3031720402408,12.4975503770388));
#6176=CARTESIAN_POINT('Ctrl Pts',(64.333423447177,-31.304880553212,12.4975542326389));
#6177=CARTESIAN_POINT('Ctrl Pts',(64.3683337532378,-31.3093400782545,13.1729452506632));
#6178=CARTESIAN_POINT('Ctrl Pts',(64.4032440592985,-31.5288060056293,13.8517399422005));
#6179=CARTESIAN_POINT('Ctrl Pts',(64.4381543653592,-31.9390975713651,14.3830297977859));
#6180=CARTESIAN_POINT('Ctrl Pts',(64.4903467595857,-32.5525009345284,15.1773307570224));
#6181=CARTESIAN_POINT('Ctrl Pts',(64.5425391538122,-33.5924286682514,15.6419359382214));
#6182=CARTESIAN_POINT('Ctrl Pts',(64.5947315480388,-34.593693168753,15.5705340459083));
#6183=CARTESIAN_POINT('Ctrl Pts',(64.6469239422653,-35.5949576692547,15.4991321535953));
#6184=CARTESIAN_POINT('Ctrl Pts',(64.6991163364918,-36.5575589365351,14.8917231877703));
#6185=CARTESIAN_POINT('Ctrl Pts',(64.7513087307183,-37.0526190112747,14.0188092713226));
#6186=CARTESIAN_POINT('Ctrl Pts',(64.8035011249449,-37.5476790860144,13.1458953548747));
#6187=CARTESIAN_POINT('Ctrl Pts',(64.8556935191714,-37.575197968213,12.0074764878041));
#6188=CARTESIAN_POINT('Ctrl Pts',(64.9078859133979,-37.1226237800451,11.1116740366169));
#6189=CARTESIAN_POINT('Ctrl Pts',(64.9600783076245,-36.6700495918771,10.2158715854298));
#6190=CARTESIAN_POINT('Ctrl Pts',(65.012270701851,-35.7373823333425,9.56268555012608));
#6191=CARTESIAN_POINT('Ctrl Pts',(65.0644630960775,-34.7408525871034,9.44342032787828));
#6192=CARTESIAN_POINT('Ctrl Pts',(65.1166554903041,-33.7443228408644,9.3241551056305));
#6193=CARTESIAN_POINT('Ctrl Pts',(65.1688478845306,-32.6839306069209,9.73881069643851));
#6194=CARTESIAN_POINT('Ctrl Pts',(65.2210402787571,-32.0326977354678,10.5024438226621));
#6195=CARTESIAN_POINT('Ctrl Pts',(65.2585013348971,-31.5652757764021,11.0505409896102));
#6196=CARTESIAN_POINT('Ctrl Pts',(65.2959623910371,-31.3086380340823,11.7784188562269));
#6197=CARTESIAN_POINT('Ctrl Pts',(65.3334234471771,-31.3027288159926,12.5025274655102));
#6198=CARTESIAN_POINT('Ctrl Pts',(64.125,-36.2884659966652,14.1359872033749));
#6199=CARTESIAN_POINT('Ctrl Pts',(64.1771923942265,-36.8249626169354,13.5084957180532));
#6200=CARTESIAN_POINT('Ctrl Pts',(64.2815771826796,-37.2235046961259,11.6943230369472));
#6201=CARTESIAN_POINT('Ctrl Pts',(64.4381543653592,-35.2805562877807,9.67827951723753));
#6202=CARTESIAN_POINT('Ctrl Pts',(64.5947315480388,-32.5279465121367,10.1849153038382));
#6203=CARTESIAN_POINT('Ctrl Pts',(64.7513087307183,-31.4240801299731,12.7548155109132));
#6204=CARTESIAN_POINT('Ctrl Pts',(64.907885913398,-32.9529345156349,15.0984889359723));
#6205=CARTESIAN_POINT('Ctrl Pts',(65.0644630960775,-35.750823411362,15.1230384504296));
#6206=CARTESIAN_POINT('Ctrl Pts',(65.2210402787572,-37.3210189738048,12.807359380619));
#6207=CARTESIAN_POINT('Ctrl Pts',(65.3776174614367,-36.262573942127,10.2173073876063));
#6208=CARTESIAN_POINT('Ctrl Pts',(65.5341946441164,-33.5198671553467,9.6641153584679));
#6209=CARTESIAN_POINT('Ctrl Pts',(65.6907718267959,-31.5401864459159,11.6413003505374));
#6210=CARTESIAN_POINT('Ctrl Pts',(65.8473490094756,-32.0899508966955,14.3846991973322));
#6211=CARTESIAN_POINT('Ctrl Pts',(66.003926192155,-34.6786215716054,15.4464118250167));
#6212=CARTESIAN_POINT('Ctrl Pts',(66.1605033748347,-36.9963762558406,13.8791011463067));
#6213=CARTESIAN_POINT('Ctrl Pts',(66.3170805575143,-36.9751275832321,11.081245175424));
#6214=CARTESIAN_POINT('Ctrl Pts',(66.4736577401939,-34.6338376222006,9.54931473141046));
#6215=CARTESIAN_POINT('Ctrl Pts',(66.6302349228735,-32.0615878863658,10.6502277526957));
#6216=CARTESIAN_POINT('Ctrl Pts',(66.7868121055531,-31.5535592075461,13.4016461261269));
#6217=CARTESIAN_POINT('Ctrl Pts',(66.9433892882327,-33.563028800297,15.3485652038396));
#6218=CARTESIAN_POINT('Ctrl Pts',(67.0999664709123,-36.2970428898877,14.7537188627475));
#6219=CARTESIAN_POINT('Ctrl Pts',(67.2565436535918,-37.3159745809124,12.1480209010297));
#6220=CARTESIAN_POINT('Ctrl Pts',(67.4131208362715,-35.7109028770561,9.85618107744384));
#6221=CARTESIAN_POINT('Ctrl Pts',(67.569698018951,-32.9134704619563,9.92380310664211));
#6222=CARTESIAN_POINT('Ctrl Pts',(67.7262752016307,-31.4208864332317,12.289199686751));
#6223=CARTESIAN_POINT('Ctrl Pts',(67.8828523843102,-32.5625593230687,14.8446103014756));
#6224=CARTESIAN_POINT('Ctrl Pts',(68.0394295669899,-35.3245513372001,15.3038271399405));
#6225=CARTESIAN_POINT('Ctrl Pts',(68.1438143554429,-36.5938638008445,13.9477651297825));
#6226=CARTESIAN_POINT('Ctrl Pts',(68.1960067496694,-36.8070868020352,13.1501999979747));
#6227=CARTESIAN_POINT('Ctrl Pts',(64.0179977501102,-36.4293315503422,14.2564253212268));
#6228=CARTESIAN_POINT('Ctrl Pts',(64.0701901443367,-37.0053239827105,13.5827391631691));
#6229=CARTESIAN_POINT('Ctrl Pts',(64.1745749327898,-37.4332059355891,11.6350107044139));
#6230=CARTESIAN_POINT('Ctrl Pts',(64.3311521154694,-35.3472215371691,9.47055007818875));
#6231=CARTESIAN_POINT('Ctrl Pts',(64.487729298149,-32.3919701150163,10.0144833818169));
#6232=CARTESIAN_POINT('Ctrl Pts',(64.6443064808285,-31.2068392894918,12.7735745210513));
#6233=CARTESIAN_POINT('Ctrl Pts',(64.8008836635081,-32.8482448884509,15.2897845133838));
#6234=CARTESIAN_POINT('Ctrl Pts',(64.9574608461877,-35.8521087892789,15.3161413141752));
#6235=CARTESIAN_POINT('Ctrl Pts',(65.1140380288673,-37.5378990200723,12.8299865657397));
#6236=CARTESIAN_POINT('Ctrl Pts',(65.2706152115469,-36.4015333743445,10.0492601062437));
#6237=CARTESIAN_POINT('Ctrl Pts',(65.4271923942266,-33.4569139793616,9.45534318227567));
#6238=CARTESIAN_POINT('Ctrl Pts',(65.5837695769061,-31.3314931210472,11.5780845934899));
#6239=CARTESIAN_POINT('Ctrl Pts',(65.7403467595858,-31.9217301351678,14.5234469965665));
#6240=CARTESIAN_POINT('Ctrl Pts',(65.8969239422652,-34.7009735866749,15.6633207922076));
#6241=CARTESIAN_POINT('Ctrl Pts',(66.0535011249449,-37.1893567521328,13.9806278245386));
#6242=CARTESIAN_POINT('Ctrl Pts',(66.2100783076245,-37.1665437945896,10.9767992724165));
#6243=CARTESIAN_POINT('Ctrl Pts',(66.3666554903041,-34.6528927321567,9.33209116181948));
#6244=CARTESIAN_POINT('Ctrl Pts',(66.5232326729837,-31.8912790965372,10.5140512059229));
#6245=CARTESIAN_POINT('Ctrl Pts',(66.6798098556633,-31.3458503587405,13.4680235172062));
#6246=CARTESIAN_POINT('Ctrl Pts',(66.8363870383428,-33.5032530986042,15.5582708977602));
#6247=CARTESIAN_POINT('Ctrl Pts',(66.9929642210225,-36.4385398573525,14.9196331543977));
#6248=CARTESIAN_POINT('Ctrl Pts',(67.1495414037021,-37.5324832690272,12.1221089011585));
#6249=CARTESIAN_POINT('Ctrl Pts',(67.3061185863817,-35.8092493847878,9.66154839674985));
#6250=CARTESIAN_POINT('Ctrl Pts',(67.4626957690612,-32.8058755697812,9.73414862498611));
#6251=CARTESIAN_POINT('Ctrl Pts',(67.6192729517409,-31.2034104791604,12.2736809877551));
#6252=CARTESIAN_POINT('Ctrl Pts',(67.7758501344204,-32.4291310521155,15.0172158397239));
#6253=CARTESIAN_POINT('Ctrl Pts',(67.9324273171,-35.3944554144571,15.5102393067471));
#6254=CARTESIAN_POINT('Ctrl Pts',(68.0368121055531,-36.7572121322937,14.05434671365));
#6255=CARTESIAN_POINT('Ctrl Pts',(68.0890044997796,-36.9861321859388,13.1980664261606));
#6256=CARTESIAN_POINT('Ctrl Pts',(63.9109955002203,-36.5701971040192,14.3768634390786));
#6257=CARTESIAN_POINT('Ctrl Pts',(63.9631878944469,-37.1856853484855,13.656982608285));
#6258=CARTESIAN_POINT('Ctrl Pts',(64.0675726829,-37.6429071750524,11.5756983718807));
#6259=CARTESIAN_POINT('Ctrl Pts',(64.2241498655795,-35.4138867865575,9.26282063913997));
#6260=CARTESIAN_POINT('Ctrl Pts',(64.3807270482591,-32.2559937178959,9.84405145979554));
#6261=CARTESIAN_POINT('Ctrl Pts',(64.5373042309387,-30.9895984490105,12.7923335311894));
#6262=CARTESIAN_POINT('Ctrl Pts',(64.6938814136184,-32.743555261267,15.4810800907953));
#6263=CARTESIAN_POINT('Ctrl Pts',(64.8504585962979,-35.9533941671958,15.5092441779208));
#6264=CARTESIAN_POINT('Ctrl Pts',(65.0070357789775,-37.7547790663398,12.8526137508604));
#6265=CARTESIAN_POINT('Ctrl Pts',(65.1636129616571,-36.540492806562,9.88121282488114));
#6266=CARTESIAN_POINT('Ctrl Pts',(65.3201901443368,-33.3939608033766,9.24657100608343));
#6267=CARTESIAN_POINT('Ctrl Pts',(65.4767673270162,-31.1227997961785,11.5148688364424));
#6268=CARTESIAN_POINT('Ctrl Pts',(65.633344509696,-31.7535093736402,14.6621947958008));
#6269=CARTESIAN_POINT('Ctrl Pts',(65.7899216923754,-34.7233256017445,15.8802297593986));
#6270=CARTESIAN_POINT('Ctrl Pts',(65.9464988750551,-37.3823372484251,14.0821545027705));
#6271=CARTESIAN_POINT('Ctrl Pts',(66.1030760577347,-37.357960005947,10.872353369409));
#6272=CARTESIAN_POINT('Ctrl Pts',(66.2596532404142,-34.6719478421128,9.11486759222852));
#6273=CARTESIAN_POINT('Ctrl Pts',(66.4162304230939,-31.7209703067086,10.3778746591502));
#6274=CARTESIAN_POINT('Ctrl Pts',(66.5728076057734,-31.1381415099349,13.5344009082855));
#6275=CARTESIAN_POINT('Ctrl Pts',(66.7293847884531,-33.4434773969114,15.7679765916807));
#6276=CARTESIAN_POINT('Ctrl Pts',(66.8859619711327,-36.5800368248172,15.0855474460478));
#6277=CARTESIAN_POINT('Ctrl Pts',(67.0425391538122,-37.748991957142,12.0961969012873));
#6278=CARTESIAN_POINT('Ctrl Pts',(67.1991163364919,-35.9075958925194,9.46691571605588));
#6279=CARTESIAN_POINT('Ctrl Pts',(67.3556935191714,-32.6982806776062,9.5444941433301));
#6280=CARTESIAN_POINT('Ctrl Pts',(67.5122707018511,-30.9859345250891,12.2581622887592));
#6281=CARTESIAN_POINT('Ctrl Pts',(67.6688478845306,-32.2957027811623,15.1898213779723));
#6282=CARTESIAN_POINT('Ctrl Pts',(67.8254250672103,-35.464359491714,15.7166514735537));
#6283=CARTESIAN_POINT('Ctrl Pts',(67.9298098556633,-36.9205604637428,14.1609282975175));
#6284=CARTESIAN_POINT('Ctrl Pts',(67.9820022498898,-37.1651775698423,13.2459328543464));
#6285=CARTESIAN_POINT('Ctrl Pts',(63.8039932503305,-36.7110626576963,14.4973015569305));
#6286=CARTESIAN_POINT('Ctrl Pts',(63.8561856445571,-37.3660467142606,13.7312260534008));
#6287=CARTESIAN_POINT('Ctrl Pts',(63.9605704330102,-37.8526084145156,11.5163860393475));
#6288=CARTESIAN_POINT('Ctrl Pts',(64.1171476156897,-35.4805520359459,9.05509120009119));
#6289=CARTESIAN_POINT('Ctrl Pts',(64.2737247983693,-32.1200173207754,9.67361953777422));
#6290=CARTESIAN_POINT('Ctrl Pts',(64.4303019810489,-30.7723576085292,12.8110925413274));
#6291=CARTESIAN_POINT('Ctrl Pts',(64.5868791637285,-32.638865634083,15.6723756682069));
#6292=CARTESIAN_POINT('Ctrl Pts',(64.7434563464081,-36.0546795451126,15.7023470416665));
#6293=CARTESIAN_POINT('Ctrl Pts',(64.9000335290877,-37.9716591126073,12.8752409359812));
#6294=CARTESIAN_POINT('Ctrl Pts',(65.0566107117673,-36.6794522387795,9.71316554351856));
#6295=CARTESIAN_POINT('Ctrl Pts',(65.2131878944469,-33.3310076273915,9.0377988298912));
#6296=CARTESIAN_POINT('Ctrl Pts',(65.3697650771264,-30.9141064713099,11.4516530793949));
#6297=CARTESIAN_POINT('Ctrl Pts',(65.5263422598061,-31.5852886121126,14.800942595035));
#6298=CARTESIAN_POINT('Ctrl Pts',(65.6829194424857,-34.745677616814,16.0971387265895));
#6299=CARTESIAN_POINT('Ctrl Pts',(65.8394966251653,-37.5753177447174,14.1836811810024));
#6300=CARTESIAN_POINT('Ctrl Pts',(65.9960738078449,-37.5493762173044,10.7679074664015));
#6301=CARTESIAN_POINT('Ctrl Pts',(66.1526509905244,-34.6910029520689,8.89764402263755));
#6302=CARTESIAN_POINT('Ctrl Pts',(66.3092281732041,-31.55066151688,10.2416981123774));
#6303=CARTESIAN_POINT('Ctrl Pts',(66.4658053558836,-30.9304326611293,13.6007782993648));
#6304=CARTESIAN_POINT('Ctrl Pts',(66.6223825385632,-33.3837016952186,15.9776822856012));
#6305=CARTESIAN_POINT('Ctrl Pts',(66.7789597212428,-36.721533792282,15.2514617376979));
#6306=CARTESIAN_POINT('Ctrl Pts',(66.9355369039224,-37.9655006452568,12.0702849014161));
#6307=CARTESIAN_POINT('Ctrl Pts',(67.0921140866021,-36.0059424002511,9.27228303536191));
#6308=CARTESIAN_POINT('Ctrl Pts',(67.2486912692816,-32.590685785431,9.3548396616741));
#6309=CARTESIAN_POINT('Ctrl Pts',(67.4052684519612,-30.7684585710179,12.2426435897633));
#6310=CARTESIAN_POINT('Ctrl Pts',(67.5618456346408,-32.1622745102091,15.3624269162206));
#6311=CARTESIAN_POINT('Ctrl Pts',(67.7184228173204,-35.534263568971,15.9230636403603));
#6312=CARTESIAN_POINT('Ctrl Pts',(67.8228076057735,-37.0839087951919,14.2675098813849));
#6313=CARTESIAN_POINT('Ctrl Pts',(67.875,-37.3442229537459,13.2937992825323));
#6314=CARTESIAN_POINT('Ctrl Pts',(64.125,-35.1708802769673,9.52604862549618));
#6315=CARTESIAN_POINT('Ctrl Pts',(64.125,-35.2183146135171,9.54324146316919));
#6316=CARTESIAN_POINT('Ctrl Pts',(64.125,-35.2652510923697,9.56167699183388));
#6317=CARTESIAN_POINT('Ctrl Pts',(64.125,-35.3116424312041,9.58136788317485));
#6318=CARTESIAN_POINT('Ctrl Pts',(64.125,-35.404691782244,9.62086285587258));
#6319=CARTESIAN_POINT('Ctrl Pts',(64.125,-35.4955501436186,9.66540572521521));
#6320=CARTESIAN_POINT('Ctrl Pts',(64.125,-35.5839639952264,9.71466115594519));
#6321=CARTESIAN_POINT('Ctrl Pts',(64.125,-35.6309612666573,9.7408433751944));
#6322=CARTESIAN_POINT('Ctrl Pts',(64.125,-35.6772672875689,9.76835787533621));
#6323=CARTESIAN_POINT('Ctrl Pts',(64.125,-35.7228398207677,9.79715846250818));
#6324=CARTESIAN_POINT('Ctrl Pts',(64.125,-35.7478229061862,9.81294708514809));
#6325=CARTESIAN_POINT('Ctrl Pts',(64.125,-35.772585503231,9.82912225891799));
#6326=CARTESIAN_POINT('Ctrl Pts',(64.125,-35.7971202334679,9.84567666719261));
#6327=CARTESIAN_POINT('Ctrl Pts',(64.125,-35.8129924657961,9.856386196568));
#6328=CARTESIAN_POINT('Ctrl Pts',(64.125,-35.828769221078,9.86725448779445));
#6329=CARTESIAN_POINT('Ctrl Pts',(64.125,-35.8444367130047,9.87827101474733));
#6330=CARTESIAN_POINT('Ctrl Pts',(64.125,-35.9269808033725,9.93631152311905));
#6331=CARTESIAN_POINT('Ctrl Pts',(64.125,-36.0065799815356,9.99852016176917));
#6332=CARTESIAN_POINT('Ctrl Pts',(64.125,-36.0829751955673,10.0645685328696));
#6333=CARTESIAN_POINT('Ctrl Pts',(64.125,-36.1454736744132,10.1186023198855));
#6334=CARTESIAN_POINT('Ctrl Pts',(64.125,-36.2058272948036,10.1752069234567));
#6335=CARTESIAN_POINT('Ctrl Pts',(64.125,-36.2638727217466,10.2342170608856));
#6336=CARTESIAN_POINT('Ctrl Pts',(64.125,-36.2870131906461,10.2577421225802));
#6337=CARTESIAN_POINT('Ctrl Pts',(64.125,-36.3097865816625,10.2816496142581));
#6338=CARTESIAN_POINT('Ctrl Pts',(64.125,-36.3321815684962,10.3059294601056));
#6339=CARTESIAN_POINT('Ctrl Pts',(64.125,-36.345211349471,10.3200558838379));
#6340=CARTESIAN_POINT('Ctrl Pts',(64.125,-36.3581143545084,10.3343100020132));
#6341=CARTESIAN_POINT('Ctrl Pts',(64.125,-36.3708737253084,10.3486730472401));
#6342=CARTESIAN_POINT('Ctrl Pts',(64.125,-36.4365378206677,10.4225902008535));
#6343=CARTESIAN_POINT('Ctrl Pts',(64.125,-36.4984892701893,10.4994834155218));
#6344=CARTESIAN_POINT('Ctrl Pts',(64.125,-36.5564902589684,10.5790446562116));
#6345=CARTESIAN_POINT('Ctrl Pts',(64.125,-36.6140524032174,10.6580039241416));
#6346=CARTESIAN_POINT('Ctrl Pts',(64.125,-36.6677240787635,10.7395918370865));
#6347=CARTESIAN_POINT('Ctrl Pts',(64.125,-36.717226956946,10.823529583545));
#6348=CARTESIAN_POINT('Ctrl Pts',(64.125,-36.765193062129,10.9048615570234));
#6349=CARTESIAN_POINT('Ctrl Pts',(64.125,-36.8092453664392,10.9884004781851));
#6350=CARTESIAN_POINT('Ctrl Pts',(64.125,-36.849083235204,11.0739020605028));
#6351=CARTESIAN_POINT('Ctrl Pts',(64.125,-36.8737519066771,11.1268469220133));
#6352=CARTESIAN_POINT('Ctrl Pts',(64.125,-36.8968036427432,11.1805444898396));
#6353=CARTESIAN_POINT('Ctrl Pts',(64.125,-36.9181570215083,11.2349368299546));
#6354=CARTESIAN_POINT('Ctrl Pts',(64.125,-36.923651412128,11.2489324025803));
#6355=CARTESIAN_POINT('Ctrl Pts',(64.125,-36.9290340301296,11.2629758826678));
#6356=CARTESIAN_POINT('Ctrl Pts',(64.125,-36.9343011331933,11.2770601949677));
#6357=CARTESIAN_POINT('Ctrl Pts',(64.125,-36.9669722543294,11.3644232610991));
#6358=CARTESIAN_POINT('Ctrl Pts',(64.125,-36.995104856516,11.4530904924483));
#6359=CARTESIAN_POINT('Ctrl Pts',(64.125,-37.0184585565551,11.5428115221156));
#6360=CARTESIAN_POINT('Ctrl Pts',(64.125,-37.0352365624671,11.6072698290934));
#6361=CARTESIAN_POINT('Ctrl Pts',(64.125,-37.0495470225067,11.6722724071333));
#6362=CARTESIAN_POINT('Ctrl Pts',(64.125,-37.0612842307347,11.7377284272229));
#6363=CARTESIAN_POINT('Ctrl Pts',(64.125,-37.077939061414,11.8306090262853));
#6364=CARTESIAN_POINT('Ctrl Pts',(64.125,-37.0894145085337,11.9244034828215));
#6365=CARTESIAN_POINT('Ctrl Pts',(64.125,-37.0958186070536,12.0187332152422));
#6366=CARTESIAN_POINT('Ctrl Pts',(64.125,-37.102392410057,12.1155626247793));
#6367=CARTESIAN_POINT('Ctrl Pts',(64.125,-37.1036223249601,12.2129571772803));
#6368=CARTESIAN_POINT('Ctrl Pts',(64.125,-37.0995724781422,12.3104872258613));
#6369=CARTESIAN_POINT('Ctrl Pts',(64.125,-37.0989795730836,12.3247658052154));
#6370=CARTESIAN_POINT('Ctrl Pts',(64.125,-37.098273324983,12.339047561623));
#6371=CARTESIAN_POINT('Ctrl Pts',(64.125,-37.0974549311787,12.3533160742163));
#6372=CARTESIAN_POINT('Ctrl Pts',(64.125,-37.0921541776686,12.4457335238782));
#6373=CARTESIAN_POINT('Ctrl Pts',(64.125,-37.0821474828623,12.5377510615127));
#6374=CARTESIAN_POINT('Ctrl Pts',(64.125,-37.0675756520634,12.6290175397792));
#6375=CARTESIAN_POINT('Ctrl Pts',(64.125,-37.0529983975079,12.7203179881871));
#6376=CARTESIAN_POINT('Ctrl Pts',(64.125,-37.0338521838437,12.8108677358092));
#6377=CARTESIAN_POINT('Ctrl Pts',(64.125,-37.0102287648767,12.9002983829603));
#6378=CARTESIAN_POINT('Ctrl Pts',(64.125,-36.986942842094,12.9884513783786));
#6379=CARTESIAN_POINT('Ctrl Pts',(64.125,-36.9593062393809,13.075517799782));
#6380=CARTESIAN_POINT('Ctrl Pts',(64.125,-36.927365965644,13.1611159400901));
#6381=CARTESIAN_POINT('Ctrl Pts',(64.125,-36.909628221309,13.2086520990111));
#6382=CARTESIAN_POINT('Ctrl Pts',(64.125,-36.8905625213139,13.2557348525162));
#6383=CARTESIAN_POINT('Ctrl Pts',(64.125,-36.8701721688173,13.3022935733179));
#6384=CARTESIAN_POINT('Ctrl Pts',(64.125,-36.8625114350296,13.3197858636358));
#6385=CARTESIAN_POINT('Ctrl Pts',(64.125,-36.8546614483441,13.3372087226663));
#6386=CARTESIAN_POINT('Ctrl Pts',(64.125,-36.84663544804,13.3545305784537));
#6387=CARTESIAN_POINT('Ctrl Pts',(64.125,-36.8090788052282,13.4355859891183));
#6388=CARTESIAN_POINT('Ctrl Pts',(64.125,-36.7676282246748,13.5145366401764));
#6389=CARTESIAN_POINT('Ctrl Pts',(64.125,-36.7223720294732,13.5910503967036));
#6390=CARTESIAN_POINT('Ctrl Pts',(64.125,-36.6777936944915,13.6664181083282));
#6391=CARTESIAN_POINT('Ctrl Pts',(64.125,-36.6295224119942,13.739422048934));
#6392=CARTESIAN_POINT('Ctrl Pts',(64.125,-36.5776058533598,13.8097112668724));
#6393=CARTESIAN_POINT('Ctrl Pts',(64.1250000000001,-36.5273195339025,13.8777933231685));
#6394=CARTESIAN_POINT('Ctrl Pts',(64.125,-36.473612797127,13.9433288989482));
#6395=CARTESIAN_POINT('Ctrl Pts',(64.125,-36.4165013362823,14.0059596208811));
#6396=CARTESIAN_POINT('Ctrl Pts',(64.125,-36.3755725587344,14.0508437623081));
#6397=CARTESIAN_POINT('Ctrl Pts',(64.125,-36.3328945946619,14.0942352308052));
#6398=CARTESIAN_POINT('Ctrl Pts',(64.125,-36.2884659966653,14.1359872033746));
#6399=CARTESIAN_POINT('Ctrl Pts',(65.7375833024919,-31.8588695660669,12.4979935169067));
#6400=CARTESIAN_POINT('Ctrl Pts',(65.7219794772599,-31.8569421234276,12.2508504695776));
#6401=CARTESIAN_POINT('Ctrl Pts',(65.7063756520279,-31.8905109111484,12.0042194516393));
#6402=CARTESIAN_POINT('Ctrl Pts',(65.6907718267959,-31.9617606392843,11.7690026596583));
#6403=CARTESIAN_POINT('Ctrl Pts',(65.6385794325694,-32.2000800157261,10.9822386865143));
#6404=CARTESIAN_POINT('Ctrl Pts',(65.5863870383429,-32.8599735855362,10.3231770224913));
#6405=CARTESIAN_POINT('Ctrl Pts',(65.5341946441164,-33.6470381682379,10.0858448620027));
#6406=CARTESIAN_POINT('Ctrl Pts',(65.4820022498898,-34.4341027509399,9.84851270151397));
#6407=CARTESIAN_POINT('Ctrl Pts',(65.4298098556633,-35.3483383465335,10.0329100445601));
#6408=CARTESIAN_POINT('Ctrl Pts',(65.3776174614367,-35.9818636496099,10.556784048252));
#6409=CARTESIAN_POINT('Ctrl Pts',(65.3254250672102,-36.6153889526862,11.0806580519439));
#6410=CARTESIAN_POINT('Ctrl Pts',(65.2732326729837,-36.9682039632455,11.9440087162816));
#6411=CARTESIAN_POINT('Ctrl Pts',(65.2210402787571,-36.882912208118,12.7616305600854));
#6412=CARTESIAN_POINT('Ctrl Pts',(65.1688478845306,-36.7976204529904,13.5792524038894));
#6413=CARTESIAN_POINT('Ctrl Pts',(65.1166554903041,-36.2742219321763,14.3511454271594));
#6414=CARTESIAN_POINT('Ctrl Pts',(65.0644630960775,-35.5462078558146,14.7330003530516));
#6415=CARTESIAN_POINT('Ctrl Pts',(65.012270701851,-34.8181937794531,15.1148552789438));
#6416=CARTESIAN_POINT('Ctrl Pts',(64.9600783076245,-33.8855641475439,15.106672107458));
#6417=CARTESIAN_POINT('Ctrl Pts',(64.907885913398,-33.1644402673126,14.7119682842054));
#6418=CARTESIAN_POINT('Ctrl Pts',(64.8556935191715,-32.4433163870811,14.3172644609527));
#6419=CARTESIAN_POINT('Ctrl Pts',(64.8035011249449,-31.9336982585272,13.5360399859331));
#6420=CARTESIAN_POINT('Ctrl Pts',(64.7513087307184,-31.8628669246107,12.7171110472442));
#6421=CARTESIAN_POINT('Ctrl Pts',(64.7467335879762,-31.8566579076057,12.6453244038893));
#6422=CARTESIAN_POINT('Ctrl Pts',(64.7421584452341,-31.8538205865658,12.5732480344315));
#6423=CARTESIAN_POINT('Ctrl Pts',(64.7375833024919,-31.8542444961218,12.5011389666209));
#6424=CARTESIAN_POINT('Ctrl Pts',(64.125,-33.5812007174669,9.53077704625437));
#6425=CARTESIAN_POINT('Ctrl Pts',(64.1771923942265,-32.6074901186144,9.79109120480853));
#6426=CARTESIAN_POINT('Ctrl Pts',(64.2815771826796,-30.9519362229947,11.3407353640009));
#6427=CARTESIAN_POINT('Ctrl Pts',(64.4381543653592,-31.5125732008053,14.7127255758234));
#6428=CARTESIAN_POINT('Ctrl Pts',(64.5947315480388,-34.6323564019745,16.1065411194204));
#6429=CARTESIAN_POINT('Ctrl Pts',(64.7513087307183,-37.5201602038157,14.284314221945));
#6430=CARTESIAN_POINT('Ctrl Pts',(64.907885913398,-37.6027168504116,10.8690576207334));
#6431=CARTESIAN_POINT('Ctrl Pts',(65.0644630960776,-34.804715074808,8.90949951482245));
#6432=CARTESIAN_POINT('Ctrl Pts',(65.2210402787571,-31.6235383729773,10.1534662872466));
#6433=CARTESIAN_POINT('Ctrl Pts',(65.3776174614368,-30.8973178460893,13.4912982721642));
#6434=CARTESIAN_POINT('Ctrl Pts',(65.5341946441163,-33.2742217445927,15.9445672029876));
#6435=CARTESIAN_POINT('Ctrl Pts',(65.690771826796,-36.6333017996456,15.3243383755218));
#6436=CARTESIAN_POINT('Ctrl Pts',(65.8473490094755,-37.9773558386446,12.1839970593972));
#6437=CARTESIAN_POINT('Ctrl Pts',(66.0039261921551,-36.1070924665977,9.32562390563637));
#6438=CARTESIAN_POINT('Ctrl Pts',(66.1605033748347,-32.6913188839084,9.29968237866603));
#6439=CARTESIAN_POINT('Ctrl Pts',(66.3170805575143,-30.7778614126783,12.1293223976107));
#6440=CARTESIAN_POINT('Ctrl Pts',(66.4736577401939,-32.0740574929907,15.2897112800655));
#6441=CARTESIAN_POINT('Ctrl Pts',(66.6302349228735,-35.4233468817685,15.9608933952397));
#6442=CARTESIAN_POINT('Ctrl Pts',(66.7868121055531,-37.8372010332283,13.5439923318627));
#6443=CARTESIAN_POINT('Ctrl Pts',(66.9433892882327,-37.1618343550056,10.1955478512701));
#6444=CARTESIAN_POINT('Ctrl Pts',(67.0999664709122,-33.9997590668661,8.90334102364884));
#6445=CARTESIAN_POINT('Ctrl Pts',(67.2565436535919,-31.1726531037221,10.8203205259703));
#6446=CARTESIAN_POINT('Ctrl Pts',(67.4131208362714,-31.2026244137899,14.2361342836707));
#6447=CARTESIAN_POINT('Ctrl Pts',(67.5696980189511,-34.0639075409448,16.1026422847988));
#6448=CARTESIAN_POINT('Ctrl Pts',(67.7262752016307,-37.2013802117962,14.754982497066));
#6449=CARTESIAN_POINT('Ctrl Pts',(67.8828523843103,-37.8199088045198,11.3944481092262));
#6450=CARTESIAN_POINT('Ctrl Pts',(68.0394295669898,-35.3586131587124,9.02239086846558));
#6451=CARTESIAN_POINT('Ctrl Pts',(68.1438143554429,-33.1437739465987,9.50895328573971));
#6452=CARTESIAN_POINT('Ctrl Pts',(68.1960067496694,-32.3776984430691,10.163937342304));
#6453=CARTESIAN_POINT('Ctrl Pts',(64.0179977501102,-33.6290671456529,9.70982243015791));
#6454=CARTESIAN_POINT('Ctrl Pts',(64.0701901443367,-32.7140717024819,9.95443953625764));
#6455=CARTESIAN_POINT('Ctrl Pts',(64.1745749327898,-31.1583483980411,11.4106395056001));
#6456=CARTESIAN_POINT('Ctrl Pts',(64.3311521154693,-31.6851787319969,14.5792972996824));
#6457=CARTESIAN_POINT('Ctrl Pts',(64.487729298149,-34.6168377034768,15.8890651840158));
#6458=CARTESIAN_POINT('Ctrl Pts',(64.6443064808285,-37.3305057302708,14.1767193293252));
#6459=CARTESIAN_POINT('Ctrl Pts',(64.8008836635081,-37.4080841766055,10.9674041271997));
#6460=CARTESIAN_POINT('Ctrl Pts',(64.9574608461878,-34.7788030763705,9.12600819328443));
#6461=CARTESIAN_POINT('Ctrl Pts',(65.1140380288673,-31.7894526579537,10.2949632499157));
#6462=CARTESIAN_POINT('Ctrl Pts',(65.270615211547,-31.1070235320688,13.4315225724382));
#6463=CARTESIAN_POINT('Ctrl Pts',(65.4271923942264,-33.3405991330214,15.7368583623758));
#6464=CARTESIAN_POINT('Ctrl Pts',(65.5837695769062,-36.4971252581778,15.1540295921814));
#6465=CARTESIAN_POINT('Ctrl Pts',(65.7403467595856,-37.7601322774184,12.2030521686619));
#6466=CARTESIAN_POINT('Ctrl Pts',(65.8969239422654,-36.0026465676304,9.51704010958043));
#6467=CARTESIAN_POINT('Ctrl Pts',(66.0535011249449,-32.7928455582262,9.49266286751823));
#6468=CARTESIAN_POINT('Ctrl Pts',(66.2100783076245,-30.9947703714713,12.1516744118104));
#6469=CARTESIAN_POINT('Ctrl Pts',(66.3666554903041,-32.212805286917,15.1214905250396));
#6470=CARTESIAN_POINT('Ctrl Pts',(66.5232326729837,-35.3601311270628,15.7522000784181));
#6471=CARTESIAN_POINT('Ctrl Pts',(66.6798098556633,-37.6284288652901,13.4810391583346));
#6472=CARTESIAN_POINT('Ctrl Pts',(66.8363870383429,-36.993787079762,10.3345072780575));
#6473=CARTESIAN_POINT('Ctrl Pts',(66.9929642210224,-34.0223862518151,9.12022106170006));
#6474=CARTESIAN_POINT('Ctrl Pts',(67.1495414037021,-31.3657559587008,10.9216058996009));
#6475=CARTESIAN_POINT('Ctrl Pts',(67.3061185863816,-31.393919986257,14.1314446614462));
#6476=CARTESIAN_POINT('Ctrl Pts',(67.4626957690612,-34.0826665461219,15.8854014507499));
#6477=CARTESIAN_POINT('Ctrl Pts',(67.6192729517409,-37.0309483048759,14.6190061109298));
#6478=CARTESIAN_POINT('Ctrl Pts',(67.7758501344204,-37.612179365193,11.4611133498607));
#6479=CARTESIAN_POINT('Ctrl Pts',(67.9324273171,-35.2993008745365,9.23209215116534));
#6480=CARTESIAN_POINT('Ctrl Pts',(68.0368121055531,-33.2180173917146,9.68931465151475));
#6481=CARTESIAN_POINT('Ctrl Pts',(68.0890044997796,-32.4981365609211,10.3048028959811));
#6482=CARTESIAN_POINT('Ctrl Pts',(63.9109955002204,-33.6769335738388,9.88886781406144));
#6483=CARTESIAN_POINT('Ctrl Pts',(63.9631878944469,-32.8206532863494,10.1177878677067));
#6484=CARTESIAN_POINT('Ctrl Pts',(64.0675726829,-31.3647605730874,11.4805436471993));
#6485=CARTESIAN_POINT('Ctrl Pts',(64.2241498655795,-31.8577842631885,14.4458690235414));
#6486=CARTESIAN_POINT('Ctrl Pts',(64.3807270482591,-34.6013190049791,15.6715892486113));
#6487=CARTESIAN_POINT('Ctrl Pts',(64.5373042309387,-37.1408512567258,14.0691244367053));
#6488=CARTESIAN_POINT('Ctrl Pts',(64.6938814136183,-37.2134515027995,11.065750633666));
#6489=CARTESIAN_POINT('Ctrl Pts',(64.850458596298,-34.7528910779329,9.34251687174641));
#6490=CARTESIAN_POINT('Ctrl Pts',(65.0070357789775,-31.9553669429301,10.4364602125849));
#6491=CARTESIAN_POINT('Ctrl Pts',(65.1636129616571,-31.3167292180484,13.3717468727123));
#6492=CARTESIAN_POINT('Ctrl Pts',(65.3201901443366,-33.4069765214501,15.529149521764));
#6493=CARTESIAN_POINT('Ctrl Pts',(65.4767673270163,-36.3609487167102,14.983720808841));
#6494=CARTESIAN_POINT('Ctrl Pts',(65.6333445096958,-37.5429087161922,12.2221072779266));
#6495=CARTESIAN_POINT('Ctrl Pts',(65.7899216923755,-35.898200668663,9.70845631352449));
#6496=CARTESIAN_POINT('Ctrl Pts',(65.9464988750551,-32.8943722325439,9.68564335637042));
#6497=CARTESIAN_POINT('Ctrl Pts',(66.1030760577347,-31.2116793302643,12.1740264260101));
#6498=CARTESIAN_POINT('Ctrl Pts',(66.2596532404143,-32.3515530808433,14.9532697700137));
#6499=CARTESIAN_POINT('Ctrl Pts',(66.4162304230938,-35.2969153723572,15.5435067615965));
#6500=CARTESIAN_POINT('Ctrl Pts',(66.5728076057735,-37.4196566973518,13.4180859848065));
#6501=CARTESIAN_POINT('Ctrl Pts',(66.729384788453,-36.8257398045185,10.473466704845));
#6502=CARTESIAN_POINT('Ctrl Pts',(66.8859619711326,-34.0450134367642,9.33710109975127));
#6503=CARTESIAN_POINT('Ctrl Pts',(67.0425391538122,-31.5588588136794,11.0228912732314));
#6504=CARTESIAN_POINT('Ctrl Pts',(67.1991163364918,-31.5852155587241,14.0267550392217));
#6505=CARTESIAN_POINT('Ctrl Pts',(67.3556935191714,-34.1014255512989,15.668160616701));
#6506=CARTESIAN_POINT('Ctrl Pts',(67.512270701851,-36.8605163979556,14.4830297247936));
#6507=CARTESIAN_POINT('Ctrl Pts',(67.6688478845306,-37.4044499258662,11.5277785904952));
#6508=CARTESIAN_POINT('Ctrl Pts',(67.8254250672102,-35.2399885903606,9.4417934338651));
#6509=CARTESIAN_POINT('Ctrl Pts',(67.9298098556633,-33.2922608368305,9.86967601728978));
#6510=CARTESIAN_POINT('Ctrl Pts',(67.9820022498898,-32.618574678773,10.4456684496581));
#6511=CARTESIAN_POINT('Ctrl Pts',(63.8039932503305,-33.7248000020247,10.067913197965));
#6512=CARTESIAN_POINT('Ctrl Pts',(63.8561856445571,-32.9272348702169,10.2811361991558));
#6513=CARTESIAN_POINT('Ctrl Pts',(63.9605704330102,-31.5711727481338,11.5504477887985));
#6514=CARTESIAN_POINT('Ctrl Pts',(64.1171476156897,-32.0303897943801,14.3124407474005));
#6515=CARTESIAN_POINT('Ctrl Pts',(64.2737247983693,-34.5858003064814,15.4541133132067));
#6516=CARTESIAN_POINT('Ctrl Pts',(64.4303019810489,-36.9511967831808,13.9615295440855));
#6517=CARTESIAN_POINT('Ctrl Pts',(64.5868791637285,-37.0188188289934,11.1640971401322));
#6518=CARTESIAN_POINT('Ctrl Pts',(64.7434563464081,-34.7269790794954,9.5590255502084));
#6519=CARTESIAN_POINT('Ctrl Pts',(64.9000335290877,-32.1212812279065,10.577957175254));
#6520=CARTESIAN_POINT('Ctrl Pts',(65.0566107117673,-31.5264349040279,13.3119711729863));
#6521=CARTESIAN_POINT('Ctrl Pts',(65.2131878944469,-33.4733539098787,15.3214406811522));
#6522=CARTESIAN_POINT('Ctrl Pts',(65.3697650771265,-36.2247721752424,14.8134120255006));
#6523=CARTESIAN_POINT('Ctrl Pts',(65.526342259806,-37.325685154966,12.2411623871913));
#6524=CARTESIAN_POINT('Ctrl Pts',(65.6829194424857,-35.7937547696957,9.89987251746854));
#6525=CARTESIAN_POINT('Ctrl Pts',(65.8394966251652,-32.9958989068617,9.87862384522263));
#6526=CARTESIAN_POINT('Ctrl Pts',(65.9960738078449,-31.4285882890574,12.1963784402098));
#6527=CARTESIAN_POINT('Ctrl Pts',(66.1526509905245,-32.4903008747695,14.7850490149878));
#6528=CARTESIAN_POINT('Ctrl Pts',(66.309228173204,-35.2336996176516,15.334813444775));
#6529=CARTESIAN_POINT('Ctrl Pts',(66.4658053558837,-37.2108845294135,13.3551328112784));
#6530=CARTESIAN_POINT('Ctrl Pts',(66.6223825385632,-36.6576925292749,10.6124261316325));
#6531=CARTESIAN_POINT('Ctrl Pts',(66.7789597212428,-34.0676406217132,9.55398113780249));
#6532=CARTESIAN_POINT('Ctrl Pts',(66.9355369039224,-31.751961668658,11.124176646862));
#6533=CARTESIAN_POINT('Ctrl Pts',(67.092114086602,-31.7765111311912,13.9220654169972));
#6534=CARTESIAN_POINT('Ctrl Pts',(67.2486912692816,-34.1201845564759,15.4509197826521));
#6535=CARTESIAN_POINT('Ctrl Pts',(67.4052684519612,-36.6900844910353,14.3470533386575));
#6536=CARTESIAN_POINT('Ctrl Pts',(67.5618456346408,-37.1967204865393,11.5944438311297));
#6537=CARTESIAN_POINT('Ctrl Pts',(67.7184228173204,-35.1806763061847,9.65149471656486));
#6538=CARTESIAN_POINT('Ctrl Pts',(67.8228076057735,-33.3665042819464,10.0500373830648));
#6539=CARTESIAN_POINT('Ctrl Pts',(67.875,-32.7390127966249,10.5865340033351));
#6540=CARTESIAN_POINT('Ctrl Pts',(64.125,-32.4579354824234,14.1382133369667));
#6541=CARTESIAN_POINT('Ctrl Pts',(64.125,-32.4274771645952,14.109822273017));
#6542=CARTESIAN_POINT('Ctrl Pts',(64.1249999999999,-32.3978113254415,14.0806521930985));
#6543=CARTESIAN_POINT('Ctrl Pts',(64.1249999999999,-32.3689761145655,14.0507200563278));
#6544=CARTESIAN_POINT('Ctrl Pts',(64.1249999999999,-32.3098386515008,13.9893329334682));
#6545=CARTESIAN_POINT('Ctrl Pts',(64.1249999999999,-32.2541928327124,13.9247435136879));
#6546=CARTESIAN_POINT('Ctrl Pts',(64.1249999999999,-32.202043456273,13.8573288982383));
#6547=CARTESIAN_POINT('Ctrl Pts',(64.1249999999999,-32.171811197204,13.8182470096624));
#6548=CARTESIAN_POINT('Ctrl Pts',(64.125,-32.1427545280536,13.778214753319));
#6549=CARTESIAN_POINT('Ctrl Pts',(64.125,-32.1148789775828,13.7372992701594));
#6550=CARTESIAN_POINT('Ctrl Pts',(64.125,-32.1012719451529,13.7173269899054));
#6551=CARTESIAN_POINT('Ctrl Pts',(64.125,-32.0879463985669,13.6971441940493));
#6552=CARTESIAN_POINT('Ctrl Pts',(64.125,-32.0749033003706,13.6767583504303));
#6553=CARTESIAN_POINT('Ctrl Pts',(64.125,-32.06536456952,13.6618496935668));
#6554=CARTESIAN_POINT('Ctrl Pts',(64.125,-32.0559815043713,13.6468395756013));
#6555=CARTESIAN_POINT('Ctrl Pts',(64.125,-32.0467559699918,13.631734329371));
#6556=CARTESIAN_POINT('Ctrl Pts',(64.125,-32.0001711663788,13.5554596226476));
#6557=CARTESIAN_POINT('Ctrl Pts',(64.125,-31.9575846434895,13.4767383144656));
#6558=CARTESIAN_POINT('Ctrl Pts',(64.125,-31.9190108879586,13.3959752195091));
#6559=CARTESIAN_POINT('Ctrl Pts',(64.125,-31.8859704290739,13.3267973631766));
#6560=CARTESIAN_POINT('Ctrl Pts',(64.125,-31.8558744674532,13.2561204044666));
#6561=CARTESIAN_POINT('Ctrl Pts',(64.125,-31.8287535186533,13.1841770459405));
#6562=CARTESIAN_POINT('Ctrl Pts',(64.125,-31.8216987549661,13.1654629737666));
#6563=CARTESIAN_POINT('Ctrl Pts',(64.1249999999999,-31.8148454028472,13.1466631252119));
#6564=CARTESIAN_POINT('Ctrl Pts',(64.1249999999999,-31.8081942402052,13.1277814256269));
#6565=CARTESIAN_POINT('Ctrl Pts',(64.1249999999999,-31.8029976840169,13.1130291457467));
#6566=CARTESIAN_POINT('Ctrl Pts',(64.125,-31.7979249152586,13.098227705675));
#6567=CARTESIAN_POINT('Ctrl Pts',(64.125,-31.7929802726527,13.0833915741784));
#6568=CARTESIAN_POINT('Ctrl Pts',(64.125,-31.7638941048549,12.9961201079524));
#6569=CARTESIAN_POINT('Ctrl Pts',(64.1249999999999,-31.7391981876609,12.9075388026258));
#6570=CARTESIAN_POINT('Ctrl Pts',(64.1249999999999,-31.7189027501666,12.8180594519557));
#6571=CARTESIAN_POINT('Ctrl Pts',(64.1249999999999,-31.6982645123301,12.7270687491884));
#6572=CARTESIAN_POINT('Ctrl Pts',(64.1249999999999,-31.6821762020516,12.6351485917573));
#6573=CARTESIAN_POINT('Ctrl Pts',(64.1249999999999,-31.6706903130907,12.5426983049505));
#6574=CARTESIAN_POINT('Ctrl Pts',(64.1249999999999,-31.6609458926076,12.4642651534991));
#6575=CARTESIAN_POINT('Ctrl Pts',(64.125,-31.6545146595093,12.3854495545551));
#6576=CARTESIAN_POINT('Ctrl Pts',(64.125,-31.6514553010354,12.3064837360419));
#6577=CARTESIAN_POINT('Ctrl Pts',(64.125,-31.64916078218,12.247259372157));
#6578=CARTESIAN_POINT('Ctrl Pts',(64.125,-31.6487634303131,12.1879502568075));
#6579=CARTESIAN_POINT('Ctrl Pts',(64.125,-31.6502979155906,12.1286527186034));
#6580=CARTESIAN_POINT('Ctrl Pts',(64.125,-31.6506741585555,12.1141134578427));
#6581=CARTESIAN_POINT('Ctrl Pts',(64.125,-31.6511665834208,12.0995748912915));
#6582=CARTESIAN_POINT('Ctrl Pts',(64.125,-31.6517757840706,12.0850384383447));
#6583=CARTESIAN_POINT('Ctrl Pts',(64.125,-31.6523752088664,12.0707352521258));
#6584=CARTESIAN_POINT('Ctrl Pts',(64.1249999999999,-31.6530873495575,12.056442741208));
#6585=CARTESIAN_POINT('Ctrl Pts',(64.1249999999999,-31.6539121275774,12.0421658447788));
#6586=CARTESIAN_POINT('Ctrl Pts',(64.1249999999999,-31.6594525215982,11.9462616988027));
#6587=CARTESIAN_POINT('Ctrl Pts',(64.125,-31.6700738043103,11.8510125629745));
#6588=CARTESIAN_POINT('Ctrl Pts',(64.125,-31.6858232661781,11.7568347605205));
#6589=CARTESIAN_POINT('Ctrl Pts',(64.125,-31.6945007908426,11.7049453556312));
#6590=CARTESIAN_POINT('Ctrl Pts',(64.1249999999999,-31.7047359133139,11.6533807694419));
#6591=CARTESIAN_POINT('Ctrl Pts',(64.1249999999999,-31.7165430247038,11.6022086947884));
#6592=CARTESIAN_POINT('Ctrl Pts',(64.1249999999999,-31.7372906671795,11.5122883176029));
#6593=CARTESIAN_POINT('Ctrl Pts',(64.125,-31.762889105356,11.4235795067784));
#6594=CARTESIAN_POINT('Ctrl Pts',(64.125,-31.7930471292139,11.3362966315987));
#6595=CARTESIAN_POINT('Ctrl Pts',(64.125,-31.8107638864519,11.2850210732969));
#6596=CARTESIAN_POINT('Ctrl Pts',(64.125,-31.8300552411171,11.2342376569369));
#6597=CARTESIAN_POINT('Ctrl Pts',(64.125,-31.8508702803543,11.1839910382758));
#6598=CARTESIAN_POINT('Ctrl Pts',(64.125,-31.8642631111107,11.1516613149379));
#6599=CARTESIAN_POINT('Ctrl Pts',(64.125,-31.8782868514036,11.119553843091));
#6600=CARTESIAN_POINT('Ctrl Pts',(64.125,-31.8929291545039,11.0876808719766));
#6601=CARTESIAN_POINT('Ctrl Pts',(64.125,-31.8995280776192,11.0733165138287));
#6602=CARTESIAN_POINT('Ctrl Pts',(64.125,-31.9062526483232,11.0589997890542));
#6603=CARTESIAN_POINT('Ctrl Pts',(64.125,-31.9131017964846,11.0447318423041));
#6604=CARTESIAN_POINT('Ctrl Pts',(64.125,-31.9198476795343,11.0306790144387));
#6605=CARTESIAN_POINT('Ctrl Pts',(64.125,-31.926711380678,11.016679921932));
#6606=CARTESIAN_POINT('Ctrl Pts',(64.125,-31.9336878377205,11.0027427283153));
#6607=CARTESIAN_POINT('Ctrl Pts',(64.125,-31.9766445218433,10.9169261569373));
#6608=CARTESIAN_POINT('Ctrl Pts',(64.125,-32.0239122700866,10.8333713209078));
#6609=CARTESIAN_POINT('Ctrl Pts',(64.125,-32.0751475249049,10.7523018868034));
#6610=CARTESIAN_POINT('Ctrl Pts',(64.125,-32.1273546352321,10.669694687806));
#6611=CARTESIAN_POINT('Ctrl Pts',(64.125,-32.1836815184866,10.589667346494));
#6612=CARTESIAN_POINT('Ctrl Pts',(64.125,-32.2438195468609,10.5124651121881));
#6613=CARTESIAN_POINT('Ctrl Pts',(64.125,-32.3044557851504,10.4346233005692));
#6614=CARTESIAN_POINT('Ctrl Pts',(64.125,-32.3689670360986,10.3596528126285));
#6615=CARTESIAN_POINT('Ctrl Pts',(64.125,-32.4370860861123,10.2878251946424));
#6616=CARTESIAN_POINT('Ctrl Pts',(64.125,-32.4767855145441,10.2459644320643));
#6617=CARTESIAN_POINT('Ctrl Pts',(64.125,-32.5177112133954,10.2051715798504));
#6618=CARTESIAN_POINT('Ctrl Pts',(64.125,-32.5598169190179,10.1655051567173));
#6619=CARTESIAN_POINT('Ctrl Pts',(64.125,-32.5707694242463,10.1551871558588));
#6620=CARTESIAN_POINT('Ctrl Pts',(64.125,-32.5818038084022,10.1449435566488));
#6621=CARTESIAN_POINT('Ctrl Pts',(64.125,-32.5929126373596,10.1347815196578));
#6622=CARTESIAN_POINT('Ctrl Pts',(64.125,-32.6679700798934,10.0661211315639));
#6623=CARTESIAN_POINT('Ctrl Pts',(64.125,-32.7462522927477,10.0013351027019));
#6624=CARTESIAN_POINT('Ctrl Pts',(64.125,-32.8274257220255,9.94067508951707));
#6625=CARTESIAN_POINT('Ctrl Pts',(64.125,-32.90884136537,9.87983407241739));
#6626=CARTESIAN_POINT('Ctrl Pts',(64.125,-32.9931660685603,9.8231429404635));
#6627=CARTESIAN_POINT('Ctrl Pts',(64.125,-33.0801095891053,9.77088050831353));
#6628=CARTESIAN_POINT('Ctrl Pts',(64.125,-33.1654200510125,9.71959972051982));
#6629=CARTESIAN_POINT('Ctrl Pts',(64.125,-33.2532525430572,9.67258218601022));
#6630=CARTESIAN_POINT('Ctrl Pts',(64.125,-33.3433680348776,9.63012566549666));
#6631=CARTESIAN_POINT('Ctrl Pts',(64.125,-33.4209962922717,9.59355231239271));
#6632=CARTESIAN_POINT('Ctrl Pts',(64.125,-33.5003194379032,9.5603637796131));
#6633=CARTESIAN_POINT('Ctrl Pts',(64.125,-33.5812007174669,9.53077704625437));
#6634=CARTESIAN_POINT('Ctrl Pts',(65.012416697508,-31.8585065216402,12.5020702438397));
#6635=CARTESIAN_POINT('Ctrl Pts',(65.0271480355944,-31.8566031286755,12.7353097709861));
#6636=CARTESIAN_POINT('Ctrl Pts',(65.0418793736809,-31.8864585562471,12.9680718607625));
#6637=CARTESIAN_POINT('Ctrl Pts',(65.0566107117673,-31.9500624589828,13.1912137580586));
#6638=CARTESIAN_POINT('Ctrl Pts',(65.1088031059938,-32.1754079059782,13.9817943423749));
#6639=CARTESIAN_POINT('Ctrl Pts',(65.1609955002203,-32.8243809079284,14.6516175117635));
#6640=CARTESIAN_POINT('Ctrl Pts',(65.2131878944469,-33.6074371197975,14.9018576538493));
#6641=CARTESIAN_POINT('Ctrl Pts',(65.2653802886734,-34.3904933316666,15.152097795935));
#6642=CARTESIAN_POINT('Ctrl Pts',(65.3175726829,-35.3076327534546,14.9827549107178));
#6643=CARTESIAN_POINT('Ctrl Pts',(65.3697650771265,-35.9496879609692,14.4693751950576));
#6644=CARTESIAN_POINT('Ctrl Pts',(65.421957471353,-36.5917431684836,13.9559954793975));
#6645=CARTESIAN_POINT('Ctrl Pts',(65.4741498655795,-36.9587141617248,13.0985789332944));
#6646=CARTESIAN_POINT('Ctrl Pts',(65.5263422598061,-36.886877927467,12.2796556819558));
#6647=CARTESIAN_POINT('Ctrl Pts',(65.5785346540326,-36.8150416932092,11.4607324306171));
#6648=CARTESIAN_POINT('Ctrl Pts',(65.6307270482592,-36.3043982314524,10.6803024740428));
#6649=CARTESIAN_POINT('Ctrl Pts',(65.6829194424857,-35.5827671901016,10.2865460503813));
#6650=CARTESIAN_POINT('Ctrl Pts',(65.7351118367122,-34.8611361487509,9.89278962671986));
#6651=CARTESIAN_POINT('Ctrl Pts',(65.7873042309387,-33.9285175278061,9.88570673597126));
#6652=CARTESIAN_POINT('Ctrl Pts',(65.8394966251653,-33.200989781033,10.2684577230949));
#6653=CARTESIAN_POINT('Ctrl Pts',(65.8916890193918,-32.4734620342602,10.6512087102185));
#6654=CARTESIAN_POINT('Ctrl Pts',(65.9438814136183,-31.9510251616588,11.4237935752141));
#6655=CARTESIAN_POINT('Ctrl Pts',(65.9960738078449,-31.8667588229768,12.2415311035082));
#6656=CARTESIAN_POINT('Ctrl Pts',(66.0015214377326,-31.857963445184,12.3268832216751));
#6657=CARTESIAN_POINT('Ctrl Pts',(66.0069690676203,-31.8539416442241,12.4127272481079));
#6658=CARTESIAN_POINT('Ctrl Pts',(66.012416697508,-31.8545138829197,12.4986254305342));
#6659=CARTESIAN_POINT('Origin',(64.125,42.875,8.5));
#6660=CARTESIAN_POINT('',(64.125,-43.125,8.5));
#6661=CARTESIAN_POINT('',(64.125,43.125,8.5));
#6662=CARTESIAN_POINT('',(64.125,21.4375,8.5));
#6663=CARTESIAN_POINT('',(64.125,-43.125,8.5));
#6664=CARTESIAN_POINT('',(64.125,43.125,8.5));
#6665=CARTESIAN_POINT('Ctrl Pts',(64.125,33.5791196079409,9.52604907349172));
#6666=CARTESIAN_POINT('Ctrl Pts',(64.125,33.5316852617351,9.54324192102326));
#6667=CARTESIAN_POINT('Ctrl Pts',(64.125,33.4847487719536,9.56167746066237));
#6668=CARTESIAN_POINT('Ctrl Pts',(64.125,33.4383574208281,9.5813683641888));
#6669=CARTESIAN_POINT('Ctrl Pts',(64.125,33.3453080444032,9.62086336163821));
#6670=CARTESIAN_POINT('Ctrl Pts',(64.125,33.2544496521934,9.66540626068457));
#6671=CARTESIAN_POINT('Ctrl Pts',(64.125,33.1660357657819,9.71466172461388));
#6672=CARTESIAN_POINT('Ctrl Pts',(64.125,33.1190384762638,9.74084396128043));
#6673=CARTESIAN_POINT('Ctrl Pts',(64.125,33.072732436132,9.76835847980382));
#6674=CARTESIAN_POINT('Ctrl Pts',(64.125,33.027159882799,9.79715908610537));
#6675=CARTESIAN_POINT('Ctrl Pts',(64.125,33.0021767981904,9.81294771174479));
#6676=CARTESIAN_POINT('Ctrl Pts',(64.125,32.9774142014726,9.82912288837197));
#6677=CARTESIAN_POINT('Ctrl Pts',(64.125,32.9528794711045,9.84567729933663));
#6678=CARTESIAN_POINT('Ctrl Pts',(64.125,32.9370072313274,9.8563868354211));
#6679=CARTESIAN_POINT('Ctrl Pts',(64.125,32.9212304684795,9.86725513344319));
#6680=CARTESIAN_POINT('Ctrl Pts',(64.125,32.9055629689009,9.87827166725349));
#6681=CARTESIAN_POINT('Ctrl Pts',(64.125,32.823018838159,9.93631221179586));
#6682=CARTESIAN_POINT('Ctrl Pts',(64.125,32.7434196171685,9.99852088838919));
#6683=CARTESIAN_POINT('Ctrl Pts',(64.125,32.6670243593231,10.0645692977555));
#6684=CARTESIAN_POINT('Ctrl Pts',(64.125,32.6045258425991,10.1186031178353));
#6685=CARTESIAN_POINT('Ctrl Pts',(64.125,32.5441721838102,10.1752077548536));
#6686=CARTESIAN_POINT('Ctrl Pts',(64.125,32.4861267187768,10.2342179252909));
#6687=CARTESIAN_POINT('Ctrl Pts',(64.125,32.46298626405,10.257742970299));
#6688=CARTESIAN_POINT('Ctrl Pts',(64.125,32.4402128863236,10.2816504442506));
#6689=CARTESIAN_POINT('Ctrl Pts',(64.125,32.4178179119081,10.3059302713164));
#6690=CARTESIAN_POINT('Ctrl Pts',(64.125,32.4047880943891,10.3200567315745));
#6691=CARTESIAN_POINT('Ctrl Pts',(64.125,32.3918850533361,10.3343108868062));
#6692=CARTESIAN_POINT('Ctrl Pts',(64.125,32.3791256471668,10.3486739694961));
#6693=CARTESIAN_POINT('Ctrl Pts',(64.125,32.3134615103806,10.4225911576403));
#6694=CARTESIAN_POINT('Ctrl Pts',(64.125,32.251510020449,10.4994844050059));
#6695=CARTESIAN_POINT('Ctrl Pts',(64.125,32.1935089936549,10.5790456752012));
#6696=CARTESIAN_POINT('Ctrl Pts',(64.125,32.1359468199281,10.6580049610974));
#6697=CARTESIAN_POINT('Ctrl Pts',(64.125,32.0822751161476,10.7395928881133));
#6698=CARTESIAN_POINT('Ctrl Pts',(64.125,32.0327722122289,10.8235306434963));
#6699=CARTESIAN_POINT('Ctrl Pts',(64.125,31.9848060945984,10.9048626044445));
#6700=CARTESIAN_POINT('Ctrl Pts',(64.125,31.9407537781479,10.9884015070972));
#6701=CARTESIAN_POINT('Ctrl Pts',(64.125,31.9009158984825,11.0739030639063));
#6702=CARTESIAN_POINT('Ctrl Pts',(64.125,31.8762472018271,11.1268479491813));
#6703=CARTESIAN_POINT('Ctrl Pts',(64.125,31.8531954434691,11.1805455392114));
#6704=CARTESIAN_POINT('Ctrl Pts',(64.125,31.8318420457085,11.234937899581));
#6705=CARTESIAN_POINT('Ctrl Pts',(64.125,31.8263476432334,11.2489334951668));
#6706=CARTESIAN_POINT('Ctrl Pts',(64.125,31.8209650138896,11.2629769981746));
#6707=CARTESIAN_POINT('Ctrl Pts',(64.125,31.8156978999753,11.2770613334416));
#6708=CARTESIAN_POINT('Ctrl Pts',(64.125,31.7830267736133,11.3644243760337));
#6709=CARTESIAN_POINT('Ctrl Pts',(64.125,31.754894169418,11.4530915766351));
#6710=CARTESIAN_POINT('Ctrl Pts',(64.125,31.7315404716063,11.5428125673257));
#6711=CARTESIAN_POINT('Ctrl Pts',(64.125,31.7147624467066,11.6072709253969));
#6712=CARTESIAN_POINT('Ctrl Pts',(64.125,31.7004519759185,11.6722735516168));
#6713=CARTESIAN_POINT('Ctrl Pts',(64.125,31.6887147659605,11.7377296162333));
#6714=CARTESIAN_POINT('Ctrl Pts',(64.125,31.6720599506686,11.8306101789756));
#6715=CARTESIAN_POINT('Ctrl Pts',(64.125,31.6605845260012,11.9244045898787));
#6716=CARTESIAN_POINT('Ctrl Pts',(64.125,31.6541804551537,12.0187342695734));
#6717=CARTESIAN_POINT('Ctrl Pts',(64.125,31.6476066793669,12.1155636425031));
#6718=CARTESIAN_POINT('Ctrl Pts',(64.125,31.6463767991169,12.2129581511217));
#6719=CARTESIAN_POINT('Ctrl Pts',(64.125,31.6504266859691,12.3104881507298));
#6720=CARTESIAN_POINT('Ctrl Pts',(64.125,31.651019597382,12.3247667347931));
#6721=CARTESIAN_POINT('Ctrl Pts',(64.125,31.6517258521418,12.3390484958202));
#6722=CARTESIAN_POINT('Ctrl Pts',(64.125,31.6525442528941,12.3533170129149));
#6723=CARTESIAN_POINT('Ctrl Pts',(64.125,31.6578450464001,12.4457344044434));
#6724=CARTESIAN_POINT('Ctrl Pts',(64.125,31.6678517844884,12.5377518799418));
#6725=CARTESIAN_POINT('Ctrl Pts',(64.125,31.6824236600403,12.629018294156));
#6726=CARTESIAN_POINT('Ctrl Pts',(64.125,31.6970009640747,12.7203187079835));
#6727=CARTESIAN_POINT('Ctrl Pts',(64.125,31.7161472316432,12.8108684186202));
#6728=CARTESIAN_POINT('Ctrl Pts',(64.125,31.739770707034,12.9002990281077));
#6729=CARTESIAN_POINT('Ctrl Pts',(64.125,31.7630566926011,12.9884520135316));
#6730=CARTESIAN_POINT('Ctrl Pts',(64.125,31.7906933632267,13.0755184236119));
#6731=CARTESIAN_POINT('Ctrl Pts',(64.125,31.8226337081366,13.1611165525878));
#6732=CARTESIAN_POINT('Ctrl Pts',(64.125,31.8403715016411,13.2086527310614));
#6733=CARTESIAN_POINT('Ctrl Pts',(64.125,31.8594372532557,13.2557355036245));
#6734=CARTESIAN_POINT('Ctrl Pts',(64.125,31.8798276594955,13.3022942430972));
#6735=CARTESIAN_POINT('Ctrl Pts',(64.125,31.8874883565686,13.3197864104924));
#6736=CARTESIAN_POINT('Ctrl Pts',(64.125,31.8953383040101,13.3372091475289));
#6737=CARTESIAN_POINT('Ctrl Pts',(64.125,31.903364262677,13.3545308827157));
#6738=CARTESIAN_POINT('Ctrl Pts',(64.125,31.9409209657857,13.4355862796765));
#6739=CARTESIAN_POINT('Ctrl Pts',(64.125,31.982371607245,13.5145369186475));
#6740=CARTESIAN_POINT('Ctrl Pts',(64.125,32.0276278621429,13.5910506660901));
#6741=CARTESIAN_POINT('Ctrl Pts',(64.125,32.0722062652496,13.666418384528));
#6742=CARTESIAN_POINT('Ctrl Pts',(64.125,32.1204776162457,13.7394223338718));
#6743=CARTESIAN_POINT('Ctrl Pts',(64.125,32.1723942419891,13.8097115635799));
#6744=CARTESIAN_POINT('Ctrl Pts',(64.125,32.2226806360804,13.8777936443174));
#6745=CARTESIAN_POINT('Ctrl Pts',(64.125,32.2763874474992,13.9433292464083));
#6746=CARTESIAN_POINT('Ctrl Pts',(64.125,32.333498981359,14.0059599973107));
#6747=CARTESIAN_POINT('Ctrl Pts',(64.125,32.37442766645,14.0508440007238));
#6748=CARTESIAN_POINT('Ctrl Pts',(64.125,32.4171055248574,14.094235343124));
#6749=CARTESIAN_POINT('Ctrl Pts',(64.125,32.4615340033347,14.1359872033746));
#6750=CARTESIAN_POINT('Ctrl Pts',(64.125,36.292064371326,14.1382129379582));
#6751=CARTESIAN_POINT('Ctrl Pts',(64.125,36.3225226908686,14.1098218601304));
#6752=CARTESIAN_POINT('Ctrl Pts',(64.125,36.3521885321334,14.0806517647454));
#6753=CARTESIAN_POINT('Ctrl Pts',(64.125,36.3810237455379,14.0507196107967));
#6754=CARTESIAN_POINT('Ctrl Pts',(64.125,36.440161193017,13.9893324742689));
#6755=CARTESIAN_POINT('Ctrl Pts',(64.125,36.4958070004229,13.9247430358805));
#6756=CARTESIAN_POINT('Ctrl Pts',(64.125,36.5479563693124,13.8573283984367));
#6757=CARTESIAN_POINT('Ctrl Pts',(64.125,36.5781886357681,13.8182464819033));
#6758=CARTESIAN_POINT('Ctrl Pts',(64.125,36.6072453126801,13.7782141957236));
#6759=CARTESIAN_POINT('Ctrl Pts',(64.125,36.6351208712178,13.737298681224));
#6760=CARTESIAN_POINT('Ctrl Pts',(64.125,36.6487278217182,13.717326511707));
#6761=CARTESIAN_POINT('Ctrl Pts',(64.125,36.6620532899998,13.6971438288861));
#6762=CARTESIAN_POINT('Ctrl Pts',(64.125,36.6750963135279,13.6767581005026));
#6763=CARTESIAN_POINT('Ctrl Pts',(64.125,36.6846351301931,13.6618493084408));
#6764=CARTESIAN_POINT('Ctrl Pts',(64.125,36.6940182787779,13.6468390530545));
#6765=CARTESIAN_POINT('Ctrl Pts',(64.125,36.7032438938785,13.6317336678046));
#6766=CARTESIAN_POINT('Ctrl Pts',(64.125,36.7498287039962,13.5554589158292));
#6767=CARTESIAN_POINT('Ctrl Pts',(64.125,36.7924152357208,13.4767375596729));
#6768=CARTESIAN_POINT('Ctrl Pts',(64.125,36.8309890020272,13.3959744159491));
#6769=CARTESIAN_POINT('Ctrl Pts',(64.125,36.8640294779023,13.3267965015966));
#6770=CARTESIAN_POINT('Ctrl Pts',(64.125,36.8941254565552,13.2561194835791));
#6771=CARTESIAN_POINT('Ctrl Pts',(64.125,36.9212464221855,13.1841760658045));
#6772=CARTESIAN_POINT('Ctrl Pts',(64.125,36.928301135608,13.1654621231687));
#6773=CARTESIAN_POINT('Ctrl Pts',(64.125,36.9351544405685,13.1466624054847));
#6774=CARTESIAN_POINT('Ctrl Pts',(64.125,36.9418055591724,13.1277808380356));
#6775=CARTESIAN_POINT('Ctrl Pts',(64.125,36.9470021343768,13.1130285097326));
#6776=CARTESIAN_POINT('Ctrl Pts',(64.125,36.9520749216056,13.0982270207285));
#6777=CARTESIAN_POINT('Ctrl Pts',(64.125,36.9570195820035,13.0833908401743));
#6778=CARTESIAN_POINT('Ctrl Pts',(64.125,36.9861057737445,12.996119327558));
#6779=CARTESIAN_POINT('Ctrl Pts',(64.125,37.0108017164145,12.9075379771886));
#6780=CARTESIAN_POINT('Ctrl Pts',(64.125,37.0310971805723,12.8180585848065));
#6781=CARTESIAN_POINT('Ctrl Pts',(64.125,37.0517354488028,12.7270678251601));
#6782=CARTESIAN_POINT('Ctrl Pts',(64.125,37.067823789258,12.6351476139969));
#6783=CARTESIAN_POINT('Ctrl Pts',(64.125,37.079309707835,12.5426972788387));
#6784=CARTESIAN_POINT('Ctrl Pts',(64.125,37.0890541586876,12.4642640441593));
#6785=CARTESIAN_POINT('Ctrl Pts',(64.125,37.0954854181891,12.385448365445));
#6786=CARTESIAN_POINT('Ctrl Pts',(64.125,37.0985447987948,12.3064824723582));
#6787=CARTESIAN_POINT('Ctrl Pts',(64.125,37.100839334249,12.2472580525431));
#6788=CARTESIAN_POINT('Ctrl Pts',(64.125,37.1012367003113,12.1879488841853));
#6789=CARTESIAN_POINT('Ctrl Pts',(64.125,37.0997022266753,12.1286512966352));
#6790=CARTESIAN_POINT('Ctrl Pts',(64.125,37.0993259902529,12.1141121662939));
#6791=CARTESIAN_POINT('Ctrl Pts',(64.125,37.0988335740541,12.0995737303685));
#6792=CARTESIAN_POINT('Ctrl Pts',(64.125,37.0982243842099,12.0850374082237));
#6793=CARTESIAN_POINT('Ctrl Pts',(64.125,37.0976249564877,12.0707340271738));
#6794=CARTESIAN_POINT('Ctrl Pts',(64.125,37.0969128098022,12.0564413213054));
#6795=CARTESIAN_POINT('Ctrl Pts',(64.125,37.0960880227548,12.0421642308574));
#6796=CARTESIAN_POINT('Ctrl Pts',(64.125,37.09054764177,11.9462600569367));
#6797=CARTESIAN_POINT('Ctrl Pts',(64.125,37.079926369921,11.8510109039038));
#6798=CARTESIAN_POINT('Ctrl Pts',(64.125,37.0641769163183,11.7568330973037));
#6799=CARTESIAN_POINT('Ctrl Pts',(64.125,37.0554993911539,11.7049436599099));
#6800=CARTESIAN_POINT('Ctrl Pts',(64.1249999999999,37.0452642655803,11.6533790455586));
#6801=CARTESIAN_POINT('Ctrl Pts',(64.1249999999999,37.033457148386,11.6022069475968));
#6802=CARTESIAN_POINT('Ctrl Pts',(64.1249999999999,37.0127095126994,11.5122866030821));
#6803=CARTESIAN_POINT('Ctrl Pts',(64.125,36.9871110809154,11.4235778379186));
#6804=CARTESIAN_POINT('Ctrl Pts',(64.125,36.9569530633094,11.3362950184646));
#6805=CARTESIAN_POINT('Ctrl Pts',(64.125,36.9392363060768,11.2850194822854));
#6806=CARTESIAN_POINT('Ctrl Pts',(64.125,36.9199449507169,11.2342360917286));
#6807=CARTESIAN_POINT('Ctrl Pts',(64.125,36.8991299101702,11.1839895020059));
#6808=CARTESIAN_POINT('Ctrl Pts',(64.125,36.8857370887732,11.1516598219145));
#6809=CARTESIAN_POINT('Ctrl Pts',(64.125,36.8717133585463,11.1195523942741));
#6810=CARTESIAN_POINT('Ctrl Pts',(64.125,36.8570710662127,11.0876794681548));
#6811=CARTESIAN_POINT('Ctrl Pts',(64.125,36.8504721936743,11.0733152298173));
#6812=CARTESIAN_POINT('Ctrl Pts',(64.125,36.8437476754311,11.0589986243537));
#6813=CARTESIAN_POINT('Ctrl Pts',(64.125,36.8368985815914,11.0447307963747));
#6814=CARTESIAN_POINT('Ctrl Pts',(64.125,36.8301526335767,11.0306778387015));
#6815=CARTESIAN_POINT('Ctrl Pts',(64.125,36.8232888649178,11.0166786173017));
#6816=CARTESIAN_POINT('Ctrl Pts',(64.125,36.8163123381576,11.0027412963424));
#6817=CARTESIAN_POINT('Ctrl Pts',(64.125,36.7733556584345,10.9169248072465));
#6818=CARTESIAN_POINT('Ctrl Pts',(64.125,36.7260879149803,10.8333700598384));
#6819=CARTESIAN_POINT('Ctrl Pts',(64.125,36.6748526655894,10.752300717521));
#6820=CARTESIAN_POINT('Ctrl Pts',(64.125,36.622645560155,10.6696936110429));
#6821=CARTESIAN_POINT('Ctrl Pts',(64.125,36.5663186823555,10.5896663656057));
#6822=CARTESIAN_POINT('Ctrl Pts',(64.125,36.5061806602917,10.5124642273146));
#6823=CARTESIAN_POINT('Ctrl Pts',(64.125,36.4455444182354,10.4346224995019));
#6824=CARTESIAN_POINT('Ctrl Pts',(64.1249999999999,36.3810331630958,10.359652096474));
#6825=CARTESIAN_POINT('Ctrl Pts',(64.1249999999999,36.3129141089203,10.2878245613951));
#6826=CARTESIAN_POINT('Ctrl Pts',(64.1249999999999,36.2732146726564,10.245963841434));
#6827=CARTESIAN_POINT('Ctrl Pts',(64.1249999999999,36.2322889656497,10.2051710314477));
#6828=CARTESIAN_POINT('Ctrl Pts',(64.1249999999999,36.190183251655,10.1655046495567));
#6829=CARTESIAN_POINT('Ctrl Pts',(64.1249999999999,36.1792307534312,10.1551866680765));
#6830=CARTESIAN_POINT('Ctrl Pts',(64.125,36.1681963764335,10.1449430880836));
#6831=CARTESIAN_POINT('Ctrl Pts',(64.125,36.1570875546558,10.1347810700079));
#6832=CARTESIAN_POINT('Ctrl Pts',(64.125,36.0820301147925,10.0661207677837));
#6833=CARTESIAN_POINT('Ctrl Pts',(64.125,36.0037479055323,10.0013348191675));
#6834=CARTESIAN_POINT('Ctrl Pts',(64.125,35.922574481155,9.94067487731282));
#6835=CARTESIAN_POINT('Ctrl Pts',(64.125,35.8411588245287,9.87983391815777));
#6836=CARTESIAN_POINT('Ctrl Pts',(64.125,35.7568341080707,9.82314283703954));
#6837=CARTESIAN_POINT('Ctrl Pts',(64.125,35.6698905748595,9.77088044549986));
#6838=CARTESIAN_POINT('Ctrl Pts',(64.1249999999999,35.5845800586582,9.71959967238774));
#6839=CARTESIAN_POINT('Ctrl Pts',(64.125,35.4967475104255,9.67258214690142));
#6840=CARTESIAN_POINT('Ctrl Pts',(64.125,35.4066319614033,9.63012562720817));
#6841=CARTESIAN_POINT('Ctrl Pts',(64.125,35.3290037037688,9.5935522979129));
#6842=CARTESIAN_POINT('Ctrl Pts',(64.125,35.2496805592832,9.56036377858386));
#6843=CARTESIAN_POINT('Ctrl Pts',(64.125,35.1687992825331,9.53077704625437));
#6844=CARTESIAN_POINT('Origin',(-70.0834234471775,-34.375,12.5));
#6845=CARTESIAN_POINT('Ctrl Pts',(-67.5834234471775,-31.297525018371,12.5013905565562));
#6846=CARTESIAN_POINT('Ctrl Pts',(-67.5788483044353,-31.2970074929339,12.5894252247759));
#6847=CARTESIAN_POINT('Ctrl Pts',(-67.5220807674667,-31.3399876893797,13.6812480015818));
#6848=CARTESIAN_POINT('Ctrl Pts',(-67.4131208362715,-32.6388652999911,15.6723760017723));
#6849=CARTESIAN_POINT('Ctrl Pts',(-67.2565436535919,-36.054679833903,15.7023476322944));
#6850=CARTESIAN_POINT('Ctrl Pts',(-67.0999664709123,-37.9716596663617,12.8752409476677));
#6851=CARTESIAN_POINT('Ctrl Pts',(-66.9433892882327,-36.6794526047113,9.71316513107729));
#6852=CARTESIAN_POINT('Ctrl Pts',(-66.7868121055532,-33.3310074618173,9.03779827366598));
#6853=CARTESIAN_POINT('Ctrl Pts',(-66.666823491868,-31.4788815046719,10.8875893344071));
#6854=CARTESIAN_POINT('Ctrl Pts',(-66.5990272724095,-31.3008184319691,12.195824748256));
#6855=CARTESIAN_POINT('Ctrl Pts',(-66.5834234471775,-31.3031715584191,12.4975503787007));
#6856=CARTESIAN_POINT('Ctrl Pts',(-67.6665765528225,-31.3048803919316,12.4975514332519));
#6857=CARTESIAN_POINT('Ctrl Pts',(-67.631666246762,-31.3093400631089,13.1729429587379));
#6858=CARTESIAN_POINT('Ctrl Pts',(-67.5445635464749,-31.856917432201,14.8665671298355));
#6859=CARTESIAN_POINT('Ctrl Pts',(-67.4052684519612,-34.6323563605754,16.1065395636831));
#6860=CARTESIAN_POINT('Ctrl Pts',(-67.2486912692816,-37.5201595282898,14.2843142601494));
#6861=CARTESIAN_POINT('Ctrl Pts',(-67.0921140866021,-37.602716276928,10.8690577255702));
#6862=CARTESIAN_POINT('Ctrl Pts',(-66.9355369039224,-34.8047149553388,8.90950031899003));
#6863=CARTESIAN_POINT('Ctrl Pts',(-66.7936910593293,-31.9228352806525,10.0364299074279));
#6864=CARTESIAN_POINT('Ctrl Pts',(-66.7040376089627,-31.3086386327889,11.7784189839803));
#6865=CARTESIAN_POINT('Ctrl Pts',(-66.6665765528226,-31.302729411713,12.5025274628226));
#6866=CARTESIAN_POINT('Ctrl Pts',(-67.875,-36.2884659966653,14.1359872033747));
#6867=CARTESIAN_POINT('Ctrl Pts',(-67.8228076057735,-36.8249626169355,13.508495718053));
#6868=CARTESIAN_POINT('Ctrl Pts',(-67.7184228173204,-37.2235023116053,11.6943203696354));
#6869=CARTESIAN_POINT('Ctrl Pts',(-67.5618456346408,-35.2805567689599,9.67827953059224));
#6870=CARTESIAN_POINT('Ctrl Pts',(-67.4052684519612,-32.5279459061381,10.1849144708375));
#6871=CARTESIAN_POINT('Ctrl Pts',(-67.2486912692816,-31.424079774563,12.7548157842152));
#6872=CARTESIAN_POINT('Ctrl Pts',(-67.092114086602,-32.9529342419807,15.0984892091953));
#6873=CARTESIAN_POINT('Ctrl Pts',(-66.9355369039224,-35.7508236479098,15.1230389342122));
#6874=CARTESIAN_POINT('Ctrl Pts',(-66.7789597212429,-37.3210194273843,12.8073593901914));
#6875=CARTESIAN_POINT('Ctrl Pts',(-66.6223825385632,-36.2625742418613,10.2173070497762));
#6876=CARTESIAN_POINT('Ctrl Pts',(-66.4658053558837,-33.5198670197251,9.66411490286452));
#6877=CARTESIAN_POINT('Ctrl Pts',(-66.3092281732041,-31.5401860017003,11.6413002212459));
#6878=CARTESIAN_POINT('Ctrl Pts',(-66.1526509905244,-32.089950537792,14.3846994903476));
#6879=CARTESIAN_POINT('Ctrl Pts',(-65.9960738078449,-34.678621619617,15.4464122885901));
#6880=CARTESIAN_POINT('Ctrl Pts',(-65.8394966251652,-36.9963766665443,13.8791013623772));
#6881=CARTESIAN_POINT('Ctrl Pts',(-65.6829194424857,-36.9751279924596,11.0812449524031));
#6882=CARTESIAN_POINT('Ctrl Pts',(-65.5263422598061,-34.6338376603772,9.54931426966138));
#6883=CARTESIAN_POINT('Ctrl Pts',(-65.3697650771265,-32.0615875281944,10.6502274598528));
#6884=CARTESIAN_POINT('Ctrl Pts',(-65.2131878944469,-31.5535587552607,13.4016462724334));
#6885=CARTESIAN_POINT('Ctrl Pts',(-65.0566107117673,-33.5630286916724,15.3485656422123));
#6886=CARTESIAN_POINT('Ctrl Pts',(-64.9000335290877,-36.2970431547027,14.753719231121));
#6887=CARTESIAN_POINT('Ctrl Pts',(-64.7434563464081,-37.315975113589,12.1480208219348));
#6888=CARTESIAN_POINT('Ctrl Pts',(-64.5868791637286,-35.7109029472107,9.85618069716007));
#6889=CARTESIAN_POINT('Ctrl Pts',(-64.4303019810489,-32.9134704858659,9.92380265893835));
#6890=CARTESIAN_POINT('Ctrl Pts',(-64.2737247983694,-31.4208854034914,12.2891996591926));
#6891=CARTESIAN_POINT('Ctrl Pts',(-64.1171476156897,-32.5625596066342,14.8446106904516));
#6892=CARTESIAN_POINT('Ctrl Pts',(-63.9605704330102,-35.3245477883717,15.3038266857286));
#6893=CARTESIAN_POINT('Ctrl Pts',(-63.8561856445571,-36.5938638008444,13.9477651297827));
#6894=CARTESIAN_POINT('Ctrl Pts',(-63.8039932503306,-36.8070868020352,13.1501999979749));
#6895=CARTESIAN_POINT('Ctrl Pts',(-67.9820022498898,-36.4293315503423,14.2564253212266));
#6896=CARTESIAN_POINT('Ctrl Pts',(-67.9298098556633,-37.0053239827105,13.5827391631689));
#6897=CARTESIAN_POINT('Ctrl Pts',(-67.8254250672102,-37.4332033755249,11.63500784074));
#6898=CARTESIAN_POINT('Ctrl Pts',(-67.6688478845306,-35.3472220537717,9.47055009252659));
#6899=CARTESIAN_POINT('Ctrl Pts',(-67.512270701851,-32.3919694644053,10.0144824874923));
#6900=CARTESIAN_POINT('Ctrl Pts',(-67.3556935191714,-31.2068389079172,12.7735748144732));
#6901=CARTESIAN_POINT('Ctrl Pts',(-67.1991163364918,-32.8482445946508,15.2897848067209));
#6902=CARTESIAN_POINT('Ctrl Pts',(-67.0425391538122,-35.8521090432409,15.3161418335729));
#6903=CARTESIAN_POINT('Ctrl Pts',(-66.8859619711327,-37.5378995070434,12.8299865760169));
#6904=CARTESIAN_POINT('Ctrl Pts',(-66.729384788453,-36.4015336961446,10.0492597435432));
#6905=CARTESIAN_POINT('Ctrl Pts',(-66.5728076057735,-33.4569138337559,9.45534269313168));
#6906=CARTESIAN_POINT('Ctrl Pts',(-66.4162304230939,-31.3314926441293,11.5780844546803));
#6907=CARTESIAN_POINT('Ctrl Pts',(-66.2596532404143,-31.9217297498427,14.5234473111531));
#6908=CARTESIAN_POINT('Ctrl Pts',(-66.1030760577347,-34.700973638221,15.6633212899084));
#6909=CARTESIAN_POINT('Ctrl Pts',(-65.9464988750551,-37.1893571930717,13.9806280565158));
#6910=CARTESIAN_POINT('Ctrl Pts',(-65.7899216923755,-37.1665442339436,10.9767990329773));
#6911=CARTESIAN_POINT('Ctrl Pts',(-65.6333445096959,-34.6528927731438,9.33209066607735));
#6912=CARTESIAN_POINT('Ctrl Pts',(-65.4767673270163,-31.8912787119979,10.5140508915216));
#6913=CARTESIAN_POINT('Ctrl Pts',(-65.3201901443367,-31.3458498731587,13.4680236742835));
#6914=CARTESIAN_POINT('Ctrl Pts',(-65.1636129616572,-33.5032529819829,15.558271368405));
#6915=CARTESIAN_POINT('Ctrl Pts',(-65.0070357789775,-36.4385401416626,14.91963354989));
#6916=CARTESIAN_POINT('Ctrl Pts',(-64.850458596298,-37.5324838409184,12.1221088162407));
#6917=CARTESIAN_POINT('Ctrl Pts',(-64.6938814136184,-35.8092494601071,9.66154798847036));
#6918=CARTESIAN_POINT('Ctrl Pts',(-64.5373042309387,-32.805875595451,9.73414814432329));
#6919=CARTESIAN_POINT('Ctrl Pts',(-64.3807270482592,-31.2034093736127,12.273680958168));
#6920=CARTESIAN_POINT('Ctrl Pts',(-64.2241498655796,-32.4291313565566,15.0172162573355));
#6921=CARTESIAN_POINT('Ctrl Pts',(-64.0675726829,-35.394451604371,15.510238819097));
#6922=CARTESIAN_POINT('Ctrl Pts',(-63.9631878944469,-36.7572121322935,14.0543467136502));
#6923=CARTESIAN_POINT('Ctrl Pts',(-63.9109955002204,-36.9861321859387,13.1980664261608));
#6924=CARTESIAN_POINT('Ctrl Pts',(-68.0890044997796,-36.5701971040194,14.3768634390785));
#6925=CARTESIAN_POINT('Ctrl Pts',(-68.0368121055531,-37.1856853484856,13.6569826082848));
#6926=CARTESIAN_POINT('Ctrl Pts',(-67.9324273171,-37.6429044394445,11.5756953118446));
#6927=CARTESIAN_POINT('Ctrl Pts',(-67.7758501344205,-35.4138873385836,9.26282065446097));
#6928=CARTESIAN_POINT('Ctrl Pts',(-67.6192729517408,-32.2559930226724,9.84405050414716));
#6929=CARTESIAN_POINT('Ctrl Pts',(-67.4626957690612,-30.9895980412713,12.7923338447312));
#6930=CARTESIAN_POINT('Ctrl Pts',(-67.3061185863817,-32.7435549473209,15.4810804042466));
#6931=CARTESIAN_POINT('Ctrl Pts',(-67.1495414037021,-35.953394438572,15.5092447329337));
#6932=CARTESIAN_POINT('Ctrl Pts',(-66.9929642210225,-37.7547795867025,12.8526137618423));
#6933=CARTESIAN_POINT('Ctrl Pts',(-66.8363870383428,-36.540493150428,9.88121243731026));
#6934=CARTESIAN_POINT('Ctrl Pts',(-66.6798098556633,-33.3939606477866,9.24657048339883));
#6935=CARTESIAN_POINT('Ctrl Pts',(-66.5232326729836,-31.1227992865584,11.5148686881146));
#6936=CARTESIAN_POINT('Ctrl Pts',(-66.3666554903041,-31.7535089618933,14.6621951319586));
#6937=CARTESIAN_POINT('Ctrl Pts',(-66.2100783076245,-34.723325656825,15.8802302912266));
#6938=CARTESIAN_POINT('Ctrl Pts',(-66.0535011249449,-37.3823377195992,14.0821547506544));
#6939=CARTESIAN_POINT('Ctrl Pts',(-65.8969239422653,-37.3579604754275,10.8723531135514));
#6940=CARTESIAN_POINT('Ctrl Pts',(-65.7403467595857,-34.6719478859104,9.11486706249335));
#6941=CARTESIAN_POINT('Ctrl Pts',(-65.5837695769061,-31.7209698958015,10.3778743231903));
#6942=CARTESIAN_POINT('Ctrl Pts',(-65.4271923942265,-31.1381409910568,13.5344010761336));
#6943=CARTESIAN_POINT('Ctrl Pts',(-65.270615211547,-33.4434772722934,15.7679770945977));
#6944=CARTESIAN_POINT('Ctrl Pts',(-65.1140380288673,-36.5800371286226,15.0855478686591));
#6945=CARTESIAN_POINT('Ctrl Pts',(-64.9574608461878,-37.7489925682478,12.0961968105467));
#6946=CARTESIAN_POINT('Ctrl Pts',(-64.8008836635081,-35.9075959730033,9.46691527978067));
#6947=CARTESIAN_POINT('Ctrl Pts',(-64.6443064808286,-32.6982807050361,9.54449362970822));
#6948=CARTESIAN_POINT('Ctrl Pts',(-64.487729298149,-30.985933343734,12.2581622571433));
#6949=CARTESIAN_POINT('Ctrl Pts',(-64.3311521154694,-32.295703106479,15.1898218242195));
#6950=CARTESIAN_POINT('Ctrl Pts',(-64.1745749327898,-35.4643554203703,15.7166509524654));
#6951=CARTESIAN_POINT('Ctrl Pts',(-64.0701901443367,-36.9205604637427,14.1609282975177));
#6952=CARTESIAN_POINT('Ctrl Pts',(-64.0179977501102,-37.1651775698422,13.2459328543467));
#6953=CARTESIAN_POINT('Ctrl Pts',(-68.1960067496694,-36.7110626576964,14.4973015569303));
#6954=CARTESIAN_POINT('Ctrl Pts',(-68.1438143554429,-37.3660467142606,13.7312260534006));
#6955=CARTESIAN_POINT('Ctrl Pts',(-68.0394295669899,-37.852605503364,11.5163827829491));
#6956=CARTESIAN_POINT('Ctrl Pts',(-67.8828523843102,-35.4805526233955,9.05509121639533));
#6957=CARTESIAN_POINT('Ctrl Pts',(-67.7262752016307,-32.1200165809396,9.673618520802));
#6958=CARTESIAN_POINT('Ctrl Pts',(-67.569698018951,-30.7723571746254,12.8110928749892));
#6959=CARTESIAN_POINT('Ctrl Pts',(-67.4131208362715,-32.6388652999911,15.6723760017723));
#6960=CARTESIAN_POINT('Ctrl Pts',(-67.2565436535919,-36.054679833903,15.7023476322944));
#6961=CARTESIAN_POINT('Ctrl Pts',(-67.0999664709123,-37.9716596663617,12.8752409476677));
#6962=CARTESIAN_POINT('Ctrl Pts',(-66.9433892882327,-36.6794526047113,9.71316513107729));
#6963=CARTESIAN_POINT('Ctrl Pts',(-66.7868121055532,-33.3310074618173,9.03779827366598));
#6964=CARTESIAN_POINT('Ctrl Pts',(-66.6302349228735,-30.9141059289874,11.4516529215489));
#6965=CARTESIAN_POINT('Ctrl Pts',(-66.4736577401939,-31.5852881739439,14.800942952764));
#6966=CARTESIAN_POINT('Ctrl Pts',(-66.3170805575143,-34.7456776754291,16.0971392925449));
#6967=CARTESIAN_POINT('Ctrl Pts',(-66.1605033748347,-37.5753182461266,14.183681444793));
#6968=CARTESIAN_POINT('Ctrl Pts',(-66.0039261921551,-37.5493767169115,10.7679071941256));
#6969=CARTESIAN_POINT('Ctrl Pts',(-65.8473490094755,-34.691002998677,8.89764345890933));
#6970=CARTESIAN_POINT('Ctrl Pts',(-65.690771826796,-31.550661079605,10.241697754859));
#6971=CARTESIAN_POINT('Ctrl Pts',(-65.5341946441163,-30.9304321089548,13.6007784779837));
#6972=CARTESIAN_POINT('Ctrl Pts',(-65.3776174614368,-33.3837015626039,15.9776828207903));
#6973=CARTESIAN_POINT('Ctrl Pts',(-65.2210402787571,-36.7215341155824,15.2514621874281));
#6974=CARTESIAN_POINT('Ctrl Pts',(-65.0644630960776,-37.9655012955772,12.0702848048526));
#6975=CARTESIAN_POINT('Ctrl Pts',(-64.907885913398,-36.0059424858996,9.27228257109096));
#6976=CARTESIAN_POINT('Ctrl Pts',(-64.7513087307184,-32.5906858146212,9.35483911509316));
#6977=CARTESIAN_POINT('Ctrl Pts',(-64.5947315480388,-30.7684573138554,12.2426435561186));
#6978=CARTESIAN_POINT('Ctrl Pts',(-64.4381543653592,-32.1622748564013,15.3624273911035));
#6979=CARTESIAN_POINT('Ctrl Pts',(-64.2815771826796,-35.5342592363696,15.9230630858339));
#6980=CARTESIAN_POINT('Ctrl Pts',(-64.1771923942265,-37.0839087951918,14.2675098813852));
#6981=CARTESIAN_POINT('Ctrl Pts',(-64.125,-37.3442229537458,13.2937992825326));
#6982=CARTESIAN_POINT('Ctrl Pts',(-64.125,-32.7367860188893,14.4170647521141));
#6983=CARTESIAN_POINT('Ctrl Pts',(-64.125,-32.7651770605454,14.447523067194));
#6984=CARTESIAN_POINT('Ctrl Pts',(-64.125,-32.7943471156228,14.4771889029621));
#6985=CARTESIAN_POINT('Ctrl Pts',(-64.125,-32.8242792248103,14.5060241097836));
#6986=CARTESIAN_POINT('Ctrl Pts',(-64.125,-32.8856663257233,14.5651615978878));
#6987=CARTESIAN_POINT('Ctrl Pts',(-64.125,-32.9502557156443,14.6208074349691));
#6988=CARTESIAN_POINT('Ctrl Pts',(-64.125,-33.0176702958131,14.6729568235489));
#6989=CARTESIAN_POINT('Ctrl Pts',(-64.125,-33.0567521395166,14.703189070766));
#6990=CARTESIAN_POINT('Ctrl Pts',(-64.125,-33.0967843479772,14.732245727464));
#6991=CARTESIAN_POINT('Ctrl Pts',(-64.125,-33.1376997808431,14.7601212649921));
#6992=CARTESIAN_POINT('Ctrl Pts',(-64.125,-33.1576722407238,14.7737284302092));
#6993=CARTESIAN_POINT('Ctrl Pts',(-64.125,-33.1778552199363,14.7870541037108));
#6994=CARTESIAN_POINT('Ctrl Pts',(-64.125,-33.1982412504815,14.800097322933));
#6995=CARTESIAN_POINT('Ctrl Pts',(-64.125,-33.2131496886634,14.8096359149133));
#6996=CARTESIAN_POINT('Ctrl Pts',(-64.125,-33.2281595843507,14.8190188450412));
#6997=CARTESIAN_POINT('Ctrl Pts',(-64.125,-33.243264605719,14.8282442487961));
#6998=CARTESIAN_POINT('Ctrl Pts',(-64.125,-33.3195392398035,14.8748290419278));
#6999=CARTESIAN_POINT('Ctrl Pts',(-64.125,-33.3982604709855,14.9174155506015));
#7000=CARTESIAN_POINT('Ctrl Pts',(-64.125,-33.4790234876748,14.9559892888079));
#7001=CARTESIAN_POINT('Ctrl Pts',(-64.125,-33.548201250909,14.9890297204074));
#7002=CARTESIAN_POINT('Ctrl Pts',(-64.125,-33.6188781144579,15.0191256546771));
#7003=CARTESIAN_POINT('Ctrl Pts',(-64.125,-33.6908213779236,15.0462465764524));
#7004=CARTESIAN_POINT('Ctrl Pts',(-64.125,-33.7095356586861,15.0533014210646));
#7005=CARTESIAN_POINT('Ctrl Pts',(-64.125,-33.7283357179747,15.0601548491086));
#7006=CARTESIAN_POINT('Ctrl Pts',(-64.125,-33.7472176303301,15.0668060826529));
#7007=CARTESIAN_POINT('Ctrl Pts',(-64.125,-33.7619698377255,15.0720026101462));
#7008=CARTESIAN_POINT('Ctrl Pts',(-64.125,-33.7767712045273,15.0770753509969));
#7009=CARTESIAN_POINT('Ctrl Pts',(-64.125,-33.7916072625756,15.0820199666932));
#7010=CARTESIAN_POINT('Ctrl Pts',(-64.125,-33.8788786553541,15.1111060957151));
#7011=CARTESIAN_POINT('Ctrl Pts',(-64.125,-33.9674598893944,15.1358019715968));
#7012=CARTESIAN_POINT('Ctrl Pts',(-64.125,-34.0569391741169,15.1560973657949));
#7013=CARTESIAN_POINT('Ctrl Pts',(-64.125,-34.1479297853653,15.1767355540565));
#7014=CARTESIAN_POINT('Ctrl Pts',(-64.125,-34.239849856293,15.1928238151517));
#7015=CARTESIAN_POINT('Ctrl Pts',(-64.125,-34.3323000652035,15.204309655869));
#7016=CARTESIAN_POINT('Ctrl Pts',(-64.125,-34.4107330815493,15.2140540268482));
#7017=CARTESIAN_POINT('Ctrl Pts',(-64.125,-34.4895485509069,15.2204852169452));
#7018=CARTESIAN_POINT('Ctrl Pts',(-64.125,-34.5685142481532,15.2235445394114));
#7019=CARTESIAN_POINT('Ctrl Pts',(-64.125,-34.627738521088,15.225839031261));
#7020=CARTESIAN_POINT('Ctrl Pts',(-64.125,-34.6870475501664,15.2262363600574));
#7021=CARTESIAN_POINT('Ctrl Pts',(-64.125,-34.7463450079721,15.2247018558874));
#7022=CARTESIAN_POINT('Ctrl Pts',(-64.125,-34.7608844887082,15.2243256020875));
#7023=CARTESIAN_POINT('Ctrl Pts',(-64.125,-34.7754232755648,15.2238331628081));
#7024=CARTESIAN_POINT('Ctrl Pts',(-64.125,-34.7899599490952,15.223223944139));
#7025=CARTESIAN_POINT('Ctrl Pts',(-64.125,-34.8042628104571,15.2226245243237));
#7026=CARTESIAN_POINT('Ctrl Pts',(-64.125,-34.8185549963016,15.2219123937307));
#7027=CARTESIAN_POINT('Ctrl Pts',(-64.125,-34.8328315691994,15.2210876308675));
#7028=CARTESIAN_POINT('Ctrl Pts',(-64.125,-34.9287356703299,15.2155472156987));
#7029=CARTESIAN_POINT('Ctrl Pts',(-64.125,-35.0239847785436,15.2049259153313));
#7030=CARTESIAN_POINT('Ctrl Pts',(-64.125,-35.1181625743318,15.1891764399821));
#7031=CARTESIAN_POINT('Ctrl Pts',(-64.125,-35.1700519249434,15.1804989163524));
#7032=CARTESIAN_POINT('Ctrl Pts',(-64.125,-35.2216164638476,15.1702637992208));
#7033=CARTESIAN_POINT('Ctrl Pts',(-64.125,-35.2727884990389,15.1584566976358));
#7034=CARTESIAN_POINT('Ctrl Pts',(-64.125,-35.362708928771,15.1377090442653));
#7035=CARTESIAN_POINT('Ctrl Pts',(-64.125,-35.4514178129905,15.1121105958272));
#7036=CARTESIAN_POINT('Ctrl Pts',(-64.125,-35.5387007777155,15.0819525619312));
#7037=CARTESIAN_POINT('Ctrl Pts',(-64.125,-35.5899763715814,15.0642358046841));
#7038=CARTESIAN_POINT('Ctrl Pts',(-64.125,-35.6407598294118,15.0449444511326));
#7039=CARTESIAN_POINT('Ctrl Pts',(-64.125,-35.6910064945746,15.0241294139955));
#7040=CARTESIAN_POINT('Ctrl Pts',(-64.125,-35.723336287425,15.0107365681889));
#7041=CARTESIAN_POINT('Ctrl Pts',(-64.125,-35.7554438303231,14.9967128117093));
#7042=CARTESIAN_POINT('Ctrl Pts',(-64.125,-35.7873168737538,14.9820704912947));
#7043=CARTESIAN_POINT('Ctrl Pts',(-64.125,-35.8016814255342,14.9754714863945));
#7044=CARTESIAN_POINT('Ctrl Pts',(-64.125,-35.8159983431299,14.9687468308596));
#7045=CARTESIAN_POINT('Ctrl Pts',(-64.125,-35.8302664818265,14.9618975948571));
#7046=CARTESIAN_POINT('Ctrl Pts',(-64.125,-35.8443191001005,14.9551518166546));
#7047=CARTESIAN_POINT('Ctrl Pts',(-64.125,-35.85831798449,14.9482882244739));
#7048=CARTESIAN_POINT('Ctrl Pts',(-64.125,-35.8722549724905,14.9413118799489));
#7049=CARTESIAN_POINT('Ctrl Pts',(-64.125,-35.9580716760454,14.8983551887343));
#7050=CARTESIAN_POINT('Ctrl Pts',(-64.125,-36.0416266544214,14.8510874327705));
#7051=CARTESIAN_POINT('Ctrl Pts',(-64.125,-36.1226962359464,14.7998521692049));
#7052=CARTESIAN_POINT('Ctrl Pts',(-64.125,-36.2053035835039,14.7476450510115));
#7053=CARTESIAN_POINT('Ctrl Pts',(-64.125,-36.2853310787573,14.69131815899));
#7054=CARTESIAN_POINT('Ctrl Pts',(-64.125,-36.3625334672247,14.6311801204763));
#7055=CARTESIAN_POINT('Ctrl Pts',(-64.125,-36.4403754134805,14.5705438881674));
#7056=CARTESIAN_POINT('Ctrl Pts',(-64.125,-36.515346037825,14.5060326438748));
#7057=CARTESIAN_POINT('Ctrl Pts',(-64.125,-36.5871737889847,14.4379136004646));
#7058=CARTESIAN_POINT('Ctrl Pts',(-64.125,-36.6290346199735,14.3982141846083));
#7059=CARTESIAN_POINT('Ctrl Pts',(-64.125,-36.6698275399709,14.3572884988547));
#7060=CARTESIAN_POINT('Ctrl Pts',(-64.125,-36.7094940293056,14.3151828066776));
#7061=CARTESIAN_POINT('Ctrl Pts',(-64.125,-36.7198120647018,14.3042302865643));
#7062=CARTESIAN_POINT('Ctrl Pts',(-64.125,-36.7300556981439,14.2931958872197));
#7063=CARTESIAN_POINT('Ctrl Pts',(-64.125,-36.7402177688208,14.2820870429977));
#7064=CARTESIAN_POINT('Ctrl Pts',(-64.125,-36.8088782944464,14.2070295957884));
#7065=CARTESIAN_POINT('Ctrl Pts',(-64.125,-36.8736644517885,14.1287473767919));
#7066=CARTESIAN_POINT('Ctrl Pts',(-64.125,-36.9343245791184,14.0475739392864));
#7067=CARTESIAN_POINT('Ctrl Pts',(-64.125,-36.9951656888601,13.9661583169203));
#7068=CARTESIAN_POINT('Ctrl Pts',(-64.125,-37.0518569020234,13.8818336346975));
#7069=CARTESIAN_POINT('Ctrl Pts',(-64.125,-37.104119398943,13.7948901341699));
#7070=CARTESIAN_POINT('Ctrl Pts',(-64.125,-37.1554002097609,13.7095797593277));
#7071=CARTESIAN_POINT('Ctrl Pts',(-64.125,-37.2024177582086,13.6217473574179));
#7072=CARTESIAN_POINT('Ctrl Pts',(-64.125,-37.2448742794926,13.5316319573797));
#7073=CARTESIAN_POINT('Ctrl Pts',(-64.125,-37.2814476682695,13.4540037047411));
#7074=CARTESIAN_POINT('Ctrl Pts',(-64.125,-37.3146362204776,13.3746805618487));
#7075=CARTESIAN_POINT('Ctrl Pts',(-64.125,-37.3442229537458,13.2937992825326));
#7076=CARTESIAN_POINT('Ctrl Pts',(-66.262416697508,-31.8588691714072,12.4979935182622));
#7077=CARTESIAN_POINT('Ctrl Pts',(-66.2780205227401,-31.8569417284797,12.2508504323197));
#7078=CARTESIAN_POINT('Ctrl Pts',(-66.2936243479721,-31.8905105214582,12.0042193756492));
#7079=CARTESIAN_POINT('Ctrl Pts',(-66.3092281732041,-31.9617602607197,11.769002546366));
#7080=CARTESIAN_POINT('Ctrl Pts',(-66.3614205674306,-32.2000796743752,10.9822384484521));
#7081=CARTESIAN_POINT('Ctrl Pts',(-66.4136129616571,-32.8599733470502,10.3231766756583));
#7082=CARTESIAN_POINT('Ctrl Pts',(-66.4658053558837,-33.6470380537437,10.0858444804134));
#7083=CARTESIAN_POINT('Ctrl Pts',(-66.5179977501102,-34.4341027604372,9.84851228516841));
#7084=CARTESIAN_POINT('Ctrl Pts',(-66.5701901443367,-35.3483385011493,10.0329096674723));
#7085=CARTESIAN_POINT('Ctrl Pts',(-66.6223825385632,-35.9818639024258,10.5567837486935));
#7086=CARTESIAN_POINT('Ctrl Pts',(-66.6745749327898,-36.6153893037023,11.0806578299146));
#7087=CARTESIAN_POINT('Ctrl Pts',(-66.7267673270163,-36.9682043655433,11.944008610053));
#7088=CARTESIAN_POINT('Ctrl Pts',(-66.7789597212429,-36.8829125998847,12.7616305907924));
#7089=CARTESIAN_POINT('Ctrl Pts',(-66.8311521154694,-36.7976208342261,13.5792525715317));
#7090=CARTESIAN_POINT('Ctrl Pts',(-66.8833445096959,-36.274222241068,14.3511457528719));
#7091=CARTESIAN_POINT('Ctrl Pts',(-66.9355369039224,-35.5462080435007,14.7330007227059));
#7092=CARTESIAN_POINT('Ctrl Pts',(-66.987729298149,-34.8181938459335,15.1148556925399));
#7093=CARTESIAN_POINT('Ctrl Pts',(-67.0399216923755,-33.8855640439571,15.1066724508676));
#7094=CARTESIAN_POINT('Ctrl Pts',(-67.092114086602,-33.1644400650659,14.7119685925347));
#7095=CARTESIAN_POINT('Ctrl Pts',(-67.1443064808286,-32.4433160861748,14.3172647342019));
#7096=CARTESIAN_POINT('Ctrl Pts',(-67.1964988750551,-31.9336979303689,13.5360402592085));
#7097=CARTESIAN_POINT('Ctrl Pts',(-67.2486912692816,-31.8628665410618,12.7171111361489));
#7098=CARTESIAN_POINT('Ctrl Pts',(-67.2532664120238,-31.8566575192013,12.6453244766324));
#7099=CARTESIAN_POINT('Ctrl Pts',(-67.2578415547659,-31.8538201930897,12.573248089596));
#7100=CARTESIAN_POINT('Ctrl Pts',(-67.262416697508,-31.8542440975269,12.5011390031333));
#7101=CARTESIAN_POINT('Ctrl Pts',(-67.875,-33.581200717467,9.53077704625436));
#7102=CARTESIAN_POINT('Ctrl Pts',(-67.8228076057735,-32.6074901186144,9.79109120480852));
#7103=CARTESIAN_POINT('Ctrl Pts',(-67.7184228173204,-30.9519355356819,11.3407300004906));
#7104=CARTESIAN_POINT('Ctrl Pts',(-67.5618456346408,-31.5125737894701,14.7127260128894));
#7105=CARTESIAN_POINT('Ctrl Pts',(-67.4052684519612,-34.6323563605754,16.1065395636831));
#7106=CARTESIAN_POINT('Ctrl Pts',(-67.2486912692816,-37.5201595282898,14.2843142601494));
#7107=CARTESIAN_POINT('Ctrl Pts',(-67.0921140866021,-37.602716276928,10.8690577255702));
#7108=CARTESIAN_POINT('Ctrl Pts',(-66.9355369039224,-34.8047149553388,8.90950031899003));
#7109=CARTESIAN_POINT('Ctrl Pts',(-66.7789597212429,-31.6235389287996,10.1534666864362));
#7110=CARTESIAN_POINT('Ctrl Pts',(-66.6223825385633,-30.8973185073503,13.4912981084595));
#7111=CARTESIAN_POINT('Ctrl Pts',(-66.4658053558836,-33.2742219653446,15.9445665205899));
#7112=CARTESIAN_POINT('Ctrl Pts',(-66.3092281732041,-36.6333013578473,15.3243378352356));
#7113=CARTESIAN_POINT('Ctrl Pts',(-66.1526509905244,-37.9773551420669,12.1839971169661));
#7114=CARTESIAN_POINT('Ctrl Pts',(-65.9960738078449,-36.1070921301493,9.32562452300341));
#7115=CARTESIAN_POINT('Ctrl Pts',(-65.8394966251653,-32.6913192098653,9.29968299824018));
#7116=CARTESIAN_POINT('Ctrl Pts',(-65.6829194424857,-30.7778621120301,12.129322470045));
#7117=CARTESIAN_POINT('Ctrl Pts',(-65.5263422598061,-32.0740579350038,15.2897107386237));
#7118=CARTESIAN_POINT('Ctrl Pts',(-65.3697650771265,-35.4233466867703,15.9608927251124));
#7119=CARTESIAN_POINT('Ctrl Pts',(-65.2131878944469,-37.83720034582,13.5439921272464));
#7120=CARTESIAN_POINT('Ctrl Pts',(-65.0566107117673,-37.1618338455307,10.1955483034875));
#7121=CARTESIAN_POINT('Ctrl Pts',(-64.9000335290877,-33.9997590809984,8.90334170782059));
#7122=CARTESIAN_POINT('Ctrl Pts',(-64.7434563464081,-31.1726538341106,10.8203208830293));
#7123=CARTESIAN_POINT('Ctrl Pts',(-64.5868791637285,-31.2026248250309,14.2361338704454));
#7124=CARTESIAN_POINT('Ctrl Pts',(-64.430301981049,-34.0639079550748,16.1026417497372));
#7125=CARTESIAN_POINT('Ctrl Pts',(-64.2737247983693,-37.2013789531602,14.7549815817149));
#7126=CARTESIAN_POINT('Ctrl Pts',(-64.1171476156898,-37.8199088312626,11.3944488419185));
#7127=CARTESIAN_POINT('Ctrl Pts',(-63.9605704330101,-35.3586091279558,9.02238726393498));
#7128=CARTESIAN_POINT('Ctrl Pts',(-63.8561856445571,-33.1437739465988,9.50895328573963));
#7129=CARTESIAN_POINT('Ctrl Pts',(-63.8039932503306,-32.3776984430692,10.163937342304));
#7130=CARTESIAN_POINT('Ctrl Pts',(-67.9820022498898,-33.6290671456529,9.70982243015789));
#7131=CARTESIAN_POINT('Ctrl Pts',(-67.9298098556633,-32.7140717024819,9.95443953625762));
#7132=CARTESIAN_POINT('Ctrl Pts',(-67.8254250672102,-31.1583477521735,11.4106344655117));
#7133=CARTESIAN_POINT('Ctrl Pts',(-67.6688478845307,-31.685179285165,14.5792977103931));
#7134=CARTESIAN_POINT('Ctrl Pts',(-67.512270701851,-34.6168376645741,15.8890637220901));
#7135=CARTESIAN_POINT('Ctrl Pts',(-67.3556935191715,-37.3305050954794,14.1767193652258));
#7136=CARTESIAN_POINT('Ctrl Pts',(-67.1991163364919,-37.4080836377032,10.9674042257147));
#7137=CARTESIAN_POINT('Ctrl Pts',(-67.0425391538122,-34.7788029641053,9.12600894896038));
#7138=CARTESIAN_POINT('Ctrl Pts',(-66.8859619711327,-31.7894531802597,10.294963625034));
#7139=CARTESIAN_POINT('Ctrl Pts',(-66.7293847884531,-31.1070241534555,13.431522418605));
#7140=CARTESIAN_POINT('Ctrl Pts',(-66.5728076057734,-33.3405993404618,15.7368577211269));
#7141=CARTESIAN_POINT('Ctrl Pts',(-66.4162304230939,-36.4971248430202,15.1540290844747));
#7142=CARTESIAN_POINT('Ctrl Pts',(-66.2596532404143,-37.7601316228446,12.2030522227594));
#7143=CARTESIAN_POINT('Ctrl Pts',(-66.1030760577347,-36.0026462514699,9.51704068971998));
#7144=CARTESIAN_POINT('Ctrl Pts',(-65.9464988750551,-32.7928458645278,9.49266344973179));
#7145=CARTESIAN_POINT('Ctrl Pts',(-65.7899216923755,-30.9947710286519,12.1516744798769));
#7146=CARTESIAN_POINT('Ctrl Pts',(-65.6333445096959,-32.2128057022765,15.121490016247));
#7147=CARTESIAN_POINT('Ctrl Pts',(-65.4767673270163,-35.3601309438231,15.7521994486998));
#7148=CARTESIAN_POINT('Ctrl Pts',(-65.3201901443367,-37.6284282193327,13.4810389660568));
#7149=CARTESIAN_POINT('Ctrl Pts',(-65.1636129616571,-36.9937866010087,10.3345077030061));
#7150=CARTESIAN_POINT('Ctrl Pts',(-65.0070357789776,-34.0223862650953,9.12022170461597));
#7151=CARTESIAN_POINT('Ctrl Pts',(-64.8504585962979,-31.3657566450465,10.921606235129));
#7152=CARTESIAN_POINT('Ctrl Pts',(-64.6938814136183,-31.3939203727,14.1314442731386));
#7153=CARTESIAN_POINT('Ctrl Pts',(-64.5373042309388,-34.0826669352797,15.8854009479527));
#7154=CARTESIAN_POINT('Ctrl Pts',(-64.3807270482592,-37.0309471221361,14.6190052507748));
#7155=CARTESIAN_POINT('Ctrl Pts',(-64.2241498655796,-37.6121793903232,11.4611140383714));
#7156=CARTESIAN_POINT('Ctrl Pts',(-64.0675726828999,-35.2992970868362,9.23208876398943));
#7157=CARTESIAN_POINT('Ctrl Pts',(-63.9631878944469,-33.2180173917147,9.68931465151468));
#7158=CARTESIAN_POINT('Ctrl Pts',(-63.9109955002204,-32.4981365609211,10.304802895981));
#7159=CARTESIAN_POINT('Ctrl Pts',(-68.0890044997796,-33.6769335738388,9.88886781406143));
#7160=CARTESIAN_POINT('Ctrl Pts',(-68.0368121055531,-32.8206532863494,10.1177878677067));
#7161=CARTESIAN_POINT('Ctrl Pts',(-67.9324273171001,-31.3647599686652,11.4805389305328));
#7162=CARTESIAN_POINT('Ctrl Pts',(-67.7758501344204,-31.8577847808598,14.4458694078969));
#7163=CARTESIAN_POINT('Ctrl Pts',(-67.6192729517409,-34.6013189685728,15.6715878804972));
#7164=CARTESIAN_POINT('Ctrl Pts',(-67.4626957690612,-37.1408506626689,14.0691244703022));
#7165=CARTESIAN_POINT('Ctrl Pts',(-67.3061185863817,-37.2134509984784,11.0657507258593));
#7166=CARTESIAN_POINT('Ctrl Pts',(-67.149541403702,-34.7528909728718,9.34251757893071));
#7167=CARTESIAN_POINT('Ctrl Pts',(-66.9929642210225,-31.9553674317197,10.4364605636319));
#7168=CARTESIAN_POINT('Ctrl Pts',(-66.8363870383429,-31.3167297995607,13.3717467287505));
#7169=CARTESIAN_POINT('Ctrl Pts',(-66.6798098556633,-33.406976715579,15.529148921664));
#7170=CARTESIAN_POINT('Ctrl Pts',(-66.5232326729837,-36.3609483281931,14.9837203337138));
#7171=CARTESIAN_POINT('Ctrl Pts',(-66.3666554903041,-37.5429081036223,12.2221073285527));
#7172=CARTESIAN_POINT('Ctrl Pts',(-66.2100783076245,-35.8982003727906,9.70845685643654));
#7173=CARTESIAN_POINT('Ctrl Pts',(-66.0535011249449,-32.8943725191902,9.68564390122342));
#7174=CARTESIAN_POINT('Ctrl Pts',(-65.8969239422653,-31.2116799452737,12.1740264897088));
#7175=CARTESIAN_POINT('Ctrl Pts',(-65.7403467595857,-32.3515534695492,14.9532692938702));
#7176=CARTESIAN_POINT('Ctrl Pts',(-65.5837695769061,-35.296915200876,15.5435061722871));
#7177=CARTESIAN_POINT('Ctrl Pts',(-65.4271923942265,-37.4196560928454,13.4180858048672));
#7178=CARTESIAN_POINT('Ctrl Pts',(-65.270615211547,-36.8257393564867,10.4734671025247));
#7179=CARTESIAN_POINT('Ctrl Pts',(-65.1140380288673,-34.0450134491921,9.33710170141133));
#7180=CARTESIAN_POINT('Ctrl Pts',(-64.9574608461878,-31.5588594559824,11.0228915872287));
#7181=CARTESIAN_POINT('Ctrl Pts',(-64.8008836635081,-31.5852159203691,14.0267546758318));
#7182=CARTESIAN_POINT('Ctrl Pts',(-64.6443064808286,-34.1014259154844,15.6681601461682));
#7183=CARTESIAN_POINT('Ctrl Pts',(-64.4877292981489,-36.8605152911121,14.4830289198347));
#7184=CARTESIAN_POINT('Ctrl Pts',(-64.3311521154695,-37.4044499493837,11.5277792348242));
#7185=CARTESIAN_POINT('Ctrl Pts',(-64.1745749327897,-35.2399850457166,9.4417902640439));
#7186=CARTESIAN_POINT('Ctrl Pts',(-64.0701901443367,-33.2922608368306,9.86967601728971));
#7187=CARTESIAN_POINT('Ctrl Pts',(-64.0179977501102,-32.618574678773,10.445668449658));
#7188=CARTESIAN_POINT('Ctrl Pts',(-68.1960067496694,-33.7248000020248,10.067913197965));
#7189=CARTESIAN_POINT('Ctrl Pts',(-68.1438143554429,-32.9272348702169,10.2811361991558));
#7190=CARTESIAN_POINT('Ctrl Pts',(-68.0394295669898,-31.5711721851568,11.5504433955539));
#7191=CARTESIAN_POINT('Ctrl Pts',(-67.8828523843103,-32.0303902765547,14.3124411054007));
#7192=CARTESIAN_POINT('Ctrl Pts',(-67.7262752016307,-34.5858002725715,15.4541120389043));
#7193=CARTESIAN_POINT('Ctrl Pts',(-67.569698018951,-36.9511962298584,13.9615295753786));
#7194=CARTESIAN_POINT('Ctrl Pts',(-67.4131208362715,-37.0188183592537,11.1640972260039));
#7195=CARTESIAN_POINT('Ctrl Pts',(-67.2565436535918,-34.7269789816383,9.55902620890106));
#7196=CARTESIAN_POINT('Ctrl Pts',(-67.0999664709123,-32.1212816831798,10.5779575022297));
#7197=CARTESIAN_POINT('Ctrl Pts',(-66.9433892882327,-31.526435445666,13.311971038896));
#7198=CARTESIAN_POINT('Ctrl Pts',(-66.7868121055531,-33.4733540906963,15.3214401222011));
#7199=CARTESIAN_POINT('Ctrl Pts',(-66.6302349228735,-36.224771813366,14.8134115829528));
#7200=CARTESIAN_POINT('Ctrl Pts',(-66.4736577401939,-37.3256845844,12.2411624343459));
#7201=CARTESIAN_POINT('Ctrl Pts',(-66.3170805575143,-35.7937544941112,9.89987302315311));
#7202=CARTESIAN_POINT('Ctrl Pts',(-66.1605033748347,-32.9958991738526,9.87862435271503));
#7203=CARTESIAN_POINT('Ctrl Pts',(-66.0039261921551,-31.4285888618955,12.1963784995407));
#7204=CARTESIAN_POINT('Ctrl Pts',(-65.8473490094756,-32.4903012368219,14.7850485714935));
#7205=CARTESIAN_POINT('Ctrl Pts',(-65.6907718267959,-35.2336994579288,15.3348128958745));
#7206=CARTESIAN_POINT('Ctrl Pts',(-65.5341946441163,-37.2108839663582,13.3551326436775));
#7207=CARTESIAN_POINT('Ctrl Pts',(-65.3776174614368,-36.6576921119647,10.6124265020432));
#7208=CARTESIAN_POINT('Ctrl Pts',(-65.2210402787571,-34.0676406332889,9.55398169820671));
#7209=CARTESIAN_POINT('Ctrl Pts',(-65.0644630960775,-31.7519622669183,11.1241769393285));
#7210=CARTESIAN_POINT('Ctrl Pts',(-64.907885913398,-31.7765114680382,13.9220650785249));
#7211=CARTESIAN_POINT('Ctrl Pts',(-64.7513087307184,-34.1201848956893,15.4509193443837));
#7212=CARTESIAN_POINT('Ctrl Pts',(-64.5947315480388,-36.6900834600881,14.3470525888945));
#7213=CARTESIAN_POINT('Ctrl Pts',(-64.4381543653592,-37.1967205084443,11.594444431277));
#7214=CARTESIAN_POINT('Ctrl Pts',(-64.2815771826796,-35.180673004597,9.65149176409836));
#7215=CARTESIAN_POINT('Ctrl Pts',(-64.1771923942265,-33.3665042819465,10.0500373830648));
#7216=CARTESIAN_POINT('Ctrl Pts',(-64.125,-32.7390127966249,10.586534003335));
#7217=CARTESIAN_POINT('Ctrl Pts',(-64.125,-37.3489504139418,11.7041194771219));
#7218=CARTESIAN_POINT('Ctrl Pts',(-64.125,-37.3317575550979,11.656685119832));
#7219=CARTESIAN_POINT('Ctrl Pts',(-64.125,-37.3133220028648,11.6097486175063));
#7220=CARTESIAN_POINT('Ctrl Pts',(-64.125,-37.293631085352,11.5633572522693));
#7221=CARTESIAN_POINT('Ctrl Pts',(-64.125,-37.2541360594311,11.4703078465544));
#7222=CARTESIAN_POINT('Ctrl Pts',(-64.125,-37.2095931262071,11.3794494188007));
#7223=CARTESIAN_POINT('Ctrl Pts',(-64.125,-37.1603376240684,11.2910354922944));
#7224=CARTESIAN_POINT('Ctrl Pts',(-64.125,-37.1341553674014,11.2440381820201));
#7225=CARTESIAN_POINT('Ctrl Pts',(-64.125,-37.1066408277689,11.1977321198284));
#7226=CARTESIAN_POINT('Ctrl Pts',(-64.125,-37.0778401994996,11.1521595433864));
#7227=CARTESIAN_POINT('Ctrl Pts',(-64.125,-37.0620515703523,11.1271764596148));
#7228=CARTESIAN_POINT('Ctrl Pts',(-64.125,-37.045876390377,11.1024138631801));
#7229=CARTESIAN_POINT('Ctrl Pts',(-64.125,-37.0293219762535,11.0778791325712));
#7230=CARTESIAN_POINT('Ctrl Pts',(-64.125,-37.018612429483,11.0620068798296));
#7231=CARTESIAN_POINT('Ctrl Pts',(-64.125,-37.0077441205896,11.0462301039398));
#7232=CARTESIAN_POINT('Ctrl Pts',(-64.125,-36.996727575754,11.0305625912799));
#7233=CARTESIAN_POINT('Ctrl Pts',(-64.125,-36.9386869892001,10.9480184144804));
#7234=CARTESIAN_POINT('Ctrl Pts',(-64.125,-36.8764782685719,10.8684191446252));
#7235=CARTESIAN_POINT('Ctrl Pts',(-64.125,-36.8104298148142,10.7920238367998));
#7236=CARTESIAN_POINT('Ctrl Pts',(-64.125,-36.7563959568687,10.7295252773954));
#7237=CARTESIAN_POINT('Ctrl Pts',(-64.125,-36.6997912815974,10.6691715753008));
#7238=CARTESIAN_POINT('Ctrl Pts',(-64.125,-36.6407810734581,10.6111260672842));
#7239=CARTESIAN_POINT('Ctrl Pts',(-64.125,-36.6172560385961,10.5879856201865));
#7240=CARTESIAN_POINT('Ctrl Pts',(-64.125,-36.5933485756969,10.565212249355));
#7241=CARTESIAN_POINT('Ctrl Pts',(-64.125,-36.5690687606183,10.5428172811252));
#7242=CARTESIAN_POINT('Ctrl Pts',(-64.125,-36.5549422702941,10.5297874330401));
#7243=CARTESIAN_POINT('Ctrl Pts',(-64.125,-36.5406880846163,10.5168843618206));
#7244=CARTESIAN_POINT('Ctrl Pts',(-64.125,-36.5263249712038,10.5041249259839));
#7245=CARTESIAN_POINT('Ctrl Pts',(-64.125,-36.4524077433483,10.4384607416969));
#7246=CARTESIAN_POINT('Ctrl Pts',(-64.125,-36.3755144583771,10.3765092054297));
#7247=CARTESIAN_POINT('Ctrl Pts',(-64.125,-36.2959531542427,10.3185081350496));
#7248=CARTESIAN_POINT('Ctrl Pts',(-64.125,-36.2169938476475,10.2609459275316));
#7249=CARTESIAN_POINT('Ctrl Pts',(-64.125,-36.135405904405,10.2072741913868));
#7250=CARTESIAN_POINT('Ctrl Pts',(-64.125,-36.051468138704,10.1577712579722));
#7251=CARTESIAN_POINT('Ctrl Pts',(-64.125,-35.9701361918257,10.1098051259555));
#7252=CARTESIAN_POINT('Ctrl Pts',(-64.125,-35.8865973100958,10.0657527954968));
#7253=CARTESIAN_POINT('Ctrl Pts',(-64.125,-35.8010957822344,10.0259149032732));
#7254=CARTESIAN_POINT('Ctrl Pts',(-64.125,-35.7481508698856,10.001246177875));
#7255=CARTESIAN_POINT('Ctrl Pts',(-64.125,-35.6944532545814,9.9781943940775));
#7256=CARTESIAN_POINT('Ctrl Pts',(-64.125,-35.6400608711829,9.95684097464611));
#7257=CARTESIAN_POINT('Ctrl Pts',(-64.125,-35.6260652510376,9.9513465592796));
#7258=CARTESIAN_POINT('Ctrl Pts',(-64.125,-35.6120217235312,9.94596391760618));
#7259=CARTESIAN_POINT('Ctrl Pts',(-64.125,-35.5979373637183,9.94069679189453));
#7260=CARTESIAN_POINT('Ctrl Pts',(-64.125,-35.5105743481354,9.90802565939469));
#7261=CARTESIAN_POINT('Ctrl Pts',(-64.125,-35.4219071828146,9.8798930527523));
#7262=CARTESIAN_POINT('Ctrl Pts',(-64.125,-35.3321862368485,9.85653935735444));
#7263=CARTESIAN_POINT('Ctrl Pts',(-64.125,-35.267727819077,9.83976131028578));
#7264=CARTESIAN_POINT('Ctrl Pts',(-64.125,-35.202725136482,9.82545082686466));
#7265=CARTESIAN_POINT('Ctrl Pts',(-64.125,-35.1372690196695,9.81371361470962));
#7266=CARTESIAN_POINT('Ctrl Pts',(-64.125,-35.0443884984483,9.79705881702637));
#7267=CARTESIAN_POINT('Ctrl Pts',(-64.125,-34.9505941397554,9.78558341809328));
#7268=CARTESIAN_POINT('Ctrl Pts',(-64.125,-34.8562645204127,9.77917937898767));
#7269=CARTESIAN_POINT('Ctrl Pts',(-64.125,-34.7594351894755,9.77260563442882));
#7270=CARTESIAN_POINT('Ctrl Pts',(-64.125,-34.6620407311997,9.77137579394254));
#7271=CARTESIAN_POINT('Ctrl Pts',(-64.125,-34.5645107877818,9.77542572673608));
#7272=CARTESIAN_POINT('Ctrl Pts',(-64.125,-34.5502321978918,9.77601864545841));
#7273=CARTESIAN_POINT('Ctrl Pts',(-64.125,-34.5359504311423,9.77672490788412));
#7274=CARTESIAN_POINT('Ctrl Pts',(-64.125,-34.5216819084605,9.77754331664051));
#7275=CARTESIAN_POINT('Ctrl Pts',(-64.125,-34.4292645836374,9.78284415608712));
#7276=CARTESIAN_POINT('Ctrl Pts',(-64.125,-34.3372471794432,9.79285094388814));
#7277=CARTESIAN_POINT('Ctrl Pts',(-64.125,-34.2459808387356,9.80742287084139));
#7278=CARTESIAN_POINT('Ctrl Pts',(-64.125,-34.1546804645788,9.82200023170304));
#7279=CARTESIAN_POINT('Ctrl Pts',(-64.125,-34.0641307963781,9.84114656117927));
#7280=CARTESIAN_POINT('Ctrl Pts',(-64.125,-33.9747002301087,9.86477010137084));
#7281=CARTESIAN_POINT('Ctrl Pts',(-64.125,-33.886547256211,9.88805615902146));
#7282=CARTESIAN_POINT('Ctrl Pts',(-64.125,-33.799480859183,9.91569290761127));
#7283=CARTESIAN_POINT('Ctrl Pts',(-64.125,-33.7138827432729,9.94763333422237));
#7284=CARTESIAN_POINT('Ctrl Pts',(-64.125,-33.666346541952,9.96537118433177));
#7285=CARTESIAN_POINT('Ctrl Pts',(-64.125,-33.6192637471201,9.98443699538572));
#7286=CARTESIAN_POINT('Ctrl Pts',(-64.125,-33.5727049858317,10.0048274635255));
#7287=CARTESIAN_POINT('Ctrl Pts',(-64.125,-33.5552129607077,10.012488117957));
#7288=CARTESIAN_POINT('Ctrl Pts',(-64.125,-33.5377903648653,10.0203380198293));
#7289=CARTESIAN_POINT('Ctrl Pts',(-64.125,-33.5204687692622,10.0283639301553));
#7290=CARTESIAN_POINT('Ctrl Pts',(-64.125,-33.4394133880497,10.0659207024045));
#7291=CARTESIAN_POINT('Ctrl Pts',(-64.125,-33.3604627629695,10.1073714136997));
#7292=CARTESIAN_POINT('Ctrl Pts',(-64.125,-33.2839490259683,10.1526277370414));
#7293=CARTESIAN_POINT('Ctrl Pts',(-64.125,-33.2085812997223,10.1972062182684));
#7294=CARTESIAN_POINT('Ctrl Pts',(-64.125,-33.1355773403583,10.2454776478107));
#7295=CARTESIAN_POINT('Ctrl Pts',(-64.125,-33.0652880971468,10.2973943505008));
#7296=CARTESIAN_POINT('Ctrl Pts',(-64.125,-32.9972059883792,10.3476808301656));
#7297=CARTESIAN_POINT('Ctrl Pts',(-64.125,-32.9316703561083,10.4013877271624));
#7298=CARTESIAN_POINT('Ctrl Pts',(-64.125,-32.8690395719681,10.4584993447263));
#7299=CARTESIAN_POINT('Ctrl Pts',(-64.125,-32.8241557264878,10.4994279240673));
#7300=CARTESIAN_POINT('Ctrl Pts',(-64.125,-32.7807645283719,10.5421056615995));
#7301=CARTESIAN_POINT('Ctrl Pts',(-64.125,-32.7390127966249,10.586534003335));
#7302=CARTESIAN_POINT('Ctrl Pts',(-66.987583302492,-31.8585070095941,12.5020702416321));
#7303=CARTESIAN_POINT('Ctrl Pts',(-66.9728519644055,-31.8566036156669,12.7353097267619));
#7304=CARTESIAN_POINT('Ctrl Pts',(-66.9581206263191,-31.8864590362652,12.9680717743819));
#7305=CARTESIAN_POINT('Ctrl Pts',(-66.9433892882327,-31.95006292609,13.1912136300024));
#7306=CARTESIAN_POINT('Ctrl Pts',(-66.8911968940061,-32.1754083273427,13.9817940666643));
#7307=CARTESIAN_POINT('Ctrl Pts',(-66.8390044997796,-32.8243812090195,14.6516170944327));
#7308=CARTESIAN_POINT('Ctrl Pts',(-66.7868121055531,-33.6074372703029,14.9018571851089));
#7309=CARTESIAN_POINT('Ctrl Pts',(-66.7346197113266,-34.3904933315862,15.152097275785));
#7310=CARTESIAN_POINT('Ctrl Pts',(-66.6824273171,-35.3076325724761,14.9827544293689));
#7311=CARTESIAN_POINT('Ctrl Pts',(-66.6302349228735,-35.9496876547601,14.4693748147264));
#7312=CARTESIAN_POINT('Ctrl Pts',(-66.578042528647,-36.591742737044,13.9559952000839));
#7313=CARTESIAN_POINT('Ctrl Pts',(-66.5258501344204,-36.958713660722,13.0985788172149));
#7314=CARTESIAN_POINT('Ctrl Pts',(-66.4736577401939,-36.8868774408462,12.2796557239149));
#7315=CARTESIAN_POINT('Ctrl Pts',(-66.4214653459673,-36.8150412209704,11.460732630615));
#7316=CARTESIAN_POINT('Ctrl Pts',(-66.3692729517408,-36.3043978575408,10.6803028268841));
#7317=CARTESIAN_POINT('Ctrl Pts',(-66.3170805575143,-35.5827669557829,10.2865464799456));
#7318=CARTESIAN_POINT('Ctrl Pts',(-66.2648881632878,-34.861136054025,9.89279013300708));
#7319=CARTESIAN_POINT('Ctrl Pts',(-66.2126957690613,-33.9285176139388,9.88570724286106));
#7320=CARTESIAN_POINT('Ctrl Pts',(-66.1605033748347,-33.2009900085695,10.2684581555923));
#7321=CARTESIAN_POINT('Ctrl Pts',(-66.1083109806082,-32.4734624032002,10.6512090683236));
#7322=CARTESIAN_POINT('Ctrl Pts',(-66.0561185863816,-31.9510256325479,11.4237937839321));
#7323=CARTESIAN_POINT('Ctrl Pts',(-66.0039261921551,-31.8667593097094,12.2415311537286));
#7324=CARTESIAN_POINT('Ctrl Pts',(-65.9984785622674,-31.8579639335703,12.3268832553521));
#7325=CARTESIAN_POINT('Ctrl Pts',(-65.9930309323797,-31.8539421333261,12.4127272651423));
#7326=CARTESIAN_POINT('Ctrl Pts',(-65.987583302492,-31.8545143718382,12.4986254309124));
#7327=CARTESIAN_POINT('Origin',(-70.0834234471779,34.375,12.5));
#7328=CARTESIAN_POINT('Ctrl Pts',(-67.5834234471779,37.4524739983617,12.5013904660481));
#7329=CARTESIAN_POINT('Ctrl Pts',(-67.5788483044356,37.4529915364413,12.5894250882276));
#7330=CARTESIAN_POINT('Ctrl Pts',(-67.5220807674668,37.4100114953944,13.6812473266619));
#7331=CARTESIAN_POINT('Ctrl Pts',(-67.4131208362715,36.1111340245261,15.6723753281692));
#7332=CARTESIAN_POINT('Ctrl Pts',(-67.2565436535918,32.6953207499046,15.7023464382181));
#7333=CARTESIAN_POINT('Ctrl Pts',(-67.0999664709123,30.7783414527893,12.8752409242361));
#7334=CARTESIAN_POINT('Ctrl Pts',(-66.9433892882327,32.070548134909,9.71316596456841));
#7335=CARTESIAN_POINT('Ctrl Pts',(-66.786812105553,35.4189922035247,9.03779939792298));
#7336=CARTESIAN_POINT('Ctrl Pts',(-66.6668234918682,37.2711175771615,10.8875898415729));
#7337=CARTESIAN_POINT('Ctrl Pts',(-66.5990272724098,37.4491805934986,12.1958248401753));
#7338=CARTESIAN_POINT('Ctrl Pts',(-66.5834234471779,37.4468274677605,12.4975503753399));
#7339=CARTESIAN_POINT('Ctrl Pts',(-67.6665765528229,37.445119504722,12.4975532264225));
#7340=CARTESIAN_POINT('Ctrl Pts',(-67.6316662467622,37.4406599271904,13.1729444266582));
#7341=CARTESIAN_POINT('Ctrl Pts',(-67.544563546475,36.8930829004665,14.8665669899408));
#7342=CARTESIAN_POINT('Ctrl Pts',(-67.4052684519612,34.1176436129272,16.1065405603496));
#7343=CARTESIAN_POINT('Ctrl Pts',(-67.2486912692817,31.2298400390325,14.2843142354568));
#7344=CARTESIAN_POINT('Ctrl Pts',(-67.092114086602,31.147283355786,10.8690576585282));
#7345=CARTESIAN_POINT('Ctrl Pts',(-66.9355369039224,33.9452849681276,8.90949980387195));
#7346=CARTESIAN_POINT('Ctrl Pts',(-66.7936910593294,36.8271650346563,10.0364296273716));
#7347=CARTESIAN_POINT('Ctrl Pts',(-66.7040376089629,37.441361750675,11.778418902161));
#7348=CARTESIAN_POINT('Ctrl Pts',(-66.666576552823,37.4472709698369,12.5025274645422));
#7349=CARTESIAN_POINT('Origin',(-70.0834234471779,34.375,12.5));
#7350=CARTESIAN_POINT('Ctrl Pts',(64.4165765528221,37.4524741592254,12.5013904809712));
#7351=CARTESIAN_POINT('Ctrl Pts',(64.4211516955644,37.4529916952327,12.5894251106917));
#7352=CARTESIAN_POINT('Ctrl Pts',(64.4779192325332,37.4100116287185,13.6812474372927));
#7353=CARTESIAN_POINT('Ctrl Pts',(64.5868791637285,36.1111341351506,15.672375438265));
#7354=CARTESIAN_POINT('Ctrl Pts',(64.7434563464081,32.6953206543159,15.7023466337508));
#7355=CARTESIAN_POINT('Ctrl Pts',(64.9000335290877,30.7783412696282,12.8752409280199));
#7356=CARTESIAN_POINT('Ctrl Pts',(65.0566107117673,32.0705480138452,9.71316582817555));
#7357=CARTESIAN_POINT('Ctrl Pts',(65.2131878944469,35.418992258303,9.03779921389581));
#7358=CARTESIAN_POINT('Ctrl Pts',(65.3331765081318,37.2711177274411,10.8875897585654));
#7359=CARTESIAN_POINT('Ctrl Pts',(65.4009727275902,37.4491807530039,12.1958248251326));
#7360=CARTESIAN_POINT('Ctrl Pts',(65.4165765528221,37.4468276271494,12.4975503758914));
#7361=CARTESIAN_POINT('Ctrl Pts',(64.333423447177,37.445119547898,12.4975524769944));
#7362=CARTESIAN_POINT('Ctrl Pts',(64.3683337532378,37.4406599312456,13.1729438130807));
#7363=CARTESIAN_POINT('Ctrl Pts',(64.4032440592985,37.2211938696328,13.8517391350325));
#7364=CARTESIAN_POINT('Ctrl Pts',(64.4381543653592,36.8109022587597,14.3830292567797));
#7365=CARTESIAN_POINT('Ctrl Pts',(64.4903467595857,36.1974988281141,15.1773306139395));
#7366=CARTESIAN_POINT('Ctrl Pts',(64.5425391538122,35.1575712260624,15.6419353789018));
#7367=CARTESIAN_POINT('Ctrl Pts',(64.5947315480388,34.1563068576812,15.5705334450192));
#7368=CARTESIAN_POINT('Ctrl Pts',(64.6469239422653,33.1550424893,15.4991315111365));
#7369=CARTESIAN_POINT('Ctrl Pts',(64.6991163364918,32.1924413545895,14.8917228784089));
#7370=CARTESIAN_POINT('Ctrl Pts',(64.7513087307184,31.6973813354734,14.018809135531));
#7371=CARTESIAN_POINT('Ctrl Pts',(64.8035011249449,31.2023213163574,13.145895392653));
#7372=CARTESIAN_POINT('Ctrl Pts',(64.8556935191714,31.174802412836,12.0074765396244));
#7373=CARTESIAN_POINT('Ctrl Pts',(64.907885913398,31.6273765428746,11.1116741685369));
#7374=CARTESIAN_POINT('Ctrl Pts',(64.9600783076245,32.0799506729133,10.2158717974493));
#7375=CARTESIAN_POINT('Ctrl Pts',(65.012270701851,33.012617836512,9.56268590830274));
#7376=CARTESIAN_POINT('Ctrl Pts',(65.0644630960776,34.0091474646941,9.4434207168137));
#7377=CARTESIAN_POINT('Ctrl Pts',(65.1166554903041,35.0056770928761,9.32415552532467));
#7378=CARTESIAN_POINT('Ctrl Pts',(65.1688478845307,36.0660691856413,9.7388110314931));
#7379=CARTESIAN_POINT('Ctrl Pts',(65.2210402787572,36.7173019754801,10.5024440565448));
#7380=CARTESIAN_POINT('Ctrl Pts',(65.2585013348971,37.1847238759674,11.050541150877));
#7381=CARTESIAN_POINT('Ctrl Pts',(65.2959623910371,37.4413615903937,11.7784189363609));
#7382=CARTESIAN_POINT('Ctrl Pts',(65.3334234471771,37.4472708103555,12.5025274638208));
#7383=CARTESIAN_POINT('Ctrl Pts',(-67.875,32.4615340033347,14.1359872033747));
#7384=CARTESIAN_POINT('Ctrl Pts',(-67.8228076057735,31.9250373830646,13.508495718053));
#7385=CARTESIAN_POINT('Ctrl Pts',(-67.7184228173204,31.5264928653323,11.6943257640594));
#7386=CARTESIAN_POINT('Ctrl Pts',(-67.5618456346408,33.4694442069681,9.67827950029479));
#7387=CARTESIAN_POINT('Ctrl Pts',(-67.4052684519612,36.2220528684873,10.1849161554297));
#7388=CARTESIAN_POINT('Ctrl Pts',(-67.2486912692816,37.3259195076623,12.7548152309204));
#7389=CARTESIAN_POINT('Ctrl Pts',(-67.092114086602,35.7970652047322,15.0984886574479));
#7390=CARTESIAN_POINT('Ctrl Pts',(-66.9355369039224,32.9991768302862,15.1230379561458));
#7391=CARTESIAN_POINT('Ctrl Pts',(-66.7789597212428,31.4289814893109,12.8073593709987));
#7392=CARTESIAN_POINT('Ctrl Pts',(-66.6223825385632,32.4874263639608,10.2173077324877));
#7393=CARTESIAN_POINT('Ctrl Pts',(-66.4658053558836,35.230132706157,9.66411582374203));
#7394=CARTESIAN_POINT('Ctrl Pts',(-66.3092281732041,37.2098131004893,11.6413004825357));
#7395=CARTESIAN_POINT('Ctrl Pts',(-66.1526509905244,36.6600487368164,14.3846988981398));
#7396=CARTESIAN_POINT('Ctrl Pts',(-65.9960738078449,34.0713784774227,15.4464113516443));
#7397=CARTESIAN_POINT('Ctrl Pts',(-65.8394966251653,31.7536241635358,13.8791009256736));
#7398=CARTESIAN_POINT('Ctrl Pts',(-65.6829194424857,31.7748728346466,11.0812454031575));
#7399=CARTESIAN_POINT('Ctrl Pts',(-65.5263422598061,34.1161624167707,9.54931520290907));
#7400=CARTESIAN_POINT('Ctrl Pts',(-65.3697650771265,36.6884117479192,10.6502280517349));
#7401=CARTESIAN_POINT('Ctrl Pts',(-65.2131878944469,37.1964403305705,13.4016459767114));
#7402=CARTESIAN_POINT('Ctrl Pts',(-65.0566107117673,35.1869710888664,15.3485647562371));
#7403=CARTESIAN_POINT('Ctrl Pts',(-64.9000335290877,32.4529573803682,14.7537184865422));
#7404=CARTESIAN_POINT('Ctrl Pts',(-64.7434563464082,31.4340259633076,12.1480209818698));
#7405=CARTESIAN_POINT('Ctrl Pts',(-64.5868791637285,33.0390971940807,9.85618146565765));
#7406=CARTESIAN_POINT('Ctrl Pts',(-64.430301981049,35.8365295635281,9.92380356386705));
#7407=CARTESIAN_POINT('Ctrl Pts',(-64.2737247983693,37.3291125141299,12.2891997148034));
#7408=CARTESIAN_POINT('Ctrl Pts',(-64.1171476156897,36.18744097114,14.8446099033493));
#7409=CARTESIAN_POINT('Ctrl Pts',(-63.9605704330101,33.4254450340902,15.303827604798));
#7410=CARTESIAN_POINT('Ctrl Pts',(-63.8561856445571,32.1561361991556,13.9477651297827));
#7411=CARTESIAN_POINT('Ctrl Pts',(-63.8039932503306,31.9429131979649,13.1501999979748));
#7412=CARTESIAN_POINT('Ctrl Pts',(-67.9820022498898,32.3206684496577,14.2564253212266));
#7413=CARTESIAN_POINT('Ctrl Pts',(-67.9298098556633,31.7446760172895,13.5827391631689));
#7414=CARTESIAN_POINT('Ctrl Pts',(-67.8254250672102,31.3167914463485,11.6350136322907));
#7415=CARTESIAN_POINT('Ctrl Pts',(-67.6688478845306,33.4027789940021,9.47055005999872));
#7416=CARTESIAN_POINT('Ctrl Pts',(-67.512270701851,36.3580292200105,10.0144842961008));
#7417=CARTESIAN_POINT('Ctrl Pts',(-67.3556935191715,37.543160321467,12.773574220446));
#7418=CARTESIAN_POINT('Ctrl Pts',(-67.1991163364919,35.9017548113302,15.289784214355));
#7419=CARTESIAN_POINT('Ctrl Pts',(-67.0425391538122,32.897891470159,15.3161407835032));
#7420=CARTESIAN_POINT('Ctrl Pts',(-66.8859619711327,31.2121014771371,12.8299865554112));
#7421=CARTESIAN_POINT('Ctrl Pts',(-66.729384788453,32.3484669542768,10.0492604765146));
#7422=CARTESIAN_POINT('Ctrl Pts',(-66.5728076057735,35.2930858719462,9.45534368180235));
#7423=CARTESIAN_POINT('Ctrl Pts',(-66.4162304230939,37.4185063919652,11.5780847352056));
#7424=CARTESIAN_POINT('Ctrl Pts',(-66.2596532404143,36.8282694713639,14.5234466753481));
#7425=CARTESIAN_POINT('Ctrl Pts',(-66.1030760577347,34.0490264659625,15.6633202839864));
#7426=CARTESIAN_POINT('Ctrl Pts',(-65.946498875055,31.5606436981171,13.980627587663));
#7427=CARTESIAN_POINT('Ctrl Pts',(-65.7899216923756,31.5834566540526,10.9767995169153));
#7428=CARTESIAN_POINT('Ctrl Pts',(-65.6333445096958,34.0971073096836,9.33209166802888));
#7429=CARTESIAN_POINT('Ctrl Pts',(-65.4767673270163,36.8587205108246,10.5140515269768));
#7430=CARTESIAN_POINT('Ctrl Pts',(-65.3201901443367,37.4041491453732,13.468023356791));
#7431=CARTESIAN_POINT('Ctrl Pts',(-65.1636129616571,35.2467467823996,15.558270417206));
#7432=CARTESIAN_POINT('Ctrl Pts',(-65.0070357789775,32.3114604327991,14.9196327504969));
#7433=CARTESIAN_POINT('Ctrl Pts',(-64.850458596298,31.2175173152572,12.1221089879498));
#7434=CARTESIAN_POINT('Ctrl Pts',(-64.6938814136184,32.940750691586,9.66154881354321));
#7435=CARTESIAN_POINT('Ctrl Pts',(-64.5373042309388,35.9441244575793,9.73414911587102));
#7436=CARTESIAN_POINT('Ctrl Pts',(-64.3807270482591,37.546588390708,12.2736810178727));
#7437=CARTESIAN_POINT('Ctrl Pts',(-64.2241498655795,36.3208692637522,15.0172154122883));
#7438=CARTESIAN_POINT('Ctrl Pts',(-64.0675726829,33.3555406896948,15.5102398058265));
#7439=CARTESIAN_POINT('Ctrl Pts',(-63.9631878944469,31.9927878677064,14.0543467136502));
#7440=CARTESIAN_POINT('Ctrl Pts',(-63.9109955002204,31.7638678140613,13.1980664261607));
#7441=CARTESIAN_POINT('Ctrl Pts',(-68.0890044997796,32.1798028959806,14.3768634390785));
#7442=CARTESIAN_POINT('Ctrl Pts',(-68.0368121055531,31.5643146515145,13.6569826082847));
#7443=CARTESIAN_POINT('Ctrl Pts',(-67.9324273171,31.1070900273647,11.575701500522));
#7444=CARTESIAN_POINT('Ctrl Pts',(-67.7758501344204,33.3361137810361,9.26282061970265));
#7445=CARTESIAN_POINT('Ctrl Pts',(-67.6192729517408,36.4940055715337,9.84405243677199));
#7446=CARTESIAN_POINT('Ctrl Pts',(-67.4626957690613,37.7604011352717,12.7923332099715));
#7447=CARTESIAN_POINT('Ctrl Pts',(-67.3061185863816,36.0064444179281,15.4810797712621));
#7448=CARTESIAN_POINT('Ctrl Pts',(-67.1495414037021,32.7966061100318,15.5092436108606));
#7449=CARTESIAN_POINT('Ctrl Pts',(-66.9929642210225,30.9952214649632,12.8526137398236));
#7450=CARTESIAN_POINT('Ctrl Pts',(-66.8363870383429,32.2095075445929,9.88121322054152));
#7451=CARTESIAN_POINT('Ctrl Pts',(-66.6798098556633,35.3560390377354,9.24657153986267));
#7452=CARTESIAN_POINT('Ctrl Pts',(-66.5232326729837,37.6271996834412,11.5148689878756));
#7453=CARTESIAN_POINT('Ctrl Pts',(-66.3666554903041,36.9964902059114,14.6621944525564));
#7454=CARTESIAN_POINT('Ctrl Pts',(-66.2100783076245,34.0266744545024,15.8802292163286));
#7455=CARTESIAN_POINT('Ctrl Pts',(-66.0535011249449,31.3676632326985,14.0821542496523));
#7456=CARTESIAN_POINT('Ctrl Pts',(-65.8969239422653,31.3920404734586,10.872353630673));
#7457=CARTESIAN_POINT('Ctrl Pts',(-65.7403467595857,34.0780522025964,9.11486813314871));
#7458=CARTESIAN_POINT('Ctrl Pts',(-65.5837695769061,37.02902927373,10.3778750022187));
#7459=CARTESIAN_POINT('Ctrl Pts',(-65.4271923942265,37.6118579601759,13.5344007368707));
#7460=CARTESIAN_POINT('Ctrl Pts',(-65.270615211547,35.3065224759328,15.7679760781749));
#7461=CARTESIAN_POINT('Ctrl Pts',(-65.1140380288673,32.16996348523,15.0855470144515));
#7462=CARTESIAN_POINT('Ctrl Pts',(-64.9574608461877,31.0010086672067,12.0961969940299));
#7463=CARTESIAN_POINT('Ctrl Pts',(-64.8008836635082,32.8424041890913,9.46691616142876));
#7464=CARTESIAN_POINT('Ctrl Pts',(-64.6443064808285,36.0517193516305,9.54449466787501));
#7465=CARTESIAN_POINT('Ctrl Pts',(-64.487729298149,37.7640642672861,12.2581623209419));
#7466=CARTESIAN_POINT('Ctrl Pts',(-64.3311521154694,36.4542975563644,15.1898209212274));
#7467=CARTESIAN_POINT('Ctrl Pts',(-64.1745749327898,33.2856363452995,15.716652006855));
#7468=CARTESIAN_POINT('Ctrl Pts',(-64.0701901443367,31.8294395362573,14.1609282975176));
#7469=CARTESIAN_POINT('Ctrl Pts',(-64.0179977501102,31.5848224301578,13.2459328543466));
#7470=CARTESIAN_POINT('Ctrl Pts',(-68.1960067496694,32.0389373423036,14.4973015569303));
#7471=CARTESIAN_POINT('Ctrl Pts',(-68.1438143554429,31.3839532857394,13.7312260534006));
#7472=CARTESIAN_POINT('Ctrl Pts',(-68.0394295669899,30.8973886083809,11.5163893687533));
#7473=CARTESIAN_POINT('Ctrl Pts',(-67.8828523843102,33.2694485680701,9.05509117940658));
#7474=CARTESIAN_POINT('Ctrl Pts',(-67.7262752016307,36.6299819230569,9.67362057744314));
#7475=CARTESIAN_POINT('Ctrl Pts',(-67.5696980189511,37.9776419490765,12.8110921994971));
#7476=CARTESIAN_POINT('Ctrl Pts',(-67.4131208362715,36.1111340245261,15.6723753281692));
#7477=CARTESIAN_POINT('Ctrl Pts',(-67.2565436535918,32.6953207499046,15.7023464382181));
#7478=CARTESIAN_POINT('Ctrl Pts',(-67.0999664709123,30.7783414527893,12.8752409242361));
#7479=CARTESIAN_POINT('Ctrl Pts',(-66.9433892882327,32.070548134909,9.71316596456841));
#7480=CARTESIAN_POINT('Ctrl Pts',(-66.786812105553,35.4189922035247,9.03779939792298));
#7481=CARTESIAN_POINT('Ctrl Pts',(-66.6302349228735,37.8358929749171,11.4516532405455));
#7482=CARTESIAN_POINT('Ctrl Pts',(-66.4736577401939,37.1647109404589,14.8009422297647));
#7483=CARTESIAN_POINT('Ctrl Pts',(-66.3170805575143,34.0043224430422,16.0971381486708));
#7484=CARTESIAN_POINT('Ctrl Pts',(-66.1605033748347,31.1746827672799,14.1836809116417));
#7485=CARTESIAN_POINT('Ctrl Pts',(-66.0039261921551,31.2006242928645,10.7679077444308));
#7486=CARTESIAN_POINT('Ctrl Pts',(-65.8473490094755,34.0589970955093,8.89764459826852));
#7487=CARTESIAN_POINT('Ctrl Pts',(-65.6907718267959,37.1993380366354,10.2416984774606));
#7488=CARTESIAN_POINT('Ctrl Pts',(-65.5341946441164,37.8195667749785,13.6007781169503));
#7489=CARTESIAN_POINT('Ctrl Pts',(-65.3776174614368,35.366298169466,15.9776817391439));
#7490=CARTESIAN_POINT('Ctrl Pts',(-65.2210402787571,32.028466537661,15.2514612784062));
#7491=CARTESIAN_POINT('Ctrl Pts',(-65.0644630960776,30.7845000191563,12.0702850001099));
#7492=CARTESIAN_POINT('Ctrl Pts',(-64.907885913398,32.7440576865966,9.27228350931432));
#7493=CARTESIAN_POINT('Ctrl Pts',(-64.7513087307183,36.1593142456817,9.35484021987898));
#7494=CARTESIAN_POINT('Ctrl Pts',(-64.5947315480388,37.9815401438642,12.2426436240112));
#7495=CARTESIAN_POINT('Ctrl Pts',(-64.4381543653592,36.5877258489766,15.3624264301664));
#7496=CARTESIAN_POINT('Ctrl Pts',(-64.2815771826796,33.2157320009041,15.9230642078835));
#7497=CARTESIAN_POINT('Ctrl Pts',(-64.1771923942265,31.6660912048082,14.2675098813851));
#7498=CARTESIAN_POINT('Ctrl Pts',(-64.125,31.4057770462542,13.2937992825325));
#7499=CARTESIAN_POINT('Ctrl Pts',(-64.125,36.0132129379578,14.4170643713264));
#7500=CARTESIAN_POINT('Ctrl Pts',(-64.125,35.9848218601301,14.4475226908689));
#7501=CARTESIAN_POINT('Ctrl Pts',(-64.125,35.9556517647448,14.4771885321338));
#7502=CARTESIAN_POINT('Ctrl Pts',(-64.125,35.9257196107963,14.5060237455382));
#7503=CARTESIAN_POINT('Ctrl Pts',(-64.125,35.8643324742608,14.5651611930246));
#7504=CARTESIAN_POINT('Ctrl Pts',(-64.125,35.7997430358641,14.620807000437));
#7505=CARTESIAN_POINT('Ctrl Pts',(-64.125,35.7323283984111,14.6729563693323));
#7506=CARTESIAN_POINT('Ctrl Pts',(-64.125,35.6932464818779,14.7031886357869));
#7507=CARTESIAN_POINT('Ctrl Pts',(-64.125,35.6532141956982,14.7322453126981));
#7508=CARTESIAN_POINT('Ctrl Pts',(-64.125,35.6122986811989,14.7601208712348));
#7509=CARTESIAN_POINT('Ctrl Pts',(-64.125,35.592326512258,14.7737278213424));
#7510=CARTESIAN_POINT('Ctrl Pts',(-64.125,35.5721438300248,14.7870532892477));
#7511=CARTESIAN_POINT('Ctrl Pts',(-64.125,35.551758102241,14.8000963124156));
#7512=CARTESIAN_POINT('Ctrl Pts',(-64.125,35.5368493097,14.8096351294046));
#7513=CARTESIAN_POINT('Ctrl Pts',(-64.125,35.5218390538262,14.8190182783039));
#7514=CARTESIAN_POINT('Ctrl Pts',(-64.125,35.5067336680835,14.8282438937082));
#7515=CARTESIAN_POINT('Ctrl Pts',(-64.125,35.4304589161301,14.8748287038258));
#7516=CARTESIAN_POINT('Ctrl Pts',(-64.125,35.3517375599967,14.9174152355518));
#7517=CARTESIAN_POINT('Ctrl Pts',(-64.125,35.2709744162958,14.9559890018616));
#7518=CARTESIAN_POINT('Ctrl Pts',(-64.125,35.2017965019339,14.9890294777534));
#7519=CARTESIAN_POINT('Ctrl Pts',(-64.125,35.1311194839058,15.0191254564219));
#7520=CARTESIAN_POINT('Ctrl Pts',(-64.125,35.0591760661199,15.0462464220666));
#7521=CARTESIAN_POINT('Ctrl Pts',(-64.125,35.0404621238613,15.0533011353495));
#7522=CARTESIAN_POINT('Ctrl Pts',(-64.125,35.0216624065579,15.0601544401785));
#7523=CARTESIAN_POINT('Ctrl Pts',(-64.125,35.0027808394925,15.0668055586592));
#7524=CARTESIAN_POINT('Ctrl Pts',(-64.125,34.9880285132053,15.0720021331628));
#7525=CARTESIAN_POINT('Ctrl Pts',(-64.125,34.9732270262284,15.0770749197253));
#7526=CARTESIAN_POINT('Ctrl Pts',(-64.125,34.958390847711,15.0820195794917));
#7527=CARTESIAN_POINT('Ctrl Pts',(-64.125,34.8711193353793,15.1111057714158));
#7528=CARTESIAN_POINT('Ctrl Pts',(-64.125,34.7825379852885,15.13580171429));
#7529=CARTESIAN_POINT('Ctrl Pts',(-64.125,34.6930585931768,15.1560971786737));
#7530=CARTESIAN_POINT('Ctrl Pts',(-64.125,34.6020678335882,15.1767354471833));
#7531=CARTESIAN_POINT('Ctrl Pts',(-64.125,34.5101476224701,15.1928237879186));
#7532=CARTESIAN_POINT('Ctrl Pts',(-64.125,34.4176972873451,15.2043097067781));
#7533=CARTESIAN_POINT('Ctrl Pts',(-64.125,34.3392640519843,15.2140541579585));
#7534=CARTESIAN_POINT('Ctrl Pts',(-64.125,34.2604483725742,15.2204854177297));
#7535=CARTESIAN_POINT('Ctrl Pts',(-64.125,34.1814824787819,15.2235447985459));
#7536=CARTESIAN_POINT('Ctrl Pts',(-64.125,34.1222580584377,15.2258393341581));
#7537=CARTESIAN_POINT('Ctrl Pts',(-64.125,34.0629488895452,15.2262367003451));
#7538=CARTESIAN_POINT('Ctrl Pts',(-64.125,34.0036513014584,15.2247022268001));
#7539=CARTESIAN_POINT('Ctrl Pts',(-64.125,33.9891121730778,15.2243259904541));
#7540=CARTESIAN_POINT('Ctrl Pts',(-64.125,33.9745737391132,15.2238335743632));
#7541=CARTESIAN_POINT('Ctrl Pts',(-64.125,33.9600374189278,15.2232243846585));
#7542=CARTESIAN_POINT('Ctrl Pts',(-64.125,33.9457340348681,15.2226249568666));
#7543=CARTESIAN_POINT('Ctrl Pts',(-64.125,33.9314413259837,15.2219128100635));
#7544=CARTESIAN_POINT('Ctrl Pts',(-64.125,33.9171642325312,15.2210880228515));
#7545=CARTESIAN_POINT('Ctrl Pts',(-64.125,33.8212600586309,15.2155476419275));
#7546=CARTESIAN_POINT('Ctrl Pts',(-64.125,33.7260109056156,15.2049263701423));
#7547=CARTESIAN_POINT('Ctrl Pts',(-64.125,33.63183309903,15.189176916607));
#7548=CARTESIAN_POINT('Ctrl Pts',(-64.125,33.5799436610533,15.1804993913809));
#7549=CARTESIAN_POINT('Ctrl Pts',(-64.125,33.5283790461265,15.1702642657113));
#7550=CARTESIAN_POINT('Ctrl Pts',(-64.125,33.477206947597,15.1584571483861));
#7551=CARTESIAN_POINT('Ctrl Pts',(-64.125,33.3872866031247,15.1377095127092));
#7552=CARTESIAN_POINT('Ctrl Pts',(-64.125,33.2985778380025,15.1121110809396));
#7553=CARTESIAN_POINT('Ctrl Pts',(-64.125,33.2112950185885,15.0819530633522));
#7554=CARTESIAN_POINT('Ctrl Pts',(-64.125,33.160019482406,15.0642363061212));
#7555=CARTESIAN_POINT('Ctrl Pts',(-64.125,33.1092360918453,15.0449449507626));
#7556=CARTESIAN_POINT('Ctrl Pts',(-64.125,33.0589895021193,15.0241299102172));
#7557=CARTESIAN_POINT('Ctrl Pts',(-64.125,33.0266598221338,15.0107370888657));
#7558=CARTESIAN_POINT('Ctrl Pts',(-64.125,32.994552394598,14.9967133586886));
#7559=CARTESIAN_POINT('Ctrl Pts',(-64.125,32.9626794685816,14.9820710664088));
#7560=CARTESIAN_POINT('Ctrl Pts',(-64.125,32.9483152294333,14.9754721935009));
#7561=CARTESIAN_POINT('Ctrl Pts',(-64.125,32.9339986231641,14.9687476748738));
#7562=CARTESIAN_POINT('Ctrl Pts',(-64.125,32.9197307943854,14.9618985806364));
#7563=CARTESIAN_POINT('Ctrl Pts',(-64.125,32.9056778373223,14.9551526329011));
#7564=CARTESIAN_POINT('Ctrl Pts',(-64.125,32.8916786165294,14.9482888645324));
#7565=CARTESIAN_POINT('Ctrl Pts',(-64.125,32.8777412961713,14.9413123380719));
#7566=CARTESIAN_POINT('Ctrl Pts',(-64.125,32.7919248070832,14.8983556583455));
#7567=CARTESIAN_POINT('Ctrl Pts',(-64.125,32.7083700596823,14.8510879148883));
#7568=CARTESIAN_POINT('Ctrl Pts',(-64.125,32.6273007173726,14.7998526654955));
#7569=CARTESIAN_POINT('Ctrl Pts',(-64.125,32.5446936108957,14.747645560055));
#7570=CARTESIAN_POINT('Ctrl Pts',(-64.125,32.4646663654598,14.6913186822492));
#7571=CARTESIAN_POINT('Ctrl Pts',(-64.125,32.3874642271702,14.6311806601791));
#7572=CARTESIAN_POINT('Ctrl Pts',(-64.125,32.3096224994028,14.5705444181505));
#7573=CARTESIAN_POINT('Ctrl Pts',(-64.125,32.2346520964183,14.5060331630441));
#7574=CARTESIAN_POINT('Ctrl Pts',(-64.125,32.1628245613787,14.4379141089048));
#7575=CARTESIAN_POINT('Ctrl Pts',(-64.125,32.1209638414186,14.3982146726412));
#7576=CARTESIAN_POINT('Ctrl Pts',(-64.125,32.080171031433,14.3572889656346));
#7577=CARTESIAN_POINT('Ctrl Pts',(-64.125,32.0405046495429,14.3151832516403));
#7578=CARTESIAN_POINT('Ctrl Pts',(-64.125,32.0301866682749,14.3042307536416));
#7579=CARTESIAN_POINT('Ctrl Pts',(-64.125,32.0199430884909,14.293196376872));
#7580=CARTESIAN_POINT('Ctrl Pts',(-64.125,32.0097810706206,14.2820875553256));
#7581=CARTESIAN_POINT('Ctrl Pts',(-64.125,31.9411207683699,14.2070301154777));
#7582=CARTESIAN_POINT('Ctrl Pts',(-64.125,31.8763348197271,14.1287479062318));
#7583=CARTESIAN_POINT('Ctrl Pts',(-64.125,31.8156748778452,14.0475744818674));
#7584=CARTESIAN_POINT('Ctrl Pts',(-64.125,31.7548339186663,13.9661588252585));
#7585=CARTESIAN_POINT('Ctrl Pts',(-64.125,31.6981428375236,13.8818341088174));
#7586=CARTESIAN_POINT('Ctrl Pts',(-64.125,31.6458804459584,13.7948905756223));
#7587=CARTESIAN_POINT('Ctrl Pts',(-64.125,31.5945996727926,13.709580059389));
#7588=CARTESIAN_POINT('Ctrl Pts',(-64.125,31.5475821472561,13.6217475111201));
#7589=CARTESIAN_POINT('Ctrl Pts',(-64.125,31.5051256275171,13.531631962059));
#7590=CARTESIAN_POINT('Ctrl Pts',(-64.125,31.4685522980998,13.4540037042154));
#7591=CARTESIAN_POINT('Ctrl Pts',(-64.125,31.4353637786671,13.3746805595105));
#7592=CARTESIAN_POINT('Ctrl Pts',(-64.125,31.4057770462542,13.2937992825326));
#7593=CARTESIAN_POINT('Ctrl Pts',(-66.2624166975081,36.8911300309377,12.4979935155155));
#7594=CARTESIAN_POINT('Ctrl Pts',(-66.2780205227401,36.8930574732827,12.2508505076147));
#7595=CARTESIAN_POINT('Ctrl Pts',(-66.2936243479721,36.8594886909306,12.0042195292268));
#7596=CARTESIAN_POINT('Ctrl Pts',(-66.3092281732041,36.7882389741551,11.7690027753374));
#7597=CARTESIAN_POINT('Ctrl Pts',(-66.3614205674306,36.5499196357118,10.9822389296045));
#7598=CARTESIAN_POINT('Ctrl Pts',(-66.4136129616571,35.8900261709344,10.3231773766732));
#7599=CARTESIAN_POINT('Ctrl Pts',(-66.4658053558836,35.1029617148463,10.0858452516652));
#7600=CARTESIAN_POINT('Ctrl Pts',(-66.5179977501102,34.3158972587582,9.84851312665726));
#7601=CARTESIAN_POINT('Ctrl Pts',(-66.5701901443367,33.4016618113595,10.0329104295725));
#7602=CARTESIAN_POINT('Ctrl Pts',(-66.6223825385632,32.7681366085518,10.5567843541153));
#7603=CARTESIAN_POINT('Ctrl Pts',(-66.6745749327898,32.1346114057442,11.080658278658));
#7604=CARTESIAN_POINT('Ctrl Pts',(-66.7267673270163,31.7817964475275,11.9440088248284));
#7605=CARTESIAN_POINT('Ctrl Pts',(-66.7789597212428,31.8670881919151,12.7616305287714));
#7606=CARTESIAN_POINT('Ctrl Pts',(-66.8311521154694,31.9523799363027,13.5792522327144));
#7607=CARTESIAN_POINT('Ctrl Pts',(-66.8833445096959,32.4757783832944,14.3511450944301));
#7608=CARTESIAN_POINT('Ctrl Pts',(-66.9355369039224,33.2037923358647,14.7329999755049));
#7609=CARTESIAN_POINT('Ctrl Pts',(-66.987729298149,33.9318062884349,15.1148548565798));
#7610=CARTESIAN_POINT('Ctrl Pts',(-67.0399216923755,34.8644357465836,15.1066717570138));
#7611=CARTESIAN_POINT('Ctrl Pts',(-67.092114086602,35.5855595261462,14.7119679694763));
#7612=CARTESIAN_POINT('Ctrl Pts',(-67.1443064808285,36.3066833057089,14.3172641819387));
#7613=CARTESIAN_POINT('Ctrl Pts',(-67.1964988750551,36.8163014066856,13.5360397064296));
#7614=CARTESIAN_POINT('Ctrl Pts',(-67.2486912692816,36.8871326839781,12.7171109560932));
#7615=CARTESIAN_POINT('Ctrl Pts',(-67.2532664120237,36.8933416960195,12.6453243292493));
#7616=CARTESIAN_POINT('Ctrl Pts',(-67.2578415547659,36.8961790118726,12.5732479777536));
#7617=CARTESIAN_POINT('Ctrl Pts',(-67.262416697508,36.8957550970801,12.5011389290043));
#7618=CARTESIAN_POINT('Ctrl Pts',(-67.875,35.1687992825332,9.53077704625438));
#7619=CARTESIAN_POINT('Ctrl Pts',(-67.8228076057735,36.1425098813857,9.79109120480858));
#7620=CARTESIAN_POINT('Ctrl Pts',(-67.7184228173203,37.7980640238854,11.3407334367641));
#7621=CARTESIAN_POINT('Ctrl Pts',(-67.5618456346409,37.2374265877554,14.7127257319849));
#7622=CARTESIAN_POINT('Ctrl Pts',(-67.4052684519612,34.1176436129272,16.1065405603496));
#7623=CARTESIAN_POINT('Ctrl Pts',(-67.2486912692817,31.2298400390325,14.2843142354568));
#7624=CARTESIAN_POINT('Ctrl Pts',(-67.092114086602,31.147283355786,10.8690576585282));
#7625=CARTESIAN_POINT('Ctrl Pts',(-66.9355369039224,33.9452849681276,8.90949980387195));
#7626=CARTESIAN_POINT('Ctrl Pts',(-66.7789597212428,37.1264614272068,10.1534664307933));
#7627=CARTESIAN_POINT('Ctrl Pts',(-66.6223825385633,37.8526819161711,13.4912982132927));
#7628=CARTESIAN_POINT('Ctrl Pts',(-66.4658053558836,35.4757781760474,15.9445669576646));
#7629=CARTESIAN_POINT('Ctrl Pts',(-66.3092281732041,32.1166983591854,15.324338181276));
#7630=CARTESIAN_POINT('Ctrl Pts',(-66.1526509905244,30.7726444117864,12.1839970800966));
#7631=CARTESIAN_POINT('Ctrl Pts',(-65.9960738078449,32.6429076543603,9.32562412758766));
#7632=CARTESIAN_POINT('Ctrl Pts',(-65.8394966251653,36.0586809989049,9.29968260141288));
#7633=CARTESIAN_POINT('Ctrl Pts',(-65.6829194424857,37.9721383358956,12.1293224236515));
#7634=CARTESIAN_POINT('Ctrl Pts',(-65.5263422598061,36.6759423480963,15.2897110854098));
#7635=CARTESIAN_POINT('Ctrl Pts',(-65.3697650771265,33.3266531883414,15.9608931543179));
#7636=CARTESIAN_POINT('Ctrl Pts',(-65.2131878944469,30.9127992138955,13.5439922583021));
#7637=CARTESIAN_POINT('Ctrl Pts',(-65.0566107117673,31.5881658281761,10.1955480138445));
#7638=CARTESIAN_POINT('Ctrl Pts',(-64.9000335290877,34.7502409280208,8.90334126962833));
#7639=CARTESIAN_POINT('Ctrl Pts',(-64.7434563464082,37.5773466337512,10.8203206543167));
#7640=CARTESIAN_POINT('Ctrl Pts',(-64.5868791637286,37.5473754382646,14.2361341351514));
#7641=CARTESIAN_POINT('Ctrl Pts',(-64.4303019810489,34.6860923103608,16.1026420923207));
#7642=CARTESIAN_POINT('Ctrl Pts',(-64.2737247983693,31.5486202404943,14.7549821681047));
#7643=CARTESIAN_POINT('Ctrl Pts',(-64.1171476156898,30.9300911865552,11.3944483719301));
#7644=CARTESIAN_POINT('Ctrl Pts',(-63.9605704330101,33.3913882896841,9.02238957334426));
#7645=CARTESIAN_POINT('Ctrl Pts',(-63.8561856445571,35.6062260534013,9.50895328573966));
#7646=CARTESIAN_POINT('Ctrl Pts',(-63.8039932503306,36.3723015569309,10.163937342304));
#7647=CARTESIAN_POINT('Ctrl Pts',(-67.9820022498898,35.1209328543472,9.70982243015792));
#7648=CARTESIAN_POINT('Ctrl Pts',(-67.9298098556633,36.0359282975182,9.95443953625768));
#7649=CARTESIAN_POINT('Ctrl Pts',(-67.8254250672102,37.5916518339521,11.4106376945765));
#7650=CARTESIAN_POINT('Ctrl Pts',(-67.6688478845306,37.0648210693137,14.5792974464273));
#7651=CARTESIAN_POINT('Ctrl Pts',(-67.5122707018511,34.1331623105262,15.8890646586572));
#7652=CARTESIAN_POINT('Ctrl Pts',(-67.3556935191714,31.4194944979337,14.1767193420221));
#7653=CARTESIAN_POINT('Ctrl Pts',(-67.1991163364919,31.3419160171582,10.9674041627154));
#7654=CARTESIAN_POINT('Ctrl Pts',(-67.0425391538122,33.9711969639761,9.12600846490412));
#7655=CARTESIAN_POINT('Ctrl Pts',(-66.8859619711327,36.9605471542794,10.2949633848065));
#7656=CARTESIAN_POINT('Ctrl Pts',(-66.729384788453,37.6429762445274,13.4315225171168));
#7657=CARTESIAN_POINT('Ctrl Pts',(-66.5728076057734,35.4094007924042,15.7368581318459));
#7658=CARTESIAN_POINT('Ctrl Pts',(-66.4162304230939,32.2528748910756,15.1540294096488));
#7659=CARTESIAN_POINT('Ctrl Pts',(-66.2596532404143,30.9898679579116,12.2030521881131));
#7660=CARTESIAN_POINT('Ctrl Pts',(-66.1030760577347,32.7473535460338,9.51704031814796));
#7661=CARTESIAN_POINT('Ctrl Pts',(-65.9464988750551,35.9571543316535,9.49266307683335));
#7662=CARTESIAN_POINT('Ctrl Pts',(-65.7899216923755,37.7552293922637,12.1516744362809));
#7663=CARTESIAN_POINT('Ctrl Pts',(-65.6333445096959,36.5371945637525,15.1214903421217));
#7664=CARTESIAN_POINT('Ctrl Pts',(-65.4767673270163,33.3898689388193,15.752199852024));
#7665=CARTESIAN_POINT('Ctrl Pts',(-65.3201901443367,31.1215713669322,13.4810390892097));
#7666=CARTESIAN_POINT('Ctrl Pts',(-65.1636129616571,31.7562130923737,10.3345074308286));
#7667=CARTESIAN_POINT('Ctrl Pts',(-65.0070357789775,34.7276137433801,9.12022129284688));
#7668=CARTESIAN_POINT('Ctrl Pts',(-64.850458596298,37.384243794603,10.9216060202079));
#7669=CARTESIAN_POINT('Ctrl Pts',(-64.6938814136183,37.3560798747186,14.1314445218827));
#7670=CARTESIAN_POINT('Ctrl Pts',(-64.5373042309388,34.6673333141501,15.8854012698783));
#7671=CARTESIAN_POINT('Ctrl Pts',(-64.3807270482591,31.7190521201412,14.619005801805));
#7672=CARTESIAN_POINT('Ctrl Pts',(-64.2241498655796,31.1378206264203,11.4611135967234));
#7673=CARTESIAN_POINT('Ctrl Pts',(-64.0675726829,33.4507004865211,9.23209093414037));
#7674=CARTESIAN_POINT('Ctrl Pts',(-63.9631878944469,35.5319826082854,9.6893146515147));
#7675=CARTESIAN_POINT('Ctrl Pts',(-63.9109955002204,36.2518634390789,10.304802895981));
#7676=CARTESIAN_POINT('Ctrl Pts',(-68.0890044997796,35.0730664261613,9.88886781406146));
#7677=CARTESIAN_POINT('Ctrl Pts',(-68.0368121055531,35.9293467136507,10.1177878677068));
#7678=CARTESIAN_POINT('Ctrl Pts',(-67.9324273171,37.3852396440187,11.4805419523889));
#7679=CARTESIAN_POINT('Ctrl Pts',(-67.7758501344205,36.892215550872,14.4458691608697));
#7680=CARTESIAN_POINT('Ctrl Pts',(-67.6192729517409,34.1486810081254,15.6715887569649));
#7681=CARTESIAN_POINT('Ctrl Pts',(-67.4626957690612,31.6091489568348,14.0691244485875));
#7682=CARTESIAN_POINT('Ctrl Pts',(-67.3061185863816,31.5365486785305,11.0657506669026));
#7683=CARTESIAN_POINT('Ctrl Pts',(-67.149541403702,33.9971089598246,9.34251712593631));
#7684=CARTESIAN_POINT('Ctrl Pts',(-66.9929642210225,36.794632881352,10.4364603388197));
#7685=CARTESIAN_POINT('Ctrl Pts',(-66.8363870383428,37.4332705728837,13.3717468209408));
#7686=CARTESIAN_POINT('Ctrl Pts',(-66.6798098556633,35.343023408761,15.5291493060271));
#7687=CARTESIAN_POINT('Ctrl Pts',(-66.5232326729837,32.3890514229657,14.9837206380215));
#7688=CARTESIAN_POINT('Ctrl Pts',(-66.3666554903041,31.2070915040367,12.2221072961296));
#7689=CARTESIAN_POINT('Ctrl Pts',(-66.2100783076245,32.8517994377073,9.70845650870827));
#7690=CARTESIAN_POINT('Ctrl Pts',(-66.0535011249449,35.8556276644022,9.68564355225381));
#7691=CARTESIAN_POINT('Ctrl Pts',(-65.8969239422653,37.5383204486318,12.1740264489104));
#7692=CARTESIAN_POINT('Ctrl Pts',(-65.7403467595857,36.3984467794088,14.9532695988336));
#7693=CARTESIAN_POINT('Ctrl Pts',(-65.5837695769061,33.4530846892973,15.5435065497302));
#7694=CARTESIAN_POINT('Ctrl Pts',(-65.4271923942265,31.3303435199688,13.4180859201174));
#7695=CARTESIAN_POINT('Ctrl Pts',(-65.2706152115469,31.9242603565714,10.4734668478128));
#7696=CARTESIAN_POINT('Ctrl Pts',(-65.1140380288673,34.7049865587394,9.33710131606543));
#7697=CARTESIAN_POINT('Ctrl Pts',(-64.9574608461878,37.1911409554549,11.0228913860991));
#7698=CARTESIAN_POINT('Ctrl Pts',(-64.8008836635081,37.1647843111727,14.026754908614));
#7699=CARTESIAN_POINT('Ctrl Pts',(-64.6443064808286,34.6485743179395,15.6681604474359));
#7700=CARTESIAN_POINT('Ctrl Pts',(-64.4877292981489,31.8894839997882,14.4830294355053));
#7701=CARTESIAN_POINT('Ctrl Pts',(-64.3311521154694,31.3455500662853,11.5277788215168));
#7702=CARTESIAN_POINT('Ctrl Pts',(-64.1745749327898,33.5100126833581,9.44179229493649));
#7703=CARTESIAN_POINT('Ctrl Pts',(-64.0701901443367,35.4577391631695,9.86967601728974));
#7704=CARTESIAN_POINT('Ctrl Pts',(-64.0179977501102,36.131425321227,10.4456684496581));
#7705=CARTESIAN_POINT('Ctrl Pts',(-68.1960067496694,35.0251999979753,10.067913197965));
#7706=CARTESIAN_POINT('Ctrl Pts',(-68.1438143554429,35.8227651297832,10.2811361991559));
#7707=CARTESIAN_POINT('Ctrl Pts',(-68.0394295669899,37.1788274540854,11.5504462102013));
#7708=CARTESIAN_POINT('Ctrl Pts',(-67.8828523843103,36.7196100324302,14.3124408753121));
#7709=CARTESIAN_POINT('Ctrl Pts',(-67.7262752016306,34.1641997057245,15.4541128552725));
#7710=CARTESIAN_POINT('Ctrl Pts',(-67.5696980189511,31.7988034157359,13.9615295551529));
#7711=CARTESIAN_POINT('Ctrl Pts',(-67.4131208362714,31.7311813399028,11.1640971710898));
#7712=CARTESIAN_POINT('Ctrl Pts',(-67.2565436535919,34.0230209556731,9.55902578696848));
#7713=CARTESIAN_POINT('Ctrl Pts',(-67.0999664709123,36.6287186084246,10.5779572928329));
#7714=CARTESIAN_POINT('Ctrl Pts',(-66.9433892882327,37.2235649012399,13.3119711247648));
#7715=CARTESIAN_POINT('Ctrl Pts',(-66.7868121055531,35.2766460251178,15.3214404802084));
#7716=CARTESIAN_POINT('Ctrl Pts',(-66.6302349228735,32.5252279548558,14.8134118663942));
#7717=CARTESIAN_POINT('Ctrl Pts',(-66.4736577401939,31.4243150501618,12.2411624041462));
#7718=CARTESIAN_POINT('Ctrl Pts',(-66.3170805575143,32.9562453293808,9.89987269926856));
#7719=CARTESIAN_POINT('Ctrl Pts',(-66.1605033748347,35.7541009971508,9.87862402767429));
#7720=CARTESIAN_POINT('Ctrl Pts',(-66.0039261921551,37.3214115049999,12.1963784615398));
#7721=CARTESIAN_POINT('Ctrl Pts',(-65.8473490094755,36.259698995065,14.7850488555455));
#7722=CARTESIAN_POINT('Ctrl Pts',(-65.690771826796,33.5163004397753,15.3348132474363));
#7723=CARTESIAN_POINT('Ctrl Pts',(-65.5341946441163,31.5391156730054,13.355132751025));
#7724=CARTESIAN_POINT('Ctrl Pts',(-65.3776174614367,32.092307620769,10.612426264797));
#7725=CARTESIAN_POINT('Ctrl Pts',(-65.2210402787571,34.6823593740987,9.55398133928399));
#7726=CARTESIAN_POINT('Ctrl Pts',(-65.0644630960776,36.9980381163067,11.1241767519903));
#7727=CARTESIAN_POINT('Ctrl Pts',(-64.907885913398,36.9734887476268,13.9220652953453));
#7728=CARTESIAN_POINT('Ctrl Pts',(-64.7513087307184,34.6298153217288,15.4509196249935));
#7729=CARTESIAN_POINT('Ctrl Pts',(-64.5947315480387,32.0599158794352,14.3470530692056));
#7730=CARTESIAN_POINT('Ctrl Pts',(-64.4381543653592,31.5532795061503,11.5944440463101));
#7731=CARTESIAN_POINT('Ctrl Pts',(-64.2815771826796,33.5693248801951,9.65149365573261));
#7732=CARTESIAN_POINT('Ctrl Pts',(-64.1771923942265,35.3834957180536,10.0500373830648));
#7733=CARTESIAN_POINT('Ctrl Pts',(-64.125,36.0109872033751,10.5865340033351));
#7734=CARTESIAN_POINT('Ctrl Pts',(-64.125,31.4010490734919,11.7041196079402));
#7735=CARTESIAN_POINT('Ctrl Pts',(-64.125,31.4182419210235,11.6566852617342));
#7736=CARTESIAN_POINT('Ctrl Pts',(-64.125,31.4366774606624,11.6097487719534));
#7737=CARTESIAN_POINT('Ctrl Pts',(-64.125,31.456368364189,11.5633574208276));
#7738=CARTESIAN_POINT('Ctrl Pts',(-64.125,31.495863361641,11.4703080443965));
#7739=CARTESIAN_POINT('Ctrl Pts',(-64.125,31.5404062606906,11.379449652181));
#7740=CARTESIAN_POINT('Ctrl Pts',(-64.125,31.5896617246236,11.2910357657644));
#7741=CARTESIAN_POINT('Ctrl Pts',(-64.125,31.6158439612902,11.2440384762469));
#7742=CARTESIAN_POINT('Ctrl Pts',(-64.125,31.643358479814,11.197732436115));
#7743=CARTESIAN_POINT('Ctrl Pts',(-64.125,31.6721590861157,11.1521598827823));
#7744=CARTESIAN_POINT('Ctrl Pts',(-64.125,31.6879477117612,11.1271767981646));
#7745=CARTESIAN_POINT('Ctrl Pts',(-64.125,31.7041228883946,11.1024142014379));
#7746=CARTESIAN_POINT('Ctrl Pts',(-64.125,31.7206772993659,11.0778794710609));
#7747=CARTESIAN_POINT('Ctrl Pts',(-64.125,31.7313868368944,11.0620072291442));
#7748=CARTESIAN_POINT('Ctrl Pts',(-64.125,31.7422551364025,11.0462304641839));
#7749=CARTESIAN_POINT('Ctrl Pts',(-64.125,31.7532716717387,11.030562962522));
#7750=CARTESIAN_POINT('Ctrl Pts',(-64.125,31.8113122164964,10.9480188319314));
#7751=CARTESIAN_POINT('Ctrl Pts',(-64.125,31.8735208932967,10.8684196110976));
#7752=CARTESIAN_POINT('Ctrl Pts',(-64.125,31.9395693028612,10.7920243534173));
#7753=CARTESIAN_POINT('Ctrl Pts',(-64.125,31.9936031228901,10.7295258370748));
#7754=CARTESIAN_POINT('Ctrl Pts',(-64.125,32.0502077598318,10.6691721786555));
#7755=CARTESIAN_POINT('Ctrl Pts',(-64.125,32.1092179301695,10.6111267139779));
#7756=CARTESIAN_POINT('Ctrl Pts',(-64.125,32.1327429793165,10.5879862552826));
#7757=CARTESIAN_POINT('Ctrl Pts',(-64.125,32.1566504575392,10.5652128737158));
#7758=CARTESIAN_POINT('Ctrl Pts',(-64.125,32.180930289003,10.5428178955944));
#7759=CARTESIAN_POINT('Ctrl Pts',(-64.125,32.1950567439199,10.5297880832059));
#7760=CARTESIAN_POINT('Ctrl Pts',(-64.125,32.2093108937071,10.5168850471902));
#7761=CARTESIAN_POINT('Ctrl Pts',(-64.125,32.2236739708666,10.5041256459491));
#7762=CARTESIAN_POINT('Ctrl Pts',(-64.125,32.2975911590294,10.438461509225));
#7763=CARTESIAN_POINT('Ctrl Pts',(-64.125,32.3744844064103,10.3765100193549));
#7764=CARTESIAN_POINT('Ctrl Pts',(-64.125,32.4540456766177,10.3185089926221));
#7765=CARTESIAN_POINT('Ctrl Pts',(-64.125,32.5330049625477,10.2609468189403));
#7766=CARTESIAN_POINT('Ctrl Pts',(-64.125,32.6145928895958,10.2072751152063));
#7767=CARTESIAN_POINT('Ctrl Pts',(-64.125,32.69853064501,10.157772211336));
#7768=CARTESIAN_POINT('Ctrl Pts',(-64.125,32.7798626060941,10.1098060936901));
#7769=CARTESIAN_POINT('Ctrl Pts',(-64.125,32.8634015088866,10.0657537772368));
#7770=CARTESIAN_POINT('Ctrl Pts',(-64.125,32.9489030658391,10.0259158975819));
#7771=CARTESIAN_POINT('Ctrl Pts',(-64.125,33.0018479509715,10.0012472010408));
#7772=CARTESIAN_POINT('Ctrl Pts',(-64.125,33.0555455408535,9.97819544278834));
#7773=CARTESIAN_POINT('Ctrl Pts',(-64.125,33.1099379010704,9.95684204512369));
#7774=CARTESIAN_POINT('Ctrl Pts',(-64.125,33.123933496604,9.95134764267837));
#7775=CARTESIAN_POINT('Ctrl Pts',(-64.125,33.1379769995591,9.94596501336365));
#7776=CARTESIAN_POINT('Ctrl Pts',(-64.125,33.1520613347724,9.94069789947765));
#7777=CARTESIAN_POINT('Ctrl Pts',(-64.125,33.2394243773662,9.90802677316609));
#7778=CARTESIAN_POINT('Ctrl Pts',(-64.125,33.3280915779676,9.87989416902106));
#7779=CARTESIAN_POINT('Ctrl Pts',(-64.125,33.4178125686567,9.85654047125979));
#7780=CARTESIAN_POINT('Ctrl Pts',(-64.125,33.4822709262919,9.83976244650954));
#7781=CARTESIAN_POINT('Ctrl Pts',(-64.125,33.5472735520676,9.82545197583757));
#7782=CARTESIAN_POINT('Ctrl Pts',(-64.125,33.6127296162339,9.81371476596035));
#7783=CARTESIAN_POINT('Ctrl Pts',(-64.125,33.7056101790207,9.79705995066048));
#7784=CARTESIAN_POINT('Ctrl Pts',(-64.125,33.7994045899691,9.7855845259901));
#7785=CARTESIAN_POINT('Ctrl Pts',(-64.125,33.8937342697094,9.77918045514449));
#7786=CARTESIAN_POINT('Ctrl Pts',(-64.125,33.9905636426338,9.77260667936308));
#7787=CARTESIAN_POINT('Ctrl Pts',(-64.125,34.0879581512479,9.77137679911764));
#7788=CARTESIAN_POINT('Ctrl Pts',(-64.125,34.1854881508505,9.77542668597401));
#7789=CARTESIAN_POINT('Ctrl Pts',(-64.125,34.1997667350858,9.77601959739468));
#7790=CARTESIAN_POINT('Ctrl Pts',(-64.125,34.2140484962849,9.77672585216498));
#7791=CARTESIAN_POINT('Ctrl Pts',(-64.125,34.2283170135513,9.77754425293051));
#7792=CARTESIAN_POINT('Ctrl Pts',(-64.125,34.3207344050645,9.7828450464573));
#7793=CARTESIAN_POINT('Ctrl Pts',(-64.125,34.4127518805461,9.79285178456468));
#7794=CARTESIAN_POINT('Ctrl Pts',(-64.125,34.5040182947439,9.80742366013407));
#7795=CARTESIAN_POINT('Ctrl Pts',(-64.125,34.5953187085844,9.82200096419068));
#7796=CARTESIAN_POINT('Ctrl Pts',(-64.125,34.6858684192331,9.84114723178284));
#7797=CARTESIAN_POINT('Ctrl Pts',(-64.125,34.7752990287311,9.86477070719862));
#7798=CARTESIAN_POINT('Ctrl Pts',(-64.125,34.8634520141444,9.88805669278483));
#7799=CARTESIAN_POINT('Ctrl Pts',(-64.125,34.9505184242139,9.91569336342893));
#7800=CARTESIAN_POINT('Ctrl Pts',(-64.125,35.0361165531777,9.94763370835663));
#7801=CARTESIAN_POINT('Ctrl Pts',(-64.125,35.0836527318186,9.96537150193593));
#7802=CARTESIAN_POINT('Ctrl Pts',(-64.125,35.1307355045448,9.98443725363471));
#7803=CARTESIAN_POINT('Ctrl Pts',(-64.125,35.177294244177,10.0048276599683));
#7804=CARTESIAN_POINT('Ctrl Pts',(-64.125,35.1947864108146,10.0124883567186));
#7805=CARTESIAN_POINT('Ctrl Pts',(-64.125,35.2122091471,10.0203383038213));
#7806=CARTESIAN_POINT('Ctrl Pts',(-64.125,35.2295308815439,10.028364262134));
#7807=CARTESIAN_POINT('Ctrl Pts',(-64.125,35.3105862785128,10.0659209651994));
#7808=CARTESIAN_POINT('Ctrl Pts',(-64.125,35.3895369174937,10.1073716066147));
#7809=CARTESIAN_POINT('Ctrl Pts',(-64.125,35.4660506649489,10.1526278614678));
#7810=CARTESIAN_POINT('Ctrl Pts',(-64.125,35.5414183834104,10.197206264537));
#7811=CARTESIAN_POINT('Ctrl Pts',(-64.125,35.61442233278,10.2454776154963));
#7812=CARTESIAN_POINT('Ctrl Pts',(-64.125,35.6847115625154,10.2973942412026));
#7813=CARTESIAN_POINT('Ctrl Pts',(-64.125,35.7527936432986,10.3476806352724));
#7814=CARTESIAN_POINT('Ctrl Pts',(-64.125,35.8183292454347,10.4013874466711));
#7815=CARTESIAN_POINT('Ctrl Pts',(-64.125,35.8809599963833,10.4584989805132));
#7816=CARTESIAN_POINT('Ctrl Pts',(-64.125,35.9258440001263,10.4994276658622));
#7817=CARTESIAN_POINT('Ctrl Pts',(-64.125,35.9692353428368,10.5421055245516));
#7818=CARTESIAN_POINT('Ctrl Pts',(-64.125,36.0109872033751,10.5865340033351));
#7819=CARTESIAN_POINT('Ctrl Pts',(-66.987583302492,36.891493302933,12.5020702430466));
#7820=CARTESIAN_POINT('Ctrl Pts',(-66.9728519644055,36.8933966962431,12.7353097550857));
#7821=CARTESIAN_POINT('Ctrl Pts',(-66.9581206263191,36.863541271178,12.9680718297045));
#7822=CARTESIAN_POINT('Ctrl Pts',(-66.9433892882327,36.7999373730837,13.1912137120167));
#7823=CARTESIAN_POINT('Ctrl Pts',(-66.8911968940061,36.5745919425325,13.981794243246));
#7824=CARTESIAN_POINT('Ctrl Pts',(-66.8390044997796,35.9256189838251,14.6516173617272));
#7825=CARTESIAN_POINT('Ctrl Pts',(-66.7868121055531,35.1425628260945,14.9018574853321));
#7826=CARTESIAN_POINT('Ctrl Pts',(-66.7346197113265,34.3595066683638,15.152097608937));
#7827=CARTESIAN_POINT('Ctrl Pts',(-66.6824273171,33.4423673116098,14.9827547376656));
#7828=CARTESIAN_POINT('Ctrl Pts',(-66.6302349228735,32.8003121491171,14.4693750583219));
#7829=CARTESIAN_POINT('Ctrl Pts',(-66.5780425286469,32.1582569866245,13.9559953789782));
#7830=CARTESIAN_POINT('Ctrl Pts',(-66.5258501344204,31.7912860183932,13.0985788915622));
#7831=CARTESIAN_POINT('Ctrl Pts',(-66.4736577401939,31.8631222474807,12.2796556970412));
#7832=CARTESIAN_POINT('Ctrl Pts',(-66.4214653459674,31.9349584765682,11.4607325025203));
#7833=CARTESIAN_POINT('Ctrl Pts',(-66.3692729517409,32.4456019029745,10.6803026008944));
#7834=CARTESIAN_POINT('Ctrl Pts',(-66.3170805575143,33.1672328941393,10.2865462048158));
#7835=CARTESIAN_POINT('Ctrl Pts',(-66.2648881632878,33.8888638853042,9.89278980873713));
#7836=CARTESIAN_POINT('Ctrl Pts',(-66.2126957690612,34.8214824412275,9.88570691820571));
#7837=CARTESIAN_POINT('Ctrl Pts',(-66.1605033748347,35.549010137164,10.2684578785843));
#7838=CARTESIAN_POINT('Ctrl Pts',(-66.1083109806082,36.2765378331005,10.6512088389628));
#7839=CARTESIAN_POINT('Ctrl Pts',(-66.0561185863817,36.7989746690502,11.4237936502513));
#7840=CARTESIAN_POINT('Ctrl Pts',(-66.0039261921551,36.8832410020359,12.2415311215632));
#7841=CARTESIAN_POINT('Ctrl Pts',(-65.9984785622674,36.8920363792341,12.3268832337825));
#7842=CARTESIAN_POINT('Ctrl Pts',(-65.9930309323797,36.8960581799367,12.4127272542319));
#7843=CARTESIAN_POINT('Ctrl Pts',(-65.987583302492,36.895485941307,12.49862543067));
#7844=CARTESIAN_POINT('Ctrl Pts',(64.125,35.1687992825331,9.53077704625437));
#7845=CARTESIAN_POINT('Ctrl Pts',(64.1771923942265,36.1425098813856,9.79109120480853));
#7846=CARTESIAN_POINT('Ctrl Pts',(64.2815771826796,37.7980642078837,11.3407320009048));
#7847=CARTESIAN_POINT('Ctrl Pts',(64.4381543653592,37.2374264301661,14.7127258489772));
#7848=CARTESIAN_POINT('Ctrl Pts',(64.5947315480388,34.1176436240105,16.1065401438642));
#7849=CARTESIAN_POINT('Ctrl Pts',(64.7513087307184,31.2298402198787,14.2843142456811));
#7850=CARTESIAN_POINT('Ctrl Pts',(64.907885913398,31.1472835093146,10.8690576865959));
#7851=CARTESIAN_POINT('Ctrl Pts',(65.0644630960775,33.9452850001107,8.90950001915619));
#7852=CARTESIAN_POINT('Ctrl Pts',(65.2210402787572,37.1264612784067,10.1534665376616));
#7853=CARTESIAN_POINT('Ctrl Pts',(65.3776174614367,37.8526817391437,13.4912981694668));
#7854=CARTESIAN_POINT('Ctrl Pts',(65.5341946441164,35.4757781169495,15.9445667749788));
#7855=CARTESIAN_POINT('Ctrl Pts',(65.6907718267959,32.11669847746,15.3243380366349));
#7856=CARTESIAN_POINT('Ctrl Pts',(65.8473490094755,30.7726445982686,12.1839970955084));
#7857=CARTESIAN_POINT('Ctrl Pts',(66.0039261921551,32.6429077444316,9.32562429286408));
#7858=CARTESIAN_POINT('Ctrl Pts',(66.1605033748347,36.0586809116423,9.29968276728032));
#7859=CARTESIAN_POINT('Ctrl Pts',(66.3170805575143,37.9721381486709,12.1293224430429));
#7860=CARTESIAN_POINT('Ctrl Pts',(66.4736577401939,36.6759422297642,15.2897109404593));
#7861=CARTESIAN_POINT('Ctrl Pts',(66.6302349228735,33.3266532405448,15.9608929749169));
#7862=CARTESIAN_POINT('Ctrl Pts',(66.7868121055531,30.9127993979228,13.543992203524));
#7863=CARTESIAN_POINT('Ctrl Pts',(66.9433892882327,31.5881659645689,10.1955481349084));
#7864=CARTESIAN_POINT('Ctrl Pts',(67.0999664709122,34.7502409242369,8.90334145278938));
#7865=CARTESIAN_POINT('Ctrl Pts',(67.2565436535919,37.5773464382185,10.8203207499053));
#7866=CARTESIAN_POINT('Ctrl Pts',(67.4131208362714,37.5473753281688,14.2361340245268));
#7867=CARTESIAN_POINT('Ctrl Pts',(67.5696980189511,34.6860921994962,16.1026419490766));
#7868=CARTESIAN_POINT('Ctrl Pts',(67.7262752016306,31.5486205774426,14.7549819230562));
#7869=CARTESIAN_POINT('Ctrl Pts',(67.8828523843103,30.9300911794068,11.3944485680692));
#7870=CARTESIAN_POINT('Ctrl Pts',(68.0394295669898,33.3913893687542,9.02238860838059));
#7871=CARTESIAN_POINT('Ctrl Pts',(68.1438143554429,35.6062260534014,9.50895328573971));
#7872=CARTESIAN_POINT('Ctrl Pts',(68.1960067496694,36.3723015569309,10.163937342304));
#7873=CARTESIAN_POINT('Ctrl Pts',(64.0179977501102,35.1209328543472,9.7098224301579));
#7874=CARTESIAN_POINT('Ctrl Pts',(64.0701901443367,36.0359282975181,9.95443953625763));
#7875=CARTESIAN_POINT('Ctrl Pts',(64.1745749327898,37.5916520068552,11.4106363453001));
#7876=CARTESIAN_POINT('Ctrl Pts',(64.3311521154694,37.064820921227,14.5792975563649));
#7877=CARTESIAN_POINT('Ctrl Pts',(64.487729298149,34.1331623209413,15.8890642672861));
#7878=CARTESIAN_POINT('Ctrl Pts',(64.6443064808285,31.4194946678747,14.1767193516299));
#7879=CARTESIAN_POINT('Ctrl Pts',(64.8008836635082,31.3419161614291,10.9674041890906));
#7880=CARTESIAN_POINT('Ctrl Pts',(64.9574608461877,33.9711969940306,9.12600866720665));
#7881=CARTESIAN_POINT('Ctrl Pts',(65.1140380288674,36.960547014452,10.2949634852306));
#7882=CARTESIAN_POINT('Ctrl Pts',(65.2706152115469,37.6429760781747,13.4315224759335));
#7883=CARTESIAN_POINT('Ctrl Pts',(65.4271923942265,35.40940073687,15.7368579601761));
#7884=CARTESIAN_POINT('Ctrl Pts',(65.5837695769061,32.2528750022181,15.1540292737295));
#7885=CARTESIAN_POINT('Ctrl Pts',(65.7403467595857,30.9898681331488,12.2030522025956));
#7886=CARTESIAN_POINT('Ctrl Pts',(65.8969239422653,32.7473536306738,9.51704047345815));
#7887=CARTESIAN_POINT('Ctrl Pts',(66.0535011249449,35.957154249653,9.49266323269891));
#7888=CARTESIAN_POINT('Ctrl Pts',(66.2100783076245,37.7552292163287,12.1516744545031));
#7889=CARTESIAN_POINT('Ctrl Pts',(66.366655490304,36.5371944525559,15.1214902059118));
#7890=CARTESIAN_POINT('Ctrl Pts',(66.5232326729837,33.3898689878749,15.752199683441));
#7891=CARTESIAN_POINT('Ctrl Pts',(66.6798098556633,31.1215715398625,13.4810390377348));
#7892=CARTESIAN_POINT('Ctrl Pts',(66.8363870383429,31.756213220542,10.3345075445923));
#7893=CARTESIAN_POINT('Ctrl Pts',(66.9929642210224,34.7276137398244,9.12022146496325));
#7894=CARTESIAN_POINT('Ctrl Pts',(67.149541403702,37.384243610861,10.9216061100325));
#7895=CARTESIAN_POINT('Ctrl Pts',(67.3061185863817,37.3560797712618,14.1314444179288));
#7896=CARTESIAN_POINT('Ctrl Pts',(67.4626957690612,34.6673332099707,15.8854011352718));
#7897=CARTESIAN_POINT('Ctrl Pts',(67.6192729517409,31.7190524367715,14.6190055715331));
#7898=CARTESIAN_POINT('Ctrl Pts',(67.7758501344204,31.1378206197029,11.4611137810352));
#7899=CARTESIAN_POINT('Ctrl Pts',(67.9324273171,33.4507015005228,9.23209002736441));
#7900=CARTESIAN_POINT('Ctrl Pts',(68.0368121055531,35.5319826082855,9.68931465151474));
#7901=CARTESIAN_POINT('Ctrl Pts',(68.0890044997796,36.251863439079,10.3048028959811));
#7902=CARTESIAN_POINT('Ctrl Pts',(63.9109955002204,35.0730664261612,9.88886781406144));
#7903=CARTESIAN_POINT('Ctrl Pts',(63.9631878944469,35.9293467136506,10.1177878677067));
#7904=CARTESIAN_POINT('Ctrl Pts',(64.0675726829,37.3852398058267,11.4805406896954));
#7905=CARTESIAN_POINT('Ctrl Pts',(64.2241498655796,36.892215412288,14.4458692637527));
#7906=CARTESIAN_POINT('Ctrl Pts',(64.3807270482591,34.1486810178721,15.6715883907079));
#7907=CARTESIAN_POINT('Ctrl Pts',(64.5373042309388,31.6091491158707,14.0691244575788));
#7908=CARTESIAN_POINT('Ctrl Pts',(64.6938814136183,31.5365488135435,11.0657506915854));
#7909=CARTESIAN_POINT('Ctrl Pts',(64.8504585962979,33.9971089879505,9.34251731525709));
#7910=CARTESIAN_POINT('Ctrl Pts',(65.0070357789775,36.7946327504973,10.4364604327996));
#7911=CARTESIAN_POINT('Ctrl Pts',(65.1636129616571,37.4332704172059,13.3717467824002));
#7912=CARTESIAN_POINT('Ctrl Pts',(65.3201901443367,35.3430233567903,15.5291491453734));
#7913=CARTESIAN_POINT('Ctrl Pts',(65.4767673270163,32.3890515269762,14.9837205108242));
#7914=CARTESIAN_POINT('Ctrl Pts',(65.6333445096959,31.207091668029,12.2221073096828));
#7915=CARTESIAN_POINT('Ctrl Pts',(65.7899216923755,32.8517995169159,9.70845665405221));
#7916=CARTESIAN_POINT('Ctrl Pts',(65.946498875055,35.8556275876636,9.6856436981175));
#7917=CARTESIAN_POINT('Ctrl Pts',(66.1030760577347,37.5383202839865,12.1740264659632));
#7918=CARTESIAN_POINT('Ctrl Pts',(66.2596532404142,36.3984466753476,14.9532694713643));
#7919=CARTESIAN_POINT('Ctrl Pts',(66.4162304230939,33.453084735205,15.543506391965));
#7920=CARTESIAN_POINT('Ctrl Pts',(66.5728076057734,31.3303436818022,13.4180858719456));
#7921=CARTESIAN_POINT('Ctrl Pts',(66.729384788453,31.9242604765151,10.4734669542763));
#7922=CARTESIAN_POINT('Ctrl Pts',(66.8859619711326,34.7049865554118,9.33710147713711));
#7923=CARTESIAN_POINT('Ctrl Pts',(67.0425391538123,37.1911407835036,11.0228914701596));
#7924=CARTESIAN_POINT('Ctrl Pts',(67.1991163364918,37.1647842143546,14.0267548113308));
#7925=CARTESIAN_POINT('Ctrl Pts',(67.3556935191715,34.6485742204452,15.6681603214671));
#7926=CARTESIAN_POINT('Ctrl Pts',(67.512270701851,31.8894842961004,14.4830292200099));
#7927=CARTESIAN_POINT('Ctrl Pts',(67.6688478845306,31.345550059999,11.5277789940013));
#7928=CARTESIAN_POINT('Ctrl Pts',(67.8254250672102,33.5100136322915,9.44179144634825));
#7929=CARTESIAN_POINT('Ctrl Pts',(67.9298098556633,35.4577391631695,9.86967601728978));
#7930=CARTESIAN_POINT('Ctrl Pts',(67.9820022498898,36.1314253212271,10.4456684496581));
#7931=CARTESIAN_POINT('Ctrl Pts',(63.8039932503305,35.0251999979753,10.067913197965));
#7932=CARTESIAN_POINT('Ctrl Pts',(63.8561856445571,35.8227651297831,10.2811361991558));
#7933=CARTESIAN_POINT('Ctrl Pts',(63.9605704330101,37.1788276047982,11.5504450340907));
#7934=CARTESIAN_POINT('Ctrl Pts',(64.1171476156898,36.719609903349,14.3124409711404));
#7935=CARTESIAN_POINT('Ctrl Pts',(64.2737247983693,34.1641997148028,15.4541125141299));
#7936=CARTESIAN_POINT('Ctrl Pts',(64.4303019810489,31.7988035638668,13.9615295635276));
#7937=CARTESIAN_POINT('Ctrl Pts',(64.5868791637286,31.7311814656579,11.1640971940801));
#7938=CARTESIAN_POINT('Ctrl Pts',(64.7434563464081,34.0230209818704,9.55902596330754));
#7939=CARTESIAN_POINT('Ctrl Pts',(64.9000335290877,36.6287184865427,10.5779573803686));
#7940=CARTESIAN_POINT('Ctrl Pts',(65.0566107117673,37.2235647562369,13.311971088867));
#7941=CARTESIAN_POINT('Ctrl Pts',(65.2131878944469,35.2766459767107,15.3214403305707));
#7942=CARTESIAN_POINT('Ctrl Pts',(65.3697650771265,32.5252280517344,14.8134117479188));
#7943=CARTESIAN_POINT('Ctrl Pts',(65.5263422598061,31.4243152029091,12.2411624167699));
#7944=CARTESIAN_POINT('Ctrl Pts',(65.6829194424857,32.9562454031581,9.89987283464628));
#7945=CARTESIAN_POINT('Ctrl Pts',(65.8394966251652,35.7541009256742,9.87862416353609));
#7946=CARTESIAN_POINT('Ctrl Pts',(65.9960738078449,37.3214113516444,12.1963784774233));
#7947=CARTESIAN_POINT('Ctrl Pts',(66.1526509905244,36.2596988981393,14.7850487368168));
#7948=CARTESIAN_POINT('Ctrl Pts',(66.3092281732041,33.5163004825351,15.3348131004891));
#7949=CARTESIAN_POINT('Ctrl Pts',(66.4658053558837,31.5391158237418,13.3551327061564));
#7950=CARTESIAN_POINT('Ctrl Pts',(66.6223825385632,32.0923077324881,10.6124263639602));
#7951=CARTESIAN_POINT('Ctrl Pts',(66.7789597212428,34.6823593709993,9.55398148931097));
#7952=CARTESIAN_POINT('Ctrl Pts',(66.9355369039224,36.9980379561461,11.1241768302868));
#7953=CARTESIAN_POINT('Ctrl Pts',(67.092114086602,36.9734886574475,13.9220652047328));
#7954=CARTESIAN_POINT('Ctrl Pts',(67.2486912692816,34.6298152309197,15.4509195076623));
#7955=CARTESIAN_POINT('Ctrl Pts',(67.4052684519612,32.0599161554292,14.3470528684868));
#7956=CARTESIAN_POINT('Ctrl Pts',(67.5618456346408,31.553279500295,11.5944442069673));
#7957=CARTESIAN_POINT('Ctrl Pts',(67.7184228173204,33.5693257640601,9.65149286533207));
#7958=CARTESIAN_POINT('Ctrl Pts',(67.8228076057735,35.3834957180537,10.0500373830648));
#7959=CARTESIAN_POINT('Ctrl Pts',(67.875,36.0109872033751,10.5865340033351));
#7960=CARTESIAN_POINT('Ctrl Pts',(65.012416697508,36.891493172302,12.5020702424557));
#7961=CARTESIAN_POINT('Ctrl Pts',(65.0271480355945,36.8933965658697,12.7353097432463));
#7962=CARTESIAN_POINT('Ctrl Pts',(65.0418793736809,36.8635411426714,12.9680718065794));
#7963=CARTESIAN_POINT('Ctrl Pts',(65.0566107117673,36.7999372480335,13.1912136777346));
#7964=CARTESIAN_POINT('Ctrl Pts',(65.1088031059938,36.5745918297282,13.9817941694349));
#7965=CARTESIAN_POINT('Ctrl Pts',(65.1609955002204,35.9256189032195,14.6516172500028));
#7966=CARTESIAN_POINT('Ctrl Pts',(65.2131878944469,35.1425627858024,14.9018573598448));
#7967=CARTESIAN_POINT('Ctrl Pts',(65.2653802886734,34.3595066683853,15.1520974696868));
#7968=CARTESIAN_POINT('Ctrl Pts',(65.3175726829,33.4423673600598,14.9827546088028));
#7969=CARTESIAN_POINT('Ctrl Pts',(65.3697650771265,32.8003122310928,14.4693749565026));
#7970=CARTESIAN_POINT('Ctrl Pts',(65.421957471353,32.1582571021259,13.9559953042025));
#7971=CARTESIAN_POINT('Ctrl Pts',(65.4741498655796,31.7912861525176,13.0985788604863));
#7972=CARTESIAN_POINT('Ctrl Pts',(65.5263422598061,31.8631223777548,12.2796557082742));
#7973=CARTESIAN_POINT('Ctrl Pts',(65.5785346540326,31.9349586029921,11.4607325560621));
#7974=CARTESIAN_POINT('Ctrl Pts',(65.6307270482592,32.4456020030752,10.6803026953541));
#7975=CARTESIAN_POINT('Ctrl Pts',(65.6829194424857,33.1672329568694,10.2865463198151));
#7976=CARTESIAN_POINT('Ctrl Pts',(65.7351118367122,33.8888639106636,9.89278994427616));
#7977=CARTESIAN_POINT('Ctrl Pts',(65.7873042309387,34.8214824181691,9.88570705390614));
#7978=CARTESIAN_POINT('Ctrl Pts',(65.8394966251653,35.5490100762501,10.2684579943691));
#7979=CARTESIAN_POINT('Ctrl Pts',(65.8916890193918,36.276537734331,10.651208934832));
#7980=CARTESIAN_POINT('Ctrl Pts',(65.9438814136184,36.7989745429876,11.4237937061276));
#7981=CARTESIAN_POINT('Ctrl Pts',(65.9960738078449,36.8832408717318,12.2415311350076));
#7982=CARTESIAN_POINT('Ctrl Pts',(66.0015214377326,36.8920362484873,12.3268832427981));
#7983=CARTESIAN_POINT('Ctrl Pts',(66.0069690676203,36.8960580489983,12.4127272587922));
#7984=CARTESIAN_POINT('Ctrl Pts',(66.012416697508,36.8954858104177,12.4986254307713));
#7985=CARTESIAN_POINT('Ctrl Pts',(64.125,32.4615340033347,14.1359872033746));
#7986=CARTESIAN_POINT('Ctrl Pts',(64.1771923942265,31.9250373830646,13.508495718053));
#7987=CARTESIAN_POINT('Ctrl Pts',(64.2815771826796,31.5264936557328,11.6943248801944));
#7988=CARTESIAN_POINT('Ctrl Pts',(64.4381543653592,33.4694440463107,9.67827950615007));
#7989=CARTESIAN_POINT('Ctrl Pts',(64.5947315480389,36.2220530692062,10.1849158794357));
#7990=CARTESIAN_POINT('Ctrl Pts',(64.7513087307183,37.3259196249934,12.7548153217294));
#7991=CARTESIAN_POINT('Ctrl Pts',(64.907885913398,35.7970652953447,15.0984887476272));
#7992=CARTESIAN_POINT('Ctrl Pts',(65.0644630960775,32.9991767519896,15.1230381163063));
#7993=CARTESIAN_POINT('Ctrl Pts',(65.2210402787572,31.4289813392839,12.8073593740979));
#7994=CARTESIAN_POINT('Ctrl Pts',(65.3776174614367,32.4874262647975,10.2173076207685));
#7995=CARTESIAN_POINT('Ctrl Pts',(65.5341946441164,35.2301327510258,9.6641156730056));
#7996=CARTESIAN_POINT('Ctrl Pts',(65.6907718267959,37.2098132474365,11.6413004397761));
#7997=CARTESIAN_POINT('Ctrl Pts',(65.8473490094756,36.660048855545,14.3846989950657));
#7998=CARTESIAN_POINT('Ctrl Pts',(66.0039261921551,34.071378461539,15.4464115049998));
#7999=CARTESIAN_POINT('Ctrl Pts',(66.1605033748347,31.753624027674,13.8791009971501));
#8000=CARTESIAN_POINT('Ctrl Pts',(66.3170805575144,31.7748726992689,11.0812453293802));
#8001=CARTESIAN_POINT('Ctrl Pts',(66.4736577401939,34.1161624041469,9.54931505016174));
#8002=CARTESIAN_POINT('Ctrl Pts',(66.6302349228735,36.6884118663946,10.6502279548564));
#8003=CARTESIAN_POINT('Ctrl Pts',(66.786812105553,37.1964404802082,13.4016460251184));
#8004=CARTESIAN_POINT('Ctrl Pts',(66.9433892882327,35.186971124764,15.3485649012401));
#8005=CARTESIAN_POINT('Ctrl Pts',(67.0999664709123,32.4529572928324,14.7537186084241));
#8006=CARTESIAN_POINT('Ctrl Pts',(67.2565436535919,31.4340257869686,12.1480209556723));
#8007=CARTESIAN_POINT('Ctrl Pts',(67.4131208362715,33.0390971710906,9.85618133990238));
#8008=CARTESIAN_POINT('Ctrl Pts',(67.5696980189511,35.8365295551536,9.92380341573632));
#8009=CARTESIAN_POINT('Ctrl Pts',(67.7262752016306,37.3291128552726,12.2891997057253));
#8010=CARTESIAN_POINT('Ctrl Pts',(67.8828523843103,36.1874408753115,14.8446100324308));
#8011=CARTESIAN_POINT('Ctrl Pts',(68.0394295669898,33.4254462102004,15.3038274540851));
#8012=CARTESIAN_POINT('Ctrl Pts',(68.1438143554429,32.1561361991555,13.9477651297825));
#8013=CARTESIAN_POINT('Ctrl Pts',(68.1960067496694,31.9429131979648,13.1501999979747));
#8014=CARTESIAN_POINT('Ctrl Pts',(64.0179977501102,32.3206684496576,14.2564253212265));
#8015=CARTESIAN_POINT('Ctrl Pts',(64.0701901443367,31.7446760172895,13.5827391631689));
#8016=CARTESIAN_POINT('Ctrl Pts',(64.1745749327898,31.3167922949367,11.6350126833574));
#8017=CARTESIAN_POINT('Ctrl Pts',(64.3311521154694,33.4027788215175,9.47055006628505));
#8018=CARTESIAN_POINT('Ctrl Pts',(64.487729298149,36.3580294355059,10.0144839997887));
#8019=CARTESIAN_POINT('Ctrl Pts',(64.6443064808285,37.5431604474358,12.7735743179402));
#8020=CARTESIAN_POINT('Ctrl Pts',(64.8008836635082,35.9017549086133,15.2897843111731));
#8021=CARTESIAN_POINT('Ctrl Pts',(64.9574608461878,32.8978913860984,15.3161409554545));
#8022=CARTESIAN_POINT('Ctrl Pts',(65.1140380288673,31.2121013160653,12.8299865587386));
#8023=CARTESIAN_POINT('Ctrl Pts',(65.2706152115469,32.3484668478135,10.0492603565708));
#8024=CARTESIAN_POINT('Ctrl Pts',(65.4271923942265,35.2930859201182,9.45534351996901));
#8025=CARTESIAN_POINT('Ctrl Pts',(65.5837695769061,37.4185065497304,11.5780846892981));
#8026=CARTESIAN_POINT('Ctrl Pts',(65.7403467595857,36.828269598833,14.5234467794095));
#8027=CARTESIAN_POINT('Ctrl Pts',(65.8969239422653,34.0490264489095,15.6633204486317));
#8028=CARTESIAN_POINT('Ctrl Pts',(66.0535011249449,31.5606435522535,13.9806276644014));
#8029=CARTESIAN_POINT('Ctrl Pts',(66.2100783076245,31.5834565087086,10.9767994377066));
#8030=CARTESIAN_POINT('Ctrl Pts',(66.366655490304,34.0971072961304,9.33209150403662));
#8031=CARTESIAN_POINT('Ctrl Pts',(66.5232326729837,36.858720638022,10.5140514229663));
#8032=CARTESIAN_POINT('Ctrl Pts',(66.6798098556632,37.4041493060269,13.4680234087617));
#8033=CARTESIAN_POINT('Ctrl Pts',(66.8363870383429,35.24674682094,15.5582705728839));
#8034=CARTESIAN_POINT('Ctrl Pts',(66.9929642210224,32.3114603388191,14.9196328813514));
#8035=CARTESIAN_POINT('Ctrl Pts',(67.1495414037021,31.2175171259364,12.1221089598237));
#8036=CARTESIAN_POINT('Ctrl Pts',(67.3061185863817,32.9407506669034,9.66154867853009));
#8037=CARTESIAN_POINT('Ctrl Pts',(67.4626957690612,35.9441244485883,9.73414895683522));
#8038=CARTESIAN_POINT('Ctrl Pts',(67.6192729517408,37.5465887569649,12.2736810081262));
#8039=CARTESIAN_POINT('Ctrl Pts',(67.7758501344204,36.320869160869,15.0172155508726));
#8040=CARTESIAN_POINT('Ctrl Pts',(67.9324273171,33.355541952388,15.5102396440185));
#8041=CARTESIAN_POINT('Ctrl Pts',(68.0368121055531,31.9927878677063,14.05434671365));
#8042=CARTESIAN_POINT('Ctrl Pts',(68.0890044997796,31.7638678140613,13.1980664261606));
#8043=CARTESIAN_POINT('Ctrl Pts',(63.9109955002204,32.1798028959806,14.3768634390784));
#8044=CARTESIAN_POINT('Ctrl Pts',(63.9631878944469,31.5643146515145,13.6569826082847));
#8045=CARTESIAN_POINT('Ctrl Pts',(64.0675726829,31.1070909341406,11.5757004865203));
#8046=CARTESIAN_POINT('Ctrl Pts',(64.2241498655795,33.3361135967242,9.26282062642003));
#8047=CARTESIAN_POINT('Ctrl Pts',(64.3807270482592,36.4940058018056,9.84405212014174));
#8048=CARTESIAN_POINT('Ctrl Pts',(64.5373042309387,37.7604012698783,12.7923333141509));
#8049=CARTESIAN_POINT('Ctrl Pts',(64.6938814136183,36.006444521882,15.481079874719));
#8050=CARTESIAN_POINT('Ctrl Pts',(64.8504585962979,32.7966060202071,15.5092437946026));
#8051=CARTESIAN_POINT('Ctrl Pts',(65.0070357789776,30.9952212928468,12.8526137433792));
#8052=CARTESIAN_POINT('Ctrl Pts',(65.1636129616571,32.2095074308293,9.8812130923732));
#8053=CARTESIAN_POINT('Ctrl Pts',(65.3201901443367,35.3560390892106,9.24657136693241));
#8054=CARTESIAN_POINT('Ctrl Pts',(65.4767673270163,37.6271998520243,11.5148689388202));
#8055=CARTESIAN_POINT('Ctrl Pts',(65.6333445096959,36.9964903421211,14.6621945637533));
#8056=CARTESIAN_POINT('Ctrl Pts',(65.7899216923755,34.02667443628,15.8802293922636));
#8057=CARTESIAN_POINT('Ctrl Pts',(65.9464988750551,31.367663076833,14.0821543316527));
#8058=CARTESIAN_POINT('Ctrl Pts',(66.1030760577347,31.3920403181483,10.872353546033));
#8059=CARTESIAN_POINT('Ctrl Pts',(66.2596532404143,34.0780521881139,9.11486795791148));
#8060=CARTESIAN_POINT('Ctrl Pts',(66.4162304230939,37.0290294096493,10.3778748910762));
#8061=CARTESIAN_POINT('Ctrl Pts',(66.5728076057734,37.6118581318456,13.534400792405));
#8062=CARTESIAN_POINT('Ctrl Pts',(66.7293847884531,35.3065225171159,15.7679762445277));
#8063=CARTESIAN_POINT('Ctrl Pts',(66.8859619711327,32.1699633848058,15.0855471542788));
#8064=CARTESIAN_POINT('Ctrl Pts',(67.0425391538122,31.0010084649043,12.0961969639752));
#8065=CARTESIAN_POINT('Ctrl Pts',(67.1991163364919,32.8424041627162,9.4669160171578));
#8066=CARTESIAN_POINT('Ctrl Pts',(67.3556935191714,36.051719342023,9.54449449793411));
#8067=CARTESIAN_POINT('Ctrl Pts',(67.512270701851,37.7640646586573,12.2581623105272));
#8068=CARTESIAN_POINT('Ctrl Pts',(67.6688478845306,36.4542974464265,15.1898210693143));
#8069=CARTESIAN_POINT('Ctrl Pts',(67.8254250672102,33.2856376945755,15.7166518339518));
#8070=CARTESIAN_POINT('Ctrl Pts',(67.9298098556633,31.8294395362572,14.1609282975175));
#8071=CARTESIAN_POINT('Ctrl Pts',(67.9820022498898,31.5848224301577,13.2459328543464));
#8072=CARTESIAN_POINT('Ctrl Pts',(63.8039932503305,32.0389373423035,14.4973015569303));
#8073=CARTESIAN_POINT('Ctrl Pts',(63.8561856445571,31.3839532857394,13.7312260534006));
#8074=CARTESIAN_POINT('Ctrl Pts',(63.9605704330101,30.8973895733445,11.5163882896832));
#8075=CARTESIAN_POINT('Ctrl Pts',(64.1171476156897,33.2694483719309,9.05509118655501));
#8076=CARTESIAN_POINT('Ctrl Pts',(64.2737247983693,36.6299821681054,9.67362024049477));
#8077=CARTESIAN_POINT('Ctrl Pts',(64.4303019810489,37.9776420923207,12.8110923103617));
#8078=CARTESIAN_POINT('Ctrl Pts',(64.5868791637285,36.1111341351506,15.672375438265));
#8079=CARTESIAN_POINT('Ctrl Pts',(64.7434563464081,32.6953206543159,15.7023466337508));
#8080=CARTESIAN_POINT('Ctrl Pts',(64.9000335290877,30.7783412696282,12.8752409280199));
#8081=CARTESIAN_POINT('Ctrl Pts',(65.0566107117673,32.0705480138452,9.71316582817555));
#8082=CARTESIAN_POINT('Ctrl Pts',(65.2131878944469,35.418992258303,9.03779921389581));
#8083=CARTESIAN_POINT('Ctrl Pts',(65.3697650771265,37.8358931543182,11.4516531883423));
#8084=CARTESIAN_POINT('Ctrl Pts',(65.5263422598061,37.1647110854091,14.8009423480971));
#8085=CARTESIAN_POINT('Ctrl Pts',(65.6829194424857,34.0043224236505,16.0971383358955));
#8086=CARTESIAN_POINT('Ctrl Pts',(65.8394966251653,31.1746826014125,14.183680998904));
#8087=CARTESIAN_POINT('Ctrl Pts',(65.9960738078449,31.2006241275881,10.7679076543595));
#8088=CARTESIAN_POINT('Ctrl Pts',(66.1526509905245,34.0589970800975,8.89764441178635));
#8089=CARTESIAN_POINT('Ctrl Pts',(66.309228173204,37.1993381812767,10.2416983591861));
#8090=CARTESIAN_POINT('Ctrl Pts',(66.4658053558836,37.8195669576643,13.6007781760483));
#8091=CARTESIAN_POINT('Ctrl Pts',(66.6223825385633,35.3662982132919,15.9776819161714));
#8092=CARTESIAN_POINT('Ctrl Pts',(66.7789597212428,32.0284664307925,15.2514614272061));
#8093=CARTESIAN_POINT('Ctrl Pts',(66.9355369039225,30.7844998038721,12.0702849681266));
#8094=CARTESIAN_POINT('Ctrl Pts',(67.092114086602,32.744057658529,9.2722833557855));
#8095=CARTESIAN_POINT('Ctrl Pts',(67.2486912692816,36.1593142354577,9.354840039033));
#8096=CARTESIAN_POINT('Ctrl Pts',(67.4052684519612,37.9815405603497,12.2426436129282));
#8097=CARTESIAN_POINT('Ctrl Pts',(67.5618456346408,36.587725731984,15.3624265877561));
#8098=CARTESIAN_POINT('Ctrl Pts',(67.7184228173204,33.2157334367631,15.9230640238851));
#8099=CARTESIAN_POINT('Ctrl Pts',(67.8228076057735,31.6660912048081,14.2675098813849));
#8100=CARTESIAN_POINT('Ctrl Pts',(67.875,31.4057770462542,13.2937992825323));
#8101=CARTESIAN_POINT('Ctrl Pts',(65.7375833024919,36.8911301614929,12.4979935159669));
#8102=CARTESIAN_POINT('Ctrl Pts',(65.7219794772599,36.8930576039333,12.2508504952929));
#8103=CARTESIAN_POINT('Ctrl Pts',(65.7063756520279,36.8594888198419,12.0042195040922));
#8104=CARTESIAN_POINT('Ctrl Pts',(65.6907718267959,36.7882390993861,11.7690027378624));
#8105=CARTESIAN_POINT('Ctrl Pts',(65.6385794325694,36.5499197486328,10.9822388508525));
#8106=CARTESIAN_POINT('Ctrl Pts',(65.5863870383429,35.8900262498294,10.3231772619292));
#8107=CARTESIAN_POINT('Ctrl Pts',(65.5341946441164,35.1029617527231,10.0858451254279));
#8108=CARTESIAN_POINT('Ctrl Pts',(65.4820022498898,34.3158972556165,9.84851298892652));
#8109=CARTESIAN_POINT('Ctrl Pts',(65.4298098556633,33.4016617602071,10.0329103048474));
#8110=CARTESIAN_POINT('Ctrl Pts',(65.3776174614367,32.7681365249167,10.5567842550295));
#8111=CARTESIAN_POINT('Ctrl Pts',(65.3254250672102,32.1346112896263,11.0806582052116));
#8112=CARTESIAN_POINT('Ctrl Pts',(65.2732326729837,31.781796314455,11.9440087896551));
#8113=CARTESIAN_POINT('Ctrl Pts',(65.2210402787571,31.8670880623205,12.7616305389115));
#8114=CARTESIAN_POINT('Ctrl Pts',(65.1688478845306,31.952379810186,13.5792522881676));
#8115=CARTESIAN_POINT('Ctrl Pts',(65.116655490304,32.475778281088,14.3511452022371));
#8116=CARTESIAN_POINT('Ctrl Pts',(65.0644630960775,33.2037922737647,14.7330000978252));
#8117=CARTESIAN_POINT('Ctrl Pts',(65.012270701851,33.9318062664416,15.1148549934133));
#8118=CARTESIAN_POINT('Ctrl Pts',(64.9600783076245,34.864435780893,15.1066718705202));
#8119=CARTESIAN_POINT('Ctrl Pts',(64.907885913398,35.5855595930603,14.711968071424));
#8120=CARTESIAN_POINT('Ctrl Pts',(64.8556935191714,36.3066834052276,14.3172642723279));
#8121=CARTESIAN_POINT('Ctrl Pts',(64.8035011249449,36.8163015151105,13.5360397970287));
#8122=CARTESIAN_POINT('Ctrl Pts',(64.7513087307183,36.8871328107541,12.7171109856635));
#8123=CARTESIAN_POINT('Ctrl Pts',(64.7467335879762,36.8933418244041,12.6453243534697));
#8124=CARTESIAN_POINT('Ctrl Pts',(64.7421584452341,36.8961791419385,12.5732479961536));
#8125=CARTESIAN_POINT('Ctrl Pts',(64.7375833024919,36.8957552288434,12.5011389412274));
#8126=CARTESIAN_POINT('Origin',(6.78750000000002,34.375,12.5));
#8127=CARTESIAN_POINT('Origin',(6.78750000000002,34.375,12.5));
#8128=CARTESIAN_POINT('Origin',(6.78750000000002,-34.375,12.5));
#8129=CARTESIAN_POINT('Origin',(6.78750000000002,-34.375,12.5));
#8130=CARTESIAN_POINT('Origin',(-55.375,-49.0834234471777,12.5));
#8131=CARTESIAN_POINT('Ctrl Pts',(-55.3736094990539,-46.5834234471777,15.5774743752963));
#8132=CARTESIAN_POINT('Ctrl Pts',(-55.2855748592106,-46.5788483044355,15.5779919085224));
#8133=CARTESIAN_POINT('Ctrl Pts',(-54.1937524142402,-46.5220807674668,15.5350118078276));
#8134=CARTESIAN_POINT('Ctrl Pts',(-52.2026244137897,-46.4131208362715,14.2361342836704));
#8135=CARTESIAN_POINT('Ctrl Pts',(-52.1726531037223,-46.2565436535919,10.82032052597));
#8136=CARTESIAN_POINT('Ctrl Pts',(-54.9997590668665,-46.0999664709122,8.90334102364882));
#8137=CARTESIAN_POINT('Ctrl Pts',(-58.1618343550057,-45.9433892882327,10.1955478512703));
#8138=CARTESIAN_POINT('Ctrl Pts',(-58.8372010332283,-45.7868121055531,13.5439923318629));
#8139=CARTESIAN_POINT('Ctrl Pts',(-56.9874103529083,-45.6668234918681,15.3961179292548));
#8140=CARTESIAN_POINT('Ctrl Pts',(-55.6791751950689,-45.5990272724096,15.5741809672068));
#8141=CARTESIAN_POINT('Ctrl Pts',(-55.3774496233671,-45.5834234471777,15.5718278411958));
#8142=CARTESIAN_POINT('Ctrl Pts',(-55.3774452101008,-46.6665765528228,15.570119414721));
#8143=CARTESIAN_POINT('Ctrl Pts',(-54.7020542928964,-46.6316662467621,15.5656599187291));
#8144=CARTESIAN_POINT('Ctrl Pts',(-53.0084331296459,-46.5445635464749,15.0180831901194));
#8145=CARTESIAN_POINT('Ctrl Pts',(-51.7684585710179,-46.4052684519612,12.242643589763));
#8146=CARTESIAN_POINT('Ctrl Pts',(-53.5906857854313,-46.2486912692816,9.35483966167389));
#8147=CARTESIAN_POINT('Ctrl Pts',(-57.0059424002514,-46.092114086602,9.27228303536209));
#8148=CARTESIAN_POINT('Ctrl Pts',(-58.9655006452568,-45.9355369039225,12.0702849014163));
#8149=CARTESIAN_POINT('Ctrl Pts',(-57.8385706169709,-45.7936910593293,14.9521653096601));
#8150=CARTESIAN_POINT('Ctrl Pts',(-56.0965811692179,-45.7040376089628,15.5663620851434));
#8151=CARTESIAN_POINT('Ctrl Pts',(-55.372472533951,-45.6665765528228,15.5722713026395));
#8152=CARTESIAN_POINT('Origin',(-55.375,-49.0834234471777,12.5));
#8153=CARTESIAN_POINT('Ctrl Pts',(-55.3736095548006,43.4165765528223,15.5774737744149));
#8154=CARTESIAN_POINT('Ctrl Pts',(-55.2855749431257,43.4211516955645,15.5779913153823));
#8155=CARTESIAN_POINT('Ctrl Pts',(-55.1975802494174,43.4257268383067,15.5745273697715));
#8156=CARTESIAN_POINT('Ctrl Pts',(-55.1099392664147,43.4303019810489,15.5669470751848));
#8157=CARTESIAN_POINT('Ctrl Pts',(-54.1101469117264,43.4824943752755,15.4804724566398));
#8158=CARTESIAN_POINT('Ctrl Pts',(-53.1563858683785,43.534686769502,14.8583031635423));
#8159=CARTESIAN_POINT('Ctrl Pts',(-52.6745101815513,43.5868791637285,13.9779163524242));
#8160=CARTESIAN_POINT('Ctrl Pts',(-52.1926344947241,43.6390715579551,13.0975295413061));
#8161=CARTESIAN_POINT('Ctrl Pts',(-52.1826441644175,43.6912639521816,11.9589252121675));
#8162=CARTESIAN_POINT('Ctrl Pts',(-52.6488332070788,43.7434563464081,11.0701265183968));
#8163=CARTESIAN_POINT('Ctrl Pts',(-53.1150222497401,43.7956487406347,10.1813278246261));
#8164=CARTESIAN_POINT('Ctrl Pts',(-54.0573906653694,43.8478411348612,9.54233476622337));
#8165=CARTESIAN_POINT('Ctrl Pts',(-55.0555873339394,43.9000335290877,9.4382060029665));
#8166=CARTESIAN_POINT('Ctrl Pts',(-56.0537840025094,43.9522259233142,9.33407723970963));
#8167=CARTESIAN_POINT('Ctrl Pts',(-57.1078089240203,44.0044183175408,9.76481277159881));
#8168=CARTESIAN_POINT('Ctrl Pts',(-57.7473824681571,44.0566107117673,10.5382545081699));
#8169=CARTESIAN_POINT('Ctrl Pts',(-58.386956012294,44.1088031059939,11.311696244741));
#8170=CARTESIAN_POINT('Ctrl Pts',(-58.6120781790569,44.1609955002204,12.427844185994));
#8171=CARTESIAN_POINT('Ctrl Pts',(-58.3223303192633,44.2131878944469,13.3887349229315));
#8172=CARTESIAN_POINT('Ctrl Pts',(-58.0325824594697,44.2653802886734,14.3496256598689));
#8173=CARTESIAN_POINT('Ctrl Pts',(-57.2279645731197,44.3175726829,15.1552591924907));
#8174=CARTESIAN_POINT('Ctrl Pts',(-56.2674408379837,44.3697650771265,15.4462122943867));
#8175=CARTESIAN_POINT('Ctrl Pts',(-55.9802755389723,44.3853689023585,15.5331977914109));
#8176=CARTESIAN_POINT('Ctrl Pts',(-55.6791751388783,44.4009727275904,15.5741803713973));
#8177=CARTESIAN_POINT('Ctrl Pts',(-55.3774496254265,44.4165765528223,15.5718272458209));
#8178=CARTESIAN_POINT('Ctrl Pts',(-55.3774429462367,43.3334234471772,15.570119284578));
#8179=CARTESIAN_POINT('Ctrl Pts',(-54.7020524379316,43.3683337532379,15.565659906476));
#8180=CARTESIAN_POINT('Ctrl Pts',(-54.0232587575989,43.4032440592985,15.3461941944164));
#8181=CARTESIAN_POINT('Ctrl Pts',(-53.4919693293049,43.4381543653592,14.9359027010609));
#8182=CARTESIAN_POINT('Ctrl Pts',(-52.6976690088858,43.4903467595857,14.3224994461083));
#8183=CARTESIAN_POINT('Ctrl Pts',(-52.2330631613706,43.5425391538122,13.2825715011132));
#8184=CARTESIAN_POINT('Ctrl Pts',(-52.3044649877407,43.5947315480388,12.2813067884448));
#8185=CARTESIAN_POINT('Ctrl Pts',(-52.3758668141108,43.6469239422653,11.2800420757764));
#8186=CARTESIAN_POINT('Ctrl Pts',(-52.9832763143661,43.6991163364918,10.3174405954348));
#8187=CARTESIAN_POINT('Ctrl Pts',(-53.8561905097068,43.7513087307184,9.82238043126359));
#8188=CARTESIAN_POINT('Ctrl Pts',(-54.7291047050475,43.8035011249449,9.32732026709239));
#8189=CARTESIAN_POINT('Ctrl Pts',(-55.8675235954739,43.8556935191715,9.29980141909176));
#8190=CARTESIAN_POINT('Ctrl Pts',(-56.7633261756332,43.907885913398,9.75237570071846));
#8191=CARTESIAN_POINT('Ctrl Pts',(-57.6591287557925,43.9600783076245,10.2049499823452));
#8192=CARTESIAN_POINT('Ctrl Pts',(-58.3123150256848,44.012270701851,11.137617393599));
#8193=CARTESIAN_POINT('Ctrl Pts',(-58.4315802972985,44.0644630960776,12.1341473296552));
#8194=CARTESIAN_POINT('Ctrl Pts',(-58.5508455689123,44.1166554903041,13.1306772657116));
#8195=CARTESIAN_POINT('Ctrl Pts',(-58.1361898422471,44.1688478845306,14.1910697265702));
#8196=CARTESIAN_POINT('Ctrl Pts',(-57.3725565534179,44.2210402787572,14.8423027292264));
#8197=CARTESIAN_POINT('Ctrl Pts',(-56.8244592697591,44.2585013348972,15.3097247824636));
#8198=CARTESIAN_POINT('Ctrl Pts',(-56.0965812726515,44.2959623910372,15.5663625696469));
#8199=CARTESIAN_POINT('Ctrl Pts',(-55.372472531776,44.3334234471772,15.57227178474));
#8200=CARTESIAN_POINT('Ctrl Pts',(-53.7390127966251,-46.875,10.5865340033349));
#8201=CARTESIAN_POINT('Ctrl Pts',(-54.3665042819467,-46.8228076057735,10.0500373830647));
#8202=CARTESIAN_POINT('Ctrl Pts',(-56.180676306185,-46.7184228173204,9.65149471656497));
#8203=CARTESIAN_POINT('Ctrl Pts',(-58.1967204865394,-46.5618456346408,11.5944438311301));
#8204=CARTESIAN_POINT('Ctrl Pts',(-57.6900844910351,-46.4052684519612,14.3470533386577));
#8205=CARTESIAN_POINT('Ctrl Pts',(-55.1201845564756,-46.2486912692817,15.450919782652));
#8206=CARTESIAN_POINT('Ctrl Pts',(-52.776511131191,-46.092114086602,13.922065416997));
#8207=CARTESIAN_POINT('Ctrl Pts',(-52.7519616686582,-45.9355369039224,11.1241766468617));
#8208=CARTESIAN_POINT('Ctrl Pts',(-55.0676406217134,-45.7789597212428,9.55398113780248));
#8209=CARTESIAN_POINT('Ctrl Pts',(-57.6576925292751,-45.6223825385633,10.6124261316327));
#8210=CARTESIAN_POINT('Ctrl Pts',(-58.2108845294134,-45.4658053558836,13.3551328112786));
#8211=CARTESIAN_POINT('Ctrl Pts',(-56.2336996176514,-45.3092281732041,15.334813444775));
#8212=CARTESIAN_POINT('Ctrl Pts',(-53.4903008747694,-45.1526509905245,14.7850490149877));
#8213=CARTESIAN_POINT('Ctrl Pts',(-52.4285882890574,-44.9960738078449,12.1963784402096));
#8214=CARTESIAN_POINT('Ctrl Pts',(-53.9958989068619,-44.8394966251653,9.87862384522247));
#8215=CARTESIAN_POINT('Ctrl Pts',(-56.793754769696,-44.6829194424857,9.89987251746868));
#8216=CARTESIAN_POINT('Ctrl Pts',(-58.325685154966,-44.5263422598061,12.2411623871916));
#8217=CARTESIAN_POINT('Ctrl Pts',(-57.2247721752422,-44.3697650771265,14.8134120255007));
#8218=CARTESIAN_POINT('Ctrl Pts',(-54.4733539098785,-44.2131878944469,15.3214406811521));
#8219=CARTESIAN_POINT('Ctrl Pts',(-52.5264349040278,-44.0566107117673,13.3119711729861));
#8220=CARTESIAN_POINT('Ctrl Pts',(-53.1212812279066,-43.9000335290877,10.5779571752538));
#8221=CARTESIAN_POINT('Ctrl Pts',(-55.7269790794956,-43.7434563464082,9.55902555020842));
#8222=CARTESIAN_POINT('Ctrl Pts',(-58.0188188289935,-43.5868791637285,11.1640971401324));
#8223=CARTESIAN_POINT('Ctrl Pts',(-57.9511967831807,-43.4303019810489,13.9615295440856));
#8224=CARTESIAN_POINT('Ctrl Pts',(-55.5858003064813,-43.2737247983694,15.4541133132067));
#8225=CARTESIAN_POINT('Ctrl Pts',(-53.03038979438,-43.1171476156897,14.3124407474004));
#8226=CARTESIAN_POINT('Ctrl Pts',(-52.5711727481339,-42.9605704330102,11.5504477887984));
#8227=CARTESIAN_POINT('Ctrl Pts',(-53.927234870217,-42.8561856445571,10.2811361991558));
#8228=CARTESIAN_POINT('Ctrl Pts',(-54.7248000020249,-42.8039932503306,10.0679131979649));
#8229=CARTESIAN_POINT('Ctrl Pts',(-53.6185746787732,-46.9820022498898,10.4456684496579));
#8230=CARTESIAN_POINT('Ctrl Pts',(-54.2922608368308,-46.9298098556633,9.86967601728964));
#8231=CARTESIAN_POINT('Ctrl Pts',(-56.239988590361,-46.8254250672102,9.44179343386522));
#8232=CARTESIAN_POINT('Ctrl Pts',(-58.4044499258663,-46.6688478845306,11.5277785904956));
#8233=CARTESIAN_POINT('Ctrl Pts',(-57.8605163979554,-46.512270701851,14.4830297247939));
#8234=CARTESIAN_POINT('Ctrl Pts',(-55.1014255512985,-46.3556935191714,15.6681606167009));
#8235=CARTESIAN_POINT('Ctrl Pts',(-52.585215558724,-46.1991163364918,14.0267550392214));
#8236=CARTESIAN_POINT('Ctrl Pts',(-52.5588588136795,-46.0425391538123,11.0228912732311));
#8237=CARTESIAN_POINT('Ctrl Pts',(-55.0450134367644,-45.8859619711326,9.33710109975126));
#8238=CARTESIAN_POINT('Ctrl Pts',(-57.8257398045186,-45.7293847884531,10.4734667048452));
#8239=CARTESIAN_POINT('Ctrl Pts',(-58.4196566973517,-45.5728076057734,13.4180859848067));
#8240=CARTESIAN_POINT('Ctrl Pts',(-56.296915372357,-45.4162304230939,15.5435067615966));
#8241=CARTESIAN_POINT('Ctrl Pts',(-53.3515530808431,-45.2596532404143,14.9532697700135));
#8242=CARTESIAN_POINT('Ctrl Pts',(-52.2116793302644,-45.1030760577347,12.1740264260099));
#8243=CARTESIAN_POINT('Ctrl Pts',(-53.8943722325441,-44.9464988750551,9.68564335637027));
#8244=CARTESIAN_POINT('Ctrl Pts',(-56.8982006686633,-44.7899216923755,9.70845631352463));
#8245=CARTESIAN_POINT('Ctrl Pts',(-58.5429087161922,-44.6333445096959,12.222107277927));
#8246=CARTESIAN_POINT('Ctrl Pts',(-57.3609487167099,-44.4767673270163,14.9837208088412));
#8247=CARTESIAN_POINT('Ctrl Pts',(-54.4069765214498,-44.3201901443367,15.5291495217639));
#8248=CARTESIAN_POINT('Ctrl Pts',(-52.3167292180483,-44.1636129616572,13.371746872712));
#8249=CARTESIAN_POINT('Ctrl Pts',(-52.9553669429302,-44.0070357789775,10.4364602125847));
#8250=CARTESIAN_POINT('Ctrl Pts',(-55.7528910779332,-43.850458596298,9.34251687174644));
#8251=CARTESIAN_POINT('Ctrl Pts',(-58.2134515027996,-43.6938814136183,11.0657506336662));
#8252=CARTESIAN_POINT('Ctrl Pts',(-58.1408512567257,-43.5373042309388,14.0691244367055));
#8253=CARTESIAN_POINT('Ctrl Pts',(-55.601319004979,-43.3807270482592,15.6715892486113));
#8254=CARTESIAN_POINT('Ctrl Pts',(-52.8577842631884,-43.2241498655796,14.4458690235413));
#8255=CARTESIAN_POINT('Ctrl Pts',(-52.3647605730875,-43.0675726829,11.4805436471992));
#8256=CARTESIAN_POINT('Ctrl Pts',(-53.8206532863495,-42.9631878944469,10.1177878677067));
#8257=CARTESIAN_POINT('Ctrl Pts',(-54.6769335738389,-42.9109955002204,9.8888678140614));
#8258=CARTESIAN_POINT('Ctrl Pts',(-53.4981365609213,-47.0890044997796,10.3048028959809));
#8259=CARTESIAN_POINT('Ctrl Pts',(-54.2180173917149,-47.0368121055531,9.68931465151459));
#8260=CARTESIAN_POINT('Ctrl Pts',(-56.2993008745369,-46.9324273171,9.23209215116546));
#8261=CARTESIAN_POINT('Ctrl Pts',(-58.6121793651931,-46.7758501344204,11.4611133498611));
#8262=CARTESIAN_POINT('Ctrl Pts',(-58.0309483048757,-46.6192729517408,14.6190061109301));
#8263=CARTESIAN_POINT('Ctrl Pts',(-55.0826665461215,-46.4626957690612,15.8854014507499));
#8264=CARTESIAN_POINT('Ctrl Pts',(-52.3939199862568,-46.3061185863817,14.1314446614459));
#8265=CARTESIAN_POINT('Ctrl Pts',(-52.3657559587009,-46.1495414037021,10.9216058996005));
#8266=CARTESIAN_POINT('Ctrl Pts',(-55.0223862518154,-45.9929642210225,9.12022106170004));
#8267=CARTESIAN_POINT('Ctrl Pts',(-57.9937870797622,-45.8363870383429,10.3345072780578));
#8268=CARTESIAN_POINT('Ctrl Pts',(-58.6284288652899,-45.6798098556633,13.4810391583348));
#8269=CARTESIAN_POINT('Ctrl Pts',(-56.3601311270626,-45.5232326729837,15.7522000784182));
#8270=CARTESIAN_POINT('Ctrl Pts',(-53.2128052869169,-45.3666554903041,15.1214905250394));
#8271=CARTESIAN_POINT('Ctrl Pts',(-51.9947703714713,-45.2100783076245,12.1516744118102));
#8272=CARTESIAN_POINT('Ctrl Pts',(-53.7928455582264,-45.0535011249449,9.49266286751804));
#8273=CARTESIAN_POINT('Ctrl Pts',(-57.0026465676306,-44.8969239422653,9.51704010958059));
#8274=CARTESIAN_POINT('Ctrl Pts',(-58.7601322774185,-44.7403467595857,12.2030521686623));
#8275=CARTESIAN_POINT('Ctrl Pts',(-57.4971252581776,-44.5837695769061,15.1540295921816));
#8276=CARTESIAN_POINT('Ctrl Pts',(-54.3405991330211,-44.4271923942265,15.7368583623757));
#8277=CARTESIAN_POINT('Ctrl Pts',(-52.1070235320688,-44.270615211547,13.431522572438));
#8278=CARTESIAN_POINT('Ctrl Pts',(-52.7894526579539,-44.1140380288673,10.2949632499155));
#8279=CARTESIAN_POINT('Ctrl Pts',(-55.7788030763707,-43.9574608461878,9.12600819328445));
#8280=CARTESIAN_POINT('Ctrl Pts',(-58.4080841766056,-43.8008836635082,10.9674041271999));
#8281=CARTESIAN_POINT('Ctrl Pts',(-58.3305057302707,-43.6443064808286,14.1767193293253));
#8282=CARTESIAN_POINT('Ctrl Pts',(-55.6168377034766,-43.487729298149,15.8890651840159));
#8283=CARTESIAN_POINT('Ctrl Pts',(-52.6851787319968,-43.3311521154694,14.5792972996823));
#8284=CARTESIAN_POINT('Ctrl Pts',(-52.1583483980412,-43.1745749327898,11.4106395055999));
#8285=CARTESIAN_POINT('Ctrl Pts',(-53.714071702482,-43.0701901443367,9.95443953625755));
#8286=CARTESIAN_POINT('Ctrl Pts',(-54.629067145653,-43.0179977501102,9.70982243015786));
#8287=CARTESIAN_POINT('Ctrl Pts',(-53.3776984430694,-47.1960067496694,10.1639373423038));
#8288=CARTESIAN_POINT('Ctrl Pts',(-54.143773946599,-47.1438143554429,9.50895328573954));
#8289=CARTESIAN_POINT('Ctrl Pts',(-56.3586131587128,-47.0394295669898,9.02239086846571));
#8290=CARTESIAN_POINT('Ctrl Pts',(-58.81990880452,-46.8828523843103,11.3944481092267));
#8291=CARTESIAN_POINT('Ctrl Pts',(-58.201380211796,-46.7262752016306,14.7549824970663));
#8292=CARTESIAN_POINT('Ctrl Pts',(-55.0639075409444,-46.5696980189511,16.1026422847988));
#8293=CARTESIAN_POINT('Ctrl Pts',(-52.2026244137897,-46.4131208362715,14.2361342836704));
#8294=CARTESIAN_POINT('Ctrl Pts',(-52.1726531037223,-46.2565436535919,10.82032052597));
#8295=CARTESIAN_POINT('Ctrl Pts',(-54.9997590668665,-46.0999664709122,8.90334102364882));
#8296=CARTESIAN_POINT('Ctrl Pts',(-58.1618343550057,-45.9433892882327,10.1955478512703));
#8297=CARTESIAN_POINT('Ctrl Pts',(-58.8372010332283,-45.7868121055531,13.5439923318629));
#8298=CARTESIAN_POINT('Ctrl Pts',(-56.4233468817682,-45.6302349228735,15.9608933952398));
#8299=CARTESIAN_POINT('Ctrl Pts',(-53.0740574929906,-45.4736577401939,15.2897112800653));
#8300=CARTESIAN_POINT('Ctrl Pts',(-51.7778614126783,-45.3170805575143,12.1293223976104));
#8301=CARTESIAN_POINT('Ctrl Pts',(-53.6913188839087,-45.1605033748347,9.29968237866584));
#8302=CARTESIAN_POINT('Ctrl Pts',(-57.107092466598,-45.0039261921551,9.32562390563654));
#8303=CARTESIAN_POINT('Ctrl Pts',(-58.9773558386447,-44.8473490094756,12.1839970593976));
#8304=CARTESIAN_POINT('Ctrl Pts',(-57.6333017996453,-44.6907718267959,15.324338375522));
#8305=CARTESIAN_POINT('Ctrl Pts',(-54.2742217445924,-44.5341946441163,15.9445672029875));
#8306=CARTESIAN_POINT('Ctrl Pts',(-51.8973178460892,-44.3776174614368,13.4912982721639));
#8307=CARTESIAN_POINT('Ctrl Pts',(-52.6235383729775,-44.2210402787571,10.1534662872463));
#8308=CARTESIAN_POINT('Ctrl Pts',(-55.8047150748083,-44.0644630960776,8.90949951482247));
#8309=CARTESIAN_POINT('Ctrl Pts',(-58.6027168504117,-43.9078859133979,10.8690576207337));
#8310=CARTESIAN_POINT('Ctrl Pts',(-58.5201602038156,-43.7513087307184,14.2843142219452));
#8311=CARTESIAN_POINT('Ctrl Pts',(-55.6323564019743,-43.5947315480388,16.1065411194204));
#8312=CARTESIAN_POINT('Ctrl Pts',(-52.5125732008051,-43.4381543653592,14.7127255758233));
#8313=CARTESIAN_POINT('Ctrl Pts',(-51.9519362229948,-43.2815771826796,11.3407353640007));
#8314=CARTESIAN_POINT('Ctrl Pts',(-53.6074901186145,-43.1771923942265,9.79109120480844));
#8315=CARTESIAN_POINT('Ctrl Pts',(-54.5812007174671,-43.125,9.53077704625432));
#8316=CARTESIAN_POINT('Ctrl Pts',(-53.4579354824235,-43.125,14.1382133369668));
#8317=CARTESIAN_POINT('Ctrl Pts',(-53.4274771645952,-43.125,14.1098222730171));
#8318=CARTESIAN_POINT('Ctrl Pts',(-53.3978113254417,-43.125,14.0806521930989));
#8319=CARTESIAN_POINT('Ctrl Pts',(-53.3689761145657,-43.125,14.0507200563281));
#8320=CARTESIAN_POINT('Ctrl Pts',(-53.309838651476,-43.125,13.9893329334425));
#8321=CARTESIAN_POINT('Ctrl Pts',(-53.2541928326656,-43.125,13.9247435136337));
#8322=CARTESIAN_POINT('Ctrl Pts',(-53.2020434562071,-43.125,13.8573288981533));
#8323=CARTESIAN_POINT('Ctrl Pts',(-53.1718111971413,-43.125,13.8182470095778));
#8324=CARTESIAN_POINT('Ctrl Pts',(-53.1427545279935,-43.125,13.7782147532344));
#8325=CARTESIAN_POINT('Ctrl Pts',(-53.1148789775256,-43.125,13.7372992700755));
#8326=CARTESIAN_POINT('Ctrl Pts',(-53.1012719447983,-43.125,13.7173269893833));
#8327=CARTESIAN_POINT('Ctrl Pts',(-53.0879463979272,-43.125,13.6971441930794));
#8328=CARTESIAN_POINT('Ctrl Pts',(-53.0749032994583,-43.125,13.6767583490042));
#8329=CARTESIAN_POINT('Ctrl Pts',(-53.0653645688941,-43.125,13.6618496925665));
#8330=CARTESIAN_POINT('Ctrl Pts',(-53.0559815040238,-43.125,13.6468395750343));
#8331=CARTESIAN_POINT('Ctrl Pts',(-53.0467559699129,-43.125,13.6317343292419));
#8332=CARTESIAN_POINT('Ctrl Pts',(-53.0001711663118,-43.125,13.5554596225278));
#8333=CARTESIAN_POINT('Ctrl Pts',(-52.957584643433,-43.125,13.4767383143558));
#8334=CARTESIAN_POINT('Ctrl Pts',(-52.9190108879114,-43.125,13.3959752194102));
#8335=CARTESIAN_POINT('Ctrl Pts',(-52.8859704290314,-43.125,13.3267973630803));
#8336=CARTESIAN_POINT('Ctrl Pts',(-52.8558744674153,-43.125,13.2561204043738));
#8337=CARTESIAN_POINT('Ctrl Pts',(-52.8287535186195,-43.125,13.1841770458509));
#8338=CARTESIAN_POINT('Ctrl Pts',(-52.8216987548856,-43.125,13.1654629735512));
#8339=CARTESIAN_POINT('Ctrl Pts',(-52.8148454027227,-43.125,13.1466631248696));
#8340=CARTESIAN_POINT('Ctrl Pts',(-52.8081942400395,-43.125,13.1277814251567));
#8341=CARTESIAN_POINT('Ctrl Pts',(-52.8029976835719,-43.125,13.113029144475));
#8342=CARTESIAN_POINT('Ctrl Pts',(-52.7979249145477,-43.125,13.0982277035964));
#8343=CARTESIAN_POINT('Ctrl Pts',(-52.7929802716901,-43.125,13.08339157129));
#8344=CARTESIAN_POINT('Ctrl Pts',(-52.7638941039287,-43.125,12.9961201048537));
#8345=CARTESIAN_POINT('Ctrl Pts',(-52.7391981867895,-43.125,12.9075387993168));
#8346=CARTESIAN_POINT('Ctrl Pts',(-52.7189027493684,-43.125,12.818059448437));
#8347=CARTESIAN_POINT('Ctrl Pts',(-52.6982645116867,-43.125,12.7270687458104));
#8348=CARTESIAN_POINT('Ctrl Pts',(-52.6821762015469,-43.125,12.6351485885287));
#8349=CARTESIAN_POINT('Ctrl Pts',(-52.6706903127089,-43.125,12.5426983018776));
#8350=CARTESIAN_POINT('Ctrl Pts',(-52.6609458923442,-43.125,12.4642651506723));
#8351=CARTESIAN_POINT('Ctrl Pts',(-52.6545146593432,-43.125,12.3854495519797));
#8352=CARTESIAN_POINT('Ctrl Pts',(-52.6514553009455,-43.125,12.3064837337213));
#8353=CARTESIAN_POINT('Ctrl Pts',(-52.6491607821472,-43.125,12.2472593700276));
#8354=CARTESIAN_POINT('Ctrl Pts',(-52.6487634303253,-43.125,12.1879502548708));
#8355=CARTESIAN_POINT('Ctrl Pts',(-52.6502979156357,-43.125,12.1286527168606));
#8356=CARTESIAN_POINT('Ctrl Pts',(-52.6506741586928,-43.125,12.114113452896));
#8357=CARTESIAN_POINT('Ctrl Pts',(-52.6511665837015,-43.125,12.0995748831414));
#8358=CARTESIAN_POINT('Ctrl Pts',(-52.6517757845463,-43.125,12.0850384269924));
#8359=CARTESIAN_POINT('Ctrl Pts',(-52.6523752092682,-43.125,12.0707352439675));
#8360=CARTESIAN_POINT('Ctrl Pts',(-52.6530873498345,-43.125,12.0564427362499));
#8361=CARTESIAN_POINT('Ctrl Pts',(-52.6539121276796,-43.125,12.0421658430089));
#8362=CARTESIAN_POINT('Ctrl Pts',(-52.6594525217605,-43.125,11.9462616970841));
#8363=CARTESIAN_POINT('Ctrl Pts',(-52.6700738045283,-43.125,11.8510125613085));
#8364=CARTESIAN_POINT('Ctrl Pts',(-52.6858232664476,-43.125,11.7568347589092));
#8365=CARTESIAN_POINT('Ctrl Pts',(-52.6945007910546,-43.125,11.7049453545636));
#8366=CARTESIAN_POINT('Ctrl Pts',(-52.7047359134359,-43.125,11.6533807689128));
#8367=CARTESIAN_POINT('Ctrl Pts',(-52.7165430247036,-43.125,11.6022086947889));
#8368=CARTESIAN_POINT('Ctrl Pts',(-52.7372906671749,-43.125,11.5122883176223));
#8369=CARTESIAN_POINT('Ctrl Pts',(-52.7628891053452,-43.125,11.4235795068156));
#8370=CARTESIAN_POINT('Ctrl Pts',(-52.7930471291949,-43.125,11.3362966316536));
#8371=CARTESIAN_POINT('Ctrl Pts',(-52.8107638864321,-43.125,11.2850210733503));
#8372=CARTESIAN_POINT('Ctrl Pts',(-52.8300552410969,-43.125,11.2342376569886));
#8373=CARTESIAN_POINT('Ctrl Pts',(-52.8508702803336,-43.125,11.183991038326));
#8374=CARTESIAN_POINT('Ctrl Pts',(-52.8642631110754,-43.125,11.1516613150214));
#8375=CARTESIAN_POINT('Ctrl Pts',(-52.8782868513521,-43.125,11.1195538432079));
#8376=CARTESIAN_POINT('Ctrl Pts',(-52.8929291544352,-43.125,11.0876808721259));
#8377=CARTESIAN_POINT('Ctrl Pts',(-52.8995280780518,-43.125,11.0733165128848));
#8378=CARTESIAN_POINT('Ctrl Pts',(-52.9062526492761,-43.125,11.0589997870244));
#8379=CARTESIAN_POINT('Ctrl Pts',(-52.9131017979766,-43.125,11.0447318391958));
#8380=CARTESIAN_POINT('Ctrl Pts',(-52.919847680591,-43.125,11.0306790122815));
#8381=CARTESIAN_POINT('Ctrl Pts',(-52.9267113812823,-43.125,11.016679920721));
#8382=CARTESIAN_POINT('Ctrl Pts',(-52.9336878378576,-43.125,11.0027427280413));
#8383=CARTESIAN_POINT('Ctrl Pts',(-52.9766445219941,-43.125,10.9169261566591));
#8384=CARTESIAN_POINT('Ctrl Pts',(-53.023912270252,-43.125,10.8333713206257));
#8385=CARTESIAN_POINT('Ctrl Pts',(-53.0751475250849,-43.125,10.7523018865187));
#8386=CARTESIAN_POINT('Ctrl Pts',(-53.127354635422,-43.125,10.6696946875266));
#8387=CARTESIAN_POINT('Ctrl Pts',(-53.183681518686,-43.125,10.5896673462201));
#8388=CARTESIAN_POINT('Ctrl Pts',(-53.2438195470697,-43.125,10.5124651119201));
#8389=CARTESIAN_POINT('Ctrl Pts',(-53.3044557853689,-43.125,10.4346233003068));
#8390=CARTESIAN_POINT('Ctrl Pts',(-53.368967036326,-43.125,10.3596528123726));
#8391=CARTESIAN_POINT('Ctrl Pts',(-53.4370860863489,-43.125,10.2878251943929));
#8392=CARTESIAN_POINT('Ctrl Pts',(-53.4767855147757,-43.125,10.2459644318295));
#8393=CARTESIAN_POINT('Ctrl Pts',(-53.5177112136209,-43.125,10.2051715796302));
#8394=CARTESIAN_POINT('Ctrl Pts',(-53.5598169192369,-43.125,10.1655051565109));
#8395=CARTESIAN_POINT('Ctrl Pts',(-53.5707694257256,-43.125,10.1551871544672));
#8396=CARTESIAN_POINT('Ctrl Pts',(-53.581803811162,-43.125,10.1449435540879));
#8397=CARTESIAN_POINT('Ctrl Pts',(-53.5929126414138,-43.125,10.1347815159491));
#8398=CARTESIAN_POINT('Ctrl Pts',(-53.6679700840921,-43.125,10.066121127969));
#8399=CARTESIAN_POINT('Ctrl Pts',(-53.7462522970862,-43.125,10.0013350992285));
#8400=CARTESIAN_POINT('Ctrl Pts',(-53.827425726501,-43.125,9.94067508617249));
#8401=CARTESIAN_POINT('Ctrl Pts',(-53.9088413699655,-43.125,9.87983406921512));
#8402=CARTESIAN_POINT('Ctrl Pts',(-53.9931660732717,-43.125,9.82314293740933));
#8403=CARTESIAN_POINT('Ctrl Pts',(-54.0801095939278,-43.125,9.77088050541476));
#8404=CARTESIAN_POINT('Ctrl Pts',(-54.1654200558952,-43.125,9.71959971780288));
#8405=CARTESIAN_POINT('Ctrl Pts',(-54.2532525479922,-43.125,9.67258218347727));
#8406=CARTESIAN_POINT('Ctrl Pts',(-54.3433680398598,-43.125,9.63012566314938));
#8407=CARTESIAN_POINT('Ctrl Pts',(-54.4209962956657,-43.125,9.59355231097278));
#8408=CARTESIAN_POINT('Ctrl Pts',(-54.5003194396337,-43.125,9.56036377898007));
#8409=CARTESIAN_POINT('Ctrl Pts',(-54.5812007174671,-43.125,9.53077704625432));
#8410=CARTESIAN_POINT('Ctrl Pts',(-55.3770064834276,-45.262416697508,15.016130336818));
#8411=CARTESIAN_POINT('Ctrl Pts',(-55.6241495212552,-45.27802052274,15.0180577793864));
#8412=CARTESIAN_POINT('Ctrl Pts',(-55.8707805296628,-45.2936243479721,14.9844889929593));
#8413=CARTESIAN_POINT('Ctrl Pts',(-56.1059973124647,-45.3092281732041,14.9132392675611));
#8414=CARTESIAN_POINT('Ctrl Pts',(-56.8927612549054,-45.3614205674306,14.6749199002762));
#8415=CARTESIAN_POINT('Ctrl Pts',(-57.5518228921594,-45.4136129616571,14.0150263557774));
#8416=CARTESIAN_POINT('Ctrl Pts',(-57.7891550440967,-45.4658053558837,13.227961803587));
#8417=CARTESIAN_POINT('Ctrl Pts',(-58.0264871960339,-45.5179977501102,12.4408972513967));
#8418=CARTESIAN_POINT('Ctrl Pts',(-57.8420898626545,-45.5701901443367,11.5266616915147));
#8419=CARTESIAN_POINT('Ctrl Pts',(-57.3182158780378,-45.6223825385633,10.893136412602));
#8420=CARTESIAN_POINT('Ctrl Pts',(-56.7943418934212,-45.6745749327898,10.2596111336893));
#8421=CARTESIAN_POINT('Ctrl Pts',(-55.9309912575673,-45.7267673270163,9.90679613574588));
#8422=CARTESIAN_POINT('Ctrl Pts',(-55.1133694474645,-45.7789597212428,9.99208788828405));
#8423=CARTESIAN_POINT('Ctrl Pts',(-54.2957476373617,-45.8311521154694,10.0773796408222));
#8424=CARTESIAN_POINT('Ctrl Pts',(-53.5238546530099,-45.8833445096959,10.600778143842));
#8425=CARTESIAN_POINT('Ctrl Pts',(-53.1419997379229,-45.9355369039224,11.3287921903744));
#8426=CARTESIAN_POINT('Ctrl Pts',(-52.7601448228358,-45.987729298149,12.0568062369068));
#8427=CARTESIAN_POINT('Ctrl Pts',(-52.7683279770134,-46.0399216923755,12.9894358269519));
#8428=CARTESIAN_POINT('Ctrl Pts',(-53.1630317916496,-46.092114086602,13.7105596829169));
#8429=CARTESIAN_POINT('Ctrl Pts',(-53.5577356062859,-46.1443064808285,14.431683538882));
#8430=CARTESIAN_POINT('Ctrl Pts',(-54.3389600813807,-46.1964988750551,14.941301660767));
#8431=CARTESIAN_POINT('Ctrl Pts',(-55.157888974688,-46.2486912692816,15.0121329810438));
#8432=CARTESIAN_POINT('Ctrl Pts',(-55.2296756140646,-46.2532664120238,15.0183419968531));
#8433=CARTESIAN_POINT('Ctrl Pts',(-55.3017519791947,-46.2578415547659,15.0211793166439));
#8434=CARTESIAN_POINT('Ctrl Pts',(-55.3738610424131,-46.262416697508,15.0207554058268));
#8435=CARTESIAN_POINT('Ctrl Pts',(-58.3442229537458,-46.875,13.2937992825327));
#8436=CARTESIAN_POINT('Ctrl Pts',(-58.0839087951917,-46.8228076057735,14.2675098813853));
#8437=CARTESIAN_POINT('Ctrl Pts',(-56.5342635689705,-46.7184228173204,15.9230636403605));
#8438=CARTESIAN_POINT('Ctrl Pts',(-53.1622745102089,-46.5618456346408,15.3624269162203));
#8439=CARTESIAN_POINT('Ctrl Pts',(-51.7684585710179,-46.4052684519612,12.242643589763));
#8440=CARTESIAN_POINT('Ctrl Pts',(-53.5906857854313,-46.2486912692816,9.35483966167389));
#8441=CARTESIAN_POINT('Ctrl Pts',(-57.0059424002514,-46.092114086602,9.27228303536209));
#8442=CARTESIAN_POINT('Ctrl Pts',(-58.9655006452568,-45.9355369039225,12.0702849014163));
#8443=CARTESIAN_POINT('Ctrl Pts',(-57.7215337922818,-45.7789597212428,15.251461737698));
#8444=CARTESIAN_POINT('Ctrl Pts',(-54.3837016952184,-45.6223825385633,15.9776822856012));
#8445=CARTESIAN_POINT('Ctrl Pts',(-51.9304326611292,-45.4658053558836,13.6007782993645));
#8446=CARTESIAN_POINT('Ctrl Pts',(-52.5506615168802,-45.3092281732041,10.2416981123773));
#8447=CARTESIAN_POINT('Ctrl Pts',(-55.6910029520689,-45.1526509905244,8.89764402263755));
#8448=CARTESIAN_POINT('Ctrl Pts',(-58.5493762173046,-44.9960738078449,10.7679074664016));
#8449=CARTESIAN_POINT('Ctrl Pts',(-58.5753177447172,-44.8394966251653,14.1836811810026));
#8450=CARTESIAN_POINT('Ctrl Pts',(-55.745677616814,-44.6829194424857,16.0971387265894));
#8451=CARTESIAN_POINT('Ctrl Pts',(-52.5852886121126,-44.5263422598061,14.800942595035));
#8452=CARTESIAN_POINT('Ctrl Pts',(-51.9141064713098,-44.3697650771265,11.4516530793948));
#8453=CARTESIAN_POINT('Ctrl Pts',(-54.3310076273916,-44.2131878944469,9.03779882989117));
#8454=CARTESIAN_POINT('Ctrl Pts',(-57.6794522387795,-44.0566107117673,9.71316554351863));
#8455=CARTESIAN_POINT('Ctrl Pts',(-58.9716591126073,-43.9000335290877,12.875240935981));
#8456=CARTESIAN_POINT('Ctrl Pts',(-57.0546795451127,-43.7434563464081,15.7023470416665));
#8457=CARTESIAN_POINT('Ctrl Pts',(-53.638865634083,-43.5868791637285,15.6723756682069));
#8458=CARTESIAN_POINT('Ctrl Pts',(-51.7723576085293,-43.4303019810489,12.8110925413275));
#8459=CARTESIAN_POINT('Ctrl Pts',(-53.1200173207752,-43.2737247983694,9.67361953777435));
#8460=CARTESIAN_POINT('Ctrl Pts',(-56.4805520359458,-43.1171476156898,9.05509120009109));
#8461=CARTESIAN_POINT('Ctrl Pts',(-58.8526084145155,-42.9605704330102,11.5163860393474));
#8462=CARTESIAN_POINT('Ctrl Pts',(-58.3660467142606,-42.8561856445571,13.7312260534007));
#8463=CARTESIAN_POINT('Ctrl Pts',(-57.7110626576964,-42.8039932503306,14.4973015569304));
#8464=CARTESIAN_POINT('Ctrl Pts',(-58.1651775698422,-46.9820022498898,13.2459328543468));
#8465=CARTESIAN_POINT('Ctrl Pts',(-57.9205604637426,-46.9298098556633,14.1609282975178));
#8466=CARTESIAN_POINT('Ctrl Pts',(-56.4643594917136,-46.8254250672102,15.7166514735538));
#8467=CARTESIAN_POINT('Ctrl Pts',(-53.2957027811621,-46.6688478845307,15.189821377972));
#8468=CARTESIAN_POINT('Ctrl Pts',(-51.9859345250892,-46.512270701851,12.2581622887589));
#8469=CARTESIAN_POINT('Ctrl Pts',(-53.6982806776063,-46.3556935191714,9.54449414332991));
#8470=CARTESIAN_POINT('Ctrl Pts',(-56.9075958925198,-46.1991163364918,9.46691571605605));
#8471=CARTESIAN_POINT('Ctrl Pts',(-58.748991957142,-46.0425391538123,12.0961969012876));
#8472=CARTESIAN_POINT('Ctrl Pts',(-57.5800368248171,-45.8859619711326,15.0855474460479));
#8473=CARTESIAN_POINT('Ctrl Pts',(-54.4434773969112,-45.7293847884531,15.7679765916807));
#8474=CARTESIAN_POINT('Ctrl Pts',(-52.1381415099348,-45.5728076057735,13.5344009082852));
#8475=CARTESIAN_POINT('Ctrl Pts',(-52.7209703067088,-45.4162304230939,10.3778746591501));
#8476=CARTESIAN_POINT('Ctrl Pts',(-55.6719478421128,-45.2596532404143,9.11486759222852));
#8477=CARTESIAN_POINT('Ctrl Pts',(-58.3579600059471,-45.1030760577347,10.8723533694091));
#8478=CARTESIAN_POINT('Ctrl Pts',(-58.382337248425,-44.9464988750551,14.0821545027707));
#8479=CARTESIAN_POINT('Ctrl Pts',(-55.7233256017445,-44.7899216923755,15.8802297593985));
#8480=CARTESIAN_POINT('Ctrl Pts',(-52.7535093736402,-44.6333445096959,14.6621947958007));
#8481=CARTESIAN_POINT('Ctrl Pts',(-52.1227997961785,-44.4767673270163,11.5148688364423));
#8482=CARTESIAN_POINT('Ctrl Pts',(-54.3939608033767,-44.3201901443367,9.2465710060834));
#8483=CARTESIAN_POINT('Ctrl Pts',(-57.540492806562,-44.1636129616572,9.8812128248812));
#8484=CARTESIAN_POINT('Ctrl Pts',(-58.7547790663398,-44.0070357789775,12.8526137508603));
#8485=CARTESIAN_POINT('Ctrl Pts',(-56.9533941671958,-43.850458596298,15.5092441779208));
#8486=CARTESIAN_POINT('Ctrl Pts',(-53.7435552612669,-43.6938814136183,15.4810800907953));
#8487=CARTESIAN_POINT('Ctrl Pts',(-51.9895984490106,-43.5373042309387,12.7923335311895));
#8488=CARTESIAN_POINT('Ctrl Pts',(-53.2559937178957,-43.3807270482592,9.84405145979566));
#8489=CARTESIAN_POINT('Ctrl Pts',(-56.4138867865574,-43.2241498655795,9.26282063913988));
#8490=CARTESIAN_POINT('Ctrl Pts',(-58.6429071750523,-43.0675726829,11.5756983718806));
#8491=CARTESIAN_POINT('Ctrl Pts',(-58.1856853484855,-42.9631878944469,13.6569826082849));
#8492=CARTESIAN_POINT('Ctrl Pts',(-57.5701971040193,-42.9109955002204,14.3768634390785));
#8493=CARTESIAN_POINT('Ctrl Pts',(-57.9861321859387,-47.0890044997796,13.1980664261609));
#8494=CARTESIAN_POINT('Ctrl Pts',(-57.7572121322935,-47.0368121055531,14.0543467136503));
#8495=CARTESIAN_POINT('Ctrl Pts',(-56.3944554144567,-46.9324273171,15.5102393067472));
#8496=CARTESIAN_POINT('Ctrl Pts',(-53.4291310521153,-46.7758501344204,15.0172158397237));
#8497=CARTESIAN_POINT('Ctrl Pts',(-52.2034104791604,-46.6192729517409,12.2736809877548));
#8498=CARTESIAN_POINT('Ctrl Pts',(-53.8058755697814,-46.4626957690612,9.73414862498592));
#8499=CARTESIAN_POINT('Ctrl Pts',(-56.8092493847881,-46.3061185863817,9.66154839675001));
#8500=CARTESIAN_POINT('Ctrl Pts',(-58.5324832690272,-46.1495414037021,12.1221089011588));
#8501=CARTESIAN_POINT('Ctrl Pts',(-57.4385398573523,-45.9929642210225,14.9196331543977));
#8502=CARTESIAN_POINT('Ctrl Pts',(-54.5032530986039,-45.8363870383429,15.5582708977602));
#8503=CARTESIAN_POINT('Ctrl Pts',(-52.3458503587404,-45.6798098556633,13.4680235172059));
#8504=CARTESIAN_POINT('Ctrl Pts',(-52.8912790965373,-45.5232326729837,10.5140512059228));
#8505=CARTESIAN_POINT('Ctrl Pts',(-55.6528927321568,-45.3666554903041,9.33209116181949));
#8506=CARTESIAN_POINT('Ctrl Pts',(-58.1665437945897,-45.2100783076245,10.9767992724166));
#8507=CARTESIAN_POINT('Ctrl Pts',(-58.1893567521327,-45.0535011249449,13.9806278245388));
#8508=CARTESIAN_POINT('Ctrl Pts',(-55.7009735866749,-44.8969239422654,15.6633207922076));
#8509=CARTESIAN_POINT('Ctrl Pts',(-52.9217301351678,-44.7403467595857,14.5234469965665));
#8510=CARTESIAN_POINT('Ctrl Pts',(-52.3314931210472,-44.5837695769062,11.5780845934898));
#8511=CARTESIAN_POINT('Ctrl Pts',(-54.4569139793618,-44.4271923942265,9.45534318227564));
#8512=CARTESIAN_POINT('Ctrl Pts',(-57.4015333743445,-44.2706152115469,10.0492601062438));
#8513=CARTESIAN_POINT('Ctrl Pts',(-58.5378990200722,-44.1140380288674,12.8299865657396));
#8514=CARTESIAN_POINT('Ctrl Pts',(-56.8521087892789,-43.9574608461877,15.3161413141752));
#8515=CARTESIAN_POINT('Ctrl Pts',(-53.848244888451,-43.8008836635082,15.2897845133838));
#8516=CARTESIAN_POINT('Ctrl Pts',(-52.2068392894918,-43.6443064808285,12.7735745210514));
#8517=CARTESIAN_POINT('Ctrl Pts',(-53.3919701150162,-43.487729298149,10.014483381817));
#8518=CARTESIAN_POINT('Ctrl Pts',(-56.347221537169,-43.3311521154693,9.47055007818866));
#8519=CARTESIAN_POINT('Ctrl Pts',(-58.4332059355891,-43.1745749327898,11.6350107044139));
#8520=CARTESIAN_POINT('Ctrl Pts',(-58.0053239827105,-43.0701901443367,13.582739163169));
#8521=CARTESIAN_POINT('Ctrl Pts',(-57.4293315503423,-43.0179977501102,14.2564253212266));
#8522=CARTESIAN_POINT('Ctrl Pts',(-57.8070868020351,-47.1960067496694,13.1501999979749));
#8523=CARTESIAN_POINT('Ctrl Pts',(-57.5938638008444,-47.1438143554429,13.9477651297828));
#8524=CARTESIAN_POINT('Ctrl Pts',(-56.3245513371997,-47.0394295669898,15.3038271399406));
#8525=CARTESIAN_POINT('Ctrl Pts',(-53.5625593230684,-46.8828523843102,14.8446103014754));
#8526=CARTESIAN_POINT('Ctrl Pts',(-52.4208864332317,-46.7262752016307,12.2891996867507));
#8527=CARTESIAN_POINT('Ctrl Pts',(-53.9134704619565,-46.5696980189511,9.92380310664194));
#8528=CARTESIAN_POINT('Ctrl Pts',(-56.7109028770564,-46.4131208362715,9.85618107744398));
#8529=CARTESIAN_POINT('Ctrl Pts',(-58.3159745809123,-46.2565436535918,12.14802090103));
#8530=CARTESIAN_POINT('Ctrl Pts',(-57.2970428898876,-46.0999664709123,14.7537188627476));
#8531=CARTESIAN_POINT('Ctrl Pts',(-54.5630288002968,-45.9433892882326,15.3485652038396));
#8532=CARTESIAN_POINT('Ctrl Pts',(-52.553559207546,-45.7868121055531,13.4016461261267));
#8533=CARTESIAN_POINT('Ctrl Pts',(-53.0615878863659,-45.6302349228735,10.6502277526956));
#8534=CARTESIAN_POINT('Ctrl Pts',(-55.6338376222006,-45.4736577401939,9.54931473141046));
#8535=CARTESIAN_POINT('Ctrl Pts',(-57.9751275832323,-45.3170805575143,11.0812451754241));
#8536=CARTESIAN_POINT('Ctrl Pts',(-57.9963762558404,-45.1605033748347,13.8791011463068));
#8537=CARTESIAN_POINT('Ctrl Pts',(-55.6786215716054,-45.0039261921551,15.4464118250167));
#8538=CARTESIAN_POINT('Ctrl Pts',(-53.0899508966954,-44.8473490094755,14.3846991973322));
#8539=CARTESIAN_POINT('Ctrl Pts',(-52.5401864459159,-44.6907718267959,11.6413003505373));
#8540=CARTESIAN_POINT('Ctrl Pts',(-54.5198671553468,-44.5341946441164,9.66411535846787));
#8541=CARTESIAN_POINT('Ctrl Pts',(-57.262573942127,-44.3776174614367,10.2173073876064));
#8542=CARTESIAN_POINT('Ctrl Pts',(-58.3210189738047,-44.2210402787572,12.8073593806189));
#8543=CARTESIAN_POINT('Ctrl Pts',(-56.7508234113621,-44.0644630960776,15.1230384504296));
#8544=CARTESIAN_POINT('Ctrl Pts',(-53.9529345156349,-43.907885913398,15.0984889359723));
#8545=CARTESIAN_POINT('Ctrl Pts',(-52.4240801299731,-43.7513087307184,12.7548155109133));
#8546=CARTESIAN_POINT('Ctrl Pts',(-53.5279465121366,-43.5947315480388,10.1849153038383));
#8547=CARTESIAN_POINT('Ctrl Pts',(-56.2805562877806,-43.4381543653592,9.67827951723745));
#8548=CARTESIAN_POINT('Ctrl Pts',(-58.2235046961259,-43.2815771826796,11.6943230369471));
#8549=CARTESIAN_POINT('Ctrl Pts',(-57.8249626169354,-43.1771923942265,13.5084957180531));
#8550=CARTESIAN_POINT('Ctrl Pts',(-57.2884659966652,-43.125,14.1359872033748));
#8551=CARTESIAN_POINT('Ctrl Pts',(-56.1708802769673,-43.125,9.52604862549619));
#8552=CARTESIAN_POINT('Ctrl Pts',(-56.2183146135169,-43.125,9.54324146316912));
#8553=CARTESIAN_POINT('Ctrl Pts',(-56.2652510923698,-43.125,9.56167699183387));
#8554=CARTESIAN_POINT('Ctrl Pts',(-56.311642431204,-43.125,9.58136788317476));
#8555=CARTESIAN_POINT('Ctrl Pts',(-56.4046917821183,-43.125,9.62086285581919));
#8556=CARTESIAN_POINT('Ctrl Pts',(-56.4955501433731,-43.125,9.6654057250948));
#8557=CARTESIAN_POINT('Ctrl Pts',(-56.5839639948683,-43.125,9.71466115574562));
#8558=CARTESIAN_POINT('Ctrl Pts',(-56.6309612663101,-43.125,9.7408433749922));
#8559=CARTESIAN_POINT('Ctrl Pts',(-56.6772672872325,-43.125,9.76835787513193));
#8560=CARTESIAN_POINT('Ctrl Pts',(-56.7228398204422,-43.125,9.79715846230239));
#8561=CARTESIAN_POINT('Ctrl Pts',(-56.7478229057934,-43.125,9.81294708489522));
#8562=CARTESIAN_POINT('Ctrl Pts',(-56.7725855027716,-43.125,9.82912225861558));
#8563=CARTESIAN_POINT('Ctrl Pts',(-56.7971202329437,-43.125,9.84567666683893));
#8564=CARTESIAN_POINT('Ctrl Pts',(-56.8129924653297,-43.125,9.85638619624839));
#8565=CARTESIAN_POINT('Ctrl Pts',(-56.8287692206695,-43.125,9.86725448751055));
#8566=CARTESIAN_POINT('Ctrl Pts',(-56.8444367126528,-43.125,9.87827101449983));
#8567=CARTESIAN_POINT('Ctrl Pts',(-56.9269808030136,-43.125,9.93631152284891));
#8568=CARTESIAN_POINT('Ctrl Pts',(-57.0065799811708,-43.125,9.99852016147503));
#8569=CARTESIAN_POINT('Ctrl Pts',(-57.0829751951988,-43.125,10.064568532551));
#8570=CARTESIAN_POINT('Ctrl Pts',(-57.1454736740686,-43.125,10.1186023195702));
#8571=CARTESIAN_POINT('Ctrl Pts',(-57.2058272944816,-43.125,10.1752069231458));
#8572=CARTESIAN_POINT('Ctrl Pts',(-57.2638727214467,-43.125,10.2342170605808));
#8573=CARTESIAN_POINT('Ctrl Pts',(-57.2870131900267,-43.125,10.2577421219441));
#8574=CARTESIAN_POINT('Ctrl Pts',(-57.3097865807346,-43.125,10.2816496132806));
#8575=CARTESIAN_POINT('Ctrl Pts',(-57.3321815672699,-43.125,10.305929458776));
#8576=CARTESIAN_POINT('Ctrl Pts',(-57.345211348775,-43.125,10.3200558830667));
#8577=CARTESIAN_POINT('Ctrl Pts',(-57.3581143543329,-43.125,10.3343100018108));
#8578=CARTESIAN_POINT('Ctrl Pts',(-57.3708737256418,-43.125,10.3486730476154));
#8579=CARTESIAN_POINT('Ctrl Pts',(-57.4365378209724,-43.125,10.4225902012206));
#8580=CARTESIAN_POINT('Ctrl Pts',(-57.4984892704664,-43.125,10.4994834158785));
#8581=CARTESIAN_POINT('Ctrl Pts',(-57.5564902592199,-43.125,10.5790446565565));
#8582=CARTESIAN_POINT('Ctrl Pts',(-57.6140524034719,-43.125,10.6580039245138));
#8583=CARTESIAN_POINT('Ctrl Pts',(-57.6677240790186,-43.125,10.7395918374869));
#8584=CARTESIAN_POINT('Ctrl Pts',(-57.7172269571992,-43.125,10.8235295839741));
#8585=CARTESIAN_POINT('Ctrl Pts',(-57.7651930623597,-43.125,10.9048615574457));
#8586=CARTESIAN_POINT('Ctrl Pts',(-57.8092453666486,-43.125,10.9884004785997));
#8587=CARTESIAN_POINT('Ctrl Pts',(-57.8490832353929,-43.125,11.0739020609082));
#8588=CARTESIAN_POINT('Ctrl Pts',(-57.873751906842,-43.125,11.1268469223888));
#8589=CARTESIAN_POINT('Ctrl Pts',(-57.8968036428858,-43.125,11.1805444901835));
#8590=CARTESIAN_POINT('Ctrl Pts',(-57.9181570216307,-43.125,11.2349368302664));
#8591=CARTESIAN_POINT('Ctrl Pts',(-57.9236514128795,-43.125,11.2489324044997));
#8592=CARTESIAN_POINT('Ctrl Pts',(-57.9290340314856,-43.125,11.262975886208));
#8593=CARTESIAN_POINT('Ctrl Pts',(-57.9343011351251,-43.125,11.2770602001333));
#8594=CARTESIAN_POINT('Ctrl Pts',(-57.9669722560736,-43.125,11.3644232662932));
#8595=CARTESIAN_POINT('Ctrl Pts',(-57.9951048580705,-43.125,11.4530904976648));
#8596=CARTESIAN_POINT('Ctrl Pts',(-58.0184585579176,-43.125,11.5428115273498));
#8597=CARTESIAN_POINT('Ctrl Pts',(-58.0352365632418,-43.125,11.6072698326124));
#8598=CARTESIAN_POINT('Ctrl Pts',(-58.0495470228244,-43.125,11.6722724089051));
#8599=CARTESIAN_POINT('Ctrl Pts',(-58.0612842307347,-43.125,11.7377284272229));
#8600=CARTESIAN_POINT('Ctrl Pts',(-58.0779390614076,-43.125,11.8306090262497));
#8601=CARTESIAN_POINT('Ctrl Pts',(-58.0894145085249,-43.125,11.9244034827497));
#8602=CARTESIAN_POINT('Ctrl Pts',(-58.0958186070463,-43.125,12.0187332151339));
#8603=CARTESIAN_POINT('Ctrl Pts',(-58.102392410054,-43.125,12.1155626246751));
#8604=CARTESIAN_POINT('Ctrl Pts',(-58.1036223249608,-43.125,12.2129571771802));
#8605=CARTESIAN_POINT('Ctrl Pts',(-58.0995724781462,-43.125,12.3104872257657));
#8606=CARTESIAN_POINT('Ctrl Pts',(-58.0989795730856,-43.125,12.3247658051802));
#8607=CARTESIAN_POINT('Ctrl Pts',(-58.098273324982,-43.125,12.3390475616488));
#8608=CARTESIAN_POINT('Ctrl Pts',(-58.0974549311738,-43.125,12.3533160743024));
#8609=CARTESIAN_POINT('Ctrl Pts',(-58.0921541776623,-43.125,12.4457335239382));
#8610=CARTESIAN_POINT('Ctrl Pts',(-58.0821474828573,-43.125,12.5377510615455));
#8611=CARTESIAN_POINT('Ctrl Pts',(-58.0675756520622,-43.125,12.6290175397863));
#8612=CARTESIAN_POINT('Ctrl Pts',(-58.0529983975026,-43.125,12.720317988219));
#8613=CARTESIAN_POINT('Ctrl Pts',(-58.0338521838315,-43.125,12.8108677358664));
#8614=CARTESIAN_POINT('Ctrl Pts',(-58.0102287648554,-43.125,12.9002983830412));
#8615=CARTESIAN_POINT('Ctrl Pts',(-57.9869428420541,-43.125,12.9884513785192));
#8616=CARTESIAN_POINT('Ctrl Pts',(-57.9593062393165,-43.125,13.0755177999804));
#8617=CARTESIAN_POINT('Ctrl Pts',(-57.9273659655493,-43.125,13.1611159403441));
#8618=CARTESIAN_POINT('Ctrl Pts',(-57.9096282211928,-43.125,13.2086520993084));
#8619=CARTESIAN_POINT('Ctrl Pts',(-57.8905625211736,-43.125,13.2557348528563));
#8620=CARTESIAN_POINT('Ctrl Pts',(-57.8701721686504,-43.125,13.3022935736993));
#8621=CARTESIAN_POINT('Ctrl Pts',(-57.8625114350986,-43.125,13.3197858634712));
#8622=CARTESIAN_POINT('Ctrl Pts',(-57.8546614486611,-43.125,13.3372087219593));
#8623=CARTESIAN_POINT('Ctrl Pts',(-57.8466354486155,-43.125,13.3545305772117));
#8624=CARTESIAN_POINT('Ctrl Pts',(-57.8090788058354,-43.125,13.4355859879152));
#8625=CARTESIAN_POINT('Ctrl Pts',(-57.7676282253117,-43.125,13.5145366390127));
#8626=CARTESIAN_POINT('Ctrl Pts',(-57.7223720301377,-43.125,13.5910503955801));
#8627=CARTESIAN_POINT('Ctrl Pts',(-57.677793695174,-43.125,13.6664181072597));
#8628=CARTESIAN_POINT('Ctrl Pts',(-57.629522412691,-43.125,13.7394220479211));
#8629=CARTESIAN_POINT('Ctrl Pts',(-57.577605854068,-43.125,13.8097112659138));
#8630=CARTESIAN_POINT('Ctrl Pts',(-57.5273195345857,-43.125,13.8777933223112));
#8631=CARTESIAN_POINT('Ctrl Pts',(-57.4736127977777,-43.125,13.9433288981873));
#8632=CARTESIAN_POINT('Ctrl Pts',(-57.4165013368925,-43.125,14.005959620212));
#8633=CARTESIAN_POINT('Ctrl Pts',(-57.3755725591585,-43.125,14.0508437618769));
#8634=CARTESIAN_POINT('Ctrl Pts',(-57.3328945948826,-43.125,14.0942352305978));
#8635=CARTESIAN_POINT('Ctrl Pts',(-57.2884659966652,-43.125,14.1359872033748));
#8636=CARTESIAN_POINT('Ctrl Pts',(-55.3729297557214,-45.987583302492,15.0164935755312));
#8637=CARTESIAN_POINT('Ctrl Pts',(-55.139690220206,-45.9728519644055,15.0183969683049));
#8638=CARTESIAN_POINT('Ctrl Pts',(-54.906928122033,-45.9581206263191,14.9885415393452));
#8639=CARTESIAN_POINT('Ctrl Pts',(-54.6837862164368,-45.9433892882327,14.9249376340388));
#8640=CARTESIAN_POINT('Ctrl Pts',(-53.8932056027132,-45.8911968940061,14.6995921779353));
#8641=CARTESIAN_POINT('Ctrl Pts',(-53.2233824051296,-45.8390044997796,14.050619152031));
#8642=CARTESIAN_POINT('Ctrl Pts',(-52.9731422528078,-45.7868121055531,13.2675629101736));
#8643=CARTESIAN_POINT('Ctrl Pts',(-52.722902100486,-45.7346197113266,12.4845066683163));
#8644=CARTESIAN_POINT('Ctrl Pts',(-52.892244993426,-45.6824273171,11.5673672105059));
#8645=CARTESIAN_POINT('Ctrl Pts',(-53.4056247292017,-45.6302349228735,10.9253119780532));
#8646=CARTESIAN_POINT('Ctrl Pts',(-53.9190044649775,-45.578042528647,10.2832567456005));
#8647=CARTESIAN_POINT('Ctrl Pts',(-54.7764210435891,-45.5258501344204,9.9162857385055));
#8648=CARTESIAN_POINT('Ctrl Pts',(-55.5953443264001,-45.4736577401939,9.98812197562692));
#8649=CARTESIAN_POINT('Ctrl Pts',(-56.4142676092112,-45.4214653459674,10.0599582127483));
#8650=CARTESIAN_POINT('Ctrl Pts',(-57.1946975962217,-45.3692729517408,10.5706016940862));
#8651=CARTESIAN_POINT('Ctrl Pts',(-57.5884540351617,-45.3170805575143,11.2922327632356));
#8652=CARTESIAN_POINT('Ctrl Pts',(-57.9822104741016,-45.2648881632878,12.013863832385));
#8653=CARTESIAN_POINT('Ctrl Pts',(-57.989293364971,-45.2126957690612,12.9464824893459));
#8654=CARTESIAN_POINT('Ctrl Pts',(-57.6065423630332,-45.1605033748347,13.674010264278));
#8655=CARTESIAN_POINT('Ctrl Pts',(-57.2237913610954,-45.1083109806082,14.4015380392101));
#8656=CARTESIAN_POINT('Ctrl Pts',(-56.4512064663504,-45.0561185863817,14.9239749321134));
#8657=CARTESIAN_POINT('Ctrl Pts',(-55.6334689064929,-45.0039261921551,15.008241273951));
#8658=CARTESIAN_POINT('Ctrl Pts',(-55.5481167850314,-44.9984785622674,15.0170366520731));
#8659=CARTESIAN_POINT('Ctrl Pts',(-55.4622727552844,-44.9930309323797,15.0210584531756));
#8660=CARTESIAN_POINT('Ctrl Pts',(-55.3763745695411,-44.987583302492,15.0204862144435));
#8661=CARTESIAN_POINT('Ctrl Pts',(-58.3442229537457,43.125,13.2937992825327));
#8662=CARTESIAN_POINT('Ctrl Pts',(-58.0839087951917,43.1771923942265,14.2675098813853));
#8663=CARTESIAN_POINT('Ctrl Pts',(-56.5342592363695,43.2815771826796,15.9230630858339));
#8664=CARTESIAN_POINT('Ctrl Pts',(-53.1622748564011,43.4381543653592,15.3624273911034));
#8665=CARTESIAN_POINT('Ctrl Pts',(-51.7684573138554,43.5947315480388,12.2426435561183));
#8666=CARTESIAN_POINT('Ctrl Pts',(-53.5906858146214,43.7513087307184,9.35483911509309));
#8667=CARTESIAN_POINT('Ctrl Pts',(-57.0059424858998,43.907885913398,9.27228257109105));
#8668=CARTESIAN_POINT('Ctrl Pts',(-58.9655012955773,44.0644630960775,12.0702848048529));
#8669=CARTESIAN_POINT('Ctrl Pts',(-57.7215341155822,44.2210402787572,15.2514621874284));
#8670=CARTESIAN_POINT('Ctrl Pts',(-54.3837015626035,44.3776174614368,15.9776828207902));
#8671=CARTESIAN_POINT('Ctrl Pts',(-51.9304321089548,44.5341946441164,13.6007784779834));
#8672=CARTESIAN_POINT('Ctrl Pts',(-52.5506610796052,44.6907718267959,10.2416977548587));
#8673=CARTESIAN_POINT('Ctrl Pts',(-55.6910029986775,44.8473490094756,8.89764345890937));
#8674=CARTESIAN_POINT('Ctrl Pts',(-58.5493767169116,45.0039261921551,10.767907194126));
#8675=CARTESIAN_POINT('Ctrl Pts',(-58.5753182461264,45.1605033748347,14.1836814447933));
#8676=CARTESIAN_POINT('Ctrl Pts',(-55.7456776754286,45.3170805575143,16.097139292545));
#8677=CARTESIAN_POINT('Ctrl Pts',(-52.5852881739435,45.4736577401939,14.8009429527635));
#8678=CARTESIAN_POINT('Ctrl Pts',(-51.9141059289876,45.6302349228735,11.4516529215484));
#8679=CARTESIAN_POINT('Ctrl Pts',(-54.3310074618178,45.7868121055531,9.03779827366583));
#8680=CARTESIAN_POINT('Ctrl Pts',(-57.6794526047118,45.9433892882327,9.71316513107763));
#8681=CARTESIAN_POINT('Ctrl Pts',(-58.9716596663616,46.0999664709123,12.8752409476684));
#8682=CARTESIAN_POINT('Ctrl Pts',(-57.0546798339024,46.2565436535919,15.7023476322947));
#8683=CARTESIAN_POINT('Ctrl Pts',(-53.6388652999906,46.4131208362715,15.672376001772));
#8684=CARTESIAN_POINT('Ctrl Pts',(-51.7723571746253,46.5696980189511,12.8110928749885));
#8685=CARTESIAN_POINT('Ctrl Pts',(-53.1200165809402,46.7262752016307,9.67361852080149));
#8686=CARTESIAN_POINT('Ctrl Pts',(-56.4805526233962,46.8828523843103,9.05509121639562));
#8687=CARTESIAN_POINT('Ctrl Pts',(-58.8526055033642,47.0394295669899,11.5163827829498));
#8688=CARTESIAN_POINT('Ctrl Pts',(-58.3660467142604,47.1438143554429,13.7312260534012));
#8689=CARTESIAN_POINT('Ctrl Pts',(-57.711062657696,47.1960067496695,14.4973015569309));
#8690=CARTESIAN_POINT('Ctrl Pts',(-58.1651775698422,43.0179977501102,13.2459328543468));
#8691=CARTESIAN_POINT('Ctrl Pts',(-57.9205604637426,43.0701901443367,14.1609282975178));
#8692=CARTESIAN_POINT('Ctrl Pts',(-56.4643554203702,43.1745749327898,15.7166509524655));
#8693=CARTESIAN_POINT('Ctrl Pts',(-53.2957031064788,43.3311521154694,15.1898218242194));
#8694=CARTESIAN_POINT('Ctrl Pts',(-51.985933343734,43.487729298149,12.258162257143));
#8695=CARTESIAN_POINT('Ctrl Pts',(-53.6982807050364,43.6443064808286,9.54449362970815));
#8696=CARTESIAN_POINT('Ctrl Pts',(-56.9075959730035,43.8008836635082,9.46691527978075));
#8697=CARTESIAN_POINT('Ctrl Pts',(-58.7489925682479,43.9574608461878,12.0961968105469));
#8698=CARTESIAN_POINT('Ctrl Pts',(-57.5800371286223,44.1140380288673,15.0855478686594));
#8699=CARTESIAN_POINT('Ctrl Pts',(-54.4434772722931,44.270615211547,15.7679770945975));
#8700=CARTESIAN_POINT('Ctrl Pts',(-52.1381409910567,44.4271923942265,13.5344010761333));
#8701=CARTESIAN_POINT('Ctrl Pts',(-52.7209698958016,44.5837695769061,10.3778743231899));
#8702=CARTESIAN_POINT('Ctrl Pts',(-55.6719478859109,44.7403467595857,9.11486706249338));
#8703=CARTESIAN_POINT('Ctrl Pts',(-58.3579604754277,44.8969239422653,10.8723531135518));
#8704=CARTESIAN_POINT('Ctrl Pts',(-58.382337719599,45.0535011249449,14.0821547506547));
#8705=CARTESIAN_POINT('Ctrl Pts',(-55.7233256568246,45.2100783076245,15.8802302912267));
#8706=CARTESIAN_POINT('Ctrl Pts',(-52.7535089618929,45.3666554903041,14.6621951319581));
#8707=CARTESIAN_POINT('Ctrl Pts',(-52.1227992865586,45.5232326729837,11.5148686881141));
#8708=CARTESIAN_POINT('Ctrl Pts',(-54.393960647787,45.6798098556633,9.24657048339868));
#8709=CARTESIAN_POINT('Ctrl Pts',(-57.5404931504285,45.8363870383428,9.88121243731057));
#8710=CARTESIAN_POINT('Ctrl Pts',(-58.7547795867025,45.9929642210225,12.8526137618429));
#8711=CARTESIAN_POINT('Ctrl Pts',(-56.9533944385714,46.1495414037021,15.5092447329339));
#8712=CARTESIAN_POINT('Ctrl Pts',(-53.7435549473205,46.3061185863817,15.4810804042463));
#8713=CARTESIAN_POINT('Ctrl Pts',(-51.9895980412712,46.4626957690612,12.7923338447306));
#8714=CARTESIAN_POINT('Ctrl Pts',(-53.255993022673,46.6192729517409,9.84405050414669));
#8715=CARTESIAN_POINT('Ctrl Pts',(-56.4138873385843,46.7758501344205,9.26282065446123));
#8716=CARTESIAN_POINT('Ctrl Pts',(-58.6429044394447,46.9324273171,11.5756953118452));
#8717=CARTESIAN_POINT('Ctrl Pts',(-58.1856853484854,47.0368121055531,13.6569826082853));
#8718=CARTESIAN_POINT('Ctrl Pts',(-57.570197104019,47.0890044997796,14.3768634390789));
#8719=CARTESIAN_POINT('Ctrl Pts',(-57.9861321859387,42.9109955002204,13.1980664261609));
#8720=CARTESIAN_POINT('Ctrl Pts',(-57.7572121322935,42.9631878944469,14.0543467136503));
#8721=CARTESIAN_POINT('Ctrl Pts',(-56.3944516043709,43.0675726829,15.510238819097));
#8722=CARTESIAN_POINT('Ctrl Pts',(-53.4291313565564,43.2241498655795,15.0172162573355));
#8723=CARTESIAN_POINT('Ctrl Pts',(-52.2034093736127,43.3807270482592,12.2736809581677));
#8724=CARTESIAN_POINT('Ctrl Pts',(-53.8058755954512,43.5373042309387,9.73414814432322));
#8725=CARTESIAN_POINT('Ctrl Pts',(-56.8092494601072,43.6938814136184,9.66154798847045));
#8726=CARTESIAN_POINT('Ctrl Pts',(-58.5324838409184,43.8504585962979,12.122108816241));
#8727=CARTESIAN_POINT('Ctrl Pts',(-57.4385401416624,44.0070357789775,14.9196335498903));
#8728=CARTESIAN_POINT('Ctrl Pts',(-54.5032529819826,44.1636129616572,15.5582713684049));
#8729=CARTESIAN_POINT('Ctrl Pts',(-52.3458498731587,44.3201901443367,13.4680236742833));
#8730=CARTESIAN_POINT('Ctrl Pts',(-52.8912787119981,44.4767673270163,10.5140508915212));
#8731=CARTESIAN_POINT('Ctrl Pts',(-55.6528927731442,44.6333445096959,9.3320906660774));
#8732=CARTESIAN_POINT('Ctrl Pts',(-58.1665442339437,44.7899216923755,10.9767990329777));
#8733=CARTESIAN_POINT('Ctrl Pts',(-58.1893571930716,44.9464988750551,13.9806280565161));
#8734=CARTESIAN_POINT('Ctrl Pts',(-55.7009736382205,45.1030760577347,15.6633212899085));
#8735=CARTESIAN_POINT('Ctrl Pts',(-52.9217297498423,45.2596532404143,14.5234473111527));
#8736=CARTESIAN_POINT('Ctrl Pts',(-52.3314926441295,45.4162304230939,11.5780844546798));
#8737=CARTESIAN_POINT('Ctrl Pts',(-54.4569138337563,45.5728076057735,9.45534269313155));
#8738=CARTESIAN_POINT('Ctrl Pts',(-57.4015336961451,45.7293847884531,10.0492597435435));
#8739=CARTESIAN_POINT('Ctrl Pts',(-58.5378995070434,45.8859619711326,12.8299865760175));
#8740=CARTESIAN_POINT('Ctrl Pts',(-56.8521090432404,46.0425391538123,15.3161418335731));
#8741=CARTESIAN_POINT('Ctrl Pts',(-53.8482445946504,46.1991163364918,15.2897848067207));
#8742=CARTESIAN_POINT('Ctrl Pts',(-52.2068389079171,46.3556935191715,12.7735748144726));
#8743=CARTESIAN_POINT('Ctrl Pts',(-53.3919694644058,46.512270701851,10.0144824874919));
#8744=CARTESIAN_POINT('Ctrl Pts',(-56.3472220537724,46.6688478845307,9.47055009252685));
#8745=CARTESIAN_POINT('Ctrl Pts',(-58.4332033755251,46.8254250672102,11.6350078407406));
#8746=CARTESIAN_POINT('Ctrl Pts',(-58.0053239827103,46.9298098556633,13.5827391631694));
#8747=CARTESIAN_POINT('Ctrl Pts',(-57.4293315503419,46.9820022498898,14.256425321227));
#8748=CARTESIAN_POINT('Ctrl Pts',(-57.8070868020351,42.8039932503306,13.150199997975));
#8749=CARTESIAN_POINT('Ctrl Pts',(-57.5938638008444,42.8561856445571,13.9477651297828));
#8750=CARTESIAN_POINT('Ctrl Pts',(-56.3245477883717,42.9605704330101,15.3038266857286));
#8751=CARTESIAN_POINT('Ctrl Pts',(-53.562559606634,43.1171476156897,14.8446106904515));
#8752=CARTESIAN_POINT('Ctrl Pts',(-52.4208854034914,43.2737247983693,12.2891996591924));
#8753=CARTESIAN_POINT('Ctrl Pts',(-53.9134704858661,43.4303019810489,9.9238026589383));
#8754=CARTESIAN_POINT('Ctrl Pts',(-56.710902947211,43.5868791637286,9.85618069716013));
#8755=CARTESIAN_POINT('Ctrl Pts',(-58.315975113589,43.7434563464081,12.148020821935));
#8756=CARTESIAN_POINT('Ctrl Pts',(-57.2970431547025,43.9000335290877,14.7537192311212));
#8757=CARTESIAN_POINT('Ctrl Pts',(-54.5630286916721,44.0566107117673,15.3485656422122));
#8758=CARTESIAN_POINT('Ctrl Pts',(-52.5535587552607,44.2131878944469,13.4016462724332));
#8759=CARTESIAN_POINT('Ctrl Pts',(-53.0615875281946,44.3697650771265,10.6502274598525));
#8760=CARTESIAN_POINT('Ctrl Pts',(-55.6338376603776,44.5263422598061,9.5493142696614));
#8761=CARTESIAN_POINT('Ctrl Pts',(-57.9751279924598,44.6829194424857,11.0812449524035));
#8762=CARTESIAN_POINT('Ctrl Pts',(-57.9963766665441,44.8394966251653,13.8791013623775));
#8763=CARTESIAN_POINT('Ctrl Pts',(-55.6786216196166,44.9960738078449,15.4464122885902));
#8764=CARTESIAN_POINT('Ctrl Pts',(-53.0899505377917,45.1526509905245,14.3846994903472));
#8765=CARTESIAN_POINT('Ctrl Pts',(-52.5401860017005,45.309228173204,11.6413002212455));
#8766=CARTESIAN_POINT('Ctrl Pts',(-54.5198670197255,45.4658053558837,9.6641149028644));
#8767=CARTESIAN_POINT('Ctrl Pts',(-57.2625742418617,45.6223825385633,10.2173070497765));
#8768=CARTESIAN_POINT('Ctrl Pts',(-58.3210194273842,45.7789597212428,12.807359390192));
#8769=CARTESIAN_POINT('Ctrl Pts',(-56.7508236479094,45.9355369039225,15.1230389342124));
#8770=CARTESIAN_POINT('Ctrl Pts',(-53.9529342419802,46.092114086602,15.098489209195));
#8771=CARTESIAN_POINT('Ctrl Pts',(-52.424079774563,46.2486912692817,12.7548157842146));
#8772=CARTESIAN_POINT('Ctrl Pts',(-53.5279459061386,46.4052684519612,10.1849144708371));
#8773=CARTESIAN_POINT('Ctrl Pts',(-56.2805567689605,46.5618456346408,9.67827953059248));
#8774=CARTESIAN_POINT('Ctrl Pts',(-58.2235023116055,46.7184228173204,11.6943203696359));
#8775=CARTESIAN_POINT('Ctrl Pts',(-57.8249626169353,46.8228076057735,13.5084957180535));
#8776=CARTESIAN_POINT('Ctrl Pts',(-57.2884659966649,46.875,14.1359872033751));
#8777=CARTESIAN_POINT('Ctrl Pts',(-53.7367860188891,43.125,14.4170647521139));
#8778=CARTESIAN_POINT('Ctrl Pts',(-53.7651770605452,43.125,14.4475230671939));
#8779=CARTESIAN_POINT('Ctrl Pts',(-53.7943471156227,43.125,14.4771889029619));
#8780=CARTESIAN_POINT('Ctrl Pts',(-53.8242792248101,43.125,14.5060241097836));
#8781=CARTESIAN_POINT('Ctrl Pts',(-53.8856663257056,43.125,14.5651615978707));
#8782=CARTESIAN_POINT('Ctrl Pts',(-53.9502557156073,43.125,14.6208074349372));
#8783=CARTESIAN_POINT('Ctrl Pts',(-54.0176702957551,43.125,14.672956823504));
#8784=CARTESIAN_POINT('Ctrl Pts',(-54.0567521394589,43.125,14.7031890707233));
#8785=CARTESIAN_POINT('Ctrl Pts',(-54.0967843479198,43.125,14.7322457274232));
#8786=CARTESIAN_POINT('Ctrl Pts',(-54.1376997807862,43.125,14.7601212649533));
#8787=CARTESIAN_POINT('Ctrl Pts',(-54.1576722388297,43.125,14.7737284289195));
#8788=CARTESIAN_POINT('Ctrl Pts',(-54.1778552161664,43.125,14.7870541012221));
#8789=CARTESIAN_POINT('Ctrl Pts',(-54.198241244799,43.125,14.8000973192973));
#8790=CARTESIAN_POINT('Ctrl Pts',(-54.2131496845661,43.125,14.8096359123477));
#8791=CARTESIAN_POINT('Ctrl Pts',(-54.2281595818648,43.125,14.8190188435147));
#8792=CARTESIAN_POINT('Ctrl Pts',(-54.2432646048634,43.125,14.8282442482736));
#8793=CARTESIAN_POINT('Ctrl Pts',(-54.3195392389358,43.125,14.874829041439));
#8794=CARTESIAN_POINT('Ctrl Pts',(-54.398260470108,43.125,14.9174155501458));
#8795=CARTESIAN_POINT('Ctrl Pts',(-54.4790234867889,43.125,14.9559892883847));
#8796=CARTESIAN_POINT('Ctrl Pts',(-54.5482012500471,43.125,14.989029720027));
#8797=CARTESIAN_POINT('Ctrl Pts',(-54.6188781136228,43.125,15.0191256543364));
#8798=CARTESIAN_POINT('Ctrl Pts',(-54.6908213771174,43.125,15.0462465761485));
#8799=CARTESIAN_POINT('Ctrl Pts',(-54.7095356570462,43.125,15.0533014204531));
#8800=CARTESIAN_POINT('Ctrl Pts',(-54.7283357154933,43.125,15.0601548482074));
#8801=CARTESIAN_POINT('Ctrl Pts',(-54.7472176270004,43.125,15.0668060814801));
#8802=CARTESIAN_POINT('Ctrl Pts',(-54.7619698328027,43.125,15.0720026084334));
#8803=CARTESIAN_POINT('Ctrl Pts',(-54.7767711980035,43.125,15.0770753487716));
#8804=CARTESIAN_POINT('Ctrl Pts',(-54.7916072544434,43.125,15.0820199639829));
#8805=CARTESIAN_POINT('Ctrl Pts',(-54.8788786470603,43.125,15.111106093251));
#8806=CARTESIAN_POINT('Ctrl Pts',(-54.9674598809504,43.125,15.1358019693868));
#8807=CARTESIAN_POINT('Ctrl Pts',(-55.0569391655331,43.125,15.1560973638479));
#8808=CARTESIAN_POINT('Ctrl Pts',(-55.1479297767413,43.125,15.1767355524001));
#8809=CARTESIAN_POINT('Ctrl Pts',(-55.2398498476424,43.125,15.192823813785));
#8810=CARTESIAN_POINT('Ctrl Pts',(-55.3323000565385,43.125,15.2043096547924));
#8811=CARTESIAN_POINT('Ctrl Pts',(-55.4107330735783,43.125,15.2140540261055));
#8812=CARTESIAN_POINT('Ctrl Pts',(-55.4895485436454,43.1249999999999,15.2204852164771));
#8813=CARTESIAN_POINT('Ctrl Pts',(-55.5685142416105,43.1249999999999,15.2235445391578));
#8814=CARTESIAN_POINT('Ctrl Pts',(-55.6277385150844,43.1249999999999,15.2258390311683));
#8815=CARTESIAN_POINT('Ctrl Pts',(-55.6870475447066,43.125,15.2262363600919));
#8816=CARTESIAN_POINT('Ctrl Pts',(-55.7463450030588,43.125,15.2247018560145));
#8817=CARTESIAN_POINT('Ctrl Pts',(-55.7608844830451,43.125,15.2243256022602));
#8818=CARTESIAN_POINT('Ctrl Pts',(-55.7754232691523,43.125,15.2238331630384));
#8819=CARTESIAN_POINT('Ctrl Pts',(-55.7899599419337,43.125,15.2232239444391));
#8820=CARTESIAN_POINT('Ctrl Pts',(-55.8042628052957,43.125,15.2226245245777));
#8821=CARTESIAN_POINT('Ctrl Pts',(-55.8185549931443,43.125,15.2219123939069));
#8822=CARTESIAN_POINT('Ctrl Pts',(-55.8328315680386,43.125,15.2210876309345));
#8823=CARTESIAN_POINT('Ctrl Pts',(-55.9287356692488,43.125,15.2155472158024));
#8824=CARTESIAN_POINT('Ctrl Pts',(-56.0239847775423,43.125,15.2049259154641));
#8825=CARTESIAN_POINT('Ctrl Pts',(-56.1181625734107,43.125,15.1891764401361));
#8826=CARTESIAN_POINT('Ctrl Pts',(-56.1700519243332,43.125,15.1804989164735));
#8827=CARTESIAN_POINT('Ctrl Pts',(-56.2216164635449,43.125,15.1702637992906));
#8828=CARTESIAN_POINT('Ctrl Pts',(-56.2727884990389,43.125,15.1584566976358));
#8829=CARTESIAN_POINT('Ctrl Pts',(-56.3627089287315,43.125,15.1377090442744));
#8830=CARTESIAN_POINT('Ctrl Pts',(-56.4514178129124,43.125,15.1121105958497));
#8831=CARTESIAN_POINT('Ctrl Pts',(-56.5387007776002,43.125,15.081952561971));
#8832=CARTESIAN_POINT('Ctrl Pts',(-56.5899763714693,43.125,15.0642358047255));
#8833=CARTESIAN_POINT('Ctrl Pts',(-56.640759829303,43.125,15.0449444511753));
#8834=CARTESIAN_POINT('Ctrl Pts',(-56.6910064944688,43.125,15.0241294140393));
#8835=CARTESIAN_POINT('Ctrl Pts',(-56.7233362872498,43.125,15.0107365682631));
#8836=CARTESIAN_POINT('Ctrl Pts',(-56.7554438300794,43.125,14.9967128118166));
#8837=CARTESIAN_POINT('Ctrl Pts',(-56.7873168734427,43.125,14.9820704914376));
#8838=CARTESIAN_POINT('Ctrl Pts',(-56.801681424879,43.125,14.9754714866977));
#8839=CARTESIAN_POINT('Ctrl Pts',(-56.8159983421331,43.125,14.9687468313288));
#8840=CARTESIAN_POINT('Ctrl Pts',(-56.8302664804903,43.125,14.9618975954985));
#8841=CARTESIAN_POINT('Ctrl Pts',(-56.8443190991746,43.125,14.9551518171081));
#8842=CARTESIAN_POINT('Ctrl Pts',(-56.8583179839722,43.125,14.9482882247323));
#8843=CARTESIAN_POINT('Ctrl Pts',(-56.8722549723769,43.125,14.9413118800057));
#8844=CARTESIAN_POINT('Ctrl Pts',(-56.9580716759354,43.125,14.8983551887942));
#8845=CARTESIAN_POINT('Ctrl Pts',(-57.0416266543152,43.125,14.8510874328328));
#8846=CARTESIAN_POINT('Ctrl Pts',(-57.1226962358438,43.125,14.7998521692697));
#8847=CARTESIAN_POINT('Ctrl Pts',(-57.2053035834147,43.125,14.7476450510726));
#8848=CARTESIAN_POINT('Ctrl Pts',(-57.2853310786802,43.125,14.6913181590467));
#8849=CARTESIAN_POINT('Ctrl Pts',(-57.3625334671599,43.125,14.6311801205269));
#8850=CARTESIAN_POINT('Ctrl Pts',(-57.4403754134464,43.125,14.5705438881974));
#8851=CARTESIAN_POINT('Ctrl Pts',(-57.51534603782,43.125,14.5060326438809));
#8852=CARTESIAN_POINT('Ctrl Pts',(-57.587173789006,43.125,14.4379136004444));
#8853=CARTESIAN_POINT('Ctrl Pts',(-57.6290346199935,43.125,14.3982141845885));
#8854=CARTESIAN_POINT('Ctrl Pts',(-57.6698275399898,43.125,14.3572884988353));
#8855=CARTESIAN_POINT('Ctrl Pts',(-57.7094940293233,43.125,14.3151828066589));
#8856=CARTESIAN_POINT('Ctrl Pts',(-57.719812065178,43.125,14.3042302860587));
#8857=CARTESIAN_POINT('Ctrl Pts',(-57.7300556990726,43.125,14.2931958862192));
#8858=CARTESIAN_POINT('Ctrl Pts',(-57.7402177701936,43.125,14.282087041497));
#8859=CARTESIAN_POINT('Ctrl Pts',(-57.8088782957932,43.125,14.2070295942165));
#8860=CARTESIAN_POINT('Ctrl Pts',(-57.8736644531052,43.125,14.1287473751483));
#8861=CARTESIAN_POINT('Ctrl Pts',(-57.9343245803997,43.125,14.0475739375718));
#8862=CARTESIAN_POINT('Ctrl Pts',(-57.9951656900914,43.125,13.9661583151536));
#8863=CARTESIAN_POINT('Ctrl Pts',(-58.0518569032017,43.125,13.8818336328804));
#8864=CARTESIAN_POINT('Ctrl Pts',(-58.1041194000652,43.125,13.7948901323031));
#8865=CARTESIAN_POINT('Ctrl Pts',(-58.1554002108057,43.125,13.7095797574492));
#8866=CARTESIAN_POINT('Ctrl Pts',(-58.2024177591765,43.125,13.6217473555312));
#8867=CARTESIAN_POINT('Ctrl Pts',(-58.2448742803841,43.125,13.5316319554875));
#8868=CARTESIAN_POINT('Ctrl Pts',(-58.2814476688088,43.125,13.4540037034521));
#8869=CARTESIAN_POINT('Ctrl Pts',(-58.314636220718,43.125,13.3746805611917));
#8870=CARTESIAN_POINT('Ctrl Pts',(-58.3442229537457,43.125,13.2937992825327));
#8871=CARTESIAN_POINT('Ctrl Pts',(-57.2884659966649,46.875,14.1359872033751));
#8872=CARTESIAN_POINT('Ctrl Pts',(-57.3500745175455,46.875,14.0780903218655));
#8873=CARTESIAN_POINT('Ctrl Pts',(-57.4083175752808,46.875,14.0170427845579));
#8874=CARTESIAN_POINT('Ctrl Pts',(-57.463196104784,46.875,13.9532293152788));
#8875=CARTESIAN_POINT('Ctrl Pts',(-57.5195272966458,46.875,13.887726671278));
#8876=CARTESIAN_POINT('Ctrl Pts',(-57.5723139201984,46.875,13.819309294399));
#8877=CARTESIAN_POINT('Ctrl Pts',(-57.6215315537865,46.875,13.7483447292859));
#8878=CARTESIAN_POINT('Ctrl Pts',(-57.6715268634005,46.875,13.6762588700968));
#8879=CARTESIAN_POINT('Ctrl Pts',(-57.7178399599573,46.875,13.6015440808223));
#8880=CARTESIAN_POINT('Ctrl Pts',(-57.7604125694182,46.875,13.5245442709733));
#8881=CARTESIAN_POINT('Ctrl Pts',(-57.7799561904744,46.875,13.4891963060695));
#8882=CARTESIAN_POINT('Ctrl Pts',(-57.7987110457578,46.875,13.4533662827743));
#8883=CARTESIAN_POINT('Ctrl Pts',(-57.8166688359208,46.875,13.4170851875924));
#8884=CARTESIAN_POINT('Ctrl Pts',(-57.8268800658511,46.875,13.3964548872234));
#8885=CARTESIAN_POINT('Ctrl Pts',(-57.8368335461989,46.875,13.3756787168577));
#8886=CARTESIAN_POINT('Ctrl Pts',(-57.8465274883104,46.875,13.3547622072555));
#8887=CARTESIAN_POINT('Ctrl Pts',(-57.8546090199636,46.875,13.3373247775206));
#8888=CARTESIAN_POINT('Ctrl Pts',(-57.8625121775361,46.875,13.3197849467042));
#8889=CARTESIAN_POINT('Ctrl Pts',(-57.8702235375953,46.875,13.3021747350241));
#8890=CARTESIAN_POINT('Ctrl Pts',(-57.906796149718,46.875,13.2186549102165));
#8891=CARTESIAN_POINT('Ctrl Pts',(-57.9391082302168,46.875,13.1334514213335));
#8892=CARTESIAN_POINT('Ctrl Pts',(-57.9671332037586,46.875,13.0469627336912));
#8893=CARTESIAN_POINT('Ctrl Pts',(-57.9956215183214,46.875,12.9590441158201));
#8894=CARTESIAN_POINT('Ctrl Pts',(-58.0196802912966,46.875,12.8697966972454));
#8895=CARTESIAN_POINT('Ctrl Pts',(-58.0392425892932,46.875,12.7796019225495));
#8896=CARTESIAN_POINT('Ctrl Pts',(-58.0577999468749,46.875,12.6940405694648));
#8897=CARTESIAN_POINT('Ctrl Pts',(-58.0723109456758,46.875,12.6076257671468));
#8898=CARTESIAN_POINT('Ctrl Pts',(-58.0826807722305,46.875,12.5206628227261));
#8899=CARTESIAN_POINT('Ctrl Pts',(-58.0872905134328,46.875,12.4820048311138));
#8900=CARTESIAN_POINT('Ctrl Pts',(-58.0910814009279,46.875,12.4432383238803));
#8901=CARTESIAN_POINT('Ctrl Pts',(-58.0940425180281,46.875,12.4043894263959));
#8902=CARTESIAN_POINT('Ctrl Pts',(-58.0957904524134,46.875,12.381457093277));
#8903=CARTESIAN_POINT('Ctrl Pts',(-58.0972492230668,46.875,12.3584960454756));
#8904=CARTESIAN_POINT('Ctrl Pts',(-58.0984163062594,46.875,12.3355116246501));
#8905=CARTESIAN_POINT('Ctrl Pts',(-58.099047721377,46.875,12.3230765978484));
#8906=CARTESIAN_POINT('Ctrl Pts',(-58.099593650295,46.875,12.3106358889938));
#8907=CARTESIAN_POINT('Ctrl Pts',(-58.1000534837832,46.875,12.2982003428765));
#8908=CARTESIAN_POINT('Ctrl Pts',(-58.1035767016313,46.875,12.2029199008222));
#8909=CARTESIAN_POINT('Ctrl Pts',(-58.1020578978011,46.875,12.1077864921846));
#8910=CARTESIAN_POINT('Ctrl Pts',(-58.0954358398865,46.875,12.0132000459908));
#8911=CARTESIAN_POINT('Ctrl Pts',(-58.0889622988836,46.875,11.9207349474273));
#8912=CARTESIAN_POINT('Ctrl Pts',(-58.0776120402356,46.875,11.8287916016904));
#8913=CARTESIAN_POINT('Ctrl Pts',(-58.061282778757,46.875,11.7377267061431));
#8914=CARTESIAN_POINT('Ctrl Pts',(-58.0450240274615,46.875,11.6470550312241));
#8915=CARTESIAN_POINT('Ctrl Pts',(-58.0238296738116,46.875,11.5572533317735));
#8916=CARTESIAN_POINT('Ctrl Pts',(-57.9979733634728,46.875,11.4685634812531));
#8917=CARTESIAN_POINT('Ctrl Pts',(-57.9828453891918,46.875,11.4166729462123));
#8918=CARTESIAN_POINT('Ctrl Pts',(-57.9661205327075,46.875,11.3651630281837));
#8919=CARTESIAN_POINT('Ctrl Pts',(-57.9478455662101,46.875,11.3140832643728));
#8920=CARTESIAN_POINT('Ctrl Pts',(-57.9431855958848,46.875,11.3010583330485));
#8921=CARTESIAN_POINT('Ctrl Pts',(-57.9384248074961,46.875,11.2880613776429));
#8922=CARTESIAN_POINT('Ctrl Pts',(-57.933563918912,46.875,11.275093235224));
#8923=CARTESIAN_POINT('Ctrl Pts',(-57.9284133012207,46.875,11.2613521377665));
#8924=CARTESIAN_POINT('Ctrl Pts',(-57.9231533695303,46.875,11.2476516468448));
#8925=CARTESIAN_POINT('Ctrl Pts',(-57.9177867605798,46.875,11.2339960729055));
#8926=CARTESIAN_POINT('Ctrl Pts',(-57.8818488480158,46.875,11.1425504641855));
#8927=CARTESIAN_POINT('Ctrl Pts',(-57.8411138939625,46.875,11.0530702850806));
#8928=CARTESIAN_POINT('Ctrl Pts',(-57.7959559820321,46.875,10.9658304848468));
#8929=CARTESIAN_POINT('Ctrl Pts',(-57.7512952695929,46.875,10.8795512158341));
#8930=CARTESIAN_POINT('Ctrl Pts',(-57.7023078676191,46.875,10.7954624967232));
#8931=CARTESIAN_POINT('Ctrl Pts',(-57.6492987395898,46.875,10.7138341264014));
#8932=CARTESIAN_POINT('Ctrl Pts',(-57.5957777484548,46.875,10.6314175418097));
#8933=CARTESIAN_POINT('Ctrl Pts',(-57.5381565710135,46.875,10.5515082202448));
#8934=CARTESIAN_POINT('Ctrl Pts',(-57.4766980511434,46.875,10.4743997900501));
#8935=CARTESIAN_POINT('Ctrl Pts',(-57.4531587284634,46.875,10.4448663710296));
#8936=CARTESIAN_POINT('Ctrl Pts',(-57.4290559806728,46.875,10.4157440680879));
#8937=CARTESIAN_POINT('Ctrl Pts',(-57.4044028240546,46.875,10.3870503928223));
#8938=CARTESIAN_POINT('Ctrl Pts',(-57.387115011873,46.875,10.3669292019959));
#8939=CARTESIAN_POINT('Ctrl Pts',(-57.3695565223282,46.875,10.3470187968718));
#8940=CARTESIAN_POINT('Ctrl Pts',(-57.3517315851768,46.875,10.3273254235287));
#8941=CARTESIAN_POINT('Ctrl Pts',(-57.3402511511861,46.875,10.3146415935214));
#8942=CARTESIAN_POINT('Ctrl Pts',(-57.3286652530507,46.875,10.3020534518476));
#8943=CARTESIAN_POINT('Ctrl Pts',(-57.3169799712376,46.875,10.2895673258719));
#8944=CARTESIAN_POINT('Ctrl Pts',(-57.2461324932486,46.875,10.2138643561547));
#8945=CARTESIAN_POINT('Ctrl Pts',(-57.1715844884423,46.875,10.1418525124789));
#8946=CARTESIAN_POINT('Ctrl Pts',(-57.0936640065797,46.875,10.0738524547358));
#8947=CARTESIAN_POINT('Ctrl Pts',(-57.0352236451828,46.875,10.0228524114285));
#8948=CARTESIAN_POINT('Ctrl Pts',(-56.9748850213502,46.875,9.97410924398628));
#8949=CARTESIAN_POINT('Ctrl Pts',(-56.9127683973494,46.875,9.92776915116371));
#8950=CARTESIAN_POINT('Ctrl Pts',(-56.8914389241059,46.875,9.9118569893897));
#8951=CARTESIAN_POINT('Ctrl Pts',(-56.8698996872637,46.875,9.89622826992011));
#8952=CARTESIAN_POINT('Ctrl Pts',(-56.8481551883069,46.875,9.88088925088144));
#8953=CARTESIAN_POINT('Ctrl Pts',(-56.8256308461525,46.875,9.86500011433132));
#8954=CARTESIAN_POINT('Ctrl Pts',(-56.8028810535751,46.875,9.84941854661973));
#8955=CARTESIAN_POINT('Ctrl Pts',(-56.7799393718137,46.875,9.83417031108815));
#8956=CARTESIAN_POINT('Ctrl Pts',(-56.6949917809101,46.875,9.77770972169427));
#8957=CARTESIAN_POINT('Ctrl Pts',(-56.6073598281111,46.875,9.72577406544858));
#8958=CARTESIAN_POINT('Ctrl Pts',(-56.5173282673291,46.875,9.67867581057726));
#8959=CARTESIAN_POINT('Ctrl Pts',(-56.4500712230537,46.875,9.64349159977764));
#8960=CARTESIAN_POINT('Ctrl Pts',(-56.3814740719102,46.875,9.61100743310055));
#8961=CARTESIAN_POINT('Ctrl Pts',(-56.3116422152995,46.875,9.58136718491964));
#8962=CARTESIAN_POINT('Ctrl Pts',(-56.265250894243,46.875,9.56167631120822));
#8963=CARTESIAN_POINT('Ctrl Pts',(-56.2183144311967,46.875,9.54324079842256));
#8964=CARTESIAN_POINT('Ctrl Pts',(-56.1708801086161,46.875,9.52604797501702));
#8965=CARTESIAN_POINT('Ctrl Pts',(-55.37292975394,44.012416697508,15.0164939704191));
#8966=CARTESIAN_POINT('Ctrl Pts',(-55.1396901844073,44.0271480355944,15.0183973624189));
#8967=CARTESIAN_POINT('Ctrl Pts',(-54.9069280521053,44.0418793736809,14.9885419278201));
#8968=CARTESIAN_POINT('Ctrl Pts',(-54.6837861127753,44.0566107117673,14.9249380120672));
#8969=CARTESIAN_POINT('Ctrl Pts',(-53.893205379535,44.1088031059939,14.6995925189526));
#8970=CARTESIAN_POINT('Ctrl Pts',(-53.2233820673979,44.1609955002204,14.0506193956929));
#8971=CARTESIAN_POINT('Ctrl Pts',(-52.9731418734849,44.2131878944469,13.2675630319663));
#8972=CARTESIAN_POINT('Ctrl Pts',(-52.7229016795719,44.2653802886734,12.4845066682397));
#8973=CARTESIAN_POINT('Ctrl Pts',(-52.8922446038832,44.3175726829,11.5673670640461));
#8974=CARTESIAN_POINT('Ctrl Pts',(-53.4056244214028,44.3697650771265,10.9253117302508));
#8975=CARTESIAN_POINT('Ctrl Pts',(-53.9190042389223,44.421957471353,10.2832563964555));
#8976=CARTESIAN_POINT('Ctrl Pts',(-54.77642094965,44.4741498655796,9.91628533305841));
#8977=CARTESIAN_POINT('Ctrl Pts',(-55.5953443603609,44.5263422598061,9.98812158181694));
#8978=CARTESIAN_POINT('Ctrl Pts',(-56.4142677710717,44.5785346540326,10.0599578305755));
#8979=CARTESIAN_POINT('Ctrl Pts',(-57.1946978817658,44.6307270482592,10.5706013914895));
#8980=CARTESIAN_POINT('Ctrl Pts',(-57.5884543827935,44.6829194424857,11.2922325736088));
#8981=CARTESIAN_POINT('Ctrl Pts',(-57.9822108838212,44.7351118367122,12.0138637557281));
#8982=CARTESIAN_POINT('Ctrl Pts',(-57.9892937751827,44.7873042309388,12.9464825590528));
#8983=CARTESIAN_POINT('Ctrl Pts',(-57.6065427130422,44.8394966251653,13.6740104484172));
#8984=CARTESIAN_POINT('Ctrl Pts',(-57.2237916509017,44.8916890193918,14.4015383377817));
#8985=CARTESIAN_POINT('Ctrl Pts',(-56.4512066352591,44.9438814136183,14.923975313186));
#8986=CARTESIAN_POINT('Ctrl Pts',(-55.6334689471337,44.9960738078449,15.0082416678476));
#8987=CARTESIAN_POINT('Ctrl Pts',(-55.5481168122841,45.0015214377326,15.0170370473083));
#8988=CARTESIAN_POINT('Ctrl Pts',(-55.4622727690687,45.0069690676203,15.0210588489902));
#8989=CARTESIAN_POINT('Ctrl Pts',(-55.376374569846,45.012416697508,15.0204866101099));
#8990=CARTESIAN_POINT('Ctrl Pts',(-53.7390127966251,43.125,10.5865340033349));
#8991=CARTESIAN_POINT('Ctrl Pts',(-54.3665042819468,43.1771923942265,10.0500373830646));
#8992=CARTESIAN_POINT('Ctrl Pts',(-56.1806730045973,43.2815771826796,9.65149176409845));
#8993=CARTESIAN_POINT('Ctrl Pts',(-58.1967205084443,43.4381543653592,11.5944444312774));
#8994=CARTESIAN_POINT('Ctrl Pts',(-57.6900834600879,43.5947315480388,14.3470525888947));
#8995=CARTESIAN_POINT('Ctrl Pts',(-55.1201848956889,43.7513087307183,15.4509193443837));
#8996=CARTESIAN_POINT('Ctrl Pts',(-52.776511468038,43.907885913398,13.9220650785245));
#8997=CARTESIAN_POINT('Ctrl Pts',(-52.7519622669185,44.0644630960776,11.1241769393282));
#8998=CARTESIAN_POINT('Ctrl Pts',(-55.0676406332893,44.2210402787571,9.55398169820667));
#8999=CARTESIAN_POINT('Ctrl Pts',(-57.657692111965,44.3776174614368,10.6124265020435));
#9000=CARTESIAN_POINT('Ctrl Pts',(-58.210883966358,44.5341946441163,13.355132643678));
#9001=CARTESIAN_POINT('Ctrl Pts',(-56.2336994579284,44.690771826796,15.3348128958746));
#9002=CARTESIAN_POINT('Ctrl Pts',(-53.4903012368216,44.8473490094755,14.7850485714932));
#9003=CARTESIAN_POINT('Ctrl Pts',(-52.4285888618954,45.0039261921551,12.1963784995402));
#9004=CARTESIAN_POINT('Ctrl Pts',(-53.9958991738531,45.1605033748347,9.87862435271477));
#9005=CARTESIAN_POINT('Ctrl Pts',(-56.7937544941116,45.3170805575143,9.89987302315339));
#9006=CARTESIAN_POINT('Ctrl Pts',(-58.3256845844,45.4736577401939,12.2411624343464));
#9007=CARTESIAN_POINT('Ctrl Pts',(-57.2247718133657,45.6302349228735,14.8134115829532));
#9008=CARTESIAN_POINT('Ctrl Pts',(-54.4733540906957,45.7868121055531,15.3214401222009));
#9009=CARTESIAN_POINT('Ctrl Pts',(-52.5264354456659,45.9433892882327,13.3119710388954));
#9010=CARTESIAN_POINT('Ctrl Pts',(-53.1212816831801,46.0999664709123,10.5779575022293));
#9011=CARTESIAN_POINT('Ctrl Pts',(-55.7269789816389,46.2565436535919,9.55902620890106));
#9012=CARTESIAN_POINT('Ctrl Pts',(-58.018818359254,46.4131208362715,11.1640972260045));
#9013=CARTESIAN_POINT('Ctrl Pts',(-57.951196229858,46.5696980189511,13.9615295753791));
#9014=CARTESIAN_POINT('Ctrl Pts',(-55.5858002725709,46.7262752016306,15.4541120389043));
#9015=CARTESIAN_POINT('Ctrl Pts',(-53.0303902765543,46.8828523843103,14.3124411054002));
#9016=CARTESIAN_POINT('Ctrl Pts',(-52.571172185157,47.0394295669898,11.5504433955533));
#9017=CARTESIAN_POINT('Ctrl Pts',(-53.9272348702175,47.1438143554429,10.2811361991555));
#9018=CARTESIAN_POINT('Ctrl Pts',(-54.7248000020253,47.1960067496695,10.0679131979648));
#9019=CARTESIAN_POINT('Ctrl Pts',(-53.6185746787732,43.0179977501102,10.4456684496579));
#9020=CARTESIAN_POINT('Ctrl Pts',(-54.2922608368309,43.0701901443367,9.86967601728957));
#9021=CARTESIAN_POINT('Ctrl Pts',(-56.239985045717,43.1745749327898,9.44179026404399));
#9022=CARTESIAN_POINT('Ctrl Pts',(-58.4044499493838,43.3311521154694,11.5277792348246));
#9023=CARTESIAN_POINT('Ctrl Pts',(-57.8605152911119,43.487729298149,14.4830289198349));
#9024=CARTESIAN_POINT('Ctrl Pts',(-55.1014259154841,43.6443064808286,15.6681601461682));
#9025=CARTESIAN_POINT('Ctrl Pts',(-52.5852159203689,43.8008836635082,14.0267546758313));
#9026=CARTESIAN_POINT('Ctrl Pts',(-52.5588594559827,43.9574608461878,11.0228915872284));
#9027=CARTESIAN_POINT('Ctrl Pts',(-55.0450134491924,44.1140380288673,9.3371017014113));
#9028=CARTESIAN_POINT('Ctrl Pts',(-57.825739356487,44.2706152115469,10.473467102525));
#9029=CARTESIAN_POINT('Ctrl Pts',(-58.4196560928453,44.4271923942266,13.4180858048677));
#9030=CARTESIAN_POINT('Ctrl Pts',(-56.2969152008755,44.5837695769061,15.5435061722872));
#9031=CARTESIAN_POINT('Ctrl Pts',(-53.3515534695489,44.7403467595858,14.95326929387));
#9032=CARTESIAN_POINT('Ctrl Pts',(-52.2116799452736,44.8969239422653,12.1740264897083));
#9033=CARTESIAN_POINT('Ctrl Pts',(-53.8943725191907,45.053501124945,9.68564390122314));
#9034=CARTESIAN_POINT('Ctrl Pts',(-56.898200372791,45.2100783076245,9.70845685643684));
#9035=CARTESIAN_POINT('Ctrl Pts',(-58.5429081036224,45.3666554903041,12.2221073285531));
#9036=CARTESIAN_POINT('Ctrl Pts',(-57.3609483281926,45.5232326729837,14.9837203337142));
#9037=CARTESIAN_POINT('Ctrl Pts',(-54.4069767155785,45.6798098556633,15.5291489216638));
#9038=CARTESIAN_POINT('Ctrl Pts',(-52.3167297995606,45.8363870383429,13.3717467287499));
#9039=CARTESIAN_POINT('Ctrl Pts',(-52.9553674317201,45.9929642210225,10.4364605636314));
#9040=CARTESIAN_POINT('Ctrl Pts',(-55.7528909728724,46.1495414037021,9.34251757893073));
#9041=CARTESIAN_POINT('Ctrl Pts',(-58.2134509984788,46.3061185863817,11.0657507258599));
#9042=CARTESIAN_POINT('Ctrl Pts',(-58.1408506626685,46.4626957690613,14.0691244703028));
#9043=CARTESIAN_POINT('Ctrl Pts',(-55.6013189685722,46.6192729517408,15.6715878804973));
#9044=CARTESIAN_POINT('Ctrl Pts',(-52.8577847808593,46.7758501344205,14.4458694078964));
#9045=CARTESIAN_POINT('Ctrl Pts',(-52.3647599686654,46.9324273171,11.4805389305321));
#9046=CARTESIAN_POINT('Ctrl Pts',(-53.82065328635,47.0368121055531,10.1177878677064));
#9047=CARTESIAN_POINT('Ctrl Pts',(-54.6769335738394,47.0890044997796,9.88886781406127));
#9048=CARTESIAN_POINT('Ctrl Pts',(-53.4981365609213,42.9109955002204,10.3048028959808));
#9049=CARTESIAN_POINT('Ctrl Pts',(-54.218017391715,42.9631878944469,9.68931465151453));
#9050=CARTESIAN_POINT('Ctrl Pts',(-56.2992970868366,43.0675726829,9.23208876398955));
#9051=CARTESIAN_POINT('Ctrl Pts',(-58.6121793903232,43.2241498655796,11.4611140383717));
#9052=CARTESIAN_POINT('Ctrl Pts',(-58.030947122136,43.3807270482591,14.619005250775));
#9053=CARTESIAN_POINT('Ctrl Pts',(-55.0826669352792,43.5373042309387,15.8854009479527));
#9054=CARTESIAN_POINT('Ctrl Pts',(-52.3939203726998,43.6938814136183,14.1314442731382));
#9055=CARTESIAN_POINT('Ctrl Pts',(-52.3657566450467,43.8504585962979,10.9216062351286));
#9056=CARTESIAN_POINT('Ctrl Pts',(-55.0223862650956,44.0070357789775,9.12022170461592));
#9057=CARTESIAN_POINT('Ctrl Pts',(-57.9937866010089,44.1636129616571,10.3345077030064));
#9058=CARTESIAN_POINT('Ctrl Pts',(-58.6284282193326,44.3201901443367,13.4810389660574));
#9059=CARTESIAN_POINT('Ctrl Pts',(-56.3601309438226,44.4767673270163,15.7521994486998));
#9060=CARTESIAN_POINT('Ctrl Pts',(-53.2128057022762,44.6333445096959,15.1214900162467));
#9061=CARTESIAN_POINT('Ctrl Pts',(-51.9947710286518,44.7899216923755,12.1516744798764));
#9062=CARTESIAN_POINT('Ctrl Pts',(-53.7928458645283,44.9464988750551,9.4926634497315));
#9063=CARTESIAN_POINT('Ctrl Pts',(-57.0026462514704,45.1030760577347,9.51704068972031));
#9064=CARTESIAN_POINT('Ctrl Pts',(-58.7601316228446,45.2596532404143,12.2030522227599));
#9065=CARTESIAN_POINT('Ctrl Pts',(-57.4971248430198,45.4162304230939,15.1540290844751));
#9066=CARTESIAN_POINT('Ctrl Pts',(-54.3405993404611,45.5728076057735,15.7368577211267));
#9067=CARTESIAN_POINT('Ctrl Pts',(-52.1070241534554,45.7293847884531,13.4315224186044));
#9068=CARTESIAN_POINT('Ctrl Pts',(-52.78945318026,45.8859619711327,10.2949636250336));
#9069=CARTESIAN_POINT('Ctrl Pts',(-55.778802964106,46.0425391538122,9.12600894896038));
#9070=CARTESIAN_POINT('Ctrl Pts',(-58.4080836377035,46.1991163364919,10.9674042257154));
#9071=CARTESIAN_POINT('Ctrl Pts',(-58.3305050954789,46.3556935191714,14.1767193652264));
#9072=CARTESIAN_POINT('Ctrl Pts',(-55.6168376645735,46.5122707018511,15.8890637220902));
#9073=CARTESIAN_POINT('Ctrl Pts',(-52.6851792851644,46.6688478845306,14.5792977103926));
#9074=CARTESIAN_POINT('Ctrl Pts',(-52.1583477521738,46.8254250672102,11.4106344655109));
#9075=CARTESIAN_POINT('Ctrl Pts',(-53.7140717024825,46.9298098556633,9.95443953625723));
#9076=CARTESIAN_POINT('Ctrl Pts',(-54.6290671456535,46.9820022498898,9.70982243015772));
#9077=CARTESIAN_POINT('Ctrl Pts',(-53.3776984430694,42.8039932503306,10.1639373423038));
#9078=CARTESIAN_POINT('Ctrl Pts',(-54.1437739465992,42.8561856445571,9.50895328573947));
#9079=CARTESIAN_POINT('Ctrl Pts',(-56.3586091279563,42.9605704330101,9.0223872639351));
#9080=CARTESIAN_POINT('Ctrl Pts',(-58.8199088312627,43.1171476156898,11.3944488419189));
#9081=CARTESIAN_POINT('Ctrl Pts',(-58.2013789531599,43.2737247983693,14.7549815817152));
#9082=CARTESIAN_POINT('Ctrl Pts',(-55.0639079550744,43.4303019810489,16.1026417497372));
#9083=CARTESIAN_POINT('Ctrl Pts',(-52.2026248250307,43.5868791637285,14.2361338704449));
#9084=CARTESIAN_POINT('Ctrl Pts',(-52.1726538341108,43.7434563464081,10.8203208830289));
#9085=CARTESIAN_POINT('Ctrl Pts',(-54.9997590809988,43.9000335290877,8.90334170782054));
#9086=CARTESIAN_POINT('Ctrl Pts',(-58.161833845531,44.0566107117673,10.1955483034879));
#9087=CARTESIAN_POINT('Ctrl Pts',(-58.8372003458198,44.2131878944469,13.543992127247));
#9088=CARTESIAN_POINT('Ctrl Pts',(-56.4233466867697,44.3697650771265,15.9608927251125));
#9089=CARTESIAN_POINT('Ctrl Pts',(-53.0740579350035,44.5263422598061,15.2897107386234));
#9090=CARTESIAN_POINT('Ctrl Pts',(-51.77786211203,44.6829194424857,12.1293224700444));
#9091=CARTESIAN_POINT('Ctrl Pts',(-53.691319209866,44.8394966251653,9.29968299823985));
#9092=CARTESIAN_POINT('Ctrl Pts',(-57.1070921301498,44.9960738078449,9.32562452300377));
#9093=CARTESIAN_POINT('Ctrl Pts',(-58.9773551420669,45.1526509905245,12.1839971169666));
#9094=CARTESIAN_POINT('Ctrl Pts',(-57.6333013578468,45.3092281732041,15.3243378352361));
#9095=CARTESIAN_POINT('Ctrl Pts',(-54.2742219653439,45.4658053558837,15.9445665205896));
#9096=CARTESIAN_POINT('Ctrl Pts',(-51.8973185073501,45.6223825385633,13.4912981084588));
#9097=CARTESIAN_POINT('Ctrl Pts',(-52.6235389288,45.7789597212428,10.1534666864357));
#9098=CARTESIAN_POINT('Ctrl Pts',(-55.8047149553395,45.9355369039225,8.90950031899004));
#9099=CARTESIAN_POINT('Ctrl Pts',(-58.6027162769284,46.092114086602,10.8690577255709));
#9100=CARTESIAN_POINT('Ctrl Pts',(-58.5201595282894,46.2486912692816,14.28431426015));
#9101=CARTESIAN_POINT('Ctrl Pts',(-55.6323563605747,46.4052684519612,16.1065395636831));
#9102=CARTESIAN_POINT('Ctrl Pts',(-52.5125737894695,46.5618456346408,14.7127260128888));
#9103=CARTESIAN_POINT('Ctrl Pts',(-51.9519355356822,46.7184228173204,11.3407300004897));
#9104=CARTESIAN_POINT('Ctrl Pts',(-53.607490118615,46.8228076057735,9.7910912048081));
#9105=CARTESIAN_POINT('Ctrl Pts',(-54.5812007174676,46.875,9.53077704625417));
#9106=CARTESIAN_POINT('Ctrl Pts',(-58.3489504139419,43.125,11.7041194771222));
#9107=CARTESIAN_POINT('Ctrl Pts',(-58.331757555098,43.125,11.6566851198324));
#9108=CARTESIAN_POINT('Ctrl Pts',(-58.3133220028648,43.125,11.6097486175065));
#9109=CARTESIAN_POINT('Ctrl Pts',(-58.2936310853521,43.125,11.5633572522696));
#9110=CARTESIAN_POINT('Ctrl Pts',(-58.2541360594619,43.125,11.470307846627));
#9111=CARTESIAN_POINT('Ctrl Pts',(-58.2095931262765,43.125,11.3794494189424));
#9112=CARTESIAN_POINT('Ctrl Pts',(-58.1603376241834,43.125,11.2910354925009));
#9113=CARTESIAN_POINT('Ctrl Pts',(-58.1341553675179,43.125,11.2440381822203));
#9114=CARTESIAN_POINT('Ctrl Pts',(-58.1066408278865,43.125,11.1977321200222));
#9115=CARTESIAN_POINT('Ctrl Pts',(-58.0778401996181,43.125,11.152159543574));
#9116=CARTESIAN_POINT('Ctrl Pts',(-58.0620515705034,43.125,11.1271764598499));
#9117=CARTESIAN_POINT('Ctrl Pts',(-58.0458763905623,43.125,11.1024138634619));
#9118=CARTESIAN_POINT('Ctrl Pts',(-58.0293219764744,43.125,11.0778791328987));
#9119=CARTESIAN_POINT('Ctrl Pts',(-58.0186124305462,43.125,11.0620068814009));
#9120=CARTESIAN_POINT('Ctrl Pts',(-58.0077441225193,43.125,11.0462301067389));
#9121=CARTESIAN_POINT('Ctrl Pts',(-57.9967275785736,43.125,11.0305625952899));
#9122=CARTESIAN_POINT('Ctrl Pts',(-57.9386869921423,43.125,10.9480184183773));
#9123=CARTESIAN_POINT('Ctrl Pts',(-57.8764782716295,43.125,10.8684191484065));
#9124=CARTESIAN_POINT('Ctrl Pts',(-57.8104298179805,43.125,10.7920238404622));
#9125=CARTESIAN_POINT('Ctrl Pts',(-57.7563959600035,43.125,10.7295252808213));
#9126=CARTESIAN_POINT('Ctrl Pts',(-57.6997912846846,43.125,10.6691715784974));
#9127=CARTESIAN_POINT('Ctrl Pts',(-57.6407810764834,43.125,10.6111260702601));
#9128=CARTESIAN_POINT('Ctrl Pts',(-57.6172560441475,43.125,10.5879856255834));
#9129=CARTESIAN_POINT('Ctrl Pts',(-57.5933485838552,43.125,10.5652122570951));
#9130=CARTESIAN_POINT('Ctrl Pts',(-57.5690687714608,43.125,10.5428172911261));
#9131=CARTESIAN_POINT('Ctrl Pts',(-57.5549422784989,43.125,10.529787440483));
#9132=CARTESIAN_POINT('Ctrl Pts',(-57.5406880901303,43.125,10.5168843667499));
#9133=CARTESIAN_POINT('Ctrl Pts',(-57.5263249739849,43.125,10.5041249284544));
#9134=CARTESIAN_POINT('Ctrl Pts',(-57.4524077462783,43.125,10.4384607441401));
#9135=CARTESIAN_POINT('Ctrl Pts',(-57.3755144614585,43.125,10.3765092078361));
#9136=CARTESIAN_POINT('Ctrl Pts',(-57.2959531574761,43.125,10.3185081374069));
#9137=CARTESIAN_POINT('Ctrl Pts',(-57.2169938509141,43.125,10.2609459297544));
#9138=CARTESIAN_POINT('Ctrl Pts',(-57.1354059076978,43.125,10.2072741934751));
#9139=CARTESIAN_POINT('Ctrl Pts',(-57.0514681420176,43.125,10.1577712599264));
#9140=CARTESIAN_POINT('Ctrl Pts',(-56.970136195179,43.125,10.1098051277913));
#9141=CARTESIAN_POINT('Ctrl Pts',(-56.8865973134846,43.125,10.0657527972127));
#9142=CARTESIAN_POINT('Ctrl Pts',(-56.8010957856543,43.125,10.0259149048667));
#9143=CARTESIAN_POINT('Ctrl Pts',(-56.748150873053,43.125,10.0012461792661));
#9144=CARTESIAN_POINT('Ctrl Pts',(-56.6944532574862,43.125,9.97819439528155));
#9145=CARTESIAN_POINT('Ctrl Pts',(-56.6400608738174,43.125,9.95684097568035));
#9146=CARTESIAN_POINT('Ctrl Pts',(-56.6260652548594,43.125,9.95134656076355));
#9147=CARTESIAN_POINT('Ctrl Pts',(-56.6120217285508,43.125,9.94596391952189));
#9148=CARTESIAN_POINT('Ctrl Pts',(-56.5979373699369,43.125,9.94069679422014));
#9149=CARTESIAN_POINT('Ctrl Pts',(-56.5105743544084,43.125,9.90802566150187));
#9150=CARTESIAN_POINT('Ctrl Pts',(-56.4219071891349,43.125,9.87989305463651));
#9151=CARTESIAN_POINT('Ctrl Pts',(-56.3321862432109,43.125,9.85653935901051));
#9152=CARTESIAN_POINT('Ctrl Pts',(-56.2677278233546,43.125,9.83976131122743));
#9153=CARTESIAN_POINT('Ctrl Pts',(-56.2027251386364,43.125,9.82545082725101));
#9154=CARTESIAN_POINT('Ctrl Pts',(-56.1372690196703,43.125,9.8137136147098));
#9155=CARTESIAN_POINT('Ctrl Pts',(-56.044388498491,43.125,9.79705881703403));
#9156=CARTESIAN_POINT('Ctrl Pts',(-55.9505941398408,43.125,9.78558341810374));
#9157=CARTESIAN_POINT('Ctrl Pts',(-55.8562645205412,43.125,9.77917937899641));
#9158=CARTESIAN_POINT('Ctrl Pts',(-55.7594351895991,43.125,9.77260563443247));
#9159=CARTESIAN_POINT('Ctrl Pts',(-55.6620407313184,43.125,9.77137579394173));
#9160=CARTESIAN_POINT('Ctrl Pts',(-55.5645107878951,43.125,9.7754257267314));
#9161=CARTESIAN_POINT('Ctrl Pts',(-55.5502321972873,43.125,9.77601864548294));
#9162=CARTESIAN_POINT('Ctrl Pts',(-55.53595042982,43.125,9.77672490794926));
#9163=CARTESIAN_POINT('Ctrl Pts',(-55.5216819064217,43.125,9.77754331675749));
#9164=CARTESIAN_POINT('Ctrl Pts',(-55.4292645816046,43.125,9.78284415627336));
#9165=CARTESIAN_POINT('Ctrl Pts',(-55.337247177419,43.125,9.7928509441424));
#9166=CARTESIAN_POINT('Ctrl Pts',(-55.2459808367227,43.125,9.80742287116279));
#9167=CARTESIAN_POINT('Ctrl Pts',(-55.154680462589,43.125,9.82200023208973));
#9168=CARTESIAN_POINT('Ctrl Pts',(-55.0641307944139,43.125,9.84114656162919));
#9169=CARTESIAN_POINT('Ctrl Pts',(-54.9747002281724,43.125,9.86477010188234));
#9170=CARTESIAN_POINT('Ctrl Pts',(-54.8865472542444,43.125,9.88805615960893));
#9171=CARTESIAN_POINT('Ctrl Pts',(-54.7994808571904,43.125,9.91569290827866));
#9172=CARTESIAN_POINT('Ctrl Pts',(-54.7138827412585,43.125,9.94763333497406));
#9173=CARTESIAN_POINT('Ctrl Pts',(-54.6663465393607,43.125,9.96537118534102));
#9174=CARTESIAN_POINT('Ctrl Pts',(-54.6192637439642,43.125,9.98443699668542));
#9175=CARTESIAN_POINT('Ctrl Pts',(-54.5727049821261,43.125,10.0048274651484));
#9176=CARTESIAN_POINT('Ctrl Pts',(-54.5552129577336,43.125,10.0124881192906));
#9177=CARTESIAN_POINT('Ctrl Pts',(-54.5377903626181,43.125,10.0203380208574));
#9178=CARTESIAN_POINT('Ctrl Pts',(-54.5204687677348,43.125,10.0283639308631));
#9179=CARTESIAN_POINT('Ctrl Pts',(-54.4394133865553,43.125,10.0659207031582));
#9180=CARTESIAN_POINT('Ctrl Pts',(-54.3604627615102,43.125,10.1073714144978));
#9181=CARTESIAN_POINT('Ctrl Pts',(-54.2839490245454,43.125,10.152627737883));
#9182=CARTESIAN_POINT('Ctrl Pts',(-54.2085812983427,43.125,10.1972062191485));
#9183=CARTESIAN_POINT('Ctrl Pts',(-54.1355773390233,43.125,10.2454776487277));
#9184=CARTESIAN_POINT('Ctrl Pts',(-54.0652880958578,43.125,10.2973943514529));
#9185=CARTESIAN_POINT('Ctrl Pts',(-53.9972059871223,43.125,10.347680831161));
#9186=CARTESIAN_POINT('Ctrl Pts',(-53.9316703548856,43.125,10.4013877282009));
#9187=CARTESIAN_POINT('Ctrl Pts',(-53.869039570782,43.125,10.4584993458079));
#9188=CARTESIAN_POINT('Ctrl Pts',(-53.8241557257235,43.125,10.4994279248191));
#9189=CARTESIAN_POINT('Ctrl Pts',(-53.7807645280043,43.125,10.5421056619907));
#9190=CARTESIAN_POINT('Ctrl Pts',(-53.7390127966251,43.125,10.5865340033349));
#9191=CARTESIAN_POINT('Ctrl Pts',(-55.3770064851146,44.737583302492,15.0161298491472));
#9192=CARTESIAN_POINT('Ctrl Pts',(-55.6241494752297,44.72197947726,15.0180572913596));
#9193=CARTESIAN_POINT('Ctrl Pts',(-55.8707804357765,44.706375652028,14.9844885114293));
#9194=CARTESIAN_POINT('Ctrl Pts',(-56.1059971724822,44.690771826796,14.9132387997783));
#9195=CARTESIAN_POINT('Ctrl Pts',(-56.8927609607383,44.6385794325694,14.6749194784758));
#9196=CARTESIAN_POINT('Ctrl Pts',(-57.5518224635481,44.5863870383429,14.015026061077));
#9197=CARTESIAN_POINT('Ctrl Pts',(-57.7891545725542,44.5341946441164,13.2279616621051));
#9198=CARTESIAN_POINT('Ctrl Pts',(-58.0264866815604,44.4820022498898,12.4408972631332));
#9199=CARTESIAN_POINT('Ctrl Pts',(-57.8420893967627,44.4298098556633,11.5266618825884));
#9200=CARTESIAN_POINT('Ctrl Pts',(-57.3182155079178,44.3776174614368,10.8931367250098));
#9201=CARTESIAN_POINT('Ctrl Pts',(-56.7943416190731,44.3254250672102,10.2596115674313));
#9202=CARTESIAN_POINT('Ctrl Pts',(-55.930991126181,44.2732326729837,9.90679663281892));
#9203=CARTESIAN_POINT('Ctrl Pts',(-55.11336948534,44.2210402787571,9.99208837236641));
#9204=CARTESIAN_POINT('Ctrl Pts',(-54.2957478444989,44.1688478845306,10.0773801119139));
#9205=CARTESIAN_POINT('Ctrl Pts',(-53.5238550557088,44.1166554903041,10.600778525621));
#9206=CARTESIAN_POINT('Ctrl Pts',(-53.1420001948335,44.0644630960776,11.3287924223407));
#9207=CARTESIAN_POINT('Ctrl Pts',(-52.7601453339583,44.012270701851,12.0568063190603));
#9208=CARTESIAN_POINT('Ctrl Pts',(-52.7683284009982,43.9600783076245,12.9894356987923));
#9209=CARTESIAN_POINT('Ctrl Pts',(-53.1630321724598,43.907885913398,13.7105594329682));
#9210=CARTESIAN_POINT('Ctrl Pts',(-53.5577359439216,43.8556935191714,14.4316831671443));
#9211=CARTESIAN_POINT('Ctrl Pts',(-54.3389604198054,43.8035011249449,14.9413012557641));
#9212=CARTESIAN_POINT('Ctrl Pts',(-55.1578890851472,43.7513087307183,15.0121325074924));
#9213=CARTESIAN_POINT('Ctrl Pts',(-55.2296757045406,43.7467335879762,15.0183415172928));
#9214=CARTESIAN_POINT('Ctrl Pts',(-55.3017520479298,43.7421584452341,15.0211788308035));
#9215=CARTESIAN_POINT('Ctrl Pts',(-55.3738610880755,43.7375833024919,15.0207549136455));
#9216=CARTESIAN_POINT('Ctrl Pts',(-54.5812007174676,46.875,9.53077704625417));
#9217=CARTESIAN_POINT('Ctrl Pts',(-54.4881489201734,46.875,9.56481580936405));
#9218=CARTESIAN_POINT('Ctrl Pts',(-54.3971589764121,46.875,9.60362089513009));
#9219=CARTESIAN_POINT('Ctrl Pts',(-54.3084406506922,46.875,9.64686497698843));
#9220=CARTESIAN_POINT('Ctrl Pts',(-54.2177641153132,46.875,9.69106355137252));
#9221=CARTESIAN_POINT('Ctrl Pts',(-54.129459914333,46.875,9.73989985662983));
#9222=CARTESIAN_POINT('Ctrl Pts',(-54.0437808997749,46.875,9.79306992500916));
#9223=CARTESIAN_POINT('Ctrl Pts',(-53.9622007879377,46.875,9.84369632573463));
#9224=CARTESIAN_POINT('Ctrl Pts',(-53.883000473549,46.875,9.89825264768983));
#9225=CARTESIAN_POINT('Ctrl Pts',(-53.8064299988226,46.875,9.95650550203365));
#9226=CARTESIAN_POINT('Ctrl Pts',(-53.739430833437,46.875,10.0074767495845));
#9227=CARTESIAN_POINT('Ctrl Pts',(-53.6744454187311,46.875,10.0612788204878));
#9228=CARTESIAN_POINT('Ctrl Pts',(-53.6116648545692,46.875,10.1177676175078));
#9229=CARTESIAN_POINT('Ctrl Pts',(-53.5960317061246,46.875,10.131834036965));
#9230=CARTESIAN_POINT('Ctrl Pts',(-53.5805312483465,46.875,10.1460711246012));
#9231=CARTESIAN_POINT('Ctrl Pts',(-53.5651904312182,46.875,10.1604540173433));
#9232=CARTESIAN_POINT('Ctrl Pts',(-53.4927730893137,46.875,10.2283494138247));
#9233=CARTESIAN_POINT('Ctrl Pts',(-53.4238219734493,46.875,10.2995667660421));
#9234=CARTESIAN_POINT('Ctrl Pts',(-53.3585782064396,46.875,10.3738165878357));
#9235=CARTESIAN_POINT('Ctrl Pts',(-53.2936936737167,46.875,10.4476575877141));
#9236=CARTESIAN_POINT('Ctrl Pts',(-53.2324752885581,46.875,10.5244985497087));
#9237=CARTESIAN_POINT('Ctrl Pts',(-53.1752038281241,46.875,10.6040815159301));
#9238=CARTESIAN_POINT('Ctrl Pts',(-53.1212335707914,46.875,10.6790772142016));
#9239=CARTESIAN_POINT('Ctrl Pts',(-53.0707683436435,46.875,10.7565086521992));
#9240=CARTESIAN_POINT('Ctrl Pts',(-53.0240847056198,46.875,10.8361726500814));
#9241=CARTESIAN_POINT('Ctrl Pts',(-52.9877888087808,46.875,10.8981103304192));
#9242=CARTESIAN_POINT('Ctrl Pts',(-52.9537795773846,46.875,10.9613978800646));
#9243=CARTESIAN_POINT('Ctrl Pts',(-52.9222061278407,46.875,11.0259417058605));
#9244=CARTESIAN_POINT('Ctrl Pts',(-52.9157847241977,46.875,11.0390686199002));
#9245=CARTESIAN_POINT('Ctrl Pts',(-52.9094640681714,46.875,11.0522478057436));
#9246=CARTESIAN_POINT('Ctrl Pts',(-52.9032516955748,46.875,11.0654647880056));
#9247=CARTESIAN_POINT('Ctrl Pts',(-52.8626991479112,46.875,11.1517413747396));
#9248=CARTESIAN_POINT('Ctrl Pts',(-52.826686448357,46.875,11.2397683674216));
#9249=CARTESIAN_POINT('Ctrl Pts',(-52.7954728988042,46.875,11.3293038576773));
#9250=CARTESIAN_POINT('Ctrl Pts',(-52.7642593492515,46.875,11.418839347933));
#9251=CARTESIAN_POINT('Ctrl Pts',(-52.737844493081,46.875,11.5098840560574));
#9252=CARTESIAN_POINT('Ctrl Pts',(-52.7165427486024,46.875,11.6022059085626));
#9253=CARTESIAN_POINT('Ctrl Pts',(-52.6951270154513,46.875,11.6950217884663));
#9254=CARTESIAN_POINT('Ctrl Pts',(-52.6788799723757,46.875,11.7891296865845));
#9255=CARTESIAN_POINT('Ctrl Pts',(-52.6677271816929,46.875,11.8841230661434));
#9256=CARTESIAN_POINT('Ctrl Pts',(-52.6620369668199,46.875,11.932589208526));
#9257=CARTESIAN_POINT('Ctrl Pts',(-52.6576736592807,46.875,11.9812856831644));
#9258=CARTESIAN_POINT('Ctrl Pts',(-52.6546322846898,46.875,12.0301567470758));
#9259=CARTESIAN_POINT('Ctrl Pts',(-52.6536730191855,46.875,12.0455709370632));
#9260=CARTESIAN_POINT('Ctrl Pts',(-52.6528452838679,46.875,12.0610024832121));
#9261=CARTESIAN_POINT('Ctrl Pts',(-52.6521489871864,46.875,12.0764496004361));
#9262=CARTESIAN_POINT('Ctrl Pts',(-52.6515279219419,46.875,12.0902277325023));
#9263=CARTESIAN_POINT('Ctrl Pts',(-52.6510116835836,46.875,12.1040134350079));
#9264=CARTESIAN_POINT('Ctrl Pts',(-52.6506001210435,46.875,12.1177977108341));
#9265=CARTESIAN_POINT('Ctrl Pts',(-52.6478156520694,46.875,12.2110566560197));
#9266=CARTESIAN_POINT('Ctrl Pts',(-52.6498131131008,46.875,12.3043590116459));
#9267=CARTESIAN_POINT('Ctrl Pts',(-52.6564652394304,46.875,12.3973292116663));
#9268=CARTESIAN_POINT('Ctrl Pts',(-52.6631229392517,46.875,12.4903773068753));
#9269=CARTESIAN_POINT('Ctrl Pts',(-52.674443478522,46.875,12.5830936653863));
#9270=CARTESIAN_POINT('Ctrl Pts',(-52.6903499198135,46.875,12.6750893056033));
#9271=CARTESIAN_POINT('Ctrl Pts',(-52.7060208939122,46.875,12.7657231104007));
#9272=CARTESIAN_POINT('Ctrl Pts',(-52.7261434529677,46.875,12.8556582135852));
#9273=CARTESIAN_POINT('Ctrl Pts',(-52.7506868820044,46.875,12.9444971937714));
#9274=CARTESIAN_POINT('Ctrl Pts',(-52.7595599935857,46.875,12.9766148812709));
#9275=CARTESIAN_POINT('Ctrl Pts',(-52.7690112985647,46.875,13.008588999144));
#9276=CARTESIAN_POINT('Ctrl Pts',(-52.7790405835812,46.875,13.0403996123074));
#9277=CARTESIAN_POINT('Ctrl Pts',(-52.7859868604659,46.875,13.0624316242147));
#9278=CARTESIAN_POINT('Ctrl Pts',(-52.7932104042268,46.875,13.0843851902857));
#9279=CARTESIAN_POINT('Ctrl Pts',(-52.8007113165586,46.875,13.1062534822802));
#9280=CARTESIAN_POINT('Ctrl Pts',(-52.8053063502565,46.875,13.1196499244975));
#9281=CARTESIAN_POINT('Ctrl Pts',(-52.81000471323,46.875,13.1330120016905));
#9282=CARTESIAN_POINT('Ctrl Pts',(-52.814803307691,46.875,13.1463301077979));
#9283=CARTESIAN_POINT('Ctrl Pts',(-52.845269931517,46.875,13.230887728189));
#9284=CARTESIAN_POINT('Ctrl Pts',(-52.8798062556987,46.875,13.3137708939702));
#9285=CARTESIAN_POINT('Ctrl Pts',(-52.9183605305547,46.875,13.3946109045703));
#9286=CARTESIAN_POINT('Ctrl Pts',(-52.9471233435442,46.875,13.4549203285097));
#9287=CARTESIAN_POINT('Ctrl Pts',(-52.9781233123777,46.875,13.5140921638806));
#9288=CARTESIAN_POINT('Ctrl Pts',(-53.011352520435,46.875,13.5719603497109));
#9289=CARTESIAN_POINT('Ctrl Pts',(-53.0308231501217,46.875,13.6058681700537));
#9290=CARTESIAN_POINT('Ctrl Pts',(-53.0510593686816,46.875,13.6393281719642));
#9291=CARTESIAN_POINT('Ctrl Pts',(-53.0720612509305,46.875,13.6723047441034));
#9292=CARTESIAN_POINT('Ctrl Pts',(-53.0813899116221,46.875,13.6869523479996));
#9293=CARTESIAN_POINT('Ctrl Pts',(-53.0908649648903,46.875,13.7014971574147));
#9294=CARTESIAN_POINT('Ctrl Pts',(-53.1004846511314,46.875,13.7159342502788));
#9295=CARTESIAN_POINT('Ctrl Pts',(-53.1481193857543,46.875,13.7874238051421));
#9296=CARTESIAN_POINT('Ctrl Pts',(-53.1993090631597,46.875,13.8562925825116));
#9297=CARTESIAN_POINT('Ctrl Pts',(-53.2540283574661,46.875,13.922185860632));
#9298=CARTESIAN_POINT('Ctrl Pts',(-53.290753737435,46.875,13.966410767167));
#9299=CARTESIAN_POINT('Ctrl Pts',(-53.3290697533251,46.875,14.0092946358835));
#9300=CARTESIAN_POINT('Ctrl Pts',(-53.3689763377331,46.875,14.0507193465896));
#9301=CARTESIAN_POINT('Ctrl Pts',(-53.3978115526428,46.875,14.080651510755));
#9302=CARTESIAN_POINT('Ctrl Pts',(-53.4274773951647,46.875,14.1098216153386));
#9303=CARTESIAN_POINT('Ctrl Pts',(-53.4579357157278,46.875,14.1382127014186));
#9304=CARTESIAN_POINT('Origin',(-63.875,43.125,8.5));
#9305=CARTESIAN_POINT('',(-64.125,43.125,8.5));
#9306=CARTESIAN_POINT('',(-31.9375,43.125,8.5));
#9307=CARTESIAN_POINT('',(-64.125,43.125,8.5));
#9308=CARTESIAN_POINT('Ctrl Pts',(52.401049073492,43.125,11.7041196079405));
#9309=CARTESIAN_POINT('Ctrl Pts',(52.4182419210235,43.125,11.6566852617347));
#9310=CARTESIAN_POINT('Ctrl Pts',(52.4366774606625,43.125,11.6097487719536));
#9311=CARTESIAN_POINT('Ctrl Pts',(52.456368364189,43.125,11.563357420828));
#9312=CARTESIAN_POINT('Ctrl Pts',(52.4958633616487,43.125,11.4703080443787));
#9313=CARTESIAN_POINT('Ctrl Pts',(52.540406260708,43.125,11.379449652146));
#9314=CARTESIAN_POINT('Ctrl Pts',(52.5896617246526,43.125,11.2910357657128));
#9315=CARTESIAN_POINT('Ctrl Pts',(52.6158439613196,43.125,11.2440384761969));
#9316=CARTESIAN_POINT('Ctrl Pts',(52.6433584798437,43.125,11.1977324360666));
#9317=CARTESIAN_POINT('Ctrl Pts',(52.6721590861456,43.125,11.1521598827355));
#9318=CARTESIAN_POINT('Ctrl Pts',(52.687947711795,43.125,11.1271767981125));
#9319=CARTESIAN_POINT('Ctrl Pts',(52.7041228884325,43.125,11.1024142013808));
#9320=CARTESIAN_POINT('Ctrl Pts',(52.7206772994081,43.125,11.0778794709988));
#9321=CARTESIAN_POINT('Ctrl Pts',(52.7313868371105,43.125,11.0620072288252));
#9322=CARTESIAN_POINT('Ctrl Pts',(52.7422551367977,43.125,11.046230463611));
#9323=CARTESIAN_POINT('Ctrl Pts',(52.7532716723176,43.125,11.030562961699));
#9324=CARTESIAN_POINT('Ctrl Pts',(52.8113122171064,43.125,10.9480188311232));
#9325=CARTESIAN_POINT('Ctrl Pts',(52.8735208939373,43.125,10.8684196103051));
#9326=CARTESIAN_POINT('Ctrl Pts',(52.9395693035317,43.125,10.792024352642));
#9327=CARTESIAN_POINT('Ctrl Pts',(52.993603123554,43.125,10.7295258363496));
#9328=CARTESIAN_POINT('Ctrl Pts',(53.0502077604857,43.125,10.6691721779787));
#9329=CARTESIAN_POINT('Ctrl Pts',(53.1092179308104,43.125,10.6111267133477));
#9330=CARTESIAN_POINT('Ctrl Pts',(53.1327429805559,43.125,10.5879862540771));
#9331=CARTESIAN_POINT('Ctrl Pts',(53.1566504593963,43.125,10.5652128719537));
#9332=CARTESIAN_POINT('Ctrl Pts',(53.1809302914961,43.125,10.542817893295));
#9333=CARTESIAN_POINT('Ctrl Pts',(53.1950567451804,43.125,10.5297880820722));
#9334=CARTESIAN_POINT('Ctrl Pts',(53.209310893712,43.125,10.5168850472002));
#9335=CARTESIAN_POINT('Ctrl Pts',(53.2236739695965,43.125,10.5041256470776));
#9336=CARTESIAN_POINT('Ctrl Pts',(53.2975911576901,43.125,10.4384615103421));
#9337=CARTESIAN_POINT('Ctrl Pts',(53.3744844050009,43.125,10.3765100204557));
#9338=CARTESIAN_POINT('Ctrl Pts',(53.4540456751375,43.125,10.3185089937014));
#9339=CARTESIAN_POINT('Ctrl Pts',(53.5330049610208,43.125,10.2609468199809));
#9340=CARTESIAN_POINT('Ctrl Pts',(53.6145928880233,43.125,10.2072751162053));
#9341=CARTESIAN_POINT('Ctrl Pts',(53.6985306433927,43.125,10.15777221229));
#9342=CARTESIAN_POINT('Ctrl Pts',(53.7798626044745,43.125,10.1098060945762));
#9343=CARTESIAN_POINT('Ctrl Pts',(53.8634015072676,43.125,10.0657537780559));
#9344=CARTESIAN_POINT('Ctrl Pts',(53.9489030642237,43.125,10.0259158983346));
#9345=CARTESIAN_POINT('Ctrl Pts',(54.0018479494754,43.125,10.0012472016979));
#9346=CARTESIAN_POINT('Ctrl Pts',(54.0555455394809,43.125,9.97819544335742));
#9347=CARTESIAN_POINT('Ctrl Pts',(54.1099378998253,43.125,9.95684204561259));
#9348=CARTESIAN_POINT('Ctrl Pts',(54.1239334967471,43.125,9.95134764261457));
#9349=CARTESIAN_POINT('Ctrl Pts',(54.1379770011012,43.125,9.94596501276877));
#9350=CARTESIAN_POINT('Ctrl Pts',(54.152061337719,43.125,9.9406978983758));
#9351=CARTESIAN_POINT('Ctrl Pts',(54.2394243803143,43.125,9.90802677217679));
#9352=CARTESIAN_POINT('Ctrl Pts',(54.3280915809136,43.125,9.87989416814382));
#9353=CARTESIAN_POINT('Ctrl Pts',(54.4178125715971,43.125,9.8565404704945));
#9354=CARTESIAN_POINT('Ctrl Pts',(54.4822709282684,43.125,9.8397624460745));
#9355=CARTESIAN_POINT('Ctrl Pts',(54.5472735530624,43.125,9.82545197565929));
#9356=CARTESIAN_POINT('Ctrl Pts',(54.6127296162332,43.125,9.81371476596054));
#9357=CARTESIAN_POINT('Ctrl Pts',(54.7056101790333,43.125,9.79705995065827));
#9358=CARTESIAN_POINT('Ctrl Pts',(54.7994045899951,43.125,9.78558452598696));
#9359=CARTESIAN_POINT('Ctrl Pts',(54.893734269749,43.125,9.77918045514185));
#9360=CARTESIAN_POINT('Ctrl Pts',(54.990563642672,43.125,9.77260667936201));
#9361=CARTESIAN_POINT('Ctrl Pts',(55.0879581512844,43.125,9.77137679911795));
#9362=CARTESIAN_POINT('Ctrl Pts',(55.1854881508853,43.125,9.7754266859755));
#9363=CARTESIAN_POINT('Ctrl Pts',(55.1997667350578,43.125,9.77601959739375));
#9364=CARTESIAN_POINT('Ctrl Pts',(55.2140484961943,43.125,9.77672585216061));
#9365=CARTESIAN_POINT('Ctrl Pts',(55.2283170133979,43.125,9.77754425292173));
#9366=CARTESIAN_POINT('Ctrl Pts',(55.3207344049117,43.125,9.78284504644333));
#9367=CARTESIAN_POINT('Ctrl Pts',(55.4127518803936,43.125,9.79285178454559));
#9368=CARTESIAN_POINT('Ctrl Pts',(55.5040182945925,43.125,9.80742366010996));
#9369=CARTESIAN_POINT('Ctrl Pts',(55.5953187084287,43.125,9.82200096416068));
#9370=CARTESIAN_POINT('Ctrl Pts',(55.6858684190733,43.125,9.84114723174649));
#9371=CARTESIAN_POINT('Ctrl Pts',(55.7752990285676,43.125,9.86477070715543));
#9372=CARTESIAN_POINT('Ctrl Pts',(55.8634520139526,43.125,9.88805669272844));
#9373=CARTESIAN_POINT('Ctrl Pts',(55.950518423995,43.125,9.91569336335649));
#9374=CARTESIAN_POINT('Ctrl Pts',(56.0361165529328,43.125,9.94763370826524));
#9375=CARTESIAN_POINT('Ctrl Pts',(56.0836527314931,43.125,9.96537150180932));
#9376=CARTESIAN_POINT('Ctrl Pts',(56.1307355041407,43.125,9.9844372534684));
#9377=CARTESIAN_POINT('Ctrl Pts',(56.1772942436961,43.125,10.0048276597577));
#9378=CARTESIAN_POINT('Ctrl Pts',(56.1947864104898,43.125,10.0124883565723));
#9379=CARTESIAN_POINT('Ctrl Pts',(56.2122091469301,43.125,10.0203383037427));
#9380=CARTESIAN_POINT('Ctrl Pts',(56.2295308815273,43.125,10.0283642621262));
#9381=CARTESIAN_POINT('Ctrl Pts',(56.3105862784937,43.125,10.0659209651898));
#9382=CARTESIAN_POINT('Ctrl Pts',(56.3895369174721,43.125,10.1073716066029));
#9383=CARTESIAN_POINT('Ctrl Pts',(56.4660506649253,43.125,10.1526278614538));
#9384=CARTESIAN_POINT('Ctrl Pts',(56.5414183833635,43.125,10.1972062645082));
#9385=CARTESIAN_POINT('Ctrl Pts',(56.6144223327113,43.125,10.2454776154502));
#9386=CARTESIAN_POINT('Ctrl Pts',(56.6847115624269,43.125,10.2973942411372));
#9387=CARTESIAN_POINT('Ctrl Pts',(56.7527936432358,43.125,10.3476806352213));
#9388=CARTESIAN_POINT('Ctrl Pts',(56.818329245396,43.125,10.4013874466368));
#9389=CARTESIAN_POINT('Ctrl Pts',(56.8809599963666,43.125,10.458498980498));
#9390=CARTESIAN_POINT('Ctrl Pts',(56.9258440001154,43.125,10.4994276658514));
#9391=CARTESIAN_POINT('Ctrl Pts',(56.9692353428316,43.125,10.542105524546));
#9392=CARTESIAN_POINT('Ctrl Pts',(57.0109872033751,43.125,10.5865340033349));
#9393=CARTESIAN_POINT('Ctrl Pts',(57.0132129379582,43.125,14.4170643713262));
#9394=CARTESIAN_POINT('Ctrl Pts',(56.9848218601304,43.125,14.4475226908687));
#9395=CARTESIAN_POINT('Ctrl Pts',(56.9556517647452,43.125,14.4771885321336));
#9396=CARTESIAN_POINT('Ctrl Pts',(56.9257196107966,43.125,14.5060237455381));
#9397=CARTESIAN_POINT('Ctrl Pts',(56.864332474205,43.125,14.5651611930786));
#9398=CARTESIAN_POINT('Ctrl Pts',(56.7997430357463,43.125,14.6208070005386));
#9399=CARTESIAN_POINT('Ctrl Pts',(56.7323283982264,43.125,14.6729563694752));
#9400=CARTESIAN_POINT('Ctrl Pts',(56.693246481694,43.125,14.7031886359232));
#9401=CARTESIAN_POINT('Ctrl Pts',(56.6532141955156,43.125,14.7322453128279));
#9402=CARTESIAN_POINT('Ctrl Pts',(56.6122986810177,43.125,14.7601208713584));
#9403=CARTESIAN_POINT('Ctrl Pts',(56.5923265115725,43.125,14.773727821807));
#9404=CARTESIAN_POINT('Ctrl Pts',(56.5721438288242,43.125,14.7870532900393));
#9405=CARTESIAN_POINT('Ctrl Pts',(56.5517581005154,43.125,14.8000963135197));
#9406=CARTESIAN_POINT('Ctrl Pts',(56.5368493084421,43.125,14.8096351301924));
#9407=CARTESIAN_POINT('Ctrl Pts',(56.5218390530437,43.125,14.8190182787847));
#9408=CARTESIAN_POINT('Ctrl Pts',(56.5067336677821,43.125,14.8282438938923));
#9409=CARTESIAN_POINT('Ctrl Pts',(56.4304589158306,43.125,14.8748287039943));
#9410=CARTESIAN_POINT('Ctrl Pts',(56.3517375597004,43.125,14.9174152357055));
#9411=CARTESIAN_POINT('Ctrl Pts',(56.270974416003,43.125,14.9559890020015));
#9412=CARTESIAN_POINT('Ctrl Pts',(56.2017965016488,43.125,14.9890294778792));
#9413=CARTESIAN_POINT('Ctrl Pts',(56.13111948363,43.125,15.0191254565345));
#9414=CARTESIAN_POINT('Ctrl Pts',(56.0591760658536,43.125,15.046246422167));
#9415=CARTESIAN_POINT('Ctrl Pts',(56.040462123434,43.125,15.0533011355084));
#9416=CARTESIAN_POINT('Ctrl Pts',(56.0216624059681,43.125,15.0601544403925));
#9417=CARTESIAN_POINT('Ctrl Pts',(56.0027808387389,43.125,15.0668055589247));
#9418=CARTESIAN_POINT('Ctrl Pts',(55.9880285126679,43.125,15.0720021333474));
#9419=CARTESIAN_POINT('Ctrl Pts',(55.9732270259087,43.125,15.0770749198324));
#9420=CARTESIAN_POINT('Ctrl Pts',(55.9583908476103,43.125,15.0820195795252));
#9421=CARTESIAN_POINT('Ctrl Pts',(55.8711193353235,43.125,15.1111057714307));
#9422=CARTESIAN_POINT('Ctrl Pts',(55.7825379852792,43.125,15.1358017142908));
#9423=CARTESIAN_POINT('Ctrl Pts',(55.6930585932148,43.125,15.1560971786651));
#9424=CARTESIAN_POINT('Ctrl Pts',(55.6020678336249,43.125,15.1767354471763));
#9425=CARTESIAN_POINT('Ctrl Pts',(55.510147622505,43.1249999999999,15.1928237879131));
#9426=CARTESIAN_POINT('Ctrl Pts',(55.4176972873786,43.1249999999999,15.2043097067739));
#9427=CARTESIAN_POINT('Ctrl Pts',(55.3392640520149,43.1249999999999,15.2140541579556));
#9428=CARTESIAN_POINT('Ctrl Pts',(55.2604483726024,43.125,15.2204854177278));
#9429=CARTESIAN_POINT('Ctrl Pts',(55.1814824788073,43.125,15.2235447985449));
#9430=CARTESIAN_POINT('Ctrl Pts',(55.1222580584609,43.125,15.2258393341577));
#9431=CARTESIAN_POINT('Ctrl Pts',(55.0629488895666,43.125,15.2262367003453));
#9432=CARTESIAN_POINT('Ctrl Pts',(55.0036513014777,43.125,15.2247022268005));
#9433=CARTESIAN_POINT('Ctrl Pts',(54.9891121715897,43.125,15.2243259904156));
#9434=CARTESIAN_POINT('Ctrl Pts',(54.974573736118,43.125,15.2238335742618));
#9435=CARTESIAN_POINT('Ctrl Pts',(54.960037414426,43.125,15.2232243844698));
#9436=CARTESIAN_POINT('Ctrl Pts',(54.9457340316218,43.125,15.2226249567068));
#9437=CARTESIAN_POINT('Ctrl Pts',(54.9314413239949,43.125,15.2219128099525));
#9438=CARTESIAN_POINT('Ctrl Pts',(54.9171642317958,43.125,15.2210880228089));
#9439=CARTESIAN_POINT('Ctrl Pts',(54.8212600580273,43.125,15.2155476418663));
#9440=CARTESIAN_POINT('Ctrl Pts',(54.7260109051432,43.125,15.2049263700762));
#9441=CARTESIAN_POINT('Ctrl Pts',(54.6318330986864,43.125,15.1891769165495));
#9442=CARTESIAN_POINT('Ctrl Pts',(54.5799436608257,43.125,15.1804993913356));
#9443=CARTESIAN_POINT('Ctrl Pts',(54.5283790460131,43.125,15.1702642656851));
#9444=CARTESIAN_POINT('Ctrl Pts',(54.4772069475966,43.125,15.1584571483859));
#9445=CARTESIAN_POINT('Ctrl Pts',(54.3872866031372,43.125,15.137709512712));
#9446=CARTESIAN_POINT('Ctrl Pts',(54.2985778380275,43.125,15.1121110809468));
#9447=CARTESIAN_POINT('Ctrl Pts',(54.2112950186253,43.125,15.0819530633649));
#9448=CARTESIAN_POINT('Ctrl Pts',(54.1600194824419,43.125,15.0642363061344));
#9449=CARTESIAN_POINT('Ctrl Pts',(54.10923609188,43.125,15.0449449507761));
#9450=CARTESIAN_POINT('Ctrl Pts',(54.058989502153,43.125,15.024129910231));
#9451=CARTESIAN_POINT('Ctrl Pts',(54.0266598221699,43.125,15.0107370888811));
#9452=CARTESIAN_POINT('Ctrl Pts',(53.994552394637,43.125,14.9967133587059));
#9453=CARTESIAN_POINT('Ctrl Pts',(53.9626794686229,43.125,14.9820710664277));
#9454=CARTESIAN_POINT('Ctrl Pts',(53.9483152297741,43.125,14.9754721936577));
#9455=CARTESIAN_POINT('Ctrl Pts',(53.9339986238018,43.125,14.9687476751734));
#9456=CARTESIAN_POINT('Ctrl Pts',(53.9197307953185,43.125,14.9618985810843));
#9457=CARTESIAN_POINT('Ctrl Pts',(53.9056778379815,43.125,14.9551526332238));
#9458=CARTESIAN_POINT('Ctrl Pts',(53.8916786169158,43.125,14.9482888647249));
#9459=CARTESIAN_POINT('Ctrl Pts',(53.8777412962878,43.125,14.9413123381301));
#9460=CARTESIAN_POINT('Ctrl Pts',(53.7919248071982,43.125,14.8983556584079));
#9461=CARTESIAN_POINT('Ctrl Pts',(53.708370059796,43.125,14.8510879149549));
#9462=CARTESIAN_POINT('Ctrl Pts',(53.6273007174844,43.125,14.7998526655661));
#9463=CARTESIAN_POINT('Ctrl Pts',(53.5446936110226,43.125,14.7476455601403));
#9464=CARTESIAN_POINT('Ctrl Pts',(53.4646663656004,43.125,14.6913186823507));
#9465=CARTESIAN_POINT('Ctrl Pts',(53.3874642273235,43.125,14.6311806602984));
#9466=CARTESIAN_POINT('Ctrl Pts',(53.3096224995074,43.125,14.5705444182399));
#9467=CARTESIAN_POINT('Ctrl Pts',(53.2346520964775,43.125,14.506033163099));
#9468=CARTESIAN_POINT('Ctrl Pts',(53.1628245613959,43.125,14.437914108921));
#9469=CARTESIAN_POINT('Ctrl Pts',(53.1209638414349,43.125,14.3982146726572));
#9470=CARTESIAN_POINT('Ctrl Pts',(53.080171031448,43.125,14.3572889656498));
#9471=CARTESIAN_POINT('Ctrl Pts',(53.0405046495571,43.125,14.3151832516552));
#9472=CARTESIAN_POINT('Ctrl Pts',(53.0301866680358,43.125,14.3042307533878));
#9473=CARTESIAN_POINT('Ctrl Pts',(53.0199430880019,43.125,14.2931963763453));
#9474=CARTESIAN_POINT('Ctrl Pts',(53.0097810698864,43.125,14.2820875545227));
#9475=CARTESIAN_POINT('Ctrl Pts',(52.9411207676791,43.125,14.2070301146691));
#9476=CARTESIAN_POINT('Ctrl Pts',(52.8763348190789,43.125,14.1287479054203));
#9477=CARTESIAN_POINT('Ctrl Pts',(52.8156748772386,43.125,14.0475744810554));
#9478=CARTESIAN_POINT('Ctrl Pts',(52.7548339181103,43.125,13.9661588244579));
#9479=CARTESIAN_POINT('Ctrl Pts',(52.6981428370159,43.125,13.8818341080315));
#9480=CARTESIAN_POINT('Ctrl Pts',(52.6458804454966,43.125,13.7948905748539));
#9481=CARTESIAN_POINT('Ctrl Pts',(52.5945996723599,43.125,13.7095800586113));
#9482=CARTESIAN_POINT('Ctrl Pts',(52.5475821468528,43.125,13.6217475103342));
#9483=CARTESIAN_POINT('Ctrl Pts',(52.5051256271436,43.125,13.531631961266));
#9484=CARTESIAN_POINT('Ctrl Pts',(52.468552297874,43.125,13.4540037036753));
#9485=CARTESIAN_POINT('Ctrl Pts',(52.4353637785665,43.125,13.3746805592351));
#9486=CARTESIAN_POINT('Ctrl Pts',(52.4057770462544,43.125,13.2937992825327));
#9487=CARTESIAN_POINT('Origin',(55.3750000000002,-49.0834234471777,12.5));
#9488=CARTESIAN_POINT('Ctrl Pts',(55.3763904660511,-46.5834234471777,15.5774739983617));
#9489=CARTESIAN_POINT('Ctrl Pts',(55.4644250882296,-46.5788483044355,15.5779915364412));
#9490=CARTESIAN_POINT('Ctrl Pts',(56.5562473266627,-46.5220807674667,15.5350114953938));
#9491=CARTESIAN_POINT('Ctrl Pts',(58.5473753281692,-46.4131208362715,14.2361340245264));
#9492=CARTESIAN_POINT('Ctrl Pts',(58.5773464382184,-46.2565436535918,10.8203207499049));
#9493=CARTESIAN_POINT('Ctrl Pts',(55.7502409242367,-46.0999664709123,8.90334145278934));
#9494=CARTESIAN_POINT('Ctrl Pts',(52.5881659645688,-45.9433892882327,10.1955481349087));
#9495=CARTESIAN_POINT('Ctrl Pts',(51.9127993979231,-45.7868121055531,13.5439922035244));
#9496=CARTESIAN_POINT('Ctrl Pts',(53.7625898415736,-45.6668234918681,15.3961175771621));
#9497=CARTESIAN_POINT('Ctrl Pts',(55.0708248401772,-45.5990272724096,15.5741805934988));
#9498=CARTESIAN_POINT('Ctrl Pts',(55.3725503753429,-45.5834234471777,15.5718274677605));
#9499=CARTESIAN_POINT('Ctrl Pts',(55.3725532264254,-46.6665765528228,15.570119504722));
#9500=CARTESIAN_POINT('Ctrl Pts',(56.0479444266601,-46.6316662467621,15.5656599271898));
#9501=CARTESIAN_POINT('Ctrl Pts',(57.7415669899411,-46.544563546475,15.0180829004657));
#9502=CARTESIAN_POINT('Ctrl Pts',(58.9815405603498,-46.4052684519612,12.2426436129276));
#9503=CARTESIAN_POINT('Ctrl Pts',(57.1593142354574,-46.2486912692816,9.35484003903274));
#9504=CARTESIAN_POINT('Ctrl Pts',(53.7440576585287,-46.092114086602,9.27228335578572));
#9505=CARTESIAN_POINT('Ctrl Pts',(51.7844998038722,-45.9355369039224,12.0702849681272));
#9506=CARTESIAN_POINT('Ctrl Pts',(52.9114296273719,-45.7936910593293,14.9521650346571));
#9507=CARTESIAN_POINT('Ctrl Pts',(54.6534189021629,-45.7040376089628,15.5663617506756));
#9508=CARTESIAN_POINT('Ctrl Pts',(55.3775274645452,-45.6665765528228,15.5722709698369));
#9509=CARTESIAN_POINT('Origin',(55.3750000000002,-49.0834234471777,12.5));
#9510=CARTESIAN_POINT('Ctrl Pts',(55.3763904809738,43.4165765528223,15.5774741592254));
#9511=CARTESIAN_POINT('Ctrl Pts',(55.4644251106934,43.4211516955645,15.5779916952326));
#9512=CARTESIAN_POINT('Ctrl Pts',(55.5524198214043,43.4257268383067,15.5745277447096));
#9513=CARTESIAN_POINT('Ctrl Pts',(55.6400608200343,43.4303019810489,15.5669474454231));
#9514=CARTESIAN_POINT('Ctrl Pts',(56.6398533529961,43.4824943752755,15.4804727732641));
#9515=CARTESIAN_POINT('Ctrl Pts',(57.5936143956306,43.534686769502,14.8583034542075));
#9516=CARTESIAN_POINT('Ctrl Pts',(58.0754901161955,43.5868791637286,13.9779165478733));
#9517=CARTESIAN_POINT('Ctrl Pts',(58.5573658367604,43.6390715579551,13.0975296415392));
#9518=CARTESIAN_POINT('Ctrl Pts',(58.5673562352557,43.6912639521816,11.9589251479277));
#9519=CARTESIAN_POINT('Ctrl Pts',(58.1011671502149,43.7434563464081,11.0701263370073));
#9520=CARTESIAN_POINT('Ctrl Pts',(57.6349780651742,43.7956487406346,10.1813275260869));
#9521=CARTESIAN_POINT('Ctrl Pts',(56.6926094965974,43.8478411348612,9.54233439785763));
#9522=CARTESIAN_POINT('Ctrl Pts',(55.6944126956682,43.9000335290877,9.43820562444571));
#9523=CARTESIAN_POINT('Ctrl Pts',(54.6962158947391,43.9522259233142,9.33407685103379));
#9524=CARTESIAN_POINT('Ctrl Pts',(53.6421908614574,44.0044183175408,9.76481243243941));
#9525=CARTESIAN_POINT('Ctrl Pts',(53.0026172424367,44.0566107117673,10.5382542638851));
#9526=CARTESIAN_POINT('Ctrl Pts',(52.3630436234159,44.1088031059938,11.3116960953309));
#9527=CARTESIAN_POINT('Ctrl Pts',(52.1379214186559,44.1609955002204,12.4278441768169));
#9528=CARTESIAN_POINT('Ctrl Pts',(52.427669312017,44.2131878944469,13.3887350335625));
#9529=CARTESIAN_POINT('Ctrl Pts',(52.7174172053781,44.2653802886734,14.349625890308));
#9530=CARTESIAN_POINT('Ctrl Pts',(53.5220351968601,44.3175726829,15.155259522313));
#9531=CARTESIAN_POINT('Ctrl Pts',(54.4825590525603,44.3697650771265,15.4462126601641));
#9532=CARTESIAN_POINT('Ctrl Pts',(54.7697243876165,44.3853689023584,15.5331981679376));
#9533=CARTESIAN_POINT('Ctrl Pts',(55.0708248251345,44.4009727275904,15.5741807530041));
#9534=CARTESIAN_POINT('Ctrl Pts',(55.3725503758944,44.4165765528223,15.5718276271494));
#9535=CARTESIAN_POINT('Ctrl Pts',(55.3725524769973,43.3334234471772,15.5701195478979));
#9536=CARTESIAN_POINT('Ctrl Pts',(56.0479438130827,43.3683337532379,15.565659931245));
#9537=CARTESIAN_POINT('Ctrl Pts',(56.7267391350331,43.4032440592985,15.3461938696323));
#9538=CARTESIAN_POINT('Ctrl Pts',(57.2580292567796,43.4381543653592,14.9359022587599));
#9539=CARTESIAN_POINT('Ctrl Pts',(58.0523306139396,43.4903467595857,14.3224988281144));
#9540=CARTESIAN_POINT('Ctrl Pts',(58.516935378902,43.5425391538122,13.2825712260625));
#9541=CARTESIAN_POINT('Ctrl Pts',(58.4455334450193,43.5947315480388,12.2813068576812));
#9542=CARTESIAN_POINT('Ctrl Pts',(58.3741315111367,43.6469239422653,11.2800424893));
#9543=CARTESIAN_POINT('Ctrl Pts',(57.7667228784091,43.6991163364919,10.3174413545895));
#9544=CARTESIAN_POINT('Ctrl Pts',(56.8938091355311,43.7513087307184,9.82238133547341));
#9545=CARTESIAN_POINT('Ctrl Pts',(56.0208953926532,43.8035011249449,9.32732131635737));
#9546=CARTESIAN_POINT('Ctrl Pts',(54.8824765396245,43.8556935191715,9.29980241283595));
#9547=CARTESIAN_POINT('Ctrl Pts',(53.9866741685371,43.907885913398,9.7523765428746));
#9548=CARTESIAN_POINT('Ctrl Pts',(53.0908717974496,43.9600783076245,10.2049506729132));
#9549=CARTESIAN_POINT('Ctrl Pts',(52.4376859083031,44.012270701851,11.1376178365118));
#9550=CARTESIAN_POINT('Ctrl Pts',(52.3184207168139,44.0644630960776,12.1341474646937));
#9551=CARTESIAN_POINT('Ctrl Pts',(52.1991555253247,44.1166554903041,13.1306770928759));
#9552=CARTESIAN_POINT('Ctrl Pts',(52.6138110314933,44.1688478845306,14.1910691856415));
#9553=CARTESIAN_POINT('Ctrl Pts',(53.3774440565453,44.2210402787572,14.8423019754803));
#9554=CARTESIAN_POINT('Ctrl Pts',(53.9255411508781,44.2585013348972,15.309723875968));
#9555=CARTESIAN_POINT('Ctrl Pts',(54.6534189363631,44.2959623910372,15.5663615903944));
#9556=CARTESIAN_POINT('Ctrl Pts',(55.3775274638238,44.3334234471772,15.5722708103555));
#9557=CARTESIAN_POINT('Ctrl Pts',(57.0109872033751,-46.875,10.5865340033349));
#9558=CARTESIAN_POINT('Ctrl Pts',(56.3834957180535,-46.8228076057735,10.0500373830647));
#9559=CARTESIAN_POINT('Ctrl Pts',(54.5693257640599,-46.7184228173204,9.65149286533219));
#9560=CARTESIAN_POINT('Ctrl Pts',(52.553279500295,-46.5618456346408,11.5944442069677));
#9561=CARTESIAN_POINT('Ctrl Pts',(53.0599161554297,-46.4052684519612,14.3470528684871));
#9562=CARTESIAN_POINT('Ctrl Pts',(55.6298152309203,-46.2486912692816,15.4509195076623));
#9563=CARTESIAN_POINT('Ctrl Pts',(57.9734886574479,-46.092114086602,13.9220652047325));
#9564=CARTESIAN_POINT('Ctrl Pts',(57.9980379561461,-45.9355369039224,11.1241768302865));
#9565=CARTESIAN_POINT('Ctrl Pts',(55.6823593709991,-45.7789597212428,9.55398148931094));
#9566=CARTESIAN_POINT('Ctrl Pts',(53.0923077324881,-45.6223825385633,10.6124263639605));
#9567=CARTESIAN_POINT('Ctrl Pts',(52.5391158237421,-45.4658053558836,13.3551327061567));
#9568=CARTESIAN_POINT('Ctrl Pts',(54.5163004825356,-45.309228173204,15.3348131004892));
#9569=CARTESIAN_POINT('Ctrl Pts',(57.2596988981398,-45.1526509905245,14.7850487368166));
#9570=CARTESIAN_POINT('Ctrl Pts',(58.3214113516445,-44.9960738078449,12.196378477423));
#9571=CARTESIAN_POINT('Ctrl Pts',(56.754100925674,-44.8394966251653,9.87862416353586));
#9572=CARTESIAN_POINT('Ctrl Pts',(53.9562454031579,-44.6829194424857,9.8998728346465));
#9573=CARTESIAN_POINT('Ctrl Pts',(52.4243152029093,-44.5263422598061,12.2411624167704));
#9574=CARTESIAN_POINT('Ctrl Pts',(53.5252280517349,-44.3697650771265,14.8134117479191));
#9575=CARTESIAN_POINT('Ctrl Pts',(56.2766459767114,-44.2131878944469,15.3214403305706));
#9576=CARTESIAN_POINT('Ctrl Pts',(58.2235647562372,-44.0566107117673,13.3119710888665));
#9577=CARTESIAN_POINT('Ctrl Pts',(57.6287184865426,-43.9000335290878,10.5779573803683));
#9578=CARTESIAN_POINT('Ctrl Pts',(55.0230209818701,-43.7434563464081,9.55902596330759));
#9579=CARTESIAN_POINT('Ctrl Pts',(52.7311814656579,-43.5868791637285,11.1640971940805));
#9580=CARTESIAN_POINT('Ctrl Pts',(52.7988035638671,-43.4303019810489,13.961529563528));
#9581=CARTESIAN_POINT('Ctrl Pts',(55.1641997148034,-43.2737247983693,15.4541125141299));
#9582=CARTESIAN_POINT('Ctrl Pts',(57.7196099033494,-43.1171476156897,14.3124409711401));
#9583=CARTESIAN_POINT('Ctrl Pts',(58.1788276047982,-42.9605704330101,11.5504450340903));
#9584=CARTESIAN_POINT('Ctrl Pts',(56.8227651297829,-42.8561856445571,10.2811361991556));
#9585=CARTESIAN_POINT('Ctrl Pts',(56.0251999979751,-42.8039932503306,10.0679131979649));
#9586=CARTESIAN_POINT('Ctrl Pts',(57.131425321227,-46.9820022498898,10.4456684496579));
#9587=CARTESIAN_POINT('Ctrl Pts',(56.4577391631694,-46.9298098556633,9.86967601728963));
#9588=CARTESIAN_POINT('Ctrl Pts',(54.5100136322912,-46.8254250672102,9.44179144634836));
#9589=CARTESIAN_POINT('Ctrl Pts',(52.345550059999,-46.6688478845306,11.5277789940017));
#9590=CARTESIAN_POINT('Ctrl Pts',(52.8894842961008,-46.512270701851,14.4830292200103));
#9591=CARTESIAN_POINT('Ctrl Pts',(55.6485742204458,-46.3556935191714,15.668160321467));
#9592=CARTESIAN_POINT('Ctrl Pts',(58.164784214355,-46.1991163364918,14.0267548113305));
#9593=CARTESIAN_POINT('Ctrl Pts',(58.1911407835035,-46.0425391538123,11.0228914701593));
#9594=CARTESIAN_POINT('Ctrl Pts',(55.7049865554117,-45.8859619711326,9.33710147713707));
#9595=CARTESIAN_POINT('Ctrl Pts',(52.924260476515,-45.7293847884531,10.4734669542766));
#9596=CARTESIAN_POINT('Ctrl Pts',(52.3303436818024,-45.5728076057735,13.4180858719459));
#9597=CARTESIAN_POINT('Ctrl Pts',(54.4530847352055,-45.4162304230938,15.5435063919651));
#9598=CARTESIAN_POINT('Ctrl Pts',(57.3984466753481,-45.2596532404143,14.9532694713641));
#9599=CARTESIAN_POINT('Ctrl Pts',(58.5383202839866,-45.1030760577346,12.1740264659628));
#9600=CARTESIAN_POINT('Ctrl Pts',(56.8556275876634,-44.9464988750551,9.68564369811726));
#9601=CARTESIAN_POINT('Ctrl Pts',(53.8517995169157,-44.7899216923755,9.70845665405245));
#9602=CARTESIAN_POINT('Ctrl Pts',(52.2070916680291,-44.6333445096959,12.2221073096833));
#9603=CARTESIAN_POINT('Ctrl Pts',(53.3890515269768,-44.4767673270163,14.9837205108245));
#9604=CARTESIAN_POINT('Ctrl Pts',(56.343023356791,-44.3201901443367,15.5291491453733));
#9605=CARTESIAN_POINT('Ctrl Pts',(58.4332704172061,-44.1636129616571,13.3717467823998));
#9606=CARTESIAN_POINT('Ctrl Pts',(57.7946327504972,-44.0070357789775,10.4364604327992));
#9607=CARTESIAN_POINT('Ctrl Pts',(54.9971089879501,-43.8504585962979,9.34251731525715));
#9608=CARTESIAN_POINT('Ctrl Pts',(52.5365488135435,-43.6938814136183,11.0657506915858));
#9609=CARTESIAN_POINT('Ctrl Pts',(52.6091491158711,-43.5373042309387,14.0691244575791));
#9610=CARTESIAN_POINT('Ctrl Pts',(55.1486810178727,-43.3807270482592,15.671588390708));
#9611=CARTESIAN_POINT('Ctrl Pts',(57.8922154122884,-43.2241498655795,14.4458692637523));
#9612=CARTESIAN_POINT('Ctrl Pts',(58.3852398058267,-43.0675726829,11.480540689695));
#9613=CARTESIAN_POINT('Ctrl Pts',(56.9293467136504,-42.9631878944469,10.1177878677065));
#9614=CARTESIAN_POINT('Ctrl Pts',(56.073066426161,-42.9109955002204,9.88886781406133));
#9615=CARTESIAN_POINT('Ctrl Pts',(57.2518634390789,-47.0890044997796,10.3048028959809));
#9616=CARTESIAN_POINT('Ctrl Pts',(56.5319826082853,-47.0368121055531,9.68931465151458));
#9617=CARTESIAN_POINT('Ctrl Pts',(54.4507015005226,-46.9324273171001,9.23209002736454));
#9618=CARTESIAN_POINT('Ctrl Pts',(52.1378206197029,-46.7758501344204,11.4611137810357));
#9619=CARTESIAN_POINT('Ctrl Pts',(52.719052436772,-46.6192729517409,14.6190055715334));
#9620=CARTESIAN_POINT('Ctrl Pts',(55.6673332099713,-46.4626957690613,15.8854011352718));
#9621=CARTESIAN_POINT('Ctrl Pts',(58.3560797712621,-46.3061185863817,14.1314444179285));
#9622=CARTESIAN_POINT('Ctrl Pts',(58.384243610861,-46.1495414037021,10.9216061100321));
#9623=CARTESIAN_POINT('Ctrl Pts',(55.7276137398242,-45.9929642210224,9.12022146496321));
#9624=CARTESIAN_POINT('Ctrl Pts',(52.7562132205419,-45.8363870383429,10.3345075445926));
#9625=CARTESIAN_POINT('Ctrl Pts',(52.1215715398627,-45.6798098556633,13.4810390377351));
#9626=CARTESIAN_POINT('Ctrl Pts',(54.3898689878754,-45.5232326729837,15.7521996834411));
#9627=CARTESIAN_POINT('Ctrl Pts',(57.5371944525563,-45.3666554903041,15.1214902059116));
#9628=CARTESIAN_POINT('Ctrl Pts',(58.7552292163288,-45.2100783076244,12.1516744545027));
#9629=CARTESIAN_POINT('Ctrl Pts',(56.9571542496527,-45.053501124945,9.49266323269864));
#9630=CARTESIAN_POINT('Ctrl Pts',(53.7473536306734,-44.8969239422653,9.5170404734584));
#9631=CARTESIAN_POINT('Ctrl Pts',(51.9898681331489,-44.7403467595857,12.2030522025962));
#9632=CARTESIAN_POINT('Ctrl Pts',(53.2528750022187,-44.5837695769061,15.1540292737299));
#9633=CARTESIAN_POINT('Ctrl Pts',(56.4094007368706,-44.4271923942265,15.7368579601759));
#9634=CARTESIAN_POINT('Ctrl Pts',(58.642976078175,-44.2706152115469,13.431522475933));
#9635=CARTESIAN_POINT('Ctrl Pts',(57.9605470144519,-44.1140380288674,10.2949634852302));
#9636=CARTESIAN_POINT('Ctrl Pts',(54.9711969940302,-43.9574608461877,9.1260086672067));
#9637=CARTESIAN_POINT('Ctrl Pts',(52.341916161429,-43.8008836635081,10.9674041890911));
#9638=CARTESIAN_POINT('Ctrl Pts',(52.419494667875,-43.6443064808286,14.1767193516303));
#9639=CARTESIAN_POINT('Ctrl Pts',(55.1331623209419,-43.4877292981489,15.8890642672861));
#9640=CARTESIAN_POINT('Ctrl Pts',(58.0648209212275,-43.3311521154694,14.5792975563645));
#9641=CARTESIAN_POINT('Ctrl Pts',(58.5916520068552,-43.1745749327897,11.4106363452996));
#9642=CARTESIAN_POINT('Ctrl Pts',(57.0359282975179,-43.0701901443367,9.95443953625738));
#9643=CARTESIAN_POINT('Ctrl Pts',(56.1209328543469,-43.0179977501102,9.70982243015779));
#9644=CARTESIAN_POINT('Ctrl Pts',(57.3723015569308,-47.1960067496694,10.1639373423038));
#9645=CARTESIAN_POINT('Ctrl Pts',(56.6062260534011,-47.1438143554429,9.50895328573954));
#9646=CARTESIAN_POINT('Ctrl Pts',(54.3913893687539,-47.0394295669899,9.02238860838072));
#9647=CARTESIAN_POINT('Ctrl Pts',(51.9300911794069,-46.8828523843102,11.3944485680696));
#9648=CARTESIAN_POINT('Ctrl Pts',(52.5486205774431,-46.7262752016307,14.7549819230566));
#9649=CARTESIAN_POINT('Ctrl Pts',(55.6860921994969,-46.569698018951,16.1026419490765));
#9650=CARTESIAN_POINT('Ctrl Pts',(58.5473753281692,-46.4131208362715,14.2361340245264));
#9651=CARTESIAN_POINT('Ctrl Pts',(58.5773464382184,-46.2565436535918,10.8203207499049));
#9652=CARTESIAN_POINT('Ctrl Pts',(55.7502409242367,-46.0999664709123,8.90334145278934));
#9653=CARTESIAN_POINT('Ctrl Pts',(52.5881659645688,-45.9433892882327,10.1955481349087));
#9654=CARTESIAN_POINT('Ctrl Pts',(51.9127993979231,-45.7868121055531,13.5439922035244));
#9655=CARTESIAN_POINT('Ctrl Pts',(54.3266532405454,-45.6302349228735,15.960892974917));
#9656=CARTESIAN_POINT('Ctrl Pts',(57.6759422297647,-45.4736577401939,15.2897109404591));
#9657=CARTESIAN_POINT('Ctrl Pts',(58.9721381486709,-45.3170805575143,12.1293224430425));
#9658=CARTESIAN_POINT('Ctrl Pts',(57.0586809116421,-45.1605033748347,9.29968276728003));
#9659=CARTESIAN_POINT('Ctrl Pts',(53.6429077444312,-45.0039261921551,9.32562429286436));
#9660=CARTESIAN_POINT('Ctrl Pts',(51.7726445982687,-44.8473490094755,12.183997095509));
#9661=CARTESIAN_POINT('Ctrl Pts',(53.1166984774606,-44.6907718267959,15.3243380366353));
#9662=CARTESIAN_POINT('Ctrl Pts',(56.4757781169503,-44.5341946441163,15.9445667749786));
#9663=CARTESIAN_POINT('Ctrl Pts',(58.852681739144,-44.3776174614367,13.4912981694663));
#9664=CARTESIAN_POINT('Ctrl Pts',(58.1264612784065,-44.2210402787572,10.1534665376612));
#9665=CARTESIAN_POINT('Ctrl Pts',(54.9452850001103,-44.0644630960775,8.90950001915626));
#9666=CARTESIAN_POINT('Ctrl Pts',(52.1472835093146,-43.907885913398,10.8690576865964));
#9667=CARTESIAN_POINT('Ctrl Pts',(52.229840219879,-43.7513087307184,14.2843142456815));
#9668=CARTESIAN_POINT('Ctrl Pts',(55.1176436240112,-43.5947315480388,16.1065401438642));
#9669=CARTESIAN_POINT('Ctrl Pts',(58.2374264301665,-43.4381543653592,14.7127258489768));
#9670=CARTESIAN_POINT('Ctrl Pts',(58.7980642078837,-43.2815771826796,11.3407320009043));
#9671=CARTESIAN_POINT('Ctrl Pts',(57.1425098813854,-43.1771923942265,9.79109120480826));
#9672=CARTESIAN_POINT('Ctrl Pts',(56.1687992825328,-43.125,9.53077704625424));
#9673=CARTESIAN_POINT('Ctrl Pts',(57.2920643713265,-43.125,14.1382129379578));
#9674=CARTESIAN_POINT('Ctrl Pts',(57.3225226908689,-43.125,14.1098218601301));
#9675=CARTESIAN_POINT('Ctrl Pts',(57.3521885321339,-43.125,14.0806517647449));
#9676=CARTESIAN_POINT('Ctrl Pts',(57.3810237455383,-43.125,14.0507196107964));
#9677=CARTESIAN_POINT('Ctrl Pts',(57.4401611930237,-43.125,13.9893324742619));
#9678=CARTESIAN_POINT('Ctrl Pts',(57.4958070004351,-43.125,13.9247430358665));
#9679=CARTESIAN_POINT('Ctrl Pts',(57.5479563693296,-43.125,13.8573283984148));
#9680=CARTESIAN_POINT('Ctrl Pts',(57.5781886357843,-43.125,13.8182464818816));
#9681=CARTESIAN_POINT('Ctrl Pts',(57.6072453126957,-43.125,13.7782141957019));
#9682=CARTESIAN_POINT('Ctrl Pts',(57.6351208712325,-43.125,13.7372986812026));
#9683=CARTESIAN_POINT('Ctrl Pts',(57.6487278213185,-43.125,13.7173265122935));
#9684=CARTESIAN_POINT('Ctrl Pts',(57.662053289203,-43.125,13.6971438300929));
#9685=CARTESIAN_POINT('Ctrl Pts',(57.675096312351,-43.125,13.6767581023422));
#9686=CARTESIAN_POINT('Ctrl Pts',(57.6846351293608,-43.125,13.6618493097702));
#9687=CARTESIAN_POINT('Ctrl Pts',(57.6940182782804,-43.125,13.6468390538649));
#9688=CARTESIAN_POINT('Ctrl Pts',(57.7032438937042,-43.125,13.6317336680902));
#9689=CARTESIAN_POINT('Ctrl Pts',(57.7498287038228,-43.125,13.5554589161359));
#9690=CARTESIAN_POINT('Ctrl Pts',(57.7924152355496,-43.125,13.4767375600014));
#9691=CARTESIAN_POINT('Ctrl Pts',(57.8309890018601,-43.125,13.3959744162993));
#9692=CARTESIAN_POINT('Ctrl Pts',(57.864029477752,-43.125,13.3267965019374));
#9693=CARTESIAN_POINT('Ctrl Pts',(57.8941254564207,-43.125,13.2561194839092));
#9694=CARTESIAN_POINT('Ctrl Pts',(57.9212464220655,-43.125,13.1841760661231));
#9695=CARTESIAN_POINT('Ctrl Pts',(57.9283011353512,-43.125,13.1654621238573));
#9696=CARTESIAN_POINT('Ctrl Pts',(57.9351544401828,-43.125,13.1466624065468));
#9697=CARTESIAN_POINT('Ctrl Pts',(57.9418055586658,-43.125,13.1277808394741));
#9698=CARTESIAN_POINT('Ctrl Pts',(57.9470021331437,-43.125,13.1130285132596));
#9699=CARTESIAN_POINT('Ctrl Pts',(57.9520749196817,-43.125,13.0982270263559));
#9700=CARTESIAN_POINT('Ctrl Pts',(57.9570195794249,-43.125,13.0833908479119));
#9701=CARTESIAN_POINT('Ctrl Pts',(57.986105771354,-43.125,12.9961193355874));
#9702=CARTESIAN_POINT('Ctrl Pts',(58.0108017142337,-43.125,12.9075379855036));
#9703=CARTESIAN_POINT('Ctrl Pts',(58.0310971786235,-43.125,12.8180585933987));
#9704=CARTESIAN_POINT('Ctrl Pts',(58.0517354471394,-43.125,12.7270678338168));
#9705=CARTESIAN_POINT('Ctrl Pts',(58.0678237878815,-43.125,12.635147622705));
#9706=CARTESIAN_POINT('Ctrl Pts',(58.0793097067483,-43.125,12.5426972875861));
#9707=CARTESIAN_POINT('Ctrl Pts',(58.089054157938,-43.125,12.464264052206));
#9708=CARTESIAN_POINT('Ctrl Pts',(58.0954854177168,-43.125,12.3854483727762));
#9709=CARTESIAN_POINT('Ctrl Pts',(58.098544798539,-43.125,12.3064824789639));
#9710=CARTESIAN_POINT('Ctrl Pts',(58.1008393341557,-43.125,12.2472580586047));
#9711=CARTESIAN_POINT('Ctrl Pts',(58.1012367003463,-43.125,12.1879488896971));
#9712=CARTESIAN_POINT('Ctrl Pts',(58.0997022268038,-43.125,12.1286513015951));
#9713=CARTESIAN_POINT('Ctrl Pts',(58.0993259904607,-43.125,12.1141121732994));
#9714=CARTESIAN_POINT('Ctrl Pts',(58.0988335743741,-43.125,12.0995737394196));
#9715=CARTESIAN_POINT('Ctrl Pts',(58.0982243846751,-43.125,12.085037419319));
#9716=CARTESIAN_POINT('Ctrl Pts',(58.0976249568806,-43.125,12.0707340351493));
#9717=CARTESIAN_POINT('Ctrl Pts',(58.0969128100732,-43.125,12.056441326155));
#9718=CARTESIAN_POINT('Ctrl Pts',(58.0960880228552,-43.125,12.0421642325928));
#9719=CARTESIAN_POINT('Ctrl Pts',(58.0905476419338,-43.125,11.9462600587006));
#9720=CARTESIAN_POINT('Ctrl Pts',(58.0799263701522,-43.125,11.8510109056931));
#9721=CARTESIAN_POINT('Ctrl Pts',(58.0641769166214,-43.125,11.756833099115));
#9722=CARTESIAN_POINT('Ctrl Pts',(58.0554993913922,-43.125,11.7049436611097));
#9723=CARTESIAN_POINT('Ctrl Pts',(58.045264265718,-43.125,11.6533790461545));
#9724=CARTESIAN_POINT('Ctrl Pts',(58.0334571483863,-43.125,11.6022069475971));
#9725=CARTESIAN_POINT('Ctrl Pts',(58.0127095127096,-43.125,11.5122866031257));
#9726=CARTESIAN_POINT('Ctrl Pts',(57.9871110809403,-43.125,11.4235778380043));
#9727=CARTESIAN_POINT('Ctrl Pts',(57.9569530633533,-43.125,11.3362950185911));
#9728=CARTESIAN_POINT('Ctrl Pts',(57.9392363061223,-43.125,11.2850194824085));
#9729=CARTESIAN_POINT('Ctrl Pts',(57.9199449507637,-43.125,11.2342360918478));
#9730=CARTESIAN_POINT('Ctrl Pts',(57.8991299102183,-43.125,11.1839895021217));
#9731=CARTESIAN_POINT('Ctrl Pts',(57.8857370888678,-43.125,11.1516598221383));
#9732=CARTESIAN_POINT('Ctrl Pts',(57.8717133586917,-43.125,11.1195523946047));
#9733=CARTESIAN_POINT('Ctrl Pts',(57.8570710664129,-43.125,11.0876794685902));
#9734=CARTESIAN_POINT('Ctrl Pts',(57.8504721934525,-43.125,11.0733152293276));
#9735=CARTESIAN_POINT('Ctrl Pts',(57.843747674771,-43.125,11.0589986229447));
#9736=CARTESIAN_POINT('Ctrl Pts',(57.8368985804771,-43.125,11.044730794053));
#9737=CARTESIAN_POINT('Ctrl Pts',(57.8301526327887,-43.125,11.0306778370925));
#9738=CARTESIAN_POINT('Ctrl Pts',(57.8232888644688,-43.125,11.0166786164016));
#9739=CARTESIAN_POINT('Ctrl Pts',(57.8163123380587,-43.125,11.0027412961446));
#9740=CARTESIAN_POINT('Ctrl Pts',(57.7733556583328,-43.125,10.9169248070598));
#9741=CARTESIAN_POINT('Ctrl Pts',(57.7260879148765,-43.125,10.8333700596621));
#9742=CARTESIAN_POINT('Ctrl Pts',(57.6748526654849,-43.125,10.7523007173555));
#9743=CARTESIAN_POINT('Ctrl Pts',(57.6226455600434,-43.125,10.6696936108784));
#9744=CARTESIAN_POINT('Ctrl Pts',(57.5663186822368,-43.125,10.5896663654424));
#9745=CARTESIAN_POINT('Ctrl Pts',(57.5061806601658,-43.125,10.5124642271528));
#9746=CARTESIAN_POINT('Ctrl Pts',(57.4455444181331,-43.125,10.4346224993814));
#9747=CARTESIAN_POINT('Ctrl Pts',(57.3810331630223,-43.125,10.3596520963933));
#9748=CARTESIAN_POINT('Ctrl Pts',(57.3129141088782,-43.125,10.2878245613504));
#9749=CARTESIAN_POINT('Ctrl Pts',(57.2732146726152,-43.125,10.245963841392));
#9750=CARTESIAN_POINT('Ctrl Pts',(57.2322889656092,-43.125,10.205171031408));
#9751=CARTESIAN_POINT('Ctrl Pts',(57.1901832516157,-43.125,10.1655046495195));
#9752=CARTESIAN_POINT('Ctrl Pts',(57.1792307535473,-43.125,10.1551866681861));
#9753=CARTESIAN_POINT('Ctrl Pts',(57.168196376707,-43.125,10.1449430883376));
#9754=CARTESIAN_POINT('Ctrl Pts',(57.1570875550891,-43.125,10.1347810704041));
#9755=CARTESIAN_POINT('Ctrl Pts',(57.0820301152295,-43.125,10.0661207681571));
#9756=CARTESIAN_POINT('Ctrl Pts',(57.0037479059719,-43.125,10.0013348195187));
#9757=CARTESIAN_POINT('Ctrl Pts',(56.9225744815957,-43.125,9.94067487764207));
#9758=CARTESIAN_POINT('Ctrl Pts',(56.841158824984,-43.125,9.87983391847511));
#9759=CARTESIAN_POINT('Ctrl Pts',(56.7568341085407,-43.125,9.82314283734432));
#9760=CARTESIAN_POINT('Ctrl Pts',(56.669890575344,-43.125,9.77088044579098));
#9761=CARTESIAN_POINT('Ctrl Pts',(56.5845800591086,-43.125,9.71959967263644));
#9762=CARTESIAN_POINT('Ctrl Pts',(56.496747510838,-43.125,9.67258214711121));
#9763=CARTESIAN_POINT('Ctrl Pts',(56.4066319617757,-43.125,9.63012562738355));
#9764=CARTESIAN_POINT('Ctrl Pts',(56.3290037040224,-43.125,9.59355229801896));
#9765=CARTESIAN_POINT('Ctrl Pts',(56.2496805594122,-43.125,9.56036377863103));
#9766=CARTESIAN_POINT('Ctrl Pts',(56.1687992825328,-43.125,9.53077704625424));
#9767=CARTESIAN_POINT('Ctrl Pts',(55.3729935155158,-45.262416697508,15.0161300309376));
#9768=CARTESIAN_POINT('Ctrl Pts',(55.1258505076149,-45.27802052274,15.0180574732827));
#9769=CARTESIAN_POINT('Ctrl Pts',(54.8792195292268,-45.293624347972,14.9844886909306));
#9770=CARTESIAN_POINT('Ctrl Pts',(54.6440027753374,-45.309228173204,14.913238974155));
#9771=CARTESIAN_POINT('Ctrl Pts',(53.8572389296044,-45.3614205674306,14.6749196357117));
#9772=CARTESIAN_POINT('Ctrl Pts',(53.1981773766733,-45.4136129616571,14.0150261709342));
#9773=CARTESIAN_POINT('Ctrl Pts',(52.9608452516653,-45.4658053558836,13.2279617148461));
#9774=CARTESIAN_POINT('Ctrl Pts',(52.7235131266574,-45.5179977501102,12.440897258758));
#9775=CARTESIAN_POINT('Ctrl Pts',(52.9079104295727,-45.5701901443367,11.5266618113592));
#9776=CARTESIAN_POINT('Ctrl Pts',(53.4317843541156,-45.6223825385633,10.8931366085516));
#9777=CARTESIAN_POINT('Ctrl Pts',(53.9556582786584,-45.6745749327898,10.259611405744));
#9778=CARTESIAN_POINT('Ctrl Pts',(54.8190088248288,-45.7267673270163,9.90679644752747));
#9779=CARTESIAN_POINT('Ctrl Pts',(55.6366305287718,-45.7789597212428,9.99208819191513));
#9780=CARTESIAN_POINT('Ctrl Pts',(56.4542522327148,-45.8311521154694,10.0773799363028));
#9781=CARTESIAN_POINT('Ctrl Pts',(57.2261450944304,-45.8833445096959,10.6007783832946));
#9782=CARTESIAN_POINT('Ctrl Pts',(57.6079999755052,-45.9355369039224,11.3287923358649));
#9783=CARTESIAN_POINT('Ctrl Pts',(57.98985485658,-45.987729298149,12.0568062884352));
#9784=CARTESIAN_POINT('Ctrl Pts',(57.981671757014,-46.0399216923755,12.9894357465838));
#9785=CARTESIAN_POINT('Ctrl Pts',(57.5869679694763,-46.092114086602,13.7105595261465));
#9786=CARTESIAN_POINT('Ctrl Pts',(57.1922641819387,-46.1443064808286,14.4316833057091));
#9787=CARTESIAN_POINT('Ctrl Pts',(56.4110397064295,-46.1964988750551,14.9413014066857));
#9788=CARTESIAN_POINT('Ctrl Pts',(55.5921109560931,-46.2486912692816,15.0121326839781));
#9789=CARTESIAN_POINT('Ctrl Pts',(55.5203243292493,-46.2532664120238,15.0183416960195));
#9790=CARTESIAN_POINT('Ctrl Pts',(55.4482479777536,-46.2578415547659,15.0211790118726));
#9791=CARTESIAN_POINT('Ctrl Pts',(55.3761389290045,-46.262416697508,15.0207550970801));
#9792=CARTESIAN_POINT('Ctrl Pts',(52.4057770462544,-46.875,13.2937992825327));
#9793=CARTESIAN_POINT('Ctrl Pts',(52.6660912048085,-46.8228076057735,14.2675098813853));
#9794=CARTESIAN_POINT('Ctrl Pts',(54.2157334367637,-46.7184228173204,15.9230640238853));
#9795=CARTESIAN_POINT('Ctrl Pts',(57.5877257319846,-46.5618456346408,15.3624265877558));
#9796=CARTESIAN_POINT('Ctrl Pts',(58.9815405603498,-46.4052684519612,12.2426436129276));
#9797=CARTESIAN_POINT('Ctrl Pts',(57.1593142354574,-46.2486912692816,9.35484003903274));
#9798=CARTESIAN_POINT('Ctrl Pts',(53.7440576585287,-46.092114086602,9.27228335578572));
#9799=CARTESIAN_POINT('Ctrl Pts',(51.7844998038722,-45.9355369039224,12.0702849681272));
#9800=CARTESIAN_POINT('Ctrl Pts',(53.0284664307931,-45.7789597212428,15.2514614272064));
#9801=CARTESIAN_POINT('Ctrl Pts',(56.3662982132925,-45.6223825385633,15.9776819161713));
#9802=CARTESIAN_POINT('Ctrl Pts',(58.8195669576646,-45.4658053558836,13.6007781760478));
#9803=CARTESIAN_POINT('Ctrl Pts',(58.1993381812765,-45.3092281732041,10.2416983591857));
#9804=CARTESIAN_POINT('Ctrl Pts',(55.0589970800972,-45.1526509905245,8.8976444117864));
#9805=CARTESIAN_POINT('Ctrl Pts',(52.200624127588,-44.9960738078449,10.7679076543599));
#9806=CARTESIAN_POINT('Ctrl Pts',(52.1746826014129,-44.8394966251653,14.1836809989046));
#9807=CARTESIAN_POINT('Ctrl Pts',(55.0043224236513,-44.6829194424857,16.0971383358956));
#9808=CARTESIAN_POINT('Ctrl Pts',(58.1647110854097,-44.5263422598061,14.8009423480966));
#9809=CARTESIAN_POINT('Ctrl Pts',(58.8358931543182,-44.3697650771265,11.4516531883417));
#9810=CARTESIAN_POINT('Ctrl Pts',(56.4189922583025,-44.2131878944469,9.03779921389561));
#9811=CARTESIAN_POINT('Ctrl Pts',(53.0705480138449,-44.0566107117673,9.71316582817595));
#9812=CARTESIAN_POINT('Ctrl Pts',(51.7783412696285,-43.9000335290877,12.8752409280205));
#9813=CARTESIAN_POINT('Ctrl Pts',(53.6953206543166,-43.7434563464081,15.702346633751));
#9814=CARTESIAN_POINT('Ctrl Pts',(57.1111341351514,-43.5868791637286,15.6723754382647));
#9815=CARTESIAN_POINT('Ctrl Pts',(58.9776420923209,-43.4303019810489,12.8110923103611));
#9816=CARTESIAN_POINT('Ctrl Pts',(57.629982168105,-43.2737247983694,9.67362024049438));
#9817=CARTESIAN_POINT('Ctrl Pts',(54.2694483719305,-43.1171476156897,9.05509118655519));
#9818=CARTESIAN_POINT('Ctrl Pts',(51.8973895733445,-42.9605704330102,11.5163882896838));
#9819=CARTESIAN_POINT('Ctrl Pts',(52.3839532857398,-42.8561856445571,13.7312260534011));
#9820=CARTESIAN_POINT('Ctrl Pts',(53.0389373423041,-42.8039932503306,14.4973015569307));
#9821=CARTESIAN_POINT('Ctrl Pts',(52.584822430158,-46.9820022498898,13.2459328543468));
#9822=CARTESIAN_POINT('Ctrl Pts',(52.8294395362576,-46.9298098556633,14.1609282975178));
#9823=CARTESIAN_POINT('Ctrl Pts',(54.2856376945762,-46.8254250672102,15.7166518339519));
#9824=CARTESIAN_POINT('Ctrl Pts',(57.4542974464271,-46.6688478845306,15.189821069314));
#9825=CARTESIAN_POINT('Ctrl Pts',(58.7640646586574,-46.512270701851,12.2581623105267));
#9826=CARTESIAN_POINT('Ctrl Pts',(57.0517193420227,-46.3556935191715,9.54449449793386));
#9827=CARTESIAN_POINT('Ctrl Pts',(53.842404162716,-46.1991163364918,9.466916017158));
#9828=CARTESIAN_POINT('Ctrl Pts',(52.0010084649043,-46.0425391538123,12.0961969639757));
#9829=CARTESIAN_POINT('Ctrl Pts',(53.1699633848063,-45.8859619711326,15.0855471542791));
#9830=CARTESIAN_POINT('Ctrl Pts',(56.3065225171166,-45.7293847884531,15.7679762445275));
#9831=CARTESIAN_POINT('Ctrl Pts',(58.6118581318459,-45.5728076057734,13.5344007924046));
#9832=CARTESIAN_POINT('Ctrl Pts',(58.0290294096492,-45.4162304230939,10.3778748910758));
#9833=CARTESIAN_POINT('Ctrl Pts',(55.0780521881137,-45.2596532404143,9.11486795791153));
#9834=CARTESIAN_POINT('Ctrl Pts',(52.3920403181483,-45.1030760577347,10.8723535460334));
#9835=CARTESIAN_POINT('Ctrl Pts',(52.3676630768334,-44.9464988750551,14.0821543316532));
#9836=CARTESIAN_POINT('Ctrl Pts',(55.0266744362807,-44.7899216923755,15.8802293922637));
#9837=CARTESIAN_POINT('Ctrl Pts',(57.9964903421217,-44.6333445096959,14.6621945637528));
#9838=CARTESIAN_POINT('Ctrl Pts',(58.6271998520243,-44.4767673270163,11.5148689388196));
#9839=CARTESIAN_POINT('Ctrl Pts',(56.3560390892102,-44.3201901443367,9.24657136693222));
#9840=CARTESIAN_POINT('Ctrl Pts',(53.209507430829,-44.1636129616571,9.88121309237357));
#9841=CARTESIAN_POINT('Ctrl Pts',(51.995221292847,-44.0070357789775,12.8526137433798));
#9842=CARTESIAN_POINT('Ctrl Pts',(53.7966060202078,-43.8504585962979,15.5092437946029));
#9843=CARTESIAN_POINT('Ctrl Pts',(57.0064445218827,-43.6938814136183,15.4810798747188));
#9844=CARTESIAN_POINT('Ctrl Pts',(58.7604012698785,-43.5373042309388,12.7923333141504));
#9845=CARTESIAN_POINT('Ctrl Pts',(57.4940058018054,-43.3807270482591,9.84405212014138));
#9846=CARTESIAN_POINT('Ctrl Pts',(54.3361135967238,-43.2241498655796,9.2628206264202));
#9847=CARTESIAN_POINT('Ctrl Pts',(52.1070909341406,-43.0675726829,11.5757004865209));
#9848=CARTESIAN_POINT('Ctrl Pts',(52.5643146515148,-42.9631878944469,13.6569826082852));
#9849=CARTESIAN_POINT('Ctrl Pts',(53.1798028959811,-42.9109955002204,14.3768634390788));
#9850=CARTESIAN_POINT('Ctrl Pts',(52.7638678140615,-47.0890044997796,13.1980664261609));
#9851=CARTESIAN_POINT('Ctrl Pts',(52.9927878677067,-47.0368121055531,14.0543467136503));
#9852=CARTESIAN_POINT('Ctrl Pts',(54.3555419523886,-46.9324273171,15.5102396440186));
#9853=CARTESIAN_POINT('Ctrl Pts',(57.3208691608695,-46.7758501344205,15.0172155508723));
#9854=CARTESIAN_POINT('Ctrl Pts',(58.5465887569651,-46.6192729517408,12.2736810081258));
#9855=CARTESIAN_POINT('Ctrl Pts',(56.9441244485881,-46.4626957690612,9.73414895683499));
#9856=CARTESIAN_POINT('Ctrl Pts',(53.9407506669031,-46.3061185863817,9.66154867853028));
#9857=CARTESIAN_POINT('Ctrl Pts',(52.2175171259365,-46.1495414037021,12.1221089598242));
#9858=CARTESIAN_POINT('Ctrl Pts',(53.3114603388196,-45.9929642210224,14.9196328813517));
#9859=CARTESIAN_POINT('Ctrl Pts',(56.2467468209406,-45.8363870383429,15.5582705728838));
#9860=CARTESIAN_POINT('Ctrl Pts',(58.4041493060272,-45.6798098556633,13.4680234087613));
#9861=CARTESIAN_POINT('Ctrl Pts',(57.8587206380219,-45.5232326729837,10.5140514229659));
#9862=CARTESIAN_POINT('Ctrl Pts',(55.0971072961302,-45.3666554903041,9.33209150403666));
#9863=CARTESIAN_POINT('Ctrl Pts',(52.5834565087086,-45.2100783076245,10.976799437707));
#9864=CARTESIAN_POINT('Ctrl Pts',(52.5606435522538,-45.0535011249449,13.9806276644019));
#9865=CARTESIAN_POINT('Ctrl Pts',(55.0490264489102,-44.8969239422653,15.6633204486318));
#9866=CARTESIAN_POINT('Ctrl Pts',(57.8282695988336,-44.7403467595857,14.523446779409));
#9867=CARTESIAN_POINT('Ctrl Pts',(58.4185065497304,-44.5837695769061,11.5780846892976));
#9868=CARTESIAN_POINT('Ctrl Pts',(56.2930859201178,-44.4271923942265,9.45534351996883));
#9869=CARTESIAN_POINT('Ctrl Pts',(53.3484668478132,-44.2706152115469,10.0492603565712));
#9870=CARTESIAN_POINT('Ctrl Pts',(52.2121013160656,-44.1140380288673,12.8299865587392));
#9871=CARTESIAN_POINT('Ctrl Pts',(53.897891386099,-43.9574608461877,15.3161409554547));
#9872=CARTESIAN_POINT('Ctrl Pts',(56.901754908614,-43.8008836635082,15.2897843111728));
#9873=CARTESIAN_POINT('Ctrl Pts',(58.543160447436,-43.6443064808285,12.7735743179397));
#9874=CARTESIAN_POINT('Ctrl Pts',(57.3580294355057,-43.487729298149,10.0144839997884));
#9875=CARTESIAN_POINT('Ctrl Pts',(54.4027788215171,-43.3311521154694,9.4705500662852));
#9876=CARTESIAN_POINT('Ctrl Pts',(52.3167922949367,-43.1745749327898,11.6350126833579));
#9877=CARTESIAN_POINT('Ctrl Pts',(52.7446760172899,-43.0701901443367,13.5827391631693));
#9878=CARTESIAN_POINT('Ctrl Pts',(53.3206684496582,-43.0179977501102,14.2564253212269));
#9879=CARTESIAN_POINT('Ctrl Pts',(52.9429131979651,-47.1960067496694,13.150199997975));
#9880=CARTESIAN_POINT('Ctrl Pts',(53.1561361991558,-47.1438143554429,13.9477651297828));
#9881=CARTESIAN_POINT('Ctrl Pts',(54.425446210201,-47.0394295669898,15.3038274540853));
#9882=CARTESIAN_POINT('Ctrl Pts',(57.187440875312,-46.8828523843103,14.8446100324305));
#9883=CARTESIAN_POINT('Ctrl Pts',(58.3291128552727,-46.7262752016306,12.2891997057248));
#9884=CARTESIAN_POINT('Ctrl Pts',(56.8365295551534,-46.5696980189511,9.92380341573611));
#9885=CARTESIAN_POINT('Ctrl Pts',(54.0390971710903,-46.4131208362714,9.85618133990257));
#9886=CARTESIAN_POINT('Ctrl Pts',(52.4340257869687,-46.2565436535919,12.1480209556727));
#9887=CARTESIAN_POINT('Ctrl Pts',(53.4529572928328,-46.0999664709123,14.7537186084243));
#9888=CARTESIAN_POINT('Ctrl Pts',(56.1869711247646,-45.9433892882327,15.34856490124));
#9889=CARTESIAN_POINT('Ctrl Pts',(58.1964404802085,-45.7868121055531,13.4016460251181));
#9890=CARTESIAN_POINT('Ctrl Pts',(57.6884118663945,-45.6302349228735,10.650227954856));
#9891=CARTESIAN_POINT('Ctrl Pts',(55.1161624041467,-45.4736577401939,9.54931505016179));
#9892=CARTESIAN_POINT('Ctrl Pts',(52.7748726992688,-45.3170805575143,11.0812453293805));
#9893=CARTESIAN_POINT('Ctrl Pts',(52.7536240276743,-45.1605033748347,13.8791009971506));
#9894=CARTESIAN_POINT('Ctrl Pts',(55.0713784615397,-45.0039261921551,15.4464115049999));
#9895=CARTESIAN_POINT('Ctrl Pts',(57.6600488555455,-44.8473490094755,14.3846989950653));
#9896=CARTESIAN_POINT('Ctrl Pts',(58.2098132474365,-44.6907718267959,11.6413004397756));
#9897=CARTESIAN_POINT('Ctrl Pts',(56.2301327510254,-44.5341946441163,9.66411567300545));
#9898=CARTESIAN_POINT('Ctrl Pts',(53.4874262647973,-44.3776174614367,10.2173076207688));
#9899=CARTESIAN_POINT('Ctrl Pts',(52.4289813392841,-44.2210402787571,12.8073593740985));
#9900=CARTESIAN_POINT('Ctrl Pts',(53.9991767519903,-44.0644630960776,15.1230381163066));
#9901=CARTESIAN_POINT('Ctrl Pts',(56.7970652953452,-43.907885913398,15.0984887476269));
#9902=CARTESIAN_POINT('Ctrl Pts',(58.3259196249937,-43.7513087307184,12.754815321729));
#9903=CARTESIAN_POINT('Ctrl Pts',(57.2220530692059,-43.5947315480388,10.1849158794354));
#9904=CARTESIAN_POINT('Ctrl Pts',(54.4694440463105,-43.4381543653592,9.67827950615021));
#9905=CARTESIAN_POINT('Ctrl Pts',(52.5264936557328,-43.2815771826796,11.6943248801949));
#9906=CARTESIAN_POINT('Ctrl Pts',(52.9250373830649,-43.1771923942265,13.5084957180535));
#9907=CARTESIAN_POINT('Ctrl Pts',(53.4615340033352,-43.125,14.135987203375));
#9908=CARTESIAN_POINT('Ctrl Pts',(54.5791196079405,-43.125,9.52604907349188));
#9909=CARTESIAN_POINT('Ctrl Pts',(54.5316852617346,-43.125,9.54324192102345));
#9910=CARTESIAN_POINT('Ctrl Pts',(54.4847487719537,-43.125,9.56167746066239));
#9911=CARTESIAN_POINT('Ctrl Pts',(54.438357420828,-43.125,9.5813683641889));
#9912=CARTESIAN_POINT('Ctrl Pts',(54.3453080443983,-43.125,9.62086336164033));
#9913=CARTESIAN_POINT('Ctrl Pts',(54.2544496521842,-43.125,9.66540626068915));
#9914=CARTESIAN_POINT('Ctrl Pts',(54.1660357657688,-43.125,9.71466172462125));
#9915=CARTESIAN_POINT('Ctrl Pts',(54.1190384762512,-43.125,9.74084396128784));
#9916=CARTESIAN_POINT('Ctrl Pts',(54.0727324361191,-43.125,9.76835847981163));
#9917=CARTESIAN_POINT('Ctrl Pts',(54.0271598827864,-43.125,9.79715908611331));
#9918=CARTESIAN_POINT('Ctrl Pts',(54.002176798175,-43.125,9.81294771175472));
#9919=CARTESIAN_POINT('Ctrl Pts',(53.9774142014545,-43.125,9.82912288838392));
#9920=CARTESIAN_POINT('Ctrl Pts',(53.9528794710836,-43.125,9.84567729935074));
#9921=CARTESIAN_POINT('Ctrl Pts',(53.9370072291948,-43.125,9.85638683686019));
#9922=CARTESIAN_POINT('Ctrl Pts',(53.9212304642621,-43.125,9.86725513634868));
#9923=CARTESIAN_POINT('Ctrl Pts',(53.9055629626273,-43.125,9.87827167166477));
#9924=CARTESIAN_POINT('Ctrl Pts',(53.823018832034,-43.125,9.93631221641902));
#9925=CARTESIAN_POINT('Ctrl Pts',(53.7434196111974,-43.125,9.99852089321611));
#9926=CARTESIAN_POINT('Ctrl Pts',(53.6670243535142,-43.125,10.0645693027776));
#9927=CARTESIAN_POINT('Ctrl Pts',(53.6045258371654,-43.125,10.1186031228074));
#9928=CARTESIAN_POINT('Ctrl Pts',(53.5441721787402,-43.125,10.1752077597502));
#9929=CARTESIAN_POINT('Ctrl Pts',(53.4861267140567,-43.125,10.2342179300896));
#9930=CARTESIAN_POINT('Ctrl Pts',(53.4629862554257,-43.125,10.2577429791695));
#9931=CARTESIAN_POINT('Ctrl Pts',(53.4402128739211,-43.125,10.281650457323));
#9932=CARTESIAN_POINT('Ctrl Pts',(53.4178178958598,-43.125,10.3059302887154));
#9933=CARTESIAN_POINT('Ctrl Pts',(53.4047880834498,-43.125,10.3200567436521));
#9934=CARTESIAN_POINT('Ctrl Pts',(53.3918850474129,-43.125,10.3343108934594));
#9935=CARTESIAN_POINT('Ctrl Pts',(53.379125646151,-43.125,10.3486739706395));
#9936=CARTESIAN_POINT('Ctrl Pts',(53.3134615094162,-43.125,10.4225911587998));
#9937=CARTESIAN_POINT('Ctrl Pts',(53.2515100195354,-43.125,10.4994844061788));
#9938=CARTESIAN_POINT('Ctrl Pts',(53.1935089927921,-43.125,10.5790456763848));
#9939=CARTESIAN_POINT('Ctrl Pts',(53.135946819096,-43.125,10.6580049623186));
#9940=CARTESIAN_POINT('Ctrl Pts',(53.0822751153484,-43.125,10.7395928893715));
#9941=CARTESIAN_POINT('Ctrl Pts',(53.0327722114653,-43.125,10.8235306447911));
#9942=CARTESIAN_POINT('Ctrl Pts',(52.9848060938135,-43.125,10.9048626058693));
#9943=CARTESIAN_POINT('Ctrl Pts',(52.9407537773539,-43.125,10.988401508656));
#9944=CARTESIAN_POINT('Ctrl Pts',(52.9009158976921,-43.125,11.0739030656028));
#9945=CARTESIAN_POINT('Ctrl Pts',(52.8762472011371,-43.125,11.1268479507526));
#9946=CARTESIAN_POINT('Ctrl Pts',(52.8531954428717,-43.125,11.1805455406527));
#9947=CARTESIAN_POINT('Ctrl Pts',(52.8318420451954,-43.125,11.2349379008883));
#9948=CARTESIAN_POINT('Ctrl Pts',(52.8263476427741,-43.125,11.2489334963578));
#9949=CARTESIAN_POINT('Ctrl Pts',(52.8209650134824,-43.125,11.2629769992482));
#9950=CARTESIAN_POINT('Ctrl Pts',(52.8156978996183,-43.125,11.2770613343968));
#9951=CARTESIAN_POINT('Ctrl Pts',(52.7830267732922,-43.125,11.3644243769908));
#9952=CARTESIAN_POINT('Ctrl Pts',(52.7548941691328,-43.125,11.4530915775928));
#9953=CARTESIAN_POINT('Ctrl Pts',(52.7315404713572,-43.125,11.5428125682831));
#9954=CARTESIAN_POINT('Ctrl Pts',(52.714762446565,-43.125,11.6072709260406));
#9955=CARTESIAN_POINT('Ctrl Pts',(52.7004519758604,-43.125,11.6722735519411));
#9956=CARTESIAN_POINT('Ctrl Pts',(52.6887147659605,-43.125,11.7377296162338));
#9957=CARTESIAN_POINT('Ctrl Pts',(52.6720599506604,-43.125,11.8306101790225));
#9958=CARTESIAN_POINT('Ctrl Pts',(52.6605845259898,-43.125,11.9244045899727));
#9959=CARTESIAN_POINT('Ctrl Pts',(52.6541804551443,-43.125,12.0187342697149));
#9960=CARTESIAN_POINT('Ctrl Pts',(52.6476066793631,-43.125,12.1155636426392));
#9961=CARTESIAN_POINT('Ctrl Pts',(52.6463767991179,-43.125,12.212958151253));
#9962=CARTESIAN_POINT('Ctrl Pts',(52.6504266859744,-43.125,12.3104881508554));
#9963=CARTESIAN_POINT('Ctrl Pts',(52.6510195973975,-43.125,12.3247667351492));
#9964=CARTESIAN_POINT('Ctrl Pts',(52.6517258521712,-43.125,12.3390484964067));
#9965=CARTESIAN_POINT('Ctrl Pts',(52.652544252941,-43.125,12.3533170137315));
#9966=CARTESIAN_POINT('Ctrl Pts',(52.657845046474,-43.125,12.4457344052452));
#9967=CARTESIAN_POINT('Ctrl Pts',(52.6678517845875,-43.125,12.537751880727));
#9968=CARTESIAN_POINT('Ctrl Pts',(52.6824236601631,-43.125,12.6290182949247));
#9969=CARTESIAN_POINT('Ctrl Pts',(52.6970009642256,-43.125,12.7203187087633));
#9970=CARTESIAN_POINT('Ctrl Pts',(52.7161472318235,-43.125,12.8108684194099));
#9971=CARTESIAN_POINT('Ctrl Pts',(52.7397707072449,-43.125,12.9002990289056));
#9972=CARTESIAN_POINT('Ctrl Pts',(52.7630566928377,-43.125,12.9884520143207));
#9973=CARTESIAN_POINT('Ctrl Pts',(52.7906933634887,-43.125,13.0755184243917));
#9974=CARTESIAN_POINT('Ctrl Pts',(52.8226337084236,-43.125,13.1611165533567));
#9975=CARTESIAN_POINT('Ctrl Pts',(52.840371502026,-43.125,13.2086527320495));
#9976=CARTESIAN_POINT('Ctrl Pts',(52.8594372537509,-43.125,13.2557355048265));
#9977=CARTESIAN_POINT('Ctrl Pts',(52.8798276601136,-43.125,13.3022942445081));
#9978=CARTESIAN_POINT('Ctrl Pts',(52.8874883568605,-43.125,13.3197864111318));
#9979=CARTESIAN_POINT('Ctrl Pts',(52.8953383039595,-43.125,13.3372091474031));
#9980=CARTESIAN_POINT('Ctrl Pts',(52.9033642622681,-43.125,13.354530881833));
#9981=CARTESIAN_POINT('Ctrl Pts',(52.9409209653425,-43.125,13.4355862787963));
#9982=CARTESIAN_POINT('Ctrl Pts',(52.9823716067667,-43.125,13.5145369177714));
#9983=CARTESIAN_POINT('Ctrl Pts',(53.0276278616285,-43.125,13.5910506652203));
#9984=CARTESIAN_POINT('Ctrl Pts',(53.0722062647058,-43.125,13.6664183836748));
#9985=CARTESIAN_POINT('Ctrl Pts',(53.1204776156729,-43.125,13.7394223330371));
#9986=CARTESIAN_POINT('Ctrl Pts',(53.172394241387,-43.125,13.8097115627647));
#9987=CARTESIAN_POINT('Ctrl Pts',(53.2226806354629,-43.125,13.8777936435387));
#9988=CARTESIAN_POINT('Ctrl Pts',(53.2763874468674,-43.125,13.9433292456654));
#9989=CARTESIAN_POINT('Ctrl Pts',(53.3334989807151,-43.125,14.0059599966044));
#9990=CARTESIAN_POINT('Ctrl Pts',(53.3744276660026,-43.125,14.0508440002688));
#9991=CARTESIAN_POINT('Ctrl Pts',(53.4171055246247,-43.125,14.0942353429053));
#9992=CARTESIAN_POINT('Ctrl Pts',(53.4615340033352,-43.125,14.135987203375));
#9993=CARTESIAN_POINT('Ctrl Pts',(55.3770702430468,-45.987583302492,15.016493302933));
#9994=CARTESIAN_POINT('Ctrl Pts',(55.6103097550858,-45.9728519644055,15.0183966962431));
#9995=CARTESIAN_POINT('Ctrl Pts',(55.8430718297044,-45.9581206263191,14.988541271178));
#9996=CARTESIAN_POINT('Ctrl Pts',(56.0662137120166,-45.9433892882327,14.9249373730838));
#9997=CARTESIAN_POINT('Ctrl Pts',(56.8567942432459,-45.8911968940061,14.6995919425327));
#9998=CARTESIAN_POINT('Ctrl Pts',(57.5266173617272,-45.8390044997796,14.0506189838254));
#9999=CARTESIAN_POINT('Ctrl Pts',(57.7768574853322,-45.7868121055531,13.2675628260947));
#10000=CARTESIAN_POINT('Ctrl Pts',(58.0270976089372,-45.7346197113266,12.4845066683641));
#10001=CARTESIAN_POINT('Ctrl Pts',(57.8577547376659,-45.6824273171,11.5673673116101));
#10002=CARTESIAN_POINT('Ctrl Pts',(57.3443750583222,-45.6302349228735,10.9253121491173));
#10003=CARTESIAN_POINT('Ctrl Pts',(56.8309953789786,-45.578042528647,10.2832569866246));
#10004=CARTESIAN_POINT('Ctrl Pts',(55.9735788915626,-45.5258501344204,9.91628601839321));
#10005=CARTESIAN_POINT('Ctrl Pts',(55.1546556970417,-45.4736577401939,9.98812224748063));
#10006=CARTESIAN_POINT('Ctrl Pts',(54.3357325025207,-45.4214653459674,10.059958476568));
#10007=CARTESIAN_POINT('Ctrl Pts',(53.5553026008948,-45.3692729517408,10.5706019029743));
#10008=CARTESIAN_POINT('Ctrl Pts',(53.1615462048161,-45.3170805575143,11.2922328941391));
#10009=CARTESIAN_POINT('Ctrl Pts',(52.7677898087373,-45.2648881632878,12.0138638853039));
#10010=CARTESIAN_POINT('Ctrl Pts',(52.7607069182058,-45.2126957690612,12.9464824412272));
#10011=CARTESIAN_POINT('Ctrl Pts',(53.1434578785843,-45.1605033748347,13.6740101371638));
#10012=CARTESIAN_POINT('Ctrl Pts',(53.5262088389628,-45.1083109806082,14.4015378331003));
#10013=CARTESIAN_POINT('Ctrl Pts',(54.2987936502512,-45.0561185863816,14.9239746690501));
#10014=CARTESIAN_POINT('Ctrl Pts',(55.1165311215631,-45.0039261921551,15.0082410020359));
#10015=CARTESIAN_POINT('Ctrl Pts',(55.2018832337825,-44.9984785622674,15.0170363792341));
#10016=CARTESIAN_POINT('Ctrl Pts',(55.287727254232,-44.9930309323797,15.0210581799367));
#10017=CARTESIAN_POINT('Ctrl Pts',(55.3736254306702,-44.987583302492,15.020485941307));
#10018=CARTESIAN_POINT('Ctrl Pts',(52.4057770462544,43.125,13.2937992825327));
#10019=CARTESIAN_POINT('Ctrl Pts',(52.6660912048085,43.1771923942265,14.2675098813853));
#10020=CARTESIAN_POINT('Ctrl Pts',(54.2157320009045,43.2815771826796,15.9230642078836));
#10021=CARTESIAN_POINT('Ctrl Pts',(57.5877258489771,43.4381543653592,15.3624264301663));
#10022=CARTESIAN_POINT('Ctrl Pts',(58.9815401438644,43.5947315480388,12.2426436240108));
#10023=CARTESIAN_POINT('Ctrl Pts',(57.1593142456815,43.7513087307184,9.35484021987884));
#10024=CARTESIAN_POINT('Ctrl Pts',(53.7440576865965,43.907885913398,9.27228350931446));
#10025=CARTESIAN_POINT('Ctrl Pts',(51.7845000191563,44.0644630960776,12.0702850001103));
#10026=CARTESIAN_POINT('Ctrl Pts',(53.0284665376616,44.2210402787572,15.2514612784065));
#10027=CARTESIAN_POINT('Ctrl Pts',(56.3662981694666,44.3776174614368,15.9776817391437));
#10028=CARTESIAN_POINT('Ctrl Pts',(58.8195667749788,44.5341946441164,13.60077811695));
#10029=CARTESIAN_POINT('Ctrl Pts',(58.1993380366353,44.6907718267959,10.2416984774602));
#10030=CARTESIAN_POINT('Ctrl Pts',(55.0589970955089,44.8473490094756,8.89764459826858));
#10031=CARTESIAN_POINT('Ctrl Pts',(52.2006242928644,45.0039261921551,10.7679077444313));
#10032=CARTESIAN_POINT('Ctrl Pts',(52.1746827672803,45.1605033748348,14.1836809116421));
#10033=CARTESIAN_POINT('Ctrl Pts',(55.0043224430429,45.3170805575143,16.0971381486709));
#10034=CARTESIAN_POINT('Ctrl Pts',(58.1647109404595,45.473657740194,14.8009422297642));
#10035=CARTESIAN_POINT('Ctrl Pts',(58.835892974917,45.6302349228735,11.4516532405449));
#10036=CARTESIAN_POINT('Ctrl Pts',(56.4189922035243,45.7868121055531,9.03779939792283));
#10037=CARTESIAN_POINT('Ctrl Pts',(53.0705481349086,45.9433892882327,9.71316596456877));
#10038=CARTESIAN_POINT('Ctrl Pts',(51.7783414527896,46.0999664709123,12.8752409242369));
#10039=CARTESIAN_POINT('Ctrl Pts',(53.6953207499053,46.2565436535919,15.7023464382183));
#10040=CARTESIAN_POINT('Ctrl Pts',(57.1111340245269,46.4131208362715,15.6723753281689));
#10041=CARTESIAN_POINT('Ctrl Pts',(58.9776419490768,46.569698018951,12.8110921994964));
#10042=CARTESIAN_POINT('Ctrl Pts',(57.6299819230564,46.7262752016307,9.67362057744261));
#10043=CARTESIAN_POINT('Ctrl Pts',(54.2694485680695,46.8828523843103,9.05509117940688));
#10044=CARTESIAN_POINT('Ctrl Pts',(51.8973886083808,47.0394295669899,11.516389368754));
#10045=CARTESIAN_POINT('Ctrl Pts',(52.3839532857398,47.1438143554429,13.7312260534012));
#10046=CARTESIAN_POINT('Ctrl Pts',(53.0389373423042,47.1960067496695,14.4973015569309));
#10047=CARTESIAN_POINT('Ctrl Pts',(52.584822430158,43.0179977501102,13.2459328543468));
#10048=CARTESIAN_POINT('Ctrl Pts',(52.8294395362576,43.0701901443367,14.1609282975178));
#10049=CARTESIAN_POINT('Ctrl Pts',(54.2856363452999,43.1745749327898,15.7166520068551));
#10050=CARTESIAN_POINT('Ctrl Pts',(57.4542975563649,43.3311521154693,15.1898209212272));
#10051=CARTESIAN_POINT('Ctrl Pts',(58.7640642672863,43.487729298149,12.2581623209415));
#10052=CARTESIAN_POINT('Ctrl Pts',(57.0517193516303,43.6443064808286,9.54449466787487));
#10053=CARTESIAN_POINT('Ctrl Pts',(53.8424041890912,43.8008836635082,9.46691616142889));
#10054=CARTESIAN_POINT('Ctrl Pts',(52.0010086672068,43.9574608461878,12.0961969940303));
#10055=CARTESIAN_POINT('Ctrl Pts',(53.1699634852306,44.1140380288673,15.0855470144519));
#10056=CARTESIAN_POINT('Ctrl Pts',(56.3065224759334,44.270615211547,15.7679760781748));
#10057=CARTESIAN_POINT('Ctrl Pts',(58.6118579601762,44.4271923942266,13.5344007368703));
#10058=CARTESIAN_POINT('Ctrl Pts',(58.0290292737299,44.5837695769061,10.3778750022183));
#10059=CARTESIAN_POINT('Ctrl Pts',(55.0780522025961,44.7403467595858,9.11486813314875));
#10060=CARTESIAN_POINT('Ctrl Pts',(52.3920404734584,44.8969239422653,10.8723536306735));
#10061=CARTESIAN_POINT('Ctrl Pts',(52.367663232699,45.0535011249449,14.0821542496527));
#10062=CARTESIAN_POINT('Ctrl Pts',(55.026674454503,45.2100783076245,15.8802292163287));
#10063=CARTESIAN_POINT('Ctrl Pts',(57.996490205912,45.3666554903041,14.6621944525559));
#10064=CARTESIAN_POINT('Ctrl Pts',(58.6271996834411,45.5232326729837,11.514868987875));
#10065=CARTESIAN_POINT('Ctrl Pts',(56.3560390377351,45.6798098556633,9.24657153986252));
#10066=CARTESIAN_POINT('Ctrl Pts',(53.2095075445925,45.8363870383428,9.88121322054184));
#10067=CARTESIAN_POINT('Ctrl Pts',(51.9952214649634,45.9929642210225,12.8526137398244));
#10068=CARTESIAN_POINT('Ctrl Pts',(53.7966061100326,46.1495414037021,15.5092436108609));
#10069=CARTESIAN_POINT('Ctrl Pts',(57.0064444179288,46.3061185863817,15.4810797712618));
#10070=CARTESIAN_POINT('Ctrl Pts',(58.7604011352721,46.4626957690613,12.7923332099708));
#10071=CARTESIAN_POINT('Ctrl Pts',(57.4940055715332,46.6192729517408,9.84405243677148));
#10072=CARTESIAN_POINT('Ctrl Pts',(54.3361137810356,46.7758501344204,9.26282061970293));
#10073=CARTESIAN_POINT('Ctrl Pts',(52.1070900273646,46.9324273171,11.5757015005226));
#10074=CARTESIAN_POINT('Ctrl Pts',(52.5643146515148,47.0368121055531,13.6569826082853));
#10075=CARTESIAN_POINT('Ctrl Pts',(53.1798028959812,47.0890044997796,14.376863439079));
#10076=CARTESIAN_POINT('Ctrl Pts',(52.7638678140615,42.9109955002204,13.1980664261609));
#10077=CARTESIAN_POINT('Ctrl Pts',(52.9927878677067,42.9631878944469,14.0543467136503));
#10078=CARTESIAN_POINT('Ctrl Pts',(54.3555406896952,43.0675726829,15.5102398058266));
#10079=CARTESIAN_POINT('Ctrl Pts',(57.3208692637526,43.2241498655795,15.0172154122882));
#10080=CARTESIAN_POINT('Ctrl Pts',(58.5465883907082,43.3807270482592,12.2736810178723));
#10081=CARTESIAN_POINT('Ctrl Pts',(56.9441244575791,43.5373042309387,9.7341491158709));
#10082=CARTESIAN_POINT('Ctrl Pts',(53.9407506915859,43.6938814136184,9.66154881354333));
#10083=CARTESIAN_POINT('Ctrl Pts',(52.2175173152573,43.8504585962979,12.1221089879502));
#10084=CARTESIAN_POINT('Ctrl Pts',(53.3114604327996,44.0070357789775,14.9196327504972));
#10085=CARTESIAN_POINT('Ctrl Pts',(56.2467467824002,44.1636129616571,15.5582704172058));
#10086=CARTESIAN_POINT('Ctrl Pts',(58.4041491453735,44.3201901443367,13.4680233567907));
#10087=CARTESIAN_POINT('Ctrl Pts',(57.8587205108245,44.4767673270163,10.5140515269764));
#10088=CARTESIAN_POINT('Ctrl Pts',(55.0971073096832,44.6333445096959,9.33209166802893));
#10089=CARTESIAN_POINT('Ctrl Pts',(52.5834566540526,44.7899216923755,10.9767995169157));
#10090=CARTESIAN_POINT('Ctrl Pts',(52.5606436981175,44.9464988750551,13.9806275876633));
#10091=CARTESIAN_POINT('Ctrl Pts',(55.0490264659632,45.1030760577347,15.6633202839866));
#10092=CARTESIAN_POINT('Ctrl Pts',(57.8282694713645,45.2596532404143,14.5234466753476));
#10093=CARTESIAN_POINT('Ctrl Pts',(58.4185063919651,45.4162304230939,11.5780847352051));
#10094=CARTESIAN_POINT('Ctrl Pts',(56.2930858719459,45.5728076057735,9.45534368180221));
#10095=CARTESIAN_POINT('Ctrl Pts',(53.3484669542765,45.729384788453,10.0492604765149));
#10096=CARTESIAN_POINT('Ctrl Pts',(52.2121014771373,45.8859619711327,12.8299865554119));
#10097=CARTESIAN_POINT('Ctrl Pts',(53.8978914701597,46.0425391538122,15.3161407835034));
#10098=CARTESIAN_POINT('Ctrl Pts',(56.9017548113308,46.1991163364919,15.2897842143547));
#10099=CARTESIAN_POINT('Ctrl Pts',(58.5431603214673,46.3556935191714,12.7735742204453));
#10100=CARTESIAN_POINT('Ctrl Pts',(57.3580292200101,46.512270701851,10.0144842961004));
#10101=CARTESIAN_POINT('Ctrl Pts',(54.4027789940016,46.6688478845306,9.47055005999898));
#10102=CARTESIAN_POINT('Ctrl Pts',(52.3167914463485,46.8254250672102,11.6350136322913));
#10103=CARTESIAN_POINT('Ctrl Pts',(52.7446760172899,46.9298098556633,13.5827391631694));
#10104=CARTESIAN_POINT('Ctrl Pts',(53.3206684496582,46.9820022498898,14.256425321227));
#10105=CARTESIAN_POINT('Ctrl Pts',(52.9429131979651,42.8039932503306,13.150199997975));
#10106=CARTESIAN_POINT('Ctrl Pts',(53.1561361991558,42.8561856445571,13.9477651297828));
#10107=CARTESIAN_POINT('Ctrl Pts',(54.4254450340905,42.9605704330102,15.3038276047981));
#10108=CARTESIAN_POINT('Ctrl Pts',(57.1874409711404,43.1171476156897,14.8446099033491));
#10109=CARTESIAN_POINT('Ctrl Pts',(58.3291125141301,43.2737247983694,12.289199714803));
#10110=CARTESIAN_POINT('Ctrl Pts',(56.836529563528,43.4303019810489,9.92380356386693));
#10111=CARTESIAN_POINT('Ctrl Pts',(54.0390971940806,43.5868791637286,9.85618146565777));
#10112=CARTESIAN_POINT('Ctrl Pts',(52.4340259633077,43.7434563464081,12.1480209818701));
#10113=CARTESIAN_POINT('Ctrl Pts',(53.4529573803687,43.9000335290877,14.7537184865425));
#10114=CARTESIAN_POINT('Ctrl Pts',(56.1869710888669,44.0566107117673,15.3485647562369));
#10115=CARTESIAN_POINT('Ctrl Pts',(58.1964403305708,44.2131878944469,13.4016459767111));
#10116=CARTESIAN_POINT('Ctrl Pts',(57.6884117479191,44.3697650771265,10.6502280517345));
#10117=CARTESIAN_POINT('Ctrl Pts',(55.1161624167704,44.5263422598061,9.54931520290911));
#10118=CARTESIAN_POINT('Ctrl Pts',(52.7748728346466,44.6829194424856,11.0812454031579));
#10119=CARTESIAN_POINT('Ctrl Pts',(52.7536241635362,44.8394966251653,13.879100925674));
#10120=CARTESIAN_POINT('Ctrl Pts',(55.0713784774233,44.9960738078448,15.4464113516444));
#10121=CARTESIAN_POINT('Ctrl Pts',(57.660048736817,45.1526509905245,14.3846988981393));
#10122=CARTESIAN_POINT('Ctrl Pts',(58.2098131004892,45.3092281732041,11.6413004825352));
#10123=CARTESIAN_POINT('Ctrl Pts',(56.2301327061567,45.4658053558837,9.66411582374189));
#10124=CARTESIAN_POINT('Ctrl Pts',(53.4874263639605,45.6223825385632,10.217307732488));
#10125=CARTESIAN_POINT('Ctrl Pts',(52.4289814893111,45.7789597212428,12.8073593709993));
#10126=CARTESIAN_POINT('Ctrl Pts',(53.9991768302869,45.9355369039225,15.123037956146));
#10127=CARTESIAN_POINT('Ctrl Pts',(56.7970652047329,46.092114086602,15.0984886574476));
#10128=CARTESIAN_POINT('Ctrl Pts',(58.3259195076625,46.2486912692816,12.7548152309198));
#10129=CARTESIAN_POINT('Ctrl Pts',(57.222052868487,46.4052684519612,10.1849161554292));
#10130=CARTESIAN_POINT('Ctrl Pts',(54.4694442069677,46.5618456346408,9.67827950029504));
#10131=CARTESIAN_POINT('Ctrl Pts',(52.5264928653323,46.7184228173204,11.6943257640599));
#10132=CARTESIAN_POINT('Ctrl Pts',(52.9250373830649,46.8228076057735,13.5084957180536));
#10133=CARTESIAN_POINT('Ctrl Pts',(53.4615340033353,46.875,14.1359872033751));
#10134=CARTESIAN_POINT('Ctrl Pts',(53.4615340033353,46.875,14.1359872033751));
#10135=CARTESIAN_POINT('Ctrl Pts',(53.3999253232062,46.875,14.078090172211));
#10136=CARTESIAN_POINT('Ctrl Pts',(53.341682098655,46.875,14.0170424968949));
#10137=CARTESIAN_POINT('Ctrl Pts',(53.2868033997423,46.875,13.9532288988179));
#10138=CARTESIAN_POINT('Ctrl Pts',(53.2304720504882,46.875,13.8877261417984));
#10139=CARTESIAN_POINT('Ctrl Pts',(53.1776852647236,46.875,13.819308663311));
#10140=CARTESIAN_POINT('Ctrl Pts',(53.1284674693569,46.875,13.7483440049882));
#10141=CARTESIAN_POINT('Ctrl Pts',(53.0784721395855,46.875,13.6762582589987));
#10142=CARTESIAN_POINT('Ctrl Pts',(53.0321590020855,46.875,13.6015436067365));
#10143=CARTESIAN_POINT('Ctrl Pts',(52.9895863358947,46.875,13.5245439516137));
#10144=CARTESIAN_POINT('Ctrl Pts',(52.9700427938261,46.875,13.489196247704));
#10145=CARTESIAN_POINT('Ctrl Pts',(52.9512880057234,46.875,13.4533664943217));
#10146=CARTESIAN_POINT('Ctrl Pts',(52.9333302712626,46.875,13.4170856769072));
#10147=CARTESIAN_POINT('Ctrl Pts',(52.9231190740285,46.875,13.3964555365495));
#10148=CARTESIAN_POINT('Ctrl Pts',(52.9131656226131,46.875,13.3756795287644));
#10149=CARTESIAN_POINT('Ctrl Pts',(52.9034717057232,46.875,13.3547631841203));
#10150=CARTESIAN_POINT('Ctrl Pts',(52.8953901372127,46.875,13.3373257670109));
#10151=CARTESIAN_POINT('Ctrl Pts',(52.8874869427731,46.875,13.3197859490685));
#10152=CARTESIAN_POINT('Ctrl Pts',(52.8797755459635,46.875,13.3021757504777));
#10153=CARTESIAN_POINT('Ctrl Pts',(52.8432027366908,46.875,13.2186559355577));
#10154=CARTESIAN_POINT('Ctrl Pts',(52.8108904667741,46.875,13.1334524593768));
#10155=CARTESIAN_POINT('Ctrl Pts',(52.7828653170705,46.875,13.0469637834895));
#10156=CARTESIAN_POINT('Ctrl Pts',(52.7543768472924,46.875,12.9590452511986));
#10157=CARTESIAN_POINT('Ctrl Pts',(52.7303179253728,46.875,12.8697979194506));
#10158=CARTESIAN_POINT('Ctrl Pts',(52.7107554903874,46.875,12.7796032279373));
#10159=CARTESIAN_POINT('Ctrl Pts',(52.692198032133,46.875,12.6940420887557));
#10160=CARTESIAN_POINT('Ctrl Pts',(52.6776869306507,46.875,12.6076274997569));
#10161=CARTESIAN_POINT('Ctrl Pts',(52.6673170038754,46.875,12.5206647624861));
#10162=CARTESIAN_POINT('Ctrl Pts',(52.6627072186949,46.875,12.4820068677663));
#10163=CARTESIAN_POINT('Ctrl Pts',(52.6589162875031,46.875,12.4432404562351));
#10164=CARTESIAN_POINT('Ctrl Pts',(52.6559551273732,46.875,12.4043916527606));
#10165=CARTESIAN_POINT('Ctrl Pts',(52.654207198205,46.875,12.3814597768189));
#10166=CARTESIAN_POINT('Ctrl Pts',(52.6527484228719,46.875,12.3584991866106));
#10167=CARTESIAN_POINT('Ctrl Pts',(52.6515813250474,46.875,12.3355152234112));
#10168=CARTESIAN_POINT('Ctrl Pts',(52.6509498902518,46.875,12.323080212565));
#10169=CARTESIAN_POINT('Ctrl Pts',(52.6504039419056,46.875,12.3106395189843));
#10170=CARTESIAN_POINT('Ctrl Pts',(52.6499440892966,46.875,12.2982039879395));
#10171=CARTESIAN_POINT('Ctrl Pts',(52.6464207261842,46.875,12.2029236948319));
#10172=CARTESIAN_POINT('Ctrl Pts',(52.6479393987308,46.875,12.1077904192981));
#10173=CARTESIAN_POINT('Ctrl Pts',(52.654561344777,46.875,12.0132040843563));
#10174=CARTESIAN_POINT('Ctrl Pts',(52.6610347957615,46.875,11.9207388182888));
#10175=CARTESIAN_POINT('Ctrl Pts',(52.6723850120518,46.875,11.8287952872985));
#10176=CARTESIAN_POINT('Ctrl Pts',(52.6887142848855,46.875,11.7377301862827));
#10177=CARTESIAN_POINT('Ctrl Pts',(52.7049729825847,46.875,11.6470586687302));
#10178=CARTESIAN_POINT('Ctrl Pts',(52.7261672964989,46.875,11.5572570996642));
#10179=CARTESIAN_POINT('Ctrl Pts',(52.7520235779746,46.875,11.4685673555586));
#10180=CARTESIAN_POINT('Ctrl Pts',(52.7671515531611,46.875,11.4166768217481));
#10181=CARTESIAN_POINT('Ctrl Pts',(52.7838764180287,46.875,11.3651668976349));
#10182=CARTESIAN_POINT('Ctrl Pts',(52.8021513996296,46.875,11.3140871211589));
#10183=CARTESIAN_POINT('Ctrl Pts',(52.8068113686609,46.875,11.3010622009866));
#10184=CARTESIAN_POINT('Ctrl Pts',(52.8115721559703,46.875,11.2880652562426));
#10185=CARTESIAN_POINT('Ctrl Pts',(52.8164330436794,46.875,11.2750971240054));
#10186=CARTESIAN_POINT('Ctrl Pts',(52.821583695271,46.875,11.2613559444214));
#10187=CARTESIAN_POINT('Ctrl Pts',(52.8268436626758,46.875,11.2476553711017));
#10188=CARTESIAN_POINT('Ctrl Pts',(52.8322103089539,46.875,11.2339997149522));
#10189=CARTESIAN_POINT('Ctrl Pts',(52.8681482650635,46.875,11.1425540809548));
#10190=CARTESIAN_POINT('Ctrl Pts',(52.908883282072,46.875,11.0530738564493));
#10191=CARTESIAN_POINT('Ctrl Pts',(52.9540412716899,46.875,10.9658339953007));
#10192=CARTESIAN_POINT('Ctrl Pts',(52.9987020334637,46.875,10.8795547191659));
#10193=CARTESIAN_POINT('Ctrl Pts',(53.0476894938667,46.875,10.795465975055));
#10194=CARTESIAN_POINT('Ctrl Pts',(53.1006986857249,46.875,10.7138375655292));
#10195=CARTESIAN_POINT('Ctrl Pts',(53.154219765515,46.875,10.6314209040743));
#10196=CARTESIAN_POINT('Ctrl Pts',(53.2118410408277,46.875,10.5515114934284));
#10197=CARTESIAN_POINT('Ctrl Pts',(53.2732996636947,46.875,10.474402965889));
#10198=CARTESIAN_POINT('Ctrl Pts',(53.2968389628661,46.875,10.4448695885737));
#10199=CARTESIAN_POINT('Ctrl Pts',(53.320941684888,46.875,10.4157473239243));
#10200=CARTESIAN_POINT('Ctrl Pts',(53.3455948133524,46.875,10.3870536836148));
#10201=CARTESIAN_POINT('Ctrl Pts',(53.3628827507074,46.875,10.3669323486339));
#10202=CARTESIAN_POINT('Ctrl Pts',(53.3804413687898,46.875,10.3470218012489));
#10203=CARTESIAN_POINT('Ctrl Pts',(53.3982664376933,46.875,10.3273282877184));
#10204=CARTESIAN_POINT('Ctrl Pts',(53.4097469131492,46.875,10.3146444153613));
#10205=CARTESIAN_POINT('Ctrl Pts',(53.4213328532946,46.875,10.3020562314657));
#10206=CARTESIAN_POINT('Ctrl Pts',(53.4330181775044,46.875,10.2895700635652));
#10207=CARTESIAN_POINT('Ctrl Pts',(53.5038657886052,46.875,10.2138669720912));
#10208=CARTESIAN_POINT('Ctrl Pts',(53.5784139291478,46.875,10.141855003148));
#10209=CARTESIAN_POINT('Ctrl Pts',(53.6563345445904,46.875,10.0738548213288));
#10210=CARTESIAN_POINT('Ctrl Pts',(53.7147750061724,46.875,10.0228546849645));
#10211=CARTESIAN_POINT('Ctrl Pts',(53.7751137289822,46.875,9.97411142513012));
#10212=CARTESIAN_POINT('Ctrl Pts',(53.8372304487694,46.875,9.92777124252985));
#10213=CARTESIAN_POINT('Ctrl Pts',(53.8585599192404,46.875,9.91185907653366));
#10214=CARTESIAN_POINT('Ctrl Pts',(53.880099152232,46.875,9.89623035220264));
#10215=CARTESIAN_POINT('Ctrl Pts',(53.9018436462033,46.875,9.88089132770998));
#10216=CARTESIAN_POINT('Ctrl Pts',(53.9243680650316,46.875,9.86500212777983));
#10217=CARTESIAN_POINT('Ctrl Pts',(53.9471179347081,46.875,9.84942049828133));
#10218=CARTESIAN_POINT('Ctrl Pts',(53.9700596937253,46.875,9.83417220279539));
#10219=CARTESIAN_POINT('Ctrl Pts',(54.0550074048914,46.875,9.77771150160211));
#10220=CARTESIAN_POINT('Ctrl Pts',(54.1426394696664,46.875,9.72577574092191));
#10221=CARTESIAN_POINT('Ctrl Pts',(54.2326711297363,46.875,9.67867739332187));
#10222=CARTESIAN_POINT('Ctrl Pts',(54.2999282382406,46.875,9.64349311845183));
#10223=CARTESIAN_POINT('Ctrl Pts',(54.3685254461391,46.875,9.61100889343626));
#10224=CARTESIAN_POINT('Ctrl Pts',(54.4383573502324,46.875,9.58136859440312));
#10225=CARTESIAN_POINT('Ctrl Pts',(54.4847487072537,46.875,9.5616776850327));
#10226=CARTESIAN_POINT('Ctrl Pts',(54.5316852022761,46.875,9.54324214013118));
#10227=CARTESIAN_POINT('Ctrl Pts',(54.5791195531132,46.875,9.52604928787252));
#10228=CARTESIAN_POINT('Ctrl Pts',(55.3770702424558,44.012416697508,15.0164931723019));
#10229=CARTESIAN_POINT('Ctrl Pts',(55.6103097432464,44.0271480355945,15.0183965658697));
#10230=CARTESIAN_POINT('Ctrl Pts',(55.8430718065793,44.0418793736809,14.9885411426714));
#10231=CARTESIAN_POINT('Ctrl Pts',(56.0662136777345,44.0566107117673,14.9249372480336));
#10232=CARTESIAN_POINT('Ctrl Pts',(56.8567941694348,44.1088031059939,14.6995918297283));
#10233=CARTESIAN_POINT('Ctrl Pts',(57.5266172500028,44.1609955002204,14.0506189032197));
#10234=CARTESIAN_POINT('Ctrl Pts',(57.7768573598448,44.2131878944469,13.2675627858027));
#10235=CARTESIAN_POINT('Ctrl Pts',(58.0270974696869,44.2653802886734,12.4845066683856));
#10236=CARTESIAN_POINT('Ctrl Pts',(57.857754608803,44.3175726829,11.5673673600601));
#10237=CARTESIAN_POINT('Ctrl Pts',(57.3443749565029,44.3697650771265,10.925312231093));
#10238=CARTESIAN_POINT('Ctrl Pts',(56.8309953042029,44.421957471353,10.283257102126));
#10239=CARTESIAN_POINT('Ctrl Pts',(55.9735788604866,44.4741498655796,9.91628615251755));
#10240=CARTESIAN_POINT('Ctrl Pts',(55.1546557082744,44.5263422598061,9.98812237775482));
#10241=CARTESIAN_POINT('Ctrl Pts',(54.3357325560624,44.5785346540326,10.0599586029921));
#10242=CARTESIAN_POINT('Ctrl Pts',(53.5553026953545,44.6307270482591,10.570602003075));
#10243=CARTESIAN_POINT('Ctrl Pts',(53.1615463198155,44.6829194424857,11.2922329568691));
#10244=CARTESIAN_POINT('Ctrl Pts',(52.7677899442764,44.7351118367122,12.0138639106632));
#10245=CARTESIAN_POINT('Ctrl Pts',(52.7607070539063,44.7873042309388,12.9464824181685));
#10246=CARTESIAN_POINT('Ctrl Pts',(53.143457994369,44.8394966251653,13.6740100762496));
#10247=CARTESIAN_POINT('Ctrl Pts',(53.5262089348318,44.8916890193918,14.4015377343307));
#10248=CARTESIAN_POINT('Ctrl Pts',(54.2987937061276,44.9438814136183,14.9239745429876));
#10249=CARTESIAN_POINT('Ctrl Pts',(55.1165311350077,44.9960738078449,15.0082408717318));
#10250=CARTESIAN_POINT('Ctrl Pts',(55.2018832427984,45.0015214377326,15.0170362484873));
#10251=CARTESIAN_POINT('Ctrl Pts',(55.2877272587925,45.0069690676203,15.0210580489983));
#10252=CARTESIAN_POINT('Ctrl Pts',(55.3736254307717,45.012416697508,15.0204858104177));
#10253=CARTESIAN_POINT('Ctrl Pts',(57.0109872033751,43.125,10.5865340033349));
#10254=CARTESIAN_POINT('Ctrl Pts',(56.3834957180534,43.1771923942265,10.0500373830646));
#10255=CARTESIAN_POINT('Ctrl Pts',(54.5693248801948,43.2815771826796,9.65149365573273));
#10256=CARTESIAN_POINT('Ctrl Pts',(52.5532795061504,43.4381543653592,11.5944440463105));
#10257=CARTESIAN_POINT('Ctrl Pts',(53.0599158794356,43.5947315480388,14.3470530692059));
#10258=CARTESIAN_POINT('Ctrl Pts',(55.6298153217294,43.7513087307184,15.4509196249935));
#10259=CARTESIAN_POINT('Ctrl Pts',(57.9734887476272,43.907885913398,13.9220652953448));
#10260=CARTESIAN_POINT('Ctrl Pts',(57.9980381163066,44.0644630960776,11.1241767519899));
#10261=CARTESIAN_POINT('Ctrl Pts',(55.6823593740985,44.2210402787572,9.55398133928394));
#10262=CARTESIAN_POINT('Ctrl Pts',(53.0923076207688,44.3776174614367,10.6124262647973));
#10263=CARTESIAN_POINT('Ctrl Pts',(52.5391156730057,44.5341946441164,13.3551327510256));
#10264=CARTESIAN_POINT('Ctrl Pts',(54.516300439776,44.690771826796,15.3348132474364));
#10265=CARTESIAN_POINT('Ctrl Pts',(57.2596989950656,44.8473490094755,14.7850488555452));
#10266=CARTESIAN_POINT('Ctrl Pts',(58.3214115050001,45.0039261921552,12.1963784615392));
#10267=CARTESIAN_POINT('Ctrl Pts',(56.7541009971504,45.1605033748347,9.87862402767398));
#10268=CARTESIAN_POINT('Ctrl Pts',(53.9562453293804,45.3170805575143,9.89987269926889));
#10269=CARTESIAN_POINT('Ctrl Pts',(52.424315050162,45.4736577401939,12.2411624041467));
#10270=CARTESIAN_POINT('Ctrl Pts',(53.5252279548564,45.6302349228735,14.8134118663946));
#10271=CARTESIAN_POINT('Ctrl Pts',(56.2766460251187,45.7868121055531,15.3214404802082));
#10272=CARTESIAN_POINT('Ctrl Pts',(58.2235649012402,45.9433892882327,13.3119711247641));
#10273=CARTESIAN_POINT('Ctrl Pts',(57.6287186084244,46.0999664709123,10.5779572928325));
#10274=CARTESIAN_POINT('Ctrl Pts',(55.0230209556725,46.2565436535919,9.5590257869685));
#10275=CARTESIAN_POINT('Ctrl Pts',(52.7311813399026,46.4131208362715,11.1640971710905));
#10276=CARTESIAN_POINT('Ctrl Pts',(52.7988034157365,46.5696980189511,13.9615295551535));
#10277=CARTESIAN_POINT('Ctrl Pts',(55.1641997057253,46.7262752016307,15.4541128552726));
#10278=CARTESIAN_POINT('Ctrl Pts',(57.7196100324309,46.8828523843103,14.3124408753116));
#10279=CARTESIAN_POINT('Ctrl Pts',(58.1788274540853,47.0394295669899,11.5504462102005));
#10280=CARTESIAN_POINT('Ctrl Pts',(56.8227651297827,47.1438143554429,10.2811361991555));
#10281=CARTESIAN_POINT('Ctrl Pts',(56.0251999979749,47.1960067496695,10.0679131979648));
#10282=CARTESIAN_POINT('Ctrl Pts',(57.1314253212269,43.0179977501102,10.4456684496578));
#10283=CARTESIAN_POINT('Ctrl Pts',(56.4577391631693,43.0701901443367,9.86967601728957));
#10284=CARTESIAN_POINT('Ctrl Pts',(54.5100126833577,43.1745749327898,9.44179229493662));
#10285=CARTESIAN_POINT('Ctrl Pts',(52.3455500662854,43.3311521154694,11.5277788215172));
#10286=CARTESIAN_POINT('Ctrl Pts',(52.8894839997886,43.487729298149,14.4830294355056));
#10287=CARTESIAN_POINT('Ctrl Pts',(55.6485743179401,43.6443064808286,15.6681604474359));
#10288=CARTESIAN_POINT('Ctrl Pts',(58.1647843111732,43.8008836635082,14.0267549086135));
#10289=CARTESIAN_POINT('Ctrl Pts',(58.1911409554547,43.9574608461878,11.0228913860987));
#10290=CARTESIAN_POINT('Ctrl Pts',(55.7049865587392,44.1140380288673,9.33710131606539));
#10291=CARTESIAN_POINT('Ctrl Pts',(52.9242603565711,44.270615211547,10.4734668478132));
#10292=CARTESIAN_POINT('Ctrl Pts',(52.3303435199691,44.4271923942265,13.418085920118));
#10293=CARTESIAN_POINT('Ctrl Pts',(54.4530846892981,44.5837695769062,15.5435065497303));
#10294=CARTESIAN_POINT('Ctrl Pts',(57.3984467794094,44.7403467595857,14.9532695988333));
#10295=CARTESIAN_POINT('Ctrl Pts',(58.538320448632,44.8969239422653,12.1740264489097));
#10296=CARTESIAN_POINT('Ctrl Pts',(56.8556276644017,45.0535011249449,9.68564355225349));
#10297=CARTESIAN_POINT('Ctrl Pts',(53.8517994377069,45.2100783076245,9.70845650870861));
#10298=CARTESIAN_POINT('Ctrl Pts',(52.2070915040368,45.3666554903041,12.2221072961302));
#10299=CARTESIAN_POINT('Ctrl Pts',(53.3890514229663,45.5232326729837,14.9837206380219));
#10300=CARTESIAN_POINT('Ctrl Pts',(56.3430234087619,45.6798098556633,15.5291493060269));
#10301=CARTESIAN_POINT('Ctrl Pts',(58.4332705728839,45.8363870383429,13.37174682094));
#10302=CARTESIAN_POINT('Ctrl Pts',(57.7946328813517,45.9929642210225,10.4364603388192));
#10303=CARTESIAN_POINT('Ctrl Pts',(54.997108959824,46.1495414037021,9.34251712593633));
#10304=CARTESIAN_POINT('Ctrl Pts',(52.5365486785303,46.3061185863817,11.0657506669034));
#10305=CARTESIAN_POINT('Ctrl Pts',(52.6091489568354,46.4626957690613,14.0691244485882));
#10306=CARTESIAN_POINT('Ctrl Pts',(55.1486810081262,46.6192729517408,15.6715887569649));
#10307=CARTESIAN_POINT('Ctrl Pts',(57.8922155508727,46.7758501344205,14.4458691608691));
#10308=CARTESIAN_POINT('Ctrl Pts',(58.3852396440187,46.9324273171,11.480541952388));
#10309=CARTESIAN_POINT('Ctrl Pts',(56.9293467136502,47.0368121055531,10.1177878677063));
#10310=CARTESIAN_POINT('Ctrl Pts',(56.0730664261607,47.0890044997796,9.88886781406127));
#10311=CARTESIAN_POINT('Ctrl Pts',(57.2518634390788,42.9109955002204,10.3048028959808));
#10312=CARTESIAN_POINT('Ctrl Pts',(56.5319826082851,42.9631878944469,9.68931465151452));
#10313=CARTESIAN_POINT('Ctrl Pts',(54.4507004865207,43.0675726829,9.23209093414052));
#10314=CARTESIAN_POINT('Ctrl Pts',(52.1378206264204,43.2241498655796,11.4611135967239));
#10315=CARTESIAN_POINT('Ctrl Pts',(52.7190521201416,43.3807270482591,14.6190058018053));
#10316=CARTESIAN_POINT('Ctrl Pts',(55.6673333141508,43.5373042309388,15.8854012698783));
#10317=CARTESIAN_POINT('Ctrl Pts',(58.3560798747191,43.6938814136183,14.1314445218822));
#10318=CARTESIAN_POINT('Ctrl Pts',(58.3842437946029,43.850458596298,10.9216060202074));
#10319=CARTESIAN_POINT('Ctrl Pts',(55.7276137433798,44.0070357789775,9.12022129284683));
#10320=CARTESIAN_POINT('Ctrl Pts',(52.7562130923735,44.1636129616571,10.334507430829));
#10321=CARTESIAN_POINT('Ctrl Pts',(52.1215713669325,44.3201901443367,13.4810390892104));
#10322=CARTESIAN_POINT('Ctrl Pts',(54.3898689388201,44.4767673270163,15.7521998520242));
#10323=CARTESIAN_POINT('Ctrl Pts',(57.5371945637531,44.6333445096959,15.1214903421213));
#10324=CARTESIAN_POINT('Ctrl Pts',(58.7552293922639,44.7899216923755,12.1516744362803));
#10325=CARTESIAN_POINT('Ctrl Pts',(56.9571543316531,44.9464988750551,9.49266307683299));
#10326=CARTESIAN_POINT('Ctrl Pts',(53.7473535460333,45.1030760577347,9.51704031814835));
#10327=CARTESIAN_POINT('Ctrl Pts',(51.9898679579117,45.2596532404143,12.2030521881138));
#10328=CARTESIAN_POINT('Ctrl Pts',(53.2528748910762,45.4162304230939,15.1540294096493));
#10329=CARTESIAN_POINT('Ctrl Pts',(56.4094007924052,45.5728076057735,15.7368581318456));
#10330=CARTESIAN_POINT('Ctrl Pts',(58.6429762445277,45.7293847884531,13.431522517116));
#10331=CARTESIAN_POINT('Ctrl Pts',(57.9605471542791,45.8859619711327,10.294963384806));
#10332=CARTESIAN_POINT('Ctrl Pts',(54.9711969639754,46.0425391538122,9.12600846490415));
#10333=CARTESIAN_POINT('Ctrl Pts',(52.341916017158,46.1991163364919,10.9674041627162));
#10334=CARTESIAN_POINT('Ctrl Pts',(52.4194944979342,46.3556935191714,14.1767193420228));
#10335=CARTESIAN_POINT('Ctrl Pts',(55.1331623105272,46.5122707018511,15.8890646586573));
#10336=CARTESIAN_POINT('Ctrl Pts',(58.0648210693144,46.6688478845306,14.5792974464266));
#10337=CARTESIAN_POINT('Ctrl Pts',(58.591651833952,46.8254250672102,11.4106376945756));
#10338=CARTESIAN_POINT('Ctrl Pts',(57.0359282975176,46.9298098556633,9.95443953625722));
#10339=CARTESIAN_POINT('Ctrl Pts',(56.1209328543466,46.9820022498898,9.70982243015772));
#10340=CARTESIAN_POINT('Ctrl Pts',(57.3723015569307,42.8039932503306,10.1639373423038));
#10341=CARTESIAN_POINT('Ctrl Pts',(56.606226053401,42.8561856445571,9.50895328573947));
#10342=CARTESIAN_POINT('Ctrl Pts',(54.3913882896836,42.9605704330102,9.02238957334441));
#10343=CARTESIAN_POINT('Ctrl Pts',(51.9300911865553,43.1171476156897,11.3944483719306));
#10344=CARTESIAN_POINT('Ctrl Pts',(52.5486202404947,43.2737247983694,14.754982168105));
#10345=CARTESIAN_POINT('Ctrl Pts',(55.6860923103616,43.4303019810489,16.1026420923208));
#10346=CARTESIAN_POINT('Ctrl Pts',(58.547375438265,43.5868791637286,14.2361341351509));
#10347=CARTESIAN_POINT('Ctrl Pts',(58.577346633751,43.7434563464081,10.8203206543162));
#10348=CARTESIAN_POINT('Ctrl Pts',(55.7502409280205,43.9000335290877,8.90334126962828));
#10349=CARTESIAN_POINT('Ctrl Pts',(52.5881658281759,44.0566107117673,10.1955480138449));
#10350=CARTESIAN_POINT('Ctrl Pts',(51.9127992138959,44.2131878944469,13.5439922583028));
#10351=CARTESIAN_POINT('Ctrl Pts',(54.3266531883422,44.3697650771265,15.9608931543181));
#10352=CARTESIAN_POINT('Ctrl Pts',(57.6759423480969,44.5263422598061,15.2897110854094));
#10353=CARTESIAN_POINT('Ctrl Pts',(58.9721383358958,44.6829194424857,12.1293224236508));
#10354=CARTESIAN_POINT('Ctrl Pts',(57.0586809989044,44.8394966251653,9.2996826014125));
#10355=CARTESIAN_POINT('Ctrl Pts',(53.6429076543598,44.9960738078448,9.32562412758806));
#10356=CARTESIAN_POINT('Ctrl Pts',(51.7726444117865,45.1526509905245,12.1839970800973));
#10357=CARTESIAN_POINT('Ctrl Pts',(53.1166983591861,45.309228173204,15.3243381812766));
#10358=CARTESIAN_POINT('Ctrl Pts',(56.4757781760484,45.4658053558837,15.9445669576643));
#10359=CARTESIAN_POINT('Ctrl Pts',(58.8526819161715,45.6223825385632,13.4912982132919));
#10360=CARTESIAN_POINT('Ctrl Pts',(58.1264614272064,45.7789597212429,10.1534664307927));
#10361=CARTESIAN_POINT('Ctrl Pts',(54.9452849681269,45.9355369039224,8.90949980387197));
#10362=CARTESIAN_POINT('Ctrl Pts',(52.1472833557857,46.092114086602,10.869057658529));
#10363=CARTESIAN_POINT('Ctrl Pts',(52.2298400390331,46.2486912692816,14.2843142354575));
#10364=CARTESIAN_POINT('Ctrl Pts',(55.1176436129281,46.4052684519612,16.1065405603496));
#10365=CARTESIAN_POINT('Ctrl Pts',(58.2374265877562,46.5618456346408,14.7127257319842));
#10366=CARTESIAN_POINT('Ctrl Pts',(58.7980640238852,46.7184228173204,11.3407334367631));
#10367=CARTESIAN_POINT('Ctrl Pts',(57.1425098813851,46.8228076057735,9.79109120480809));
#10368=CARTESIAN_POINT('Ctrl Pts',(56.1687992825325,46.875,9.53077704625417));
#10369=CARTESIAN_POINT('Ctrl Pts',(55.3729935159674,44.737583302492,15.0161301614929));
#10370=CARTESIAN_POINT('Ctrl Pts',(55.1258504952933,44.72197947726,15.0180576039333));
#10371=CARTESIAN_POINT('Ctrl Pts',(54.8792195040924,44.706375652028,14.9844888198419));
#10372=CARTESIAN_POINT('Ctrl Pts',(54.6440027378626,44.690771826796,14.9132390993861));
#10373=CARTESIAN_POINT('Ctrl Pts',(53.8572388508526,44.6385794325694,14.6749197486328));
#10374=CARTESIAN_POINT('Ctrl Pts',(53.1981772619292,44.5863870383429,14.0150262498293));
#10375=CARTESIAN_POINT('Ctrl Pts',(52.960845125428,44.5341946441164,13.2279617527228));
#10376=CARTESIAN_POINT('Ctrl Pts',(52.7235129889267,44.4820022498898,12.4408972556162));
#10377=CARTESIAN_POINT('Ctrl Pts',(52.9079103048477,44.4298098556633,11.5266617602068));
#10378=CARTESIAN_POINT('Ctrl Pts',(53.4317842550299,44.3776174614367,10.8931365249165));
#10379=CARTESIAN_POINT('Ctrl Pts',(53.955658205212,44.3254250672102,10.2596112896262));
#10380=CARTESIAN_POINT('Ctrl Pts',(54.8190087896554,44.2732326729837,9.90679631445505));
#10381=CARTESIAN_POINT('Ctrl Pts',(55.6366305389117,44.2210402787572,9.99208806232051));
#10382=CARTESIAN_POINT('Ctrl Pts',(56.4542522881679,44.1688478845306,10.077379810186));
#10383=CARTESIAN_POINT('Ctrl Pts',(57.2261452022372,44.1166554903041,10.6007782810879));
#10384=CARTESIAN_POINT('Ctrl Pts',(57.6080000978254,44.0644630960776,11.3287922737647));
#10385=CARTESIAN_POINT('Ctrl Pts',(57.9898549934135,44.0122707018511,12.0568062664415));
#10386=CARTESIAN_POINT('Ctrl Pts',(57.9816718705204,43.9600783076245,12.9894357808931));
#10387=CARTESIAN_POINT('Ctrl Pts',(57.5869680714242,43.907885913398,13.7105595930603));
#10388=CARTESIAN_POINT('Ctrl Pts',(57.192264272328,43.8556935191714,14.4316834052278));
#10389=CARTESIAN_POINT('Ctrl Pts',(56.4110397970285,43.8035011249449,14.9413015151107));
#10390=CARTESIAN_POINT('Ctrl Pts',(55.5921109856631,43.7513087307184,15.0121328107541));
#10391=CARTESIAN_POINT('Ctrl Pts',(55.5203243534694,43.7467335879762,15.0183418244041));
#10392=CARTESIAN_POINT('Ctrl Pts',(55.4482479961534,43.7421584452341,15.0211791419385));
#10393=CARTESIAN_POINT('Ctrl Pts',(55.3761389412273,43.737583302492,15.0207552288434));
#10394=CARTESIAN_POINT('Ctrl Pts',(56.1687992825325,46.875,9.53077704625417));
#10395=CARTESIAN_POINT('Ctrl Pts',(56.261851012138,46.875,9.5648157846032));
#10396=CARTESIAN_POINT('Ctrl Pts',(56.3528408890985,46.875,9.60362085513624));
#10397=CARTESIAN_POINT('Ctrl Pts',(56.4415591498301,46.875,9.64686492882143));
#10398=CARTESIAN_POINT('Ctrl Pts',(56.5322356517541,46.875,9.6910635109215));
#10399=CARTESIAN_POINT('Ctrl Pts',(56.6205398194468,46.875,9.73989983464294));
#10400=CARTESIAN_POINT('Ctrl Pts',(56.7062188016645,46.875,9.79306992928791));
#10401=CARTESIAN_POINT('Ctrl Pts',(56.7877989239111,46.875,9.84369638059172));
#10402=CARTESIAN_POINT('Ctrl Pts',(56.8669992471656,46.875,9.89825276416991));
#10403=CARTESIAN_POINT('Ctrl Pts',(56.9435697295498,46.875,9.95650568829759));
#10404=CARTESIAN_POINT('Ctrl Pts',(57.010568901636,46.875,10.0074769969093));
#10405=CARTESIAN_POINT('Ctrl Pts',(57.0755543221166,46.875,10.0612791351244));
#10406=CARTESIAN_POINT('Ctrl Pts',(57.1383348913487,46.875,10.1177680037694));
#10407=CARTESIAN_POINT('Ctrl Pts',(57.1539681101197,46.875,10.1318345032048));
#10408=CARTESIAN_POINT('Ctrl Pts',(57.1694686370331,46.875,10.1460716726228));
#10409=CARTESIAN_POINT('Ctrl Pts',(57.1848095218565,46.875,10.1604546486607));
#10410=CARTESIAN_POINT('Ctrl Pts',(57.2572268511217,46.875,10.2283501268905));
#10411=CARTESIAN_POINT('Ctrl Pts',(57.3261779542686,46.875,10.2995675642752));
#10412=CARTESIAN_POINT('Ctrl Pts',(57.3914217089584,46.875,10.3738174715347));
#10413=CARTESIAN_POINT('Ctrl Pts',(57.4563062423883,46.875,10.4476585711563));
#10414=CARTESIAN_POINT('Ctrl Pts',(57.5175246271835,46.875,10.5244996343932));
#10415=CARTESIAN_POINT('Ctrl Pts',(57.574796086487,46.875,10.6040827001166));
#10416=CARTESIAN_POINT('Ctrl Pts',(57.6287663296559,46.875,10.6790784739533));
#10417=CARTESIAN_POINT('Ctrl Pts',(57.6792315436582,46.875,10.7565099847932));
#10418=CARTESIAN_POINT('Ctrl Pts',(57.7259151699987,46.875,10.8361740501585));
#10419=CARTESIAN_POINT('Ctrl Pts',(57.7622110727918,46.875,10.8981118086246));
#10420=CARTESIAN_POINT('Ctrl Pts',(57.796220309133,46.875,10.9613994342764));
#10421=CARTESIAN_POINT('Ctrl Pts',(57.8277937626464,46.875,11.0259433325426));
#10422=CARTESIAN_POINT('Ctrl Pts',(57.8342151499356,46.875,11.0390702262396));
#10423=CARTESIAN_POINT('Ctrl Pts',(57.8405357900859,46.875,11.0522493912723));
#10424=CARTESIAN_POINT('Ctrl Pts',(57.8467481473448,46.875,11.065466352344));
#10425=CARTESIAN_POINT('Ctrl Pts',(57.8873006871519,46.875,11.1517429970456));
#10426=CARTESIAN_POINT('Ctrl Pts',(57.9233133808062,46.875,11.2397700390508));
#10427=CARTESIAN_POINT('Ctrl Pts',(57.9545269268884,46.875,11.3293055670668));
#10428=CARTESIAN_POINT('Ctrl Pts',(57.9857404729707,46.875,11.4188410950827));
#10429=CARTESIAN_POINT('Ctrl Pts',(58.0121553280992,46.875,11.5098858294094));
#10430=CARTESIAN_POINT('Ctrl Pts',(58.033457074472,46.875,11.6022076934962));
#10431=CARTESIAN_POINT('Ctrl Pts',(58.0548728098216,46.875,11.6950235863189));
#10432=CARTESIAN_POINT('Ctrl Pts',(58.0711198579232,46.875,11.7891314826034));
#10433=CARTESIAN_POINT('Ctrl Pts',(58.0822726560046,46.875,11.8841248479456));
#10434=CARTESIAN_POINT('Ctrl Pts',(58.0879628749115,46.875,11.9325909852824));
#10435=CARTESIAN_POINT('Ctrl Pts',(58.0923261869818,46.875,11.9812874516719));
#10436=CARTESIAN_POINT('Ctrl Pts',(58.095367566542,46.875,12.0301585044333));
#10437=CARTESIAN_POINT('Ctrl Pts',(58.0963268336934,46.875,12.0455726921875));
#10438=CARTESIAN_POINT('Ctrl Pts',(58.0971545706799,46.875,12.0610042358171));
#10439=CARTESIAN_POINT('Ctrl Pts',(58.0978508690502,46.875,12.0764513502456));
#10440=CARTESIAN_POINT('Ctrl Pts',(58.0984719357464,46.875,12.0902294786077));
#10441=CARTESIAN_POINT('Ctrl Pts',(58.0989881755903,46.875,12.104015177194));
#10442=CARTESIAN_POINT('Ctrl Pts',(58.0993997396473,46.875,12.1177994488872));
#10443=CARTESIAN_POINT('Ctrl Pts',(58.1021842187875,46.875,12.2110583628867));
#10444=CARTESIAN_POINT('Ctrl Pts',(58.1001867696981,46.875,12.3043606776335));
#10445=CARTESIAN_POINT('Ctrl Pts',(58.0935346566341,46.875,12.3973308294379));
#10446=CARTESIAN_POINT('Ctrl Pts',(58.0868769700563,46.875,12.4903788768558));
#10447=CARTESIAN_POINT('Ctrl Pts',(58.0755564453095,46.875,12.5830951802185));
#10448=CARTESIAN_POINT('Ctrl Pts',(58.0596500193835,46.875,12.6750907602251));
#10449=CARTESIAN_POINT('Ctrl Pts',(58.04397905824,46.875,12.7657245183282));
#10450=CARTESIAN_POINT('Ctrl Pts',(58.0238565117184,46.875,12.8556595697075));
#10451=CARTESIAN_POINT('Ctrl Pts',(57.9993130943848,46.875,12.9444984950115));
#10452=CARTESIAN_POINT('Ctrl Pts',(57.990439985635,46.875,12.9766161677347));
#10453=CARTESIAN_POINT('Ctrl Pts',(57.9809886831965,46.875,13.0085902703843));
#10454=CARTESIAN_POINT('Ctrl Pts',(57.9709594004088,46.875,13.0404008679652));
#10455=CARTESIAN_POINT('Ctrl Pts',(57.9640130972797,46.875,13.0624329572177));
#10456=CARTESIAN_POINT('Ctrl Pts',(57.9567895249067,46.875,13.0843865998331));
#10457=CARTESIAN_POINT('Ctrl Pts',(57.9492885815863,46.875,13.1062549675205));
#10458=CARTESIAN_POINT('Ctrl Pts',(57.9446935227063,46.875,13.1196514741786));
#10459=CARTESIAN_POINT('Ctrl Pts',(57.9399951334555,46.875,13.1330136151837));
#10460=CARTESIAN_POINT('Ctrl Pts',(57.9351965115713,46.875,13.1463317846252));
#10461=CARTESIAN_POINT('Ctrl Pts',(57.9047298812874,46.875,13.23088934182));
#10462=CARTESIAN_POINT('Ctrl Pts',(57.870193549632,46.875,13.3137724424662));
#10463=CARTESIAN_POINT('Ctrl Pts',(57.8316392658132,46.875,13.3946123878967));
#10464=CARTESIAN_POINT('Ctrl Pts',(57.8028764707995,46.875,13.4549217115054));
#10465=CARTESIAN_POINT('Ctrl Pts',(57.7718765229481,46.875,13.5140934484734));
#10466=CARTESIAN_POINT('Ctrl Pts',(57.7386473386589,46.875,13.5719615390574));
#10467=CARTESIAN_POINT('Ctrl Pts',(57.7191767169912,46.875,13.6058693138792));
#10468=CARTESIAN_POINT('Ctrl Pts',(57.6989405069429,46.875,13.6393292710818));
#10469=CARTESIAN_POINT('Ctrl Pts',(57.677938633658,46.875,13.6723057995506));
#10470=CARTESIAN_POINT('Ctrl Pts',(57.6686100297622,46.875,13.6869533011222));
#10471=CARTESIAN_POINT('Ctrl Pts',(57.6591350351886,46.875,13.7014980093549));
#10472=CARTESIAN_POINT('Ctrl Pts',(57.6495154092881,46.875,13.7159350026282));
#10473=CARTESIAN_POINT('Ctrl Pts',(57.6018806678313,46.875,13.7874245230211));
#10474=CARTESIAN_POINT('Ctrl Pts',(57.5506909802039,46.875,13.8562932682824));
#10475=CARTESIAN_POINT('Ctrl Pts',(57.4959716719167,46.875,13.9221865182566));
#10476=CARTESIAN_POINT('Ctrl Pts',(57.4592463276557,46.875,13.9664113516019));
#10477=CARTESIAN_POINT('Ctrl Pts',(57.4209303496842,46.875,14.0092951522043));
#10478=CARTESIAN_POINT('Ctrl Pts',(57.3810238052817,46.875,14.0507198008074));
#10479=CARTESIAN_POINT('Ctrl Pts',(57.352188592957,46.875,14.0806519474222));
#10480=CARTESIAN_POINT('Ctrl Pts',(57.3225227525938,46.875,14.1098220362043));
#10481=CARTESIAN_POINT('Ctrl Pts',(57.2920644337835,46.875,14.1382131081075));
#10482=CARTESIAN_POINT('Origin',(-55.375,4.6875,12.5));
#10483=CARTESIAN_POINT('Origin',(-55.375,4.6875,12.5));
#10484=CARTESIAN_POINT('Origin',(55.3750000000002,4.6875,12.5));
#10485=CARTESIAN_POINT('Origin',(55.3750000000002,4.6875,12.5));
#10486=CARTESIAN_POINT('Origin',(-20.5000000000003,6.99999999999996,6.80857864376269));
#10487=CARTESIAN_POINT('',(-27.0828427124749,6.99999999999997,8.5));
#10488=CARTESIAN_POINT('Origin',(-20.5000000000003,6.99999999999996,8.5));
#10489=CARTESIAN_POINT('',(-23.7000000000003,6.99999999999996,5.11715728752538));
#10490=CARTESIAN_POINT('',(-25.3914213562376,6.99999999999996,6.80857864376269));
#10491=CARTESIAN_POINT('Origin',(-20.5000000000003,6.99999999999996,5.11715728752538));
#10492=CARTESIAN_POINT('Origin',(-20.5000000000003,6.99999999999996,3.825));
#10493=CARTESIAN_POINT('',(-23.7000000000003,6.99999999999996,3.825));
#10494=CARTESIAN_POINT('Origin',(39.4999999999997,6.99999999999996,6.80857864376269));
#10495=CARTESIAN_POINT('',(32.9171572875251,6.99999999999996,8.5));
#10496=CARTESIAN_POINT('Origin',(39.4999999999997,6.99999999999996,8.5));
#10497=CARTESIAN_POINT('',(36.2999999999997,6.99999999999996,5.11715728752538));
#10498=CARTESIAN_POINT('',(34.6085786437624,6.99999999999996,6.80857864376269));
#10499=CARTESIAN_POINT('Origin',(39.4999999999997,6.99999999999996,5.11715728752538));
#10500=CARTESIAN_POINT('Origin',(39.4999999999997,6.99999999999996,3.825));
#10501=CARTESIAN_POINT('',(36.2999999999997,6.99999999999996,3.825));
#10502=CARTESIAN_POINT('Origin',(39.4999999999997,-33.,6.80857864376269));
#10503=CARTESIAN_POINT('',(32.9171572875251,-33.,8.5));
#10504=CARTESIAN_POINT('Origin',(39.4999999999997,-33.,8.5));
#10505=CARTESIAN_POINT('',(36.2999999999997,-33.,5.11715728752538));
#10506=CARTESIAN_POINT('',(34.6085786437624,-33.,6.80857864376269));
#10507=CARTESIAN_POINT('Origin',(39.4999999999997,-33.,5.11715728752538));
#10508=CARTESIAN_POINT('Origin',(39.4999999999997,-33.,3.825));
#10509=CARTESIAN_POINT('',(36.2999999999997,-33.,3.825));
#10510=CARTESIAN_POINT('Origin',(-20.5000000000002,-33.,6.80857864376269));
#10511=CARTESIAN_POINT('',(-27.0828427124748,-33.,8.5));
#10512=CARTESIAN_POINT('Origin',(-20.5000000000002,-33.,8.5));
#10513=CARTESIAN_POINT('',(-23.7000000000002,-33.,5.11715728752538));
#10514=CARTESIAN_POINT('',(-25.3914213562375,-33.,6.80857864376269));
#10515=CARTESIAN_POINT('Origin',(-20.5000000000002,-33.,5.11715728752538));
#10516=CARTESIAN_POINT('Origin',(-20.5000000000002,-33.,3.825));
#10517=CARTESIAN_POINT('',(-23.7000000000002,-33.,3.825));
#10518=CARTESIAN_POINT('Origin',(39.4999999999997,-6.99999999999996,6.80857864376269));
#10519=CARTESIAN_POINT('',(32.9171572875251,-6.99999999999996,8.5));
#10520=CARTESIAN_POINT('Origin',(39.4999999999997,-6.99999999999996,8.5));
#10521=CARTESIAN_POINT('',(36.2999999999997,-6.99999999999996,5.11715728752538));
#10522=CARTESIAN_POINT('',(34.6085786437624,-6.99999999999996,6.80857864376269));
#10523=CARTESIAN_POINT('Origin',(39.4999999999997,-6.99999999999996,5.11715728752538));
#10524=CARTESIAN_POINT('Origin',(39.4999999999997,-6.99999999999996,3.825));
#10525=CARTESIAN_POINT('',(36.2999999999997,-6.99999999999996,3.825));
#10526=CARTESIAN_POINT('Origin',(-20.5000000000002,33.,6.80857864376269));
#10527=CARTESIAN_POINT('',(-27.0828427124748,33.,8.5));
#10528=CARTESIAN_POINT('Origin',(-20.5000000000002,33.,8.5));
#10529=CARTESIAN_POINT('',(-23.7000000000002,33.,5.11715728752538));
#10530=CARTESIAN_POINT('',(-25.3914213562375,33.,6.80857864376269));
#10531=CARTESIAN_POINT('Origin',(-20.5000000000002,33.,5.11715728752538));
#10532=CARTESIAN_POINT('Origin',(-20.5000000000002,33.,3.825));
#10533=CARTESIAN_POINT('',(-23.7000000000002,33.,3.825));
#10534=CARTESIAN_POINT('Origin',(39.4999999999997,33.,6.80857864376269));
#10535=CARTESIAN_POINT('',(32.9171572875251,33.,8.5));
#10536=CARTESIAN_POINT('Origin',(39.4999999999997,33.,8.5));
#10537=CARTESIAN_POINT('',(36.2999999999997,33.,5.11715728752538));
#10538=CARTESIAN_POINT('',(34.6085786437624,33.,6.80857864376269));
#10539=CARTESIAN_POINT('Origin',(39.4999999999997,33.,5.11715728752538));
#10540=CARTESIAN_POINT('Origin',(39.4999999999997,33.,3.825));
#10541=CARTESIAN_POINT('',(36.2999999999997,33.,3.825));
#10542=CARTESIAN_POINT('Origin',(-20.5000000000003,-6.99999999999996,6.80857864376269));
#10543=CARTESIAN_POINT('',(-27.0828427124749,-6.99999999999996,8.5));
#10544=CARTESIAN_POINT('Origin',(-20.5000000000003,-6.99999999999996,8.5));
#10545=CARTESIAN_POINT('',(-23.7000000000003,-6.99999999999996,5.11715728752538));
#10546=CARTESIAN_POINT('',(-25.3914213562376,-6.99999999999996,6.80857864376269));
#10547=CARTESIAN_POINT('Origin',(-20.5000000000003,-6.99999999999996,5.11715728752538));
#10548=CARTESIAN_POINT('Origin',(-20.5000000000003,-6.99999999999996,3.825));
#10549=CARTESIAN_POINT('',(-23.7000000000003,-6.99999999999996,3.825));
#10550=CARTESIAN_POINT('Origin',(-64.125,-42.875,8.5));
#10551=CARTESIAN_POINT('',(-64.125,-43.125,8.5));
#10552=CARTESIAN_POINT('',(-64.125,-21.4375,8.5));
#10553=CARTESIAN_POINT('',(-64.125,-43.125,8.5));
#10554=CARTESIAN_POINT('Origin',(63.875,-43.125,8.5));
#10555=CARTESIAN_POINT('',(31.9375,-43.125,8.5));
#10556=CARTESIAN_POINT('Origin',(67.875,46.875,0.));
#10557=CARTESIAN_POINT('Origin',(8.88178419700125E-15,0.,8.5));
#10558=UNCERTAINTY_MEASURE_WITH_UNIT(LENGTH_MEASURE(0.01),#10562,
'DISTANCE_ACCURACY_VALUE',
'Maximum model space distance between geometric entities at asserted c
onnectivities');
#10559=UNCERTAINTY_MEASURE_WITH_UNIT(LENGTH_MEASURE(0.01),#10562,
'DISTANCE_ACCURACY_VALUE',
'Maximum model space distance between geometric entities at asserted c
onnectivities');
#10560=(
GEOMETRIC_REPRESENTATION_CONTEXT(3)
GLOBAL_UNCERTAINTY_ASSIGNED_CONTEXT((#10558))
GLOBAL_UNIT_ASSIGNED_CONTEXT((#10562,#10564,#10565))
REPRESENTATION_CONTEXT('','3D')
);
#10561=(
GEOMETRIC_REPRESENTATION_CONTEXT(3)
GLOBAL_UNCERTAINTY_ASSIGNED_CONTEXT((#10559))
GLOBAL_UNIT_ASSIGNED_CONTEXT((#10562,#10564,#10565))
REPRESENTATION_CONTEXT('','3D')
);
#10562=(
LENGTH_UNIT()
NAMED_UNIT(*)
SI_UNIT(.MILLI.,.METRE.)
);
#10563=(
LENGTH_UNIT()
NAMED_UNIT(*)
SI_UNIT($,.METRE.)
);
#10564=(
NAMED_UNIT(*)
PLANE_ANGLE_UNIT()
SI_UNIT($,.RADIAN.)
);
#10565=(
NAMED_UNIT(*)
SI_UNIT($,.STERADIAN.)
SOLID_ANGLE_UNIT()
);
#10566=SHAPE_DEFINITION_REPRESENTATION(#10567,#10568);
#10567=PRODUCT_DEFINITION_SHAPE('',$,#10570);
#10568=SHAPE_REPRESENTATION('',(#2406),#10560);
#10569=PRODUCT_DEFINITION_CONTEXT('part definition',#10574,'design');
#10570=PRODUCT_DEFINITION('Configuration 1','deck_slot_simple v4',#10571,
#10569);
#10571=PRODUCT_DEFINITION_FORMATION('',$,#10576);
#10572=PRODUCT_RELATED_PRODUCT_CATEGORY('deck_slot_simple v4',
'deck_slot_simple v4',(#10576));
#10573=APPLICATION_PROTOCOL_DEFINITION('international standard',
'automotive_design',2009,#10574);
#10574=APPLICATION_CONTEXT(
'Core Data for Automotive Mechanical Design Process');
#10575=PRODUCT_CONTEXT('part definition',#10574,'mechanical');
#10576=PRODUCT('Configuration 1','deck_slot_simple v4',$,(#10575));
#10577=PRESENTATION_STYLE_ASSIGNMENT((#10578));
#10578=SURFACE_STYLE_USAGE(.BOTH.,#10579);
#10579=SURFACE_SIDE_STYLE('',(#10580));
#10580=SURFACE_STYLE_FILL_AREA(#10581);
#10581=FILL_AREA_STYLE('Steel - Satin',(#10582));
#10582=FILL_AREA_STYLE_COLOUR('Steel - Satin',#10583);
#10583=COLOUR_RGB('Steel - Satin',0.627450980392157,0.627450980392157,0.627450980392157);
ENDSEC;
END-ISO-10303-21;
